date,country,gdp_growth,inflation,debt_gdp,current_account,policy_uncertainty,bank_nexus,bid_ask
1990-04,AT,2.951002487584864,2.596593243512324,,-0.2762075843284122,,,
1990-04,BE,3.1389761065176827,2.5874984577532065,,1.7534862599500234,,,
1990-04,DE,3.316809517748492,2.918859312784849,,4.397501972312044,,,
1990-04,ES,3.7179007410410527,5.537297045108292,,-4.043411711446542,,,
1990-04,FI,1.924999294984836,5.849999324078347,,-4.1022660212861135,,,
1990-04,FR,3.0663473092721714,3.0249999391610665,,-0.32746341344659985,96.06861114501952,,
1990-04,GR,1.3629192631157416,11.387236073242285,,-2.0726542025801162,,,
1990-04,IE,4.0806705409071,3.150001025893429,,1.565231326342716,107.137369550911,,
1990-04,IT,2.9720013285400526,5.6000034327187524,,-1.0907933712920908,,,
1990-04,NL,3.474047955445159,2.5124999433783657,,2.380854806163216,,,
1990-04,PT,3.564121023538519,10.500002275355595,,-3.099865592954565,,,
1990-05,AT,2.901336311257759,2.5909584110701323,,-0.28820132813859795,,,
1990-05,BE,3.1053907861850583,2.5499983676996387,,1.795657350330248,,,
1990-05,DE,3.246739577507503,2.9286464808345443,,4.405599896372716,,,
1990-05,ES,3.769465247361488,5.421740374545414,,-4.0551865386076,,,
1990-05,FI,1.8333324247434835,5.766666147699799,,-4.110030154277923,,,
1990-05,FR,3.0648929907035756,3.0000002351597757,,-0.3197891134340693,63.14082717895508,,
1990-05,GR,1.5513744651571035,10.34966401562641,,-2.0930936322913785,,,
1990-05,IE,4.069933547138123,3.1333344688918943,,1.5052302941490063,74.5544519866119,,
1990-05,IT,2.963068162757443,5.500002511900504,,-1.0828242965411075,,,
1990-05,NL,3.4583519387264117,2.4833342831146763,,2.3757905348327917,,,
1990-05,PT,3.585494607712551,10.333334624484387,,-3.155829609463463,,,
1990-06,AT,2.8516701349306546,2.5853235786279405,,-0.3001950719487836,,,
1990-06,BE,3.0718054658524343,2.512498277646071,,1.8378284407104726,,,
1990-06,DE,3.1766696372665146,2.9384336488842386,,4.413697820433387,,,
1990-06,ES,3.821029753681924,5.306183703982537,,-4.066961365768657,,,
1990-06,FI,1.741665554502131,5.683332971321249,,-4.117794287269732,,,
1990-06,FR,3.0634386721349793,2.9750005311584857,,-0.31211481342153874,101.2841796875,,
1990-06,GR,1.739829667198465,9.312091958010535,,-2.113533062002641,,,
1990-06,IE,4.059196553369147,3.11666791189036,,1.4452292619552969,51.1138292426856,,
1990-06,IT,2.954134996974833,5.400001591082255,,-1.0748552217901242,,,
1990-06,NL,3.4426559220076647,2.4541686228509865,,2.370726263502367,,,
1990-06,PT,3.6068681918865826,10.166666973613179,,-3.2117936259723603,,,
1990-07,AT,2.8020039586035494,2.5796887461857487,,-0.3121888157589693,,,
1990-07,BE,3.03822014551981,2.474998187592503,,1.8799995310906974,,,
1990-07,DE,3.106599697025525,2.948220816933933,,4.421795744494058,,,
1990-07,ES,3.87259426000236,5.190627033419659,,-4.078736192929714,,,
1990-07,FI,1.6499986842607783,5.5999997949427005,,-4.125558420261542,,,
1990-07,FR,3.0619843535663827,2.9500008271571954,,-0.3044405134090082,63.81174850463867,,
1990-07,GR,1.928284869239827,8.274519900394662,,-2.1339724917139034,,,
1990-07,IE,4.04845955960017,3.100001354888826,,1.3852282297615874,26.7337931758737,,
1990-07,IT,2.9452018311922235,5.300000670264005,,-1.0668861470391409,,,
1990-07,NL,3.4269599052889177,2.425002962587297,,2.365661992171942,,,
1990-07,PT,3.6282417760606145,9.99999932274197,,-3.2677576424812584,,,
1990-08,AT,2.7523377822764443,2.5740539137435565,,-0.324182559569155,,,
1990-08,BE,3.0046348251871855,2.4374980975389353,,1.922170621470922,,,
1990-08,DE,3.0365297567845357,2.9580079849836274,,4.429893668554729,,,
1990-08,ES,3.9241587663227957,5.075070362856781,,-4.090511020090771,,,
1990-08,FI,1.5583318140194258,5.516666618564151,,-4.13332255325335,,,
1990-08,FR,3.060530034997786,2.925001123155905,,-0.29676621339647763,55.494625091552734,,
1990-08,GR,2.1167400712811886,7.236947842778787,,-2.154411921425166,,,
1990-08,IE,4.037722565831194,3.083334797887292,,1.325227197567878,116.014298750666,,
1990-08,IT,2.9362686654096137,5.199999749445755,,-1.0589170722881573,,,
1990-08,NL,3.4112638885701703,2.3958373023236073,,2.3605977208415174,,,
1990-08,PT,3.649615360234646,9.833331671870761,,-3.3237216589901557,,,
1990-09,AT,2.70267160594934,2.568419081301365,,-0.33617630337934074,,,
1990-09,BE,2.9710495048545615,2.3999980074853675,,1.9643417118511468,,,
1990-09,DE,2.966459816543547,2.967795153033322,,4.4379915926154005,,,
1990-09,ES,3.975723272643232,4.959513692293904,,-4.10228584725183,,,
1990-09,FI,1.4666649437780732,5.433333442185603,,-4.141086686245161,,,
1990-09,FR,3.05907571642919,2.900001419154615,,-0.28909191338394713,157.42015075683594,,
1990-09,GR,2.3051952733225507,6.199375785162911,,-2.1748513511364287,,,
1990-09,IE,4.026985572062218,3.066668240885758,,1.2652261653741683,137.013275833018,,
1990-09,IT,2.927335499627004,5.0999988286275055,,-1.0509479975371743,,,
1990-09,NL,3.395567871851424,2.3666716420599183,,2.3555334495110927,,,
1990-09,PT,3.6709889444086783,9.666664020999553,,-3.3796856754990543,,,
1990-10,AT,3.0265602037539363,2.818609333104194,,-0.19538802677426317,,,
1990-10,BE,2.976220606497387,2.80584080794325,,1.9895186855318006,,,
1990-10,DE,3.45527045130839,3.4743419372643856,,2.57893456336472,,,
1990-10,ES,3.3840818578191207,6.891123656902071,,-4.143241486497203,,,
1990-10,FI,1.0487535045452634,5.137127119795615,,-4.474655917277314,,,
1990-10,FR,3.0517166099290116,3.050000159978028,,-0.37453874724715897,157.21353149414062,,
1990-10,GR,1.375001146622451,12.18241694548381,,-4.234579524649944,,,
1990-10,IE,4.040905343618329,3.307094876630079,,1.423446942489178,157.821382640637,,
1990-10,IT,2.6857552461760523,5.800005660158513,,-0.9928227396726257,,,
1990-10,NL,3.3926082798679422,2.771039314416235,,3.1050703613534814,,,
1990-10,PT,4.133397024113844,10.800004671754188,,-1.8088660836350363,,,
1990-11,AT,2.996954591138312,2.7957943749536307,,-0.1998806247546528,,,
1990-11,BE,2.9410034465534842,2.7719575553624884,,1.9517526301789616,,,
1990-11,DE,3.4025380301595667,3.5480921579193323,,2.4980662758784087,,,
1990-11,ES,3.355524358492623,6.8314706125937885,,-4.1875780271200345,,,
1990-11,FI,0.9912575447052301,4.994141833093553,,-4.454898466661662,,,
1990-11,FR,3.0438103503796317,3.0333335713301697,,-0.3725707792986368,123.0710220336914,,
1990-11,GR,1.4166684922518715,11.313796237911578,,-4.246200745558521,,,
1990-11,IE,4.015427133043059,3.2731285249145037,,1.4129673562104432,50.9605919563122,,
1990-11,IT,2.683793194426587,5.733338992100978,,-0.9861217303667061,,,
1990-11,NL,3.34249577198971,2.7789577980785225,,3.0869842421859364,,,
1990-11,PT,4.203773914100114,10.666672936620813,,-1.8852640990013763,,,
1990-12,AT,2.9673489785226876,2.772979416803067,,-0.2043732227350424,,,
1990-12,BE,2.9057862866095814,2.738074302781727,,1.9139865748261229,,,
1990-12,DE,3.349805609010744,3.6218423785742786,,2.417197988392097,,,
1990-12,ES,3.326966859166125,6.771817568285507,,-4.231914567742864,,,
1990-12,FI,0.9337615848651966,4.851156546391492,,-4.4351410160460105,,,
1990-12,FR,3.035904090830251,3.0166669826823105,,-0.37060281135011464,119.05860900878906,,
1990-12,GR,1.4583358378812914,10.445175530339347,,-4.257821966467096,,,
1990-12,IE,3.9899489224677898,3.2391621731989284,,1.402487769931708,170.165660567414,,
1990-12,IT,2.681831142677121,5.666672324043442,,-0.9794207210607866,,,
1990-12,NL,3.2923832641114776,2.7868762817408093,,3.06889812301839,,,
1990-12,PT,4.274150804086383,10.53334120148744,,-1.9616621143677164,,,
1991-01,AT,2.937743365907064,2.7501644586525043,,-0.20886582071543203,,,
1991-01,BE,2.8705691266656785,2.704191050200966,,1.8762205194732842,,,
1991-01,DE,3.297073187861921,3.695592599229225,,2.3363297009057855,,,
1991-01,ES,3.298409359839627,6.7121645239772265,,-4.276251108365695,,,
1991-01,FI,0.8762656250251633,4.708171259689431,,-4.415383565430359,,,
1991-01,FR,3.027997831280871,3.000000394034452,,-0.3686348434015925,102.56120300292967,,
1991-01,GR,1.500003183510712,9.576554822767115,,-4.269443187375673,,,
1991-01,IE,3.9644707118925204,3.205195821483353,,1.3920081836529734,162.653882236676,,
1991-01,IT,2.6798690909276557,5.600005655985907,,-0.972719711754867,,,
1991-01,NL,3.2422707562332453,2.794794765403097,,3.050812003850845,,,
1991-01,PT,4.344527694072653,10.400009466354065,,-2.0380601297340566,,,
1991-02,AT,2.935774495812489,2.7330226575215977,,-0.20990105751964142,,,
1991-02,BE,2.875560435568105,2.6786840441584268,,1.8954713115382151,,,
1991-02,DE,3.2899280954253727,3.673611796715054,,2.347628668726968,,,
1991-02,ES,3.262933228531715,6.60241108030535,,-4.244666741883389,,,
1991-02,FI,0.9248605209466316,4.640542733401822,,-4.362026364475169,,,
1991-02,FR,3.036449293510738,2.975000575324238,,-0.3597090053497753,120.2046127319336,,
1991-02,GR,1.500002913632679,9.345141494203586,,-4.269786540425376,,,
1991-02,IE,3.963705793841351,3.1795634831732738,,1.405075668298155,151.836635816667,,
1991-02,IT,2.6964281977022644,5.541671254069946,,-0.9590899643755892,,,
1991-02,NL,3.2686110299515923,2.753412046211214,,3.0705089871772975,,,
1991-02,PT,4.342411194678185,10.275009059993469,,-2.0426642164021307,,,
1991-03,AT,2.9338056257179153,2.715880856390692,,-0.21093629432385078,,,
1991-03,BE,2.880551744470531,2.6531770381158877,,1.914722103603146,,,
1991-03,DE,3.282783002988824,3.6516309942008833,,2.3589276365481497,,,
1991-03,ES,3.2274570972238035,6.492657636633473,,-4.213082375401084,,,
1991-03,FI,0.9734554168681002,4.572914207114213,,-4.308669163519981,,,
1991-03,FR,3.044900755740606,2.950000756614024,,-0.35078316729795805,129.19830322265625,,
1991-03,GR,1.5000026437546463,9.113728165640062,,-4.2701298934750795,,,
1991-03,IE,3.962940875790181,3.1539311448631944,,1.4181431529433364,165.289916889805,,
1991-03,IT,2.712987304476873,5.483336852153986,,-0.9454602169963114,,,
1991-03,NL,3.2949513036699387,2.712029327019331,,3.0902059705037503,,,
1991-03,PT,4.340294695283716,10.15000865363287,,-2.047268303070205,,,
1991-04,AT,2.9318367556233405,2.698739055259786,,-0.21197153112806016,,,
1991-04,BE,2.885543053372958,2.6276700320733486,,1.9339728956680773,,,
1991-04,DE,2.565591787888449,3.3977592743415164,,0.7597730376788836,,,
1991-04,ES,2.5913868977971766,5.874999804689956,,-3.649270095851245,,,
1991-04,FI,1.0220503127895686,4.505285680826604,,-4.255311962564791,,,
1991-04,FR,2.2391600737278585,3.0999978663203027,,-0.5031791322441864,120.8372802734375,,
1991-04,GR,1.5000023738766133,8.882314837076533,,-4.270473246524783,,,
1991-04,IE,3.650528473573833,2.9993073041767793,,0.5169200636693665,56.9575628365752,,
1991-04,IT,1.937418278359343,6.021781859001136,,-1.4700474950426685,,,
1991-04,NL,2.32957205810147,3.1310413103132704,,3.6794923897659793,,,
1991-04,PT,4.338178195889247,10.025008247272272,,-2.0518723897382793,,,
1991-05,AT,2.929867885528766,2.6815972541288797,,-0.21300676793226958,,,
1991-05,BE,2.890534362275384,2.602163026030809,,1.9532236877330083,,,
1991-05,DE,2.494731953474575,3.3714668141678157,,0.8234511513170415,,,
1991-05,ES,2.6032292944469626,5.833333369735076,,-3.6502510142548017,,,
1991-05,FI,1.070645208711037,4.437657154538995,,-4.201954761609603,,,
1991-05,FR,2.2894869100169135,3.0666648180500395,,-0.4917628807623112,116.28113555908205,,
1991-05,GR,1.5000021039985802,8.650901508513005,,-4.270816599574486,,,
1991-05,IE,3.665257713676924,3.000260566674588,,0.5323218290156729,128.932153010828,,
1991-05,IT,2.000029062024404,5.97491625737101,,-1.4667059316086073,,,
1991-05,NL,2.326925802923374,3.1609251405975294,,3.6371592841402665,,,
1991-05,PT,4.336061696494779,9.900007840911673,,-2.0564764764063534,,,
1991-06,AT,2.9278990154341917,2.664455452997973,,-0.21404200473647894,,,
1991-06,BE,2.8955256711778103,2.5766560199882695,,1.972474479797939,,,
1991-06,DE,2.423872119060701,3.3451743539941146,,0.8871292649551994,,,
1991-06,ES,2.6150716910967486,5.791666934780195,,-3.6512319326583587,,,
1991-06,FI,1.1192401046325056,4.370028628251386,,-4.148597560654413,,,
1991-06,FR,2.3398137463059685,3.0333317697797755,,-0.48034662928043603,149.96432495117188,,
1991-06,GR,1.5000018341205474,8.419488179949479,,-4.271159952624188,,,
1991-06,IE,3.679986953780016,3.0012138291723964,,0.5477235943619794,143.315923487012,,
1991-06,IT,2.062639845689464,5.928050655740885,,-1.463364368174546,,,
1991-06,NL,2.3242795477452782,3.1908089708817884,,3.594826178514553,,,
1991-06,PT,4.33394519710031,9.775007434551075,,-2.0610805630744276,,,
1991-07,AT,2.925930145339617,2.647313651867067,,-0.2150772415406883,,,
1991-07,BE,2.9005169800802366,2.5511490139457305,,1.9917252718628702,,,
1991-07,DE,2.353012284646827,3.3188818938204134,,0.9508073785933574,,,
1991-07,ES,2.6269140877465347,5.750000499825314,,-3.652212851061915,,,
1991-07,FI,1.167835000553974,4.3024001019637765,,-4.095240359699225,,,
1991-07,FR,2.390140582595024,2.9999987215095114,,-0.46893037779856084,98.35049438476562,,
1991-07,GR,1.5000015642425146,8.188074851385952,,-4.2715033056738925,,,
1991-07,IE,3.6947161938831075,3.002167091670205,,0.5631253597082859,134.754051345665,,
1991-07,IT,2.125250629354525,5.881185054110761,,-1.4600228047404848,,,
1991-07,NL,2.3216332925671823,3.2206928011660474,,3.5524930728888404,,,
1991-07,PT,4.331828697705841,9.650007028190476,,-2.0656846497425017,,,
1991-08,AT,2.923961275245042,2.6301718507361604,,-0.2161124783448977,,,
1991-08,BE,2.905508288982663,2.5256420079031914,,2.010976063927801,,,
1991-08,DE,2.282152450232953,3.2925894336467123,,1.0144854922315152,,,
1991-08,ES,2.6387564843963203,5.708334064870433,,-3.6531937694654717,,,
1991-08,FI,1.2164298964754423,4.234771575676168,,-4.041883158744035,,,
1991-08,FR,2.440467418884079,2.9666656732392473,,-0.4575141263166856,97.8092269897461,,
1991-08,GR,1.5000012943644818,7.956661522822424,,-4.271846658723595,,,
1991-08,IE,3.7094454339861986,3.003120354168013,,0.5785271250545923,92.2489963076023,,
1991-08,IT,2.1878614130195855,5.834319452480635,,-1.4566812413064234,,,
1991-08,NL,2.3189870373890864,3.250576631450306,,3.510159967263127,,,
1991-08,PT,4.329712198311373,9.525006621829878,,-2.0702887364105758,,,
1991-09,AT,2.921992405150468,2.6130300496052548,,-0.2171477151491071,,,
1991-09,BE,2.9104995978850896,2.5001350018606523,,2.030226855992732,,,
1991-09,DE,2.211292615819079,3.2662969734730116,,1.0781636058696733,,,
1991-09,ES,2.6505988810461067,5.666667629915553,,-3.6541746878690287,,,
1991-09,FI,1.265024792396911,4.167143049388559,,-3.988525957788847,,,
1991-09,FR,2.4907942551731344,2.9333326249689837,,-0.44609787483481045,76.76366424560547,,
1991-09,GR,1.500001024486449,7.7252481942588975,,-4.272190011773299,,,
1991-09,IE,3.7241746740892907,3.004073616665822,,0.5939288904008989,58.8180451659083,,
1991-09,IT,2.250472196684646,5.787453850850511,,-1.4533396778723624,,,
1991-09,NL,2.3163407822109905,3.2804604617345654,,3.467826861637415,,,
1991-09,PT,4.327595698916905,9.400006215469281,,-2.07489282307865,,,
1991-10,AT,3.1150015194773837,4.434879196834973,,-0.3799872656958512,,,
1991-10,BE,2.283760399125895,2.899997740181015,,1.802968226419546,,,
1991-10,DE,2.2891539358232125,3.500002353212878,,0.324603402492444,,,
1991-10,ES,2.680716459594845,6.508099587471944,,-3.5290082754187297,,,
1991-10,FI,-0.15988930231056186,2.7780578377953944,,-3.904119322646851,,,
1991-10,FR,2.114541455716373,3.074998562646408,,-0.7126538418051346,128.87905883789062,,
1991-10,GR,0.8000003982548187,14.343749473419965,,-5.0816643154380685,,,
1991-10,IE,3.738903914192382,3.0050268791636303,,0.6093306557472054,144.741272589812,,
1991-10,IT,2.2005598684523675,5.78383966333888,,-1.3540729481835156,,,
1991-10,NL,1.9185429434139367,3.383811545223569,,3.534869705568737,,,
1991-10,PT,4.325479199522436,9.275005809108682,,-2.079496909746724,,,
1991-11,AT,3.1063355650176816,4.436929700804641,,-0.3983557885448965,,,
1991-11,BE,2.305085223525183,2.866664662840409,,1.7954078795159458,,,
1991-11,DE,2.1961002580083044,3.5000026938963833,,0.419495192124709,,,
1991-11,ES,2.6750658335557156,6.534149076246287,,-3.5505822033076386,,,
1991-11,FI,0.15477670420468442,2.632503373843298,,-3.8702228456096623,,,
1991-11,FR,2.2022892562348573,3.0499984495505283,,-0.704083928414384,99.0020751953125,,
1991-11,GR,0.866667338850317,13.915277416665962,,-5.124924696400319,,,
1991-11,IE,3.753633154295473,3.005980141661439,,0.6247324210935119,80.0603572576654,,
1991-11,IT,2.3027360238562005,5.722560791723149,,-1.372745005605973,,,
1991-11,NL,1.895409101818831,3.3892078581960603,,3.5023956994427605,,,
1991-11,PT,4.3233627001279675,9.150005402748086,,-2.0841009964147985,,,
1991-12,AT,3.097669610557979,4.4389802047743085,,-0.4167243113939417,,,
1991-12,BE,2.3264100479244707,2.8333315854998027,,1.7878475326123453,,,
1991-12,DE,2.1030465801933964,3.5000030345798887,,0.514386981756974,,,
1991-12,ES,2.6694152075165865,6.56019856502063,,-3.572156131196548,,,
1991-12,FI,0.4694427107199306,2.486948909891201,,-3.8363263685724736,,,
1991-12,FR,2.2900370567533415,3.024998336454648,,-0.6955140150236334,103.47968292236328,,
1991-12,GR,0.933334279445815,13.486805359911958,,-5.168185077362567,,,
1991-12,IE,3.7683623943985647,3.006933404159247,,0.6401341864398183,182.438627500152,,
1991-12,IT,2.4049121792600325,5.661281920107417,,-1.3914170630284297,,,
1991-12,NL,1.872275260223725,3.3946041711685506,,3.4699216933167842,,,
1991-12,PT,4.3212462007334995,9.025004996387485,,-2.0887050830828726,,,
1992-01,AT,3.089003656098277,4.441030708743976,,-0.4350928342429871,,,
1992-01,BE,2.347734872323759,2.799998508159196,,1.780287185708745,,,
1992-01,DE,2.009992902378488,3.500003375263394,,0.6092787713892389,,,
1992-01,ES,2.663764581477457,6.586248053794974,,-3.5937300590854573,,,
1992-01,FI,0.7841087172351768,2.3413944459391045,,-3.802429891535285,,,
1992-01,FR,2.377784857271825,2.9999982233587685,,-0.6869441016328829,64.890869140625,,
1992-01,GR,1.0000012200413133,13.058333303157955,,-5.2114454583248175,,,
1992-01,IE,3.7830916345016563,3.007886666657056,,0.6555359517861248,153.837379207822,,
1992-01,IT,2.507088334663865,5.600003048491686,,-1.410089120450887,,,
1992-01,NL,1.8491414186286192,3.4000004841410414,,3.437447687190808,,,
1992-01,PT,4.319129701339031,8.900004590026889,,-2.0933091697509467,,,
1992-02,AT,3.0890032214401155,4.40981391792753,,-0.445700156755352,,,
1992-02,BE,2.3774583996755654,2.7749987944443277,,1.799317293862781,,,
1992-02,DE,2.047274085875983,3.433336224891089,,0.6375486694272965,,,
1992-02,ES,2.6866159451921168,6.5634424500481146,,-3.5990708274688075,,,
1992-02,FI,0.9283959389298695,2.3922807021354466,,-3.7836696551893425,,,
1992-02,FR,2.4175682386959534,2.9749985223404978,,-0.6743229200082101,73.6872787475586,,
1992-02,GR,1.125000889590605,12.580823639013833,,-5.268311853140432,,,
1992-02,IE,3.7712323391636215,3.0065516283866,,0.6541763058922301,117.311353022412,,
1992-02,IT,2.541964370945417,5.56666980822425,,-1.4102556747314228,,,
1992-02,NL,1.9069785558393022,3.4000007134822248,,3.438689749391816,,,
1992-02,PT,4.338386683104306,8.808337544614583,,-2.1077066188533733,,,
1992-03,AT,3.089002786781954,4.3785971271110835,,-0.456307479267717,,,
1992-03,BE,2.407181927027372,2.7499990807294594,,1.8183474020168169,,,
1992-03,DE,2.084555269373478,3.366669074518784,,0.665818567465354,,,
1992-03,ES,2.7094673089067767,6.540636846301254,,-3.604411595852157,,,
1992-03,FI,1.072683160624562,2.4431669583317883,,-3.7649094188434002,,,
1992-03,FR,2.457351620120081,2.949998821322227,,-0.6617017383835375,68.80318450927734,,
1992-03,GR,1.2500005591398966,12.103313974869709,,-5.325178247956046,,,
1992-03,IE,3.759373043825587,3.0052165901161443,,0.6528166599983354,86.1406168223691,,
1992-03,IT,2.5768404072269697,5.533336567956815,,-1.4104222290119586,,,
1992-03,NL,1.9648156930499854,3.4000009428234077,,3.4399318115928237,,,
1992-03,PT,4.357643664869582,8.71667049920228,,-2.1221040679558,,,
1992-04,AT,3.089002352123793,4.347380336294637,,-0.4669148017800818,,,
1992-04,BE,2.436905454379179,2.7249993670145916,,1.8373788006184972,,,
1992-04,DE,2.3001031276846327,3.7749996112666775,,-0.7141721837333533,,,
1992-04,ES,3.024528422082667,5.450708049389908,,-3.4555516147173373,,,
1992-04,FI,1.2169703823192546,2.4940532145281304,,-3.746149182497458,,,
1992-04,FR,2.010881588162788,2.6499978865229257,,-0.3555658674511467,86.3440933227539,,
1992-04,GR,1.3750002286891883,11.625804310725586,,-5.38204464277166,,,
1992-04,IE,3.7475137484875525,3.0038815518456885,,0.6514570141044407,138.351470348902,,
1992-04,IT,1.8392383936120027,5.066180006051868,,-1.6997247952603778,,,
1992-04,NL,1.7833200181257836,3.299997346302624,,4.685073514109165,,,
1992-04,PT,3.4499990689801754,10.360085626916582,,-1.1172329177972848,,,
1992-05,AT,3.089001917465632,4.316163545478191,,-0.4775221242924468,,,
1992-05,BE,2.466628981730986,2.699999653299723,,1.8564084071858171,,,
1992-05,DE,2.375621553241521,3.7666665570988447,,-0.6898776344204001,,,
1992-05,ES,3.073134252832007,5.350318340635432,,-3.479220356396217,,,
1992-05,FI,1.3612576040139472,2.544939470724472,,-3.7273889461515153,,,
1992-05,FR,2.0745127543737585,2.6333320221642547,,-0.3536493257230288,112.58643341064452,,
1992-05,GR,1.49999989823848,11.148294646581462,,-5.438911037587275,,,
1992-05,IE,3.7356544531495173,3.0025465135752327,,0.650097368210546,155.038444481462,,
1992-05,IT,1.9043332963435189,5.076894844384072,,-1.711318411867294,,,
1992-05,NL,1.8245274817475732,3.2333311069527637,,4.7405153790205325,,,
1992-05,PT,3.4666656653328536,10.281255121943133,,-1.116464797845598,,,
1992-06,AT,3.0890014828074706,4.284946754661744,,-0.4881294468048117,,,
1992-06,BE,2.4963525090827927,2.6749999395848545,,1.8754380137531368,,,
1992-06,DE,2.4511399787984094,3.7583335029310123,,-0.6655830851074467,,,
1992-06,ES,3.1217400835813462,5.249928631880959,,-3.502889098075097,,,
1992-06,FI,1.5055448257086397,2.595825726920814,,-3.7086287098055726,,,
1992-06,FR,2.138143920584729,2.616666157805584,,-0.3517327839949109,138.4561767578125,,
1992-06,GR,1.6249995677877713,10.67078498243734,,-5.495777432402889,,,
1992-06,IE,3.7237951578114825,3.001211475304777,,0.6487377223166513,172.234683730217,,
1992-06,IT,1.969428199075035,5.087609682716277,,-1.7229120284742099,,,
1992-06,NL,1.8657349453693628,3.166664867602903,,4.795957243931898,,,
1992-06,PT,3.4833322616855327,10.202424616969687,,-1.115696677893911,,,
1992-07,AT,3.089001048149309,4.253729963845299,,-0.4987367693171766,,,
1992-07,BE,2.526076036434599,2.650000225869986,,1.8944676203204565,,,
1992-07,DE,2.5266584043552975,3.75000044876318,,-0.6412885357944934,,,
1992-07,ES,3.1703459143306856,5.149538923126484,,-3.526557839753977,,,
1992-07,FI,1.6498320474033323,2.646711983117156,,-3.6898684734596303,,,
1992-07,FR,2.2017750867956987,2.6000002934469135,,-0.34981624226679303,125.34593200683594,,
1992-07,GR,1.7499992373370632,10.193275318293216,,-5.552643827218503,,,
1992-07,IE,3.7119358624734478,2.999876437034321,,0.6473780764227566,110.86886937743,,
1992-07,IT,2.0345231018065513,5.098324521048481,,-1.7345056450811258,,,
1992-07,NL,1.9069424089911524,3.0999986282530423,,4.851399108843266,,,
1992-07,PT,3.4999988580382113,10.123594111996237,,-1.114928557942224,,,
1992-08,AT,3.0890006134911476,4.222513173028852,,-0.5093440918295415,,,
1992-08,BE,2.5557995637864055,2.6250005121551174,,1.9134972268877761,,,
1992-08,DE,2.6021768299121857,3.741667394595347,,-0.6169939864815401,,,
1992-08,ES,3.218951745080025,5.04914921437201,,-3.550226581432856,,,
1992-08,FI,1.7941192690980248,2.6975982393134976,,-3.6711082371136876,,,
1992-08,FR,2.2654062530066685,2.583334429088243,,-0.34789970053867514,90.83674621582033,,
1992-08,GR,1.8749989068863548,9.715765654149092,,-5.6095102220341175,,,
1992-08,IE,3.7000765671354126,2.9985413987638654,,0.6460184305288618,88.4842538153153,,
1992-08,IT,2.0996180045380672,5.109039359380684,,-1.7460992616880417,,,
1992-08,NL,1.9481498726129418,3.0333323889031814,,4.9068409737546315,,,
1992-08,PT,3.51666545439089,10.044763607022787,,-1.114160437990537,,,
1992-09,AT,3.0890001788329866,4.191296382212406,,-0.5199514143419065,,,
1992-09,BE,2.5855230911382128,2.6000007984402496,,1.9325268334550962,,,
1992-09,DE,2.6776952554690743,3.733334340427515,,-0.5926994371685869,,,
1992-09,ES,3.2675575758293647,4.948759505617536,,-3.5738953231117363,,,
1992-09,FI,1.9384064907927177,2.7484844955098398,,-3.6523480007677454,,,
1992-09,FR,2.329037419217639,2.5666685647295724,,-0.34598315881055725,220.3040771484375,,
1992-09,GR,1.9999985764356465,9.23825599000497,,-5.666376616849732,,,
1992-09,IE,3.6882172717973787,2.9972063604934096,,0.6446587846349672,174.402343224496,,
1992-09,IT,2.1647129072695837,5.119754197712889,,-1.757692878294958,,,
1992-09,NL,1.9893573362347317,2.966666149553321,,4.962282838665999,,,
1992-09,PT,3.533332050743569,9.965933102049341,,-1.11339231803885,,,
1992-10,AT,3.0889938121741842,3.674999822444658,,-0.5305587368542714,,,
1992-10,BE,2.615246618490019,2.5750010847253813,,1.9515564400224157,,,
1992-10,DE,2.3961722489180657,4.378597930446943,,-0.5840680141172272,,,
1992-10,ES,2.1580720889522675,5.158716656592205,,-2.2131990132831274,,,
1992-10,FI,1.8885189508030336,3.4937394541311786,,-1.8542972443992733,,,
1992-10,FR,2.5745670988628735,2.8249987563132297,,-0.046140226401748,165.472900390625,,
1992-10,GR,2.124998245984938,12.799998800476093,,-5.723243011665345,,,
1992-10,IE,2.825790809090189,3.5749991196780795,,2.7376799393723945,107.816916484508,,
1992-10,IT,1.4865713651250334,5.215596135749845,,-2.257005327650349,,,
1992-10,NL,1.8135735769764794,3.437503701418371,,3.641408763757418,,,
1992-10,PT,3.5499986470962472,7.125001120850311,,-1.1126241980871632,,,
1992-11,AT,3.088992718404841,3.650000017653758,,-0.5411660593666363,,,
1992-11,BE,2.644970145841826,2.550001371010513,,1.9705860465897354,,,
1992-11,DE,2.462616733570285,4.320145777503264,,-0.5237642085906082,,,
1992-11,ES,2.125348962365803,5.058992822611919,,-2.1275908801277783,,,
1992-11,FI,2.208809106053221,3.4961879801863422,,-1.7132404084325112,,,
1992-11,FR,2.6153888223990194,2.8166651209263502,,-0.04100249959033264,139.11331176757812,,
1992-11,GR,2.24999791553423,12.533332000528992,,-5.78010940648096,,,
1992-11,IE,2.8863006758091134,3.549999271848366,,2.7393522341157044,57.6373764171555,,
1992-11,IT,1.505884706776987,5.173582944756509,,-2.294167525305809,,,
1992-11,NL,1.8629958909956335,3.458337253179992,,3.676902508502001,,,
1992-11,PT,3.5666652434489263,6.916667707556682,,-1.1118560781354763,,,
1992-12,AT,3.088991624635497,3.625000212862857,,-0.5517733818790013,,,
1992-12,BE,2.6746936731936324,2.5250016572956446,,1.9896156531570552,,,
1992-12,DE,2.529061218222504,4.261693624559583,,-0.4634604030639894,,,
1992-12,ES,2.092625835779338,4.959268988631632,,-2.041982746972429,,,
1992-12,FI,2.529099261303407,3.4986365062415055,,-1.5721835724657494,,,
1992-12,FR,2.6562105459351653,2.8083314855394708,,-0.03586477277891728,121.13797760009766,,
1992-12,GR,2.374997585083521,12.266665200581892,,-5.836975801296574,,,
1992-12,IE,2.946810542528037,3.5249994240186524,,2.741024528859014,204.729706418845,,
1992-12,IT,1.5251980484289402,5.131569753763173,,-2.3313297229612684,,,
1992-12,NL,1.9124182050147875,3.4791708049416132,,3.7123962532465846,,,
1992-12,PT,3.583331839801605,6.708334294263054,,-1.1110879581837894,,,
1993-01,AT,3.0889905308661536,3.600000408071957,,-0.5623807043913661,,,
1993-01,BE,2.704417200545439,2.5000019435807763,,2.008645259724375,,,
1993-01,DE,2.595505702874723,4.203241471615904,,-0.40315659753737054,178.75274658203125,,
1993-01,ES,2.0599027091928734,4.859545154651346,,-1.9563746138170806,,,
1993-01,FI,2.849389416553594,3.501085032296669,,-1.4311267364989873,,,
1993-01,FR,2.697032269471311,2.7999978501525913,,-0.030727045967501913,129.5369873046875,,
1993-01,GR,2.499997254632813,11.999998400634793,,-5.893842196112188,,,
1993-01,IE,3.0073204092469608,3.499999576188939,,2.7426968236023237,93.6723827311582,,
1993-01,IT,1.5445113900808938,5.089556562769837,,-2.368491920616728,,,
1993-01,NL,1.9618405190339416,3.5000043567032346,,3.7478899979911677,,,
1993-01,PT,3.5999984361542836,6.500000880969425,,-1.1103198382321025,,,
1993-02,AT,3.084658823915807,3.7166672202404145,,-0.5612919647301748,,,
1993-02,BE,2.7170052809431873,2.500001860623062,,2.0530632222900778,,,
1993-02,DE,2.6227362795809768,4.122803174794557,,-0.3666833083195992,114.21302795410156,,
1993-02,ES,2.030283385377818,4.825639578908218,,-1.8110170071674656,,,
1993-02,FI,2.8669976006955884,3.4970898305823246,,-1.3845731549698423,,,
1993-02,FR,2.7020391655689,2.7999979812308413,,-0.029873695735403497,99.14981842041016,,
1993-02,GR,2.4999977958942394,11.583331807748335,,-5.910564833554174,,,
1993-02,IE,2.9925421425828307,3.5416664731632608,,2.745254483913111,154.531045935886,,
1993-02,IT,1.5766600573179281,5.0070935019692175,,-2.3796110366506955,,,
1993-02,NL,1.983085271738666,3.4416704150406208,,3.7356612498167747,,,
1993-02,PT,3.633331663948077,6.700000887977705,,-1.0889885792195653,,,
1993-03,AT,3.080327116965461,3.8333340324088714,,-0.5602032250689835,,,
1993-03,BE,2.7295933613409353,2.500001777665347,,2.0974811848557806,,,
1993-03,DE,2.6499668562872296,4.0423648779732115,,-0.33021001910182796,139.1031036376953,,
1993-03,ES,2.0006640615627624,4.79173400316509,,-1.6656594005178507,,,
1993-03,FI,2.8846057848375835,3.4930946288679805,,-1.3380195734406972,,,
1993-03,FR,2.7070460616664884,2.7999981123090913,,-0.02902034550330508,142.02040100097656,,
1993-03,GR,2.4999983371556658,11.166665214861878,,-5.927287470996159,,,
1993-03,IE,2.9777638759187006,3.5833333701375834,,2.747812144223898,101.616541445167,,
1993-03,IT,1.608808724554963,4.924630441168598,,-2.3907301526846627,,,
1993-03,NL,2.0043300244433904,3.383336473378007,,3.7234325016423813,,,
1993-03,PT,3.66666489174187,6.900000894985984,,-1.0676573202070279,,,
1993-04,AT,-0.07500373962470164,3.2750066035373284,,-0.6743164195436762,,,
1993-04,BE,0.4749996627910369,2.625003006550364,,2.362845277606289,,,
1993-04,DE,-0.5910478719931305,3.887077351815804,,-1.3774219409606352,56.50121307373047,,
1993-04,ES,0.6249169463248716,4.267775924912659,,-2.3856454078436484,,,
1993-04,FI,-0.12643228891530967,3.6434029590372727,,-2.4960078148156892,,,
1993-04,FR,0.6079980633198534,2.1249989613676967,,0.18258484768074218,129.25759887695312,,
1993-04,GR,1.4999969112155953,12.424997852186104,,-2.807275333148834,,,
1993-04,IE,1.8945790132978424,3.249994605316747,,6.0655049986491605,29.7507964382307,,
1993-04,IT,0.6764938614719884,5.614070737048665,,-1.5196987619720745,,,
1993-04,NL,0.8243796936833303,2.1999984790940506,,3.021897363545169,,,
1993-04,PT,1.3249981507572395,6.724996747227163,,-1.5131229681431722,,,
1993-05,AT,0.13332923051040035,3.1666722168547303,,-0.6927638926188242,,,
1993-05,BE,0.6333328837213826,2.633336254425285,,2.350582823351944,,,
1993-05,DE,-0.3408504567563734,3.7319403385073446,,-1.3632258850285672,120.8239974975586,,
1993-05,ES,0.7870132586614399,4.197442967965655,,-2.347360341330557,,,
1993-05,FI,0.16680482291924226,3.736599346637963,,-2.356806879473388,,,
1993-05,FR,0.7955270947821818,2.1666666257280935,,0.1904762220197736,163.31033325195312,,
1993-05,GR,1.5333309268026563,12.13333148683029,,-2.811118188531142,,,
1993-05,IE,1.95085446968557,3.266661885301958,,6.102596599508886,77.125295158564,,
1993-05,IT,0.811335652036845,5.572094920753901,,-1.500419942371026,,,
1993-05,NL,0.9325487334571393,2.2666655832816796,,3.057799421223831,,,
1993-05,PT,1.3999982458362241,6.6666632602856435,,-1.5235502105742502,,,
1993-06,AT,0.3416622006455019,3.0583378301721327,,-0.7112113656939723,,,
1993-06,BE,0.791666104651728,2.641669502300207,,2.338320369097599,,,
1993-06,DE,-0.09065304151961628,3.576803325198885,,-1.3490298290964995,88.19375610351562,,
1993-06,ES,0.9491095709980079,4.127110011018651,,-2.3090752748174657,,,
1993-06,FI,0.4600419347537935,3.829795734238652,,-2.2176059441310874,,,
1993-06,FR,0.9830561262445099,2.208334290088491,,0.19836759635880497,119.87845611572266,,
1993-06,GR,1.5666649423897172,11.841665121474477,,-2.81496104391345,,,
1993-06,IE,2.007129926073298,3.283329165287169,,6.139688200368613,54.3984096676508,,
1993-06,IT,0.9461774426017014,5.530119104459136,,-1.4811411227699773,,,
1993-06,NL,1.040717773230948,2.3333326874693086,,3.093701478902493,,,
1993-06,PT,1.4749983409152085,6.608329773344124,,-1.5339774530053285,,,
1993-07,AT,0.5499951707806039,2.950003443489535,,-0.7296588387691203,,,
1993-07,BE,0.9499993255820738,2.650002750175129,,2.3260579148432536,,,
1993-07,DE,0.15954437371714092,3.4216663118904256,,-1.3348337731644317,97.8139190673828,,
1993-07,ES,1.1112058833345761,4.056777054071647,,-2.2707902083043745,,,
1993-07,FI,0.7532790465883454,3.9229921218393415,,-2.078405008788786,,,
1993-07,FR,1.1705851577068382,2.250001954448888,,0.20625897069783633,114.90540313720705,,
1993-07,GR,1.5999989579767782,11.549998756118661,,-2.818803899295758,,,
1993-07,IE,2.0634053824610255,3.2999964452723796,,6.176779801228339,111.626051043785,,
1993-07,IT,1.081019233166558,5.4881432881643715,,-1.4618623031689286,,,
1993-07,NL,1.148886813004757,2.399999791656937,,3.129603536581155,,,
1993-07,PT,1.5499984359941932,6.549996286402604,,-1.5444046954364066,,,
1993-08,AT,0.7583281409157054,2.8416690568069374,,-0.7481063118442681,,,
1993-08,BE,1.1083325465124192,2.6583359980500507,,2.313795460588908,,,
1993-08,DE,0.409741788953898,3.2665292985819656,,-1.3206377172323638,123.00511932373048,,
1993-08,ES,1.273302195671144,3.986444097124643,,-2.2325051417912833,,,
1993-08,FI,1.0465161584228968,4.016188509440031,,-1.9392040734464853,,,
1993-08,FR,1.3581141891691664,2.2916696188092853,,0.2141503450368677,63.69197463989258,,
1993-08,GR,1.633332973563839,11.258332390762849,,-2.822646754678066,,,
1993-08,IE,2.119680838848753,3.31666372525759,,6.213871402088065,95.6256472375535,,
1993-08,IT,1.2158610237314145,5.446167471869606,,-1.44258348356788,,,
1993-08,NL,1.2570558527785656,2.4666668958445657,,3.165505594259817,,,
1993-08,PT,1.6249985310731776,6.491662799461084,,-1.5548319378674846,,,
1993-09,AT,0.9666611110508079,2.7333346701243393,,-0.7665537849194164,,,
1993-09,BE,1.2666657674427653,2.6666692459249726,,2.301533006334563,,,
1993-09,DE,0.6599392041906553,3.1113922852735065,,-1.306441661300296,170.83865356445312,,
1993-09,ES,1.4353985080077127,3.91611114017764,,-2.194220075278192,,,
1993-09,FI,1.3397532702574493,4.109384897040721,,-1.8000031381041843,,,
1993-09,FR,1.545643220631495,2.3333372831696826,,0.22204171937589912,88.6894302368164,,
1993-09,GR,1.6666669891509,10.966666025407036,,-2.8264896100603742,,,
1993-09,IE,2.175956295236481,3.333331005242801,,6.250963002947792,52.2835108665954,,
1993-09,IT,1.3507028142962711,5.4041916555748415,,-1.4233046639668314,,,
1993-09,NL,1.365224892552375,2.5333340000321947,,3.201407651938479,,,
1993-09,PT,1.6999986261521625,6.4333293125195645,,-1.565259180298563,,,
1993-10,AT,0.624989219169314,2.799996235115448,,-0.7850012579945643,,,
1993-10,BE,0.49999937504208725,2.8750022579452468,,2.101497167000938,,,
1993-10,DE,0.5281580430315236,3.329463647815256,,-1.5573319016418872,103.00763702392578,,
1993-10,ES,1.0431382756918546,4.2346696493132105,,-1.693663562783092,,,
1993-10,FI,0.603322853302965,3.7745849836676726,,-1.659347819476156,,,
1993-10,FR,0.6125309082126135,2.2000006924817073,,0.2404806627481398,88.74532318115234,,
1993-10,GR,1.4499979905828186,10.700000343909611,,-2.5848866250374853,,,
1993-10,IE,2.574998196362832,2.750000128629426,,6.87456649098465,102.523613105835,,
1993-10,IT,1.3231139185259921,4.589567028143382,,-1.2989426209861283,,,
1993-10,NL,0.8637550720979603,2.6000011042198232,,2.8119952398742365,,,
1993-10,PT,0.8749987235839307,5.775001019595333,,-0.013582515679693078,,,
1993-11,AT,0.8499877152167085,2.699995665421558,,-0.8034487310697124,,,
1993-11,BE,0.6666663062545931,2.8833356368249095,,2.0765824546056,,,
1993-11,DE,0.765452806275202,3.189719312657968,,-1.5440792570403103,93.76766204833984,,
1993-11,ES,1.222643657017843,4.182966434988444,,-1.6065922257414698,,,
1993-11,FI,0.9028874390882976,3.8828982222823085,,-1.532387328730584,,,
1993-11,FR,0.7906507149429661,2.200000767819514,,0.24581266538515317,126.64505767822266,,
1993-11,GR,1.4999981495197618,10.300000341725596,,-2.611159351280677,,,
1993-11,IE,2.5833317508707467,2.833333348796844,,7.017763712224527,78.4252662998932,,
1993-11,IT,1.4353356700845181,4.599160496535689,,-1.2866985024110618,,,
1993-11,NL,0.9761907378360061,2.6666682084074527,,2.856036368505977,,,
1993-11,PT,0.9499986124448911,5.716668261437556,,-0.013303849243438439,,,
1993-12,AT,1.0749862112641024,2.599995095727668,,-0.8218962041448603,,,
1993-12,BE,0.8333332374670986,2.8916690157045712,,2.051667742210262,,,
1993-12,DE,1.0027475695188803,3.04997497750068,,-1.5308266124387335,39.29359436035156,,
1993-12,ES,1.4021490383438315,4.131263220663678,,-1.5195208886998475,,,
1993-12,FI,1.2024520248736301,3.9912114608969445,,-1.405426837985012,,,
1993-12,FR,0.9687705216733186,2.2000008431573197,,0.2511446680221665,105.48301696777344,,
1993-12,GR,1.5499983084567053,9.900000339541577,,-2.637432077523869,,,
1993-12,IE,2.5916653053786614,2.916666568964262,,7.160960933464403,76.3676248335368,,
1993-12,IT,1.5475574216430439,4.608753964927995,,-1.2744543838359952,,,
1993-12,NL,1.0886264035740518,2.733335312595081,,2.900077497137717,,,
1993-12,PT,1.0249985013058516,5.658335503279778,,-0.013025182807183799,,,
1994-01,AT,1.2999847073114967,2.4999945260337775,,-0.8403436772200084,,,
1994-01,BE,1.0000001686796045,2.9000023945842335,,2.0267530298149237,,,
1994-01,DE,1.2400423327625587,2.910230642343392,,-1.5175739678371567,94.05158233642578,,
1994-01,ES,1.5816544196698201,4.0795600063389115,,-1.4324495516582252,,,
1994-01,FI,1.5020166106589627,4.099524699511581,,-1.2784663472394402,,,
1994-01,FR,1.1468903284036713,2.2000009184951264,,0.25647667065917984,109.18220520019533,,
1994-01,GR,1.5999984673936485,9.500000337357562,,-2.6637048037670605,,,
1994-01,IE,2.5999988598865764,2.99999978913168,,7.30415815470428,140.622229094536,,
1994-01,IT,1.6597791732015699,4.618347433320302,,-1.2622102652609288,,,
1994-01,NL,1.2010620693120977,2.80000241678271,,2.944118625769457,,,
1994-01,PT,1.099998390166812,5.600002745122001,,-0.012746516370929162,,,
1994-02,AT,1.3999873761603443,2.4833283539154927,,-0.8527229179792367,,,
1994-02,BE,1.083333265276959,2.866668790615403,,2.0093137812216426,,,
1994-02,DE,1.3593722246403726,2.8628142486209525,,-1.506748400462903,46.18510055541992,,
1994-02,ES,1.807444883378349,3.9494600799134063,,-1.4188824044557002,,,
1994-02,FI,1.692254045958273,4.03242311979353,,-1.2046318079390024,,,
1994-02,FR,1.3775666329107612,2.2166674302702805,,0.2642711118229184,95.94908905029295,,
1994-02,GR,1.6749983550474856,9.433333440119183,,-2.6759115263380013,,,
1994-02,IE,2.744498547520289,2.9999996702198626,,7.315596357564478,79.5111094531036,,
1994-02,IT,1.7141397720771354,4.5375511266204835,,-1.2334766821341054,,,
1994-02,NL,1.292040321354987,2.77500207464203,,2.9391007464715946,,,
1994-02,PT,1.3999981293380612,5.5750022016895695,,-0.01276099719863285,,,
1994-03,AT,1.4999900450091919,2.466662181797208,,-0.8651021587384651,,,
1994-03,BE,1.1666663618743134,2.833335186646572,,1.9918745326283616,,,
1994-03,DE,1.478702116518186,2.8153978548985124,,-1.4959228330886492,104.71058654785156,,
1994-03,ES,2.0332353470868774,3.819360153487901,,-1.4053152572531755,,,
1994-03,FI,1.8824914812575826,3.9653215400754798,,-1.1307972686385646,,,
1994-03,FR,1.608242937417851,2.2333339420454346,,0.2720655529866569,78.75138854980469,,
1994-03,GR,1.7499982427013228,9.366666542880806,,-2.688118248908942,,,
1994-03,IE,2.8889982351540016,2.999999551308045,,7.327034560424677,68.4757293463886,,
1994-03,IT,1.7685003709527005,4.456754819920665,,-1.2047430990072823,,,
1994-03,NL,1.3830185733978761,2.7500017325013504,,2.934082867173732,,,
1994-03,PT,1.69999786850931,5.5500016582571385,,-0.012775478026336539,,,
1994-04,AT,1.650002044188803,2.5999930192591174,,0.13280361239889052,,,
1994-04,BE,1.3481008963961982,2.662007092732222,,1.6575390300770434,,,
1994-04,DE,1.2487123423039814,2.78707188671663,,-0.6485337763046632,74.11193084716797,,
1994-04,ES,1.475528057897979,4.0135349890892345,,-0.6592591071052192,,,
1994-04,FI,2.146215912942251,2.975001498900837,,2.3978181177943734,,,
1994-04,FR,1.545578407473408,1.9200040374282967,,0.8654151700809316,74.15968322753906,,
1994-04,GR,0.5750028849323796,10.7000014430977,,-0.42468308283864353,,,
1994-04,IE,3.974998552790704,2.62500038440428,,6.240439582155946,119.9368865217,,
1994-04,IT,1.4837729008333689,3.625002724355908,,2.8013364078259833,,,
1994-04,NL,1.1444817735498658,2.2250015597524317,,3.3620415654418965,,,
1994-04,PT,1.9499977758728249,5.421594877149405,,-1.5771775948932552,,,
1994-05,AT,1.733334915177894,2.5666609661845716,,0.14359965812542247,,,
1994-05,BE,1.4797294654463666,2.644006817479272,,1.6928965611116662,,,
1994-05,DE,1.3486980144831704,2.722594888427839,,-0.6355352296677627,59.12601089477539,,
1994-05,ES,1.6476107804281734,3.916055235085092,,-0.6606285934596362,,,
1994-05,FI,2.328287742430213,3.0333344774849653,,2.471439126617595,,,
1994-05,FR,1.6572665625741594,1.940003237040111,,0.8820541574265848,86.5576171875,,
1994-05,GR,0.600002765231215,10.533334512072315,,-0.47811021214946015,,,
1994-05,IE,3.9666651318987167,2.666667238068661,,6.239101705561714,95.0588024435047,,
1994-05,IT,1.6007093929534553,3.5666695712253267,,2.8289748104137695,,,
1994-05,NL,1.2683587582598725,2.200001612512925,,3.3766680389791475,,,
1994-05,PT,2.233331616171201,5.399010017486172,,-1.5557903426045196,,,
1994-06,AT,1.8166677861669847,2.533328913110026,,0.15439570385195445,,,
1994-06,BE,1.611358034496535,2.6260065422263223,,1.7282540921462886,,,
1994-06,DE,1.448683686662359,2.6581178901390485,,-0.6225366830308621,81.18619537353516,,
1994-06,ES,1.8196935029583674,3.8185754810809494,,-0.6619980798140532,,,
1994-06,FI,2.510359571918175,3.0916674560690933,,2.545060135440816,,,
1994-06,FR,1.7689547176749105,1.960002436651925,,0.8986931447722378,136.3363494873047,,
1994-06,GR,0.6250026455300501,10.366667581046931,,-0.5315373414602768,,,
1994-06,IE,3.9583317110067293,2.7083340917330427,,6.237763828967481,124.504973726617,,
1994-06,IT,1.7176458850735412,3.5083364180947445,,2.856613213001555,,,
1994-06,NL,1.392235742969879,2.175001665273418,,3.3912945125163976,,,
1994-06,PT,2.5166654564695765,5.37642515782294,,-1.5344030903157844,,,
1994-07,AT,1.9000006571560757,2.4999968600354805,,0.1651917495784864,,,
1994-07,BE,1.7429866035467034,2.608006266973373,,1.7636116231809114,,,
1994-07,DE,1.5486693588415479,2.5936408918502574,,-0.6095381363939616,95.34850311279295,,
1994-07,ES,1.9917762254885618,3.7210957270768064,,-0.6633675661684701,,,
1994-07,FI,2.692431401406137,3.1500004346532218,,2.6186811442640376,,,
1994-07,FR,1.880642872775662,1.9800016362637396,,0.915332132117891,95.00139617919922,,
1994-07,GR,0.6500025258288855,10.200000650021545,,-0.5849644707710934,,,
1994-07,IE,3.9499982901147423,2.750000945397424,,6.2364259523732475,76.7445899934423,,
1994-07,IT,1.8345823771936276,3.450003264964163,,2.8842516155893407,,,
1994-07,NL,1.5161127276798858,2.1500017180339115,,3.4059209860536477,,,
1994-07,PT,2.799999296767952,5.353840298159707,,-1.5130158380270489,,,
1994-08,AT,1.9833335281451663,2.466664806960935,,0.17598779530501835,,,
1994-08,BE,1.8746151725968716,2.590005991720423,,1.7989691542155337,,,
1994-08,DE,1.6486550310207366,2.529163893561466,,-0.5965395897570609,68.05472564697266,,
1994-08,ES,2.163858948018756,3.6236159730726634,,-0.6647370525228871,,,
1994-08,FI,2.8745032308940983,3.2083334132373498,,2.692302153087259,,,
1994-08,FR,1.992331027876413,2.0000008358755537,,0.931971119463544,115.10946655273438,,
1994-08,GR,0.6750024061277208,10.033333718996161,,-0.63839160008191,,,
1994-08,IE,3.9416648692227554,2.791667799061805,,6.235088075779014,115.025139078005,,
1994-08,IT,1.9515188693137138,3.3916701118335815,,2.911890018177126,,,
1994-08,NL,1.6399897123898923,2.1250017707944044,,3.420547459590898,,,
1994-08,PT,3.0833331370663273,5.331255438496473,,-1.4916285857383134,,,
1994-09,AT,2.0666663991342578,2.43333275388639,,0.18678384103155032,,,
1994-09,BE,2.0062437416470407,2.5720057164674737,,1.8343266852501565,,,
1994-09,DE,1.7486407031999256,2.464686895272676,,-0.5835410431201604,46.68276977539063,,
1994-09,ES,2.3359416705489506,3.526136219068521,,-0.6661065388773041,,,
1994-09,FI,3.0565750603820607,3.2666663918214787,,2.765923161910481,,,
1994-09,FR,2.1040191829771646,2.020000035487368,,0.9486101068091974,77.29764556884766,,
1994-09,GR,0.7000022864265563,9.866666787970775,,-0.6918187293927267,,,
1994-09,IE,3.933331448330768,2.8333346527261867,,6.233750199184783,98.143273977757,,
1994-09,IT,2.0684553614338004,3.3333369587030006,,2.939528420764913,,,
1994-09,NL,1.7638666970998993,2.100001823554898,,3.4351739331281483,,,
1994-09,PT,3.3666669773647038,5.308670578833241,,-1.4702413334495783,,,
1994-10,AT,2.7900013734147744,2.6249955616305165,,-0.5879640014993399,,,
1994-10,BE,2.1749987014398062,2.500003441050136,,4.552471524773071,,,
1994-10,DE,2.639252865577868,2.39728236258695,,-0.6737569353389657,73.9838638305664,,
1994-10,ES,2.5710772518128087,3.4901705840247597,,-0.17682273585381475,,,
1994-10,FI,4.77501359222936,2.1222008216688346,,2.2177439004311648,,,
1994-10,FR,2.7658532312965836,1.7710014104645733,,0.8284918883684602,148.32244873046875,,
1994-10,GR,0.8499983364838204,9.874998630879368,,-1.5231542682404604,,,
1994-10,IE,5.301844772521353,2.575003367036388,,7.39999648232107,24.4202032136357,,
1994-10,IT,2.5075822373886223,3.2749938779106813,,3.3321851312031394,,,
1994-10,NL,2.4453484599542277,2.5000011135651756,,3.3680628388416114,,,
1994-10,PT,3.250002854064199,4.750005239816357,,-0.77287664883431,,,
1994-11,AT,2.84000197611578,2.58332815833809,,-0.6003282183530051,,,
1994-11,BE,2.2499984512336777,2.5000035502558657,,4.479423071305187,,,
1994-11,DE,2.676345802457636,2.3183482707965553,,-0.6602867135384363,114.62066650390624,,
1994-11,ES,2.7054487053362406,3.4028791983974758,,-0.16564903072175283,,,
1994-11,FI,4.916677961533241,2.250563833300035,,2.2498983307689415,,,
1994-11,FR,2.8577698261423166,1.7673348367752288,,0.8387668600794967,98.58875274658205,,
1994-11,GR,0.8999981202470919,9.749999752752588,,-1.5411629971994854,,,
1994-11,IE,5.3116096201820335,2.5833370941058607,,7.366662952777079,88.913144957357,,
1994-11,IT,2.6158197957831475,3.216659723623268,,3.3687476715336326,,,
1994-11,NL,2.5052418945370505,2.466667699020294,,3.3626573137579117,,,
1994-11,PT,3.5000033862232605,4.666671877934288,,-0.7777757335182535,,,
1994-12,AT,2.890002578816786,2.541660755045664,,-0.6126924352066702,,,
1994-12,BE,2.3249982010275487,2.500003659461595,,4.406374617837303,,,
1994-12,DE,2.7134387393374038,2.2394141790061606,,-0.6468164917379068,113.42728424072266,,
1994-12,ES,2.8398201588596717,3.3155878127701914,,-0.15447532558969093,,,
1994-12,FI,5.058342330837122,2.3789268449312337,,2.2820527611067183,,,
1994-12,FR,2.949686420988049,1.7636682630858842,,0.8490418317905334,115.61131286621094,,
1994-12,GR,0.9499979040103634,9.625000874625808,,-1.5591717261585103,,,
1994-12,IE,5.321374467842715,2.5916708211753328,,7.333329423233087,101.15695699207,,
1994-12,IT,2.7240573541776723,3.158325569335855,,3.405310211864126,,,
1994-12,NL,2.5651353291198737,2.4333342844754116,,3.3572517886742115,,,
1994-12,PT,3.7500039183823217,4.583338516052219,,-0.7826748182021968,,,
1995-01,AT,2.940003181517792,2.499993351753238,,-0.6250566520603353,,,
1995-01,BE,2.3999979508214198,2.500003768667325,,4.333326164369419,,,
1995-01,DE,2.7505316762171717,2.160480087215766,,-0.6333462699373773,107.05697631835938,,
1995-01,ES,2.9741916123831036,3.228296427142907,,-0.143301620457629,,,
1995-01,FI,5.200006700141002,2.5072898565624335,,2.314207191444495,,,
1995-01,FR,3.0416030158337826,1.7600016893965398,,0.85931680350157,150.71795654296875,,
1995-01,GR,0.999997687773635,9.50000199649903,,-1.5771804551175352,,,
1995-01,IE,5.331139315503397,2.6000045482448053,,7.299995893689097,54.0249652076898,,
1995-01,IT,2.8322949125721975,3.099991415048442,,3.441872752194619,,,
1995-01,NL,2.625028763702697,2.4000008699305297,,3.3518462635905117,,,
1995-01,PT,4.000004450541383,4.50000515417015,,-0.7875739028861403,,,
1995-02,AT,2.9570860029498345,2.499993392291274,,-0.6148588321727426,,,
1995-02,BE,2.399997877001179,2.5000036078095977,,4.269335236163235,,,
1995-02,DE,2.7675034966549403,2.149461457167534,,-0.6321071620872923,133.1592254638672,,
1995-02,ES,3.100580234642125,3.2195196237130963,,-0.1434413683338998,,,
1995-02,FI,5.166676831395105,2.5477944397596834,,2.291729231265981,,,
1995-02,FR,3.0549074066339794,1.780001184539411,,0.861395991757947,85.12712097167969,,
1995-02,GR,1.0166644409538628,9.400002288588272,,-1.5999174352442556,,,
1995-02,IE,5.269039122054182,2.5916705700237554,,7.274996267770359,54.8194499901558,,
1995-02,IT,2.852205555542429,3.0749922789001087,,3.4558023982315107,,,
1995-02,NL,2.6174136841560447,2.366667353485645,,3.3388353568677993,,,
1995-02,PT,4.041671043507814,4.458337915026398,,-0.8002110390886081,,,
1995-03,AT,2.9741688243818767,2.4999934328293096,,-0.6046610122851498,,,
1995-03,BE,2.3999978031809386,2.5000034469518706,,4.205344307957049,,,
1995-03,DE,2.7844753170927086,2.1384428271193023,,-0.6308680542372075,98.76192474365234,,
1995-03,ES,3.2269688569011468,3.2107428202832855,,-0.1435811162101706,,,
1995-03,FI,5.133346962649207,2.5882990229569343,,2.2692512710874673,,,
1995-03,FR,3.0682117974341767,1.8000006796822825,,0.8634751800143241,124.21914672851562,,
1995-03,GR,1.0333311941340906,9.300002580677518,,-1.6226544153709759,,,
1995-03,IE,5.206938928604968,2.583336591802706,,7.249996641851622,71.7515268443867,,
1995-03,IT,2.8721161985126606,3.049993142751776,,3.4697320442684028,,,
1995-03,NL,2.6097986046093924,2.333333837040759,,3.3258244501450873,,,
1995-03,PT,4.083337636474245,4.416670675882647,,-0.8128481752910759,,,
1995-04,AT,2.925293116347172,2.5500013335805596,,-0.9190248622138285,,,
1995-04,BE,2.953295816941215,2.299999227528832,,6.066180852739802,,,
1995-04,DE,3.184259304996923,1.992148090488366,,-1.1258105359183501,78.15823364257812,,
1995-04,ES,3.0261452394572226,3.9800005672419814,,-0.5666144389159082,,,
1995-04,FI,5.100043557113859,2.4247782302372345,,1.520823162732612,,,
1995-04,FR,3.1602507371657205,1.999998399928521,,0.6562560497471315,92.98818969726562,,
1995-04,GR,1.9250001010473305,8.283400262236757,,-1.9591331044119964,,,
1995-04,IE,5.884491097779298,2.499999848591777,,7.162284371611581,80.1106653871474,,
1995-04,IT,3.0275412090848106,4.950007489647135,,2.246999814326818,,,
1995-04,NL,2.9252320603185833,2.450000697037935,,3.495048232667356,,,
1995-04,PT,3.750002993515711,4.375004151900231,,-0.33452461533517663,,,
1995-05,AT,2.9113711920021768,2.566667890298742,,-0.8744530083498349,,,
1995-05,BE,2.94392857455988,2.299998832862079,,6.089506913500731,,,
1995-05,DE,3.1943975812975514,1.9930194295083212,,-1.1445503392949914,57.6782341003418,,
1995-05,ES,3.0203699565199082,3.9266669024875815,,-0.5748622775250989,,,
1995-05,FI,5.0666980515179,2.4664802294955455,,1.5076166099214041,,,
1995-05,FR,3.1460003599920703,1.9999986080014112,,0.6558001021476579,91.00518035888672,,
1995-05,GR,1.9666671460733567,8.175510427524031,,-1.9857314412842433,,,
1995-05,IE,5.775398760525581,2.5000002579544196,,7.145405582987555,22.5778544428694,,
1995-05,IT,3.027592408176953,4.866672870759503,,2.2723365378581932,,,
1995-05,NL,2.900307553419294,2.433333583084507,,3.4749451453068776,,,
1995-05,PT,3.833336383826643,4.333337596871245,,-0.3829975332147101,,,
1995-06,AT,2.8974492676571817,2.5833344470169255,,-0.8298811544858412,,,
1995-06,BE,2.9345613321785464,2.299998438195326,,6.112832974261661,,,
1995-06,DE,3.2045358575981804,1.993890768528276,,-1.1632901426716327,79.876220703125,,
1995-06,ES,3.0145946735825935,3.873333237733182,,-0.5831101161342896,,,
1995-06,FI,5.033352545921941,2.508182228753856,,1.4944100571101961,,,
1995-06,FR,3.1317499828184197,1.9999988160743016,,0.6553441545481844,61.66780853271485,,
1995-06,GR,2.008334191099383,8.067620592811307,,-2.0123297781564897,,,
1995-06,IE,5.666306423271864,2.500000667317061,,7.128526794363529,23.5435111536669,,
1995-06,IT,3.0276436072690944,4.7833382518718714,,2.2976732613895683,,,
1995-06,NL,2.8753830465200045,2.416666469131079,,3.4548420579463994,,,
1995-06,PT,3.916669774137575,4.29167104184226,,-0.4314704510942434,,,
1995-07,AT,2.8835273433121866,2.6000010037351085,,-0.7853093006218475,,,
1995-07,BE,2.9251940897972117,2.2999980435285727,,6.13615903502259,,,
1995-07,DE,3.2146741338988094,1.9947621075482314,,-1.182029946048274,58.48723983764648,,
1995-07,ES,3.0088193906452787,3.819999572978783,,-0.5913579547434804,,,
1995-07,FI,5.000007040325983,2.549884228012167,,1.4812035042989882,,,
1995-07,FR,3.117499605644769,1.999999024147192,,0.6548882069487109,60.23467254638672,,
1995-07,GR,2.0500012361254094,7.959730758098582,,-2.0389281150287366,,,
1995-07,IE,5.557214086018147,2.500001076679703,,7.111648005739503,24.2917786854743,,
1995-07,IT,3.0276948063612363,4.70000363298424,,2.323009984920944,,,
1995-07,NL,2.850458539620715,2.399999355177651,,3.4347389705859213,,,
1995-07,PT,4.000003164448507,4.250004486813275,,-0.4799433689737769,,,
1995-08,AT,2.8696054189671916,2.6166675604532914,,-0.7407374467578538,,,
1995-08,BE,2.915826847415877,2.2999976488618197,,6.15948509578352,,,
1995-08,DE,3.224812410199438,1.9956334465681862,,-1.200769749424915,81.3525161743164,,
1995-08,ES,3.0030441077079635,3.766665908224383,,-0.5996057933526711,,,
1995-08,FI,4.966661534730022,2.5915862272704775,,1.46799695148778,,,
1995-08,FR,3.1032492284711184,1.9999992322200824,,0.6544322593492373,59.16339874267578,,
1995-08,GR,2.0916682811514358,7.851840923385857,,-2.0655264519009835,,,
1995-08,IE,5.4481217487644304,2.500001486042345,,7.094769217115476,26.4509135020346,,
1995-08,IT,3.027746005453378,4.616669014096608,,2.3483467084523184,,,
1995-08,NL,2.8255340327214253,2.383332241224223,,3.4146358832254426,,,
1995-08,PT,4.0833365547594385,4.208337931784289,,-0.5284162868533102,,,
1995-09,AT,2.8556834946221965,2.633334117171475,,-0.6961655928938602,,,
1995-09,BE,2.9064596050345433,2.299997254195067,,6.182811156544451,,,
1995-09,DE,3.2349506865000675,1.996504785588142,,-1.2195095528015565,86.2607650756836,,
1995-09,ES,2.997268824770649,3.713332243469984,,-0.6078536319618618,,,
1995-09,FI,4.9333160291340645,2.633288226528789,,1.4547903986765722,,,
1995-09,FR,3.088998851297468,1.999999440292973,,0.6539763117497639,122.84263610839844,,
1995-09,GR,2.133335326177462,7.743951088673133,,-2.0921247887732304,,,
1995-09,IE,5.3390294115107135,2.500001895404987,,7.077890428491451,67.5469497176573,,
1995-09,IT,3.0277972045455206,4.533334395208977,,2.373683431983694,,,
1995-09,NL,2.800609525822136,2.366665127270795,,3.3945327958649645,,,
1995-09,PT,4.166669945070371,4.166671376755304,,-0.5768892047328438,,,
1995-10,AT,2.56213294838889,2.5500022016977155,,-1.1511371772144947,,,
1995-10,BE,2.5000024028454524,1.9250009962055892,,6.101927318730724,,,
1995-10,DE,2.814999863181933,1.773829291088036,,-0.97722504807607,75.79679870605469,,
1995-10,ES,3.1849737339152417,3.980000592066424,,-0.24606550908679223,,,
1995-10,FI,4.749919416237896,2.2236663837512607,,1.2908409441318254,,,
1995-10,FR,2.7087101025088547,2.25000136179791,,0.9861014134767202,133.4619140625,,
1995-10,GR,2.2000006005371384,7.891432663566206,,-1.567178724931007,,,
1995-10,IE,5.229937074256997,2.500002304767629,,7.0610116398674245,23.3008211604171,,
1995-10,IT,2.847898537350191,4.349996861668092,,2.229206174045863,,,
1995-10,NL,2.6455445180445345,2.2249988272152574,,2.8832401781133266,,,
1995-10,PT,3.0999979297287537,3.8250018963078944,,-0.4277046401563916,,,
1995-11,AT,2.5376166662466524,2.533335934917088,,-1.1237393342284774,,,
1995-11,BE,2.5000031168559236,1.9500013835461627,,6.105920342421371,,,
1995-11,DE,2.8433334374761294,1.7654307903082866,,-1.0102202696218887,74.94922637939453,,
1995-11,ES,3.1779760840011884,3.8866674049652237,,-0.22653620651388667,,,
1995-11,FI,4.699901565386359,2.3156630678821823,,1.2008108281241197,,,
1995-11,FR,2.6902730659440746,2.2666680854859047,,0.9808250699229899,93.48212432861328,,
1995-11,GR,2.233333815001559,7.733377788377909,,-1.5897385333269676,,,
1995-11,IE,5.120844737003279,2.500002714130271,,7.044132851243399,129.613778870584,,
1995-11,IT,2.830330293169629,4.233330128342476,,2.248867983211686,,,
1995-11,NL,2.568203034260075,2.2166652464106464,,2.839782816763181,,,
1995-11,PT,3.1333311347588175,3.7833356174702515,,-0.4001812245862864,,,
1995-12,AT,2.5131003841044146,2.51666966813646,,-1.0963414912424598,,,
1995-12,BE,2.5000038308663948,1.9750017708867362,,6.109913366112016,,,
1995-12,DE,2.871667011770325,1.7570322895285373,,-1.0432154911677074,58.76146697998047,,
1995-12,ES,3.170978434087135,3.7933342178640235,,-0.20700690394098112,,,
1995-12,FI,4.6498837145348215,2.4076597520131044,,1.110780712116414,,,
1995-12,FR,2.671836029379295,2.2833348091738994,,0.9755487263692596,128.46170043945312,,
1995-12,GR,2.2666670294659794,7.57532291318961,,-1.6122983417229284,,,
1995-12,IE,5.011752399749561,2.5000031234929128,,7.027254062619372,48.6113448093901,,
1995-12,IT,2.8127620489890663,4.116663395016858,,2.268529792377508,,,
1995-12,NL,2.490861550475615,2.2083316656060354,,2.796325455413035,,,
1995-12,PT,3.166664339788881,3.7416693386326085,,-0.3726578090161812,,,
1996-01,AT,2.488584101962177,2.5000034013558325,,-1.0689436482564425,,,
1996-01,BE,2.500004544876866,2.0000021582273098,,6.113906389802663,,,
1996-01,DE,2.9000005860645217,1.748633788748788,,-1.0762107127135263,76.96334838867188,,
1996-01,ES,3.1639807841730816,3.700001030762823,,-0.1874776013680756,,,
1996-01,FI,4.599865863683283,2.4996564361440266,,1.0207505961087082,,,
1996-01,FR,2.653398992814515,2.300001532861895,,0.9702723828155293,51.3209342956543,,
1996-01,GR,2.3000002439304,7.417268038001312,,-1.634858150118889,,,
1996-01,IE,4.902660062495845,2.5000035328555548,,7.010375273995346,77.6987523751258,,
1996-01,IT,2.7951938048085045,3.999996661691241,,2.288191601543331,,,
1996-01,NL,2.413520066691155,2.1999980848014244,,2.752868094062889,,,
1996-01,PT,3.1999975448189444,3.700003059794965,,-0.34513439344607594,,,
1996-02,AT,2.4895356284990475,2.500002393656377,,-1.0648951420929613,,,
1996-02,BE,2.500004216523786,2.041668589939888,,6.106169312859581,,,
1996-02,DE,2.9416669932378143,1.7529141657160834,,-1.087239782374735,123.0071792602539,,
1996-02,ES,3.1573231173384526,3.6841669125055545,,-0.21462374609593948,,,
1996-02,FI,4.541542755119132,2.5329786135269723,,0.9825313479543674,,,
1996-02,FR,2.6656158336914926,2.2750010832451406,,0.968074854740878,98.08697509765624,,
1996-02,GR,2.3083334361234886,7.247698780845589,,-1.6654340825274423,,,
1996-02,IE,4.86019443761803,2.500003074322904,,7.008186082137634,25.1099253322907,,
1996-02,IT,2.794083934256375,3.9416632502118705,,2.292019631749236,,,
1996-02,NL,2.3984456228349753,2.1833317837847495,,2.7145925799414563,,,
1996-02,PT,3.224998128432919,3.666669497452515,,-0.3402967185747632,,,
1996-03,AT,2.4904871550359178,2.500001385956922,,-1.0608466359294804,,,
1996-03,BE,2.5000038881707063,2.083335021652466,,6.0984322359165,,,
1996-03,DE,2.9833334004111074,1.7571945426833786,,-1.0982688520359438,136.3991241455078,,
1996-03,ES,3.1506654505038236,3.6683327942482857,,-0.24176989082380335,,,
1996-03,FI,4.483219646554981,2.566300790909918,,0.9443120998000264,,,
1996-03,FR,2.67783267456847,2.250000633628387,,0.9658773266662266,73.19598388671875,,
1996-03,GR,2.316666628316577,7.078129523689865,,-1.6960100149359953,,,
1996-03,IE,4.8177288127402145,2.5000026157902533,,7.005996890279922,94.028183720254,,
1996-03,IT,2.7929740637042455,3.8833298387325006,,2.2958476619551416,,,
1996-03,NL,2.3833711789787957,2.1666654827680745,,2.6763170658200233,,,
1996-03,PT,3.249998712046894,3.633335935110064,,-0.3354590437034504,,,
1996-04,AT,1.3468293916198582,2.1250013106568932,,-1.269424927309823,,,
1996-04,BE,1.6750021781343882,2.0000013396243577,,6.156529072493697,,,
1996-04,DE,1.4527736085049259,1.4999984443211212,,-0.46275220726479044,69.27928924560547,,
1996-04,ES,2.7558916300023215,3.472493305228058,,0.4470727143994599,,,
1996-04,FI,2.7249996394375864,1.9999985152848843,,2.853628891755806,,,
1996-04,FR,1.6449994454720451,1.8000013747852428,,0.8007344427136835,83.35417175292969,,
1996-04,GR,2.3475292801517833,6.961676663991157,,-2.0779255254110542,,,
1996-04,IE,5.484756984958944,2.3628948321056775,,6.312349661410968,58.8914047011762,,
1996-04,IT,2.504527489326769,4.315000296023975,,2.478778519754334,,,
1996-04,NL,1.9803366228913377,2.187501483414173,,3.523593744189021,,,
1996-04,PT,2.6499972241880885,3.450002524991841,,-1.637543418892295,,,
1996-05,AT,1.354630735348768,2.100001088685355,,-1.2155378315821543,,,
1996-05,BE,1.7666678500819786,2.000000704925949,,6.174994645070623,,,
1996-05,DE,1.6177135081083613,1.4999978615510021,,-0.46212322617751134,127.69841766357422,,
1996-05,ES,2.771100816732212,3.4366615232410025,,0.42384607014741893,,,
1996-05,FI,2.6999993308012873,1.9999990668397638,,2.828138560544955,,,
1996-05,FR,1.7700001314530311,1.8000011131164375,,0.798660979260543,53.38554382324219,,
1996-05,GR,2.3644694649811524,6.809812872654438,,-2.0726946969463675,,,
1996-05,IE,5.351166870038433,2.40035128259138,,6.293085783605225,86.5029942306326,,
1996-05,IT,2.5303873552189993,4.280000494247409,,2.4894829704893553,,,
1996-05,NL,2.057115731645598,2.166667593766173,,3.5596674728718067,,,
1996-05,PT,2.6666639075663285,3.433335387902433,,-1.6126303239757096,,,
1996-06,AT,1.3624320790776783,2.0750008667138164,,-1.1616507358544859,,,
1996-06,BE,1.8583335220295687,2.0000000702275402,,6.193460217647547,,,
1996-06,DE,1.7826534077117966,1.4999972787808828,,-0.4614942450902322,104.27190399169922,,
1996-06,ES,2.786310003462102,3.400829741253947,,0.40061942589537797,,,
1996-06,FI,2.6749990221649886,1.9999996183946434,,2.8026482293341037,,,
1996-06,FR,1.8950008174340172,1.8000008514476327,,0.7965875158074024,83.06488800048828,,
1996-06,GR,2.381409649810521,6.657949081317719,,-2.0674638684816804,,,
1996-06,IE,5.217576755117923,2.4378077330770838,,6.2738219057994815,24.5471566730411,,
1996-06,IT,2.5562472211112297,4.2450006924708426,,2.5001874212243766,,,
1996-06,NL,2.133894840399858,2.1458337041181736,,3.595741201554593,,,
1996-06,PT,2.6833305909445677,3.4166682508130246,,-1.5877172290591237,,,
1996-07,AT,1.3702334228065882,2.050000644742278,,-1.1077636401268172,,,
1996-07,BE,1.9499991939771588,1.9999994355291317,,6.2119257902244716,,,
1996-07,DE,1.9475933073152318,1.4999966960107636,,-0.460865264002953,100.25531768798828,,
1996-07,ES,2.8015191901919922,3.364997959266891,,0.377392781643337,,,
1996-07,FI,2.6499987135286895,2.000000169949523,,2.7771578981232525,,,
1996-07,FR,2.020001503415003,1.8000005897788274,,0.7945140523542618,81.5721435546875,,
1996-07,GR,2.39834983463989,6.506085289981001,,-2.0622330400169933,,,
1996-07,IE,5.083986640197413,2.4752641835627864,,6.254558027993738,23.4499711027308,,
1996-07,IT,2.58210708700346,4.2100008906942765,,2.510891871959398,,,
1996-07,NL,2.2106739491541183,2.1249998144701743,,3.631814930237379,,,
1996-07,PT,2.6999972743228073,3.4000011137236164,,-1.5628041341425383,,,
1996-08,AT,1.3780347665354982,2.0250004227707397,,-1.0538765443991485,,,
1996-08,BE,2.0416648659247487,1.9999988008307228,,6.230391362801397,,,
1996-08,DE,2.112533206918667,1.4999961132406443,,-0.46023628291567387,53.11515808105469,,
1996-08,ES,2.8167283769218825,3.329166177279835,,0.35416613739129604,,,
1996-08,FI,2.6249984048923904,2.0000007215044024,,2.751667566912401,,,
1996-08,FR,2.145002189395989,1.800000328110022,,0.7924405889011212,45.33016204833984,,
1996-08,GR,2.415290019469259,6.354221498644282,,-2.057002211552306,,,
1996-08,IE,4.950396525276902,2.512720634048489,,6.235294150187995,50.3209445025089,,
1996-08,IT,2.6079669528956906,4.1750010889177105,,2.5215963226944194,,,
1996-08,NL,2.2874530579083783,2.104165924822175,,3.6678886589201642,,,
1996-08,PT,2.716663957701047,3.3833339766342077,,-1.5378910392259524,,,
1996-09,AT,1.3858361102644083,2.0000002007992013,,-0.99998944867148,,,
1996-09,BE,2.1333305378723395,1.9999981661323147,,6.248856935378322,,,
1996-09,DE,2.2774731065221028,1.4999955304705253,,-0.4596073018283947,81.13969421386719,,
1996-09,ES,2.8319375636517727,3.2933343952927796,,0.3309394931392551,,,
1996-09,FI,2.599998096256092,2.000001273059282,,2.7261772357015506,,,
1996-09,FR,2.270002875376975,1.8000000664412172,,0.7903671254479807,81.5411376953125,,
1996-09,GR,2.4322302042986284,6.202357707307564,,-2.0517713830876194,,,
1996-09,IE,4.816806410356393,2.5501770845341927,,6.216030272382252,101.738179632197,,
1996-09,IT,2.633826818787921,4.1400012871411445,,2.5323007734294407,,,
1996-09,NL,2.3642321666626387,2.0833320351741755,,3.7039623876029504,,,
1996-09,PT,2.7333306410792866,3.3666668395448003,,-1.512977944309367,,,
1996-10,AT,0.9059891755865412,1.9500009180491384,,-1.029044822039567,,,
1996-10,BE,2.1687507347693256,1.9999975314339058,,6.019005044504231,,,
1996-10,DE,2.0949910920353645,1.680123102952913,,-0.7250753271768474,80.00975036621094,,
1996-10,ES,2.7056122232796076,3.1750069941085703,,0.5322412920321999,,,
1996-10,FI,3.7300051659718223,1.7500040250766125,,3.088309464551929,,,
1996-10,FR,2.14500164057162,1.7249971319374557,,1.5075298381204703,92.87281799316406,,
1996-10,GR,2.650002530729817,7.0500009025863015,,-2.0269798334628844,,,
1996-10,IE,5.858420633656746,2.437500543039839,,1.7304744357973425,69.9638420025828,,
1996-10,IT,1.9636443218009947,3.2364614626473944,,2.0274293305395528,,,
1996-10,NL,2.4575460091882384,2.7999985763743576,,4.404936425437518,,,
1996-10,PT,2.675003121062841,3.0750004676542098,,-0.42697710309485765,,,
1996-11,AT,0.9315228174749798,1.9333333789168905,,-0.9682276339137346,,,
1996-11,BE,2.2541669094890713,1.999996896735497,,6.021102854761033,,,
1996-11,DE,2.188343414399837,1.687769120681759,,-0.7176613218439307,100.17250061035156,,
1996-11,ES,2.761720483897697,3.1500079135963164,,0.5323522991817708,,,
1996-11,FI,3.8400062029027646,1.8333383592028594,,2.9920934102883248,,,
1996-11,FR,2.243335443359181,1.6833299931941825,,1.5143456191181002,76.70374298095703,,
1996-11,GR,2.6666698275013556,6.900000723890836,,-2.0521467239247757,,,
1996-11,IE,5.7352945440550664,2.458333201097503,,1.7298035317871572,22.2772266892267,,
1996-11,IT,2.0564121353435993,3.1576430055046623,,1.9867275043524506,,,
1996-11,NL,2.4817795096087876,2.8333313623470433,,4.417786914382399,,,
1996-11,PT,2.7166700874728984,3.050000694560673,,-0.4170448625236538,,,
1996-12,AT,0.9570564593634182,1.9166658397846426,,-0.9074104457879022,,,
1996-12,BE,2.3395830842088166,1.9999962620370886,,6.023200665017834,,,
1996-12,DE,2.281695736764309,1.6954151384106053,,-0.710247316511014,80.47577667236328,,
1996-12,ES,2.817828744515786,3.125008833084062,,0.5324633063313418,,,
1996-12,FI,3.950007239833706,1.9166726933291058,,2.8958773560247204,,,
1996-12,FR,2.3416692461467417,1.6416628544509093,,1.5211614001157296,75.19550323486328,,
1996-12,GR,2.683337124272894,6.750000545195369,,-2.0773136143866666,,,
1996-12,IE,5.612168454453385,2.479165859155167,,1.7291326277769716,131.047359172224,,
1996-12,IT,2.149179948886204,3.07882454836193,,1.9460256781653478,,,
1996-12,NL,2.506013010029336,2.866664148319729,,4.430637403327279,,,
1996-12,PT,2.758337053882955,3.025000921467136,,-0.4071126219524499,,,
1997-01,AT,0.9825901012518568,1.8999983006523946,,-0.8465932576620699,,,
1997-01,BE,2.424999258928562,1.9999956273386799,,6.025298475274636,,,
1997-01,DE,2.3750480591287815,1.7030611561394515,,-0.7028333111780973,86.68221571865736,,
1997-01,ES,2.8739370051338753,3.1000097525718084,,0.5325743134809128,31.01816940307617,,
1997-01,FI,4.060008276764648,2.0000070274553527,,2.7996613017611165,,,
1997-01,FR,2.4400030489343028,1.599995715707636,,1.5279771811133596,88.7641348466974,,
1997-01,GR,2.700004421044433,6.600000366499903,,-2.102480504848558,83.4301798169627,,
1997-01,IE,5.489042364851704,2.4999985172128314,,1.7284617237667863,48.71913703889586,,
1997-01,IT,2.2419477624288087,3.0000060912191984,,1.9053238519782454,147.87014396070614,,
1997-01,NL,2.530246510449885,2.899996934292415,,4.443487892272159,,,
1997-01,PT,2.800004020293012,3.000001148373599,,-0.39718038138124606,,,
1997-02,AT,1.109040769531459,1.90833133774167,,-0.8370891456270921,,,
1997-02,BE,2.4083323712548235,1.999995905122635,,6.031849544669098,,,
1997-02,DE,2.447127030755038,1.6944722501003706,,-0.6953987448081963,56.29587475907292,,
1997-02,ES,2.8727693048663054,3.091675532333295,,0.5245907117602535,50.6950798034668,,
1997-02,FI,4.005007475973869,2.0000060995592244,,2.771966478524336,,,
1997-02,FR,2.47166941254582,1.6166630490716059,,1.5381625385376105,68.00467423017723,,
1997-02,GR,2.716670267239339,6.475000201299937,,-2.0862226192735416,97.9036293963677,,
1997-02,IE,5.422776335045942,2.499998613989168,,1.7281946346504484,95.62895916264344,,
1997-02,IT,2.269186089233401,3.0000051837848725,,1.8940158525400963,193.4988627853617,,
1997-02,NL,2.523549877901765,2.8666638564346574,,4.471474205806101,,,
1997-02,PT,2.833337394344565,3.000001238496793,,-0.3850174184470733,,,
1997-03,AT,1.235491437811061,1.9166643748309453,,-0.8275850335921144,,,
1997-03,BE,2.3916654835810847,1.99999618290659,,6.038400614063558,,,
1997-03,DE,2.5192060023812948,1.6858833440612897,,-0.6879641784382953,47.05063576030318,,
1997-03,ES,2.8716016045987356,3.083341312094782,,0.5166071100395941,43.75434112548828,,
1997-03,FI,3.9500066751830896,2.000005171663096,,2.7442716552875557,,,
1997-03,FR,2.5033357761573374,1.6333303824355752,,1.5483478959618615,62.072923389829846,,
1997-03,GR,2.733336113434244,6.3500000360999715,,-2.069964733698525,96.5376961361221,,
1997-03,IE,5.356510305240182,2.4999987107655053,,1.7279275455341105,34.50138476814571,,
1997-03,IT,2.2964244160379934,3.0000042763505466,,1.8827078531019477,164.87624231758213,,
1997-03,NL,2.516853245353645,2.8333307785769,,4.499460519340041,,,
1997-03,PT,2.866670768396118,3.000001328619987,,-0.37285445551290053,,,
1997-04,AT,1.9467359865550538,1.8999977951802638,,-1.5332003909236662,,,
1997-04,BE,2.318749403555609,2.0000019207369935,,5.303506504181439,,,
1997-04,DE,2.450638595238097,1.822431418924625,,-0.4673926693167033,101.56806078024442,,
1997-04,ES,2.924069878809427,2.433916359346311,,0.5831288751882885,43.42786407470703,,
1997-04,FI,4.150002992819579,1.374998544386108,,3.418895603267578,,,
1997-04,FR,2.5400011155764513,1.6499974870268996,,1.6264260769509553,93.86884800390176,,
1997-04,GR,3.024996079406839,6.655255833895918,,-2.0544462998934896,91.1090289756016,,
1997-04,IE,6.095576414630882,2.1749968501573624,,1.182105036446247,45.61874159389073,,
1997-04,IT,1.3499975215458093,2.3000037277406795,,3.626862534051156,142.68882335033464,,
1997-04,NL,2.9615131511572352,2.687498103344599,,4.392537125476418,,,
1997-04,PT,3.3504653056715243,2.4500039269693517,,-1.907015640430711,,,
1997-05,AT,2.0364323505247457,1.899998422386632,,-1.5195025544292498,,,
1997-05,BE,2.3083331456199487,2.0000016784818593,,5.297924893997079,,,
1997-05,DE,2.515797817924792,1.8410330125888663,,-0.45617714397084125,76.70815113235085,,
1997-05,ES,2.9739792496714657,2.4151956866772815,,0.5794362326176898,120.41384887695312,,
1997-05,FI,4.066668855050855,1.3999988370840524,,3.4138585805428456,,,
1997-05,FR,2.5866680512245686,1.6666645311086932,,1.637395124316528,82.8998660080552,,
1997-05,GR,3.033330431020646,6.582887564873316,,-2.056110849877401,89.8353255755987,,
1997-05,IE,6.040977279773989,2.1666639569392743,,1.1454652089710236,87.44648048945274,,
1997-05,IT,1.4666645266706728,2.2666694318907554,,3.6100768845237114,138.6943425441784,,
1997-05,NL,2.9509029562751294,2.666665139739359,,4.383671941616198,,,
1997-05,PT,3.3670450209769847,2.433336651623478,,-1.8909315566863163,,,
1997-06,AT,2.126128714494437,1.8999990495930006,,-1.5058047179348333,,,
1997-06,BE,2.297916887684289,2.000001436226724,,5.292343283812718,,,
1997-06,DE,2.580957040611487,1.8596346062531077,,-0.4449616186249792,100.66197886782012,,
1997-06,ES,3.0238886205335045,2.3964750140082516,,0.5757435900470913,95.48297119140624,,
1997-06,FI,3.9833347172821316,1.4249991297819973,,3.4088215578181127,,,
1997-06,FR,2.6333349868726854,1.6833315751904867,,1.6483641716821007,88.14983929876234,,
1997-06,GR,3.041664782634453,6.510519295850712,,-2.0577753998613124,95.2020640834237,,
1997-06,IE,5.986378144917095,2.158331063721186,,1.1088253814957998,117.33815830773104,,
1997-06,IT,1.5833315317955363,2.2333351360408313,,3.593291234996266,155.14021748587564,,
1997-06,NL,2.9402927613930228,2.6458321761341184,,4.374806757755979,,,
1997-06,PT,3.383624736282446,2.4166693762776044,,-1.874847472941922,,,
1997-07,AT,2.2158250784641287,1.8999996767993688,,-1.4921068814404166,,,
1997-07,BE,2.287500629748629,2.00000119397159,,5.286761673628357,,,
1997-07,DE,2.6461162632981816,1.8782361999173491,,-0.4337460932791171,69.24737505165172,,
1997-07,ES,3.0737979913955438,2.377754341339222,,0.5720509474764928,69.27427673339844,,
1997-07,FI,3.9000005795134074,1.4499994224799417,,3.40378453509338,,,
1997-07,FR,2.6800019225208027,1.6999986192722805,,1.6593332190476735,82.05876299884302,,
1997-07,GR,3.04999913424826,6.438151026828109,,-2.0594399498452236,82.2211516217041,,
1997-07,IE,5.9317790100602,2.149998170503098,,1.072185554020576,55.24357714066832,,
1997-07,IT,1.6999985369203996,2.2000008401909077,,3.576505585468821,75.07657686064141,,
1997-07,NL,2.929682566510916,2.624999212528878,,4.3659415738957605,,,
1997-07,PT,3.400204451587907,2.4000021009317307,,-1.8587633891975273,,,
1997-08,AT,2.30552144243382,1.900000304005737,,-1.478409044946,,,
1997-08,BE,2.2770843718129687,2.0000009517164554,,5.281180063443996,,,
1997-08,DE,2.7112754859848764,1.8968377935815903,,-0.42253056793325505,118.19356051268625,,
1997-08,ES,3.1237073622575826,2.3590336686701923,,0.5683583049058941,61.15518569946289,,
1997-08,FI,3.816666441744683,1.4749997151778862,,3.3987475123686473,,,
1997-08,FR,2.72666885816892,1.716665663354074,,1.670302266413246,32.73998762773351,,
1997-08,GR,3.058333485862067,6.365782757805507,,-2.061104499829135,93.7256789557035,,
1997-08,IE,5.877179875203307,2.1416652772850098,,1.0355457265453523,37.744776252252976,,
1997-08,IT,1.8166655420452629,2.1666665443409836,,3.5597199359413754,106.58140522164972,,
1997-08,NL,2.9190723716288094,2.6041662489236375,,4.357076390035541,,,
1997-08,PT,3.4167841668933683,2.383334825585857,,-1.8426793054531327,,,
1997-09,AT,2.395217806403512,1.9000009312121056,,-1.4647112084515836,,0.0629869848260708,
1997-09,BE,2.266668113877309,2.0000007094613212,,5.275598453259636,,0.1849630443539945,
1997-09,DE,2.7764347086715713,1.915439387245832,,-0.411315042587393,64.00720280535826,0.0364976085885309,
1997-09,ES,3.1736167331196223,2.3403129960011633,,0.5646656623352957,65.68701171875,0.1292087839112029,
1997-09,FI,3.73333230397596,1.500000007875831,,3.3937104896439148,,0.0843411451642847,
1997-09,FR,2.7733357938170373,1.7333327074358678,,1.6812713137788189,66.51674492823093,0.0745912776236335,
1997-09,GR,3.0666678374758747,6.293414488782904,,-2.0627690498130464,102.082269948671,,
1997-09,IE,5.822580740346414,2.1333323840669216,,0.9989058990701286,64.7268120592963,0.0301857735731654,
1997-09,IT,1.9333325471701266,2.13333224849106,,3.5429342864139306,107.70080167345554,0.121347419584371,
1997-09,NL,2.908462176746703,2.5833332853183975,,4.348211206175322,,0.041382156524349,
1997-09,PT,3.4333638821988295,2.3666675502399834,,-1.8265952217087382,,0.0823654927280667,
1997-10,AT,2.4375050276949253,1.5749974475489092,,-1.4139612831332324,,0.0637049883931377,
1997-10,BE,2.497535969878978,1.8250009861689676,,5.653726476107091,,0.1833252784715248,
1997-10,DE,2.691524367558862,2.2274949277440506,,-0.08869311898056,72.82928943741346,0.0361207355896084,
1997-10,ES,3.349269347807388,2.13458252769127,,0.616448209095586,64.61637878417969,0.1303009337722821,
1997-10,FI,3.7715099224452873,2.050001315165612,,3.533508175013437,,0.0826124515964137,
1997-10,FR,2.626465470965794,1.264824838380424,,2.101199476787218,59.29633258344483,0.0724311944987784,
1997-10,GR,3.49999559185592,4.951138612056661,,-4.8115063965933915,97.2476245776401,,
1997-10,IE,6.2072078267641,2.00000004206084,,1.4763321664537408,62.48880086903655,0.0299662817388675,
1997-10,IT,1.8572477852998537,2.025005814710706,,3.3702092865152897,114.75605842190552,0.1216607402017736,
1997-10,NL,3.5794436044626843,2.299998804294434,,5.5758093147809165,,0.0411186325411543,
1997-10,PT,3.4500007623142315,2.286315032259828,,-2.1298001475432375,,0.0854099823228545,
1997-11,AT,2.5240697349603214,1.5833300716059373,,-1.394798159993803,,0.0634413086797349,
1997-11,BE,2.5310913524666265,1.850000566242871,,5.673533021916931,,0.1772969074281022,
1997-11,DE,2.735043400223969,2.259238860616797,,-0.045156929944640135,68.68808542561318,0.035781186092289,
1997-11,ES,3.3728144613317266,2.144794375730234,,0.5861920128009125,48.6326789855957,0.1283093160184451,
1997-11,FI,3.6727191834249666,2.133335053929316,,3.541131574557873,,0.0817954216182187,
1997-11,FR,2.676613190608016,1.28486042797501,,2.123280436388497,79.60984289967669,0.0720929741256646,
1997-11,GR,3.49999513348301,4.870040426021557,,-4.876121982744767,105.90366523066,,
1997-11,IE,6.083816134603282,2.0333332156855546,,1.4109607125279,56.78160207652937,0.0303960026541818,
1997-11,IT,1.924830939680374,2.0500072525330335,,3.388263928323514,80.10122650072171,0.1197743319941289,
1997-11,NL,3.6092671927447992,2.2999990431749495,,5.622598256665134,,0.0380743122742877,
1997-11,PT,3.4666677611335057,2.2984482742699153,,-2.0989132879526844,,0.0823361498678562,
1997-12,AT,2.6106344422257175,1.5916626956629654,,-1.3756350368543735,,0.0638899688958009,
1997-12,BE,2.564646735054275,1.875000146316774,,5.693339567726771,,0.1838167413852401,
1997-12,DE,2.7785624328890752,2.290982793489543,,-0.001620740908720296,88.88281197638807,0.033856059127865,
1997-12,ES,3.396359574856065,2.1550062237691976,,0.5559358165062389,57.48029708862305,0.1222737703169224,
1997-12,FI,3.5739284444046446,2.2166687926930195,,3.548754974102308,,0.0907478439547587,
1997-12,FR,2.7267609102502384,1.3048960175695954,,2.1453613959897764,62.68272508868932,0.0676044486066047,
1997-12,GR,3.4999946751101,4.7889422399864525,,-4.940737568896143,112.594568454866,,
1997-12,IE,5.960424442442463,2.0666663893102695,,1.3455892586020592,52.1556435244296,0.0281281897997401,
1997-12,IT,1.9924140940608939,2.07500869035536,,3.406318570131738,92.25221848828238,0.1132608996040129,
1997-12,NL,3.6390907810269137,2.299999282055465,,5.669387198549348,,0.0411919368974583,
1997-12,PT,3.483334759952779,2.3105815162800023,,-2.0680264283621304,,0.0795905167843586,
1998-01,AT,2.697199149491114,1.5999953197199934,,-1.3564719137149441,,0.066522712272949,
1998-01,BE,2.5982021176419234,1.8999997263906776,,5.713146113536611,,0.184202703617479,
1998-01,DE,2.8220814655541826,2.3227267263622897,,0.04191544812719955,49.25668051814648,0.0348482634518118,
1998-01,ES,3.419904688380404,2.1652180718081615,,0.5256796202115654,58.23797607421875,0.1239554114808158,
1998-01,FI,3.4751377053843235,2.300002531456724,,3.556378373646744,,0.0938110262230936,
1998-01,FR,2.7769086298924606,1.3249316071641815,,2.1674423555910556,51.94140813868915,0.0698418955275907,
1998-01,GR,3.49999421673719,4.707844053951349,,-5.005353155047518,80.95994084115888,,
1998-01,IE,5.8370327502816455,2.0999995629349844,,1.2802178046762187,99.04385322926233,0.0278426544227314,
1998-01,IT,2.059997248441414,2.1000101281776873,,3.4243732119399626,78.99841262833966,0.1168774520233448,
1998-01,NL,3.6689143693090287,2.2999995209359803,,5.716176140433564,,0.0373424374332124,
1998-01,PT,3.5000017587720533,2.3227147582900898,,-2.037139568771577,134.6558101723065,0.0789068555679958,
1998-02,AT,2.726133027542725,1.5999955900384222,,-1.3501869609105888,,0.0639684322759986,
1998-02,BE,2.5905065008325585,1.908332826802537,,5.721193947377194,,0.1826703391368734,
1998-02,DE,2.8352414028780544,2.2874998473759214,,0.05872185615024736,32.46657086395255,0.0339248666687376,
1998-02,ES,3.4009240978723336,2.1681161976635646,,0.5112266638552432,41.42932891845703,0.1257780348731509,
1998-02,FI,3.465860725432096,2.3166690826370737,,3.5408590223432945,,0.0862749307968745,
1998-02,FR,2.790855313775548,1.3645204545533325,,2.1605874243474847,55.64112840253191,0.0710255731352134,
1998-02,GR,3.458328200666516,4.607828218605927,,-5.0244889400382435,83.90097433824751,,
1998-02,IE,5.813213304710798,2.0999993933058163,,1.2440622086767916,41.56925922383798,0.0255072593394625,
1998-02,IT,2.1249976453362445,2.091675785498559,,3.3817909125940298,84.05859570984187,0.1146932972649542,
1998-02,NL,3.569134142166639,2.299999640988128,,5.722143074221781,,0.0383342875589285,
1998-02,PT,3.4833350432962855,2.2958219451388873,,-1.9935169206721788,91.74259591100004,0.0789095974281159,
1998-03,AT,2.755066905594335,1.599995860356851,,-1.3439020081062334,,0.0638777155823089,
1998-03,BE,2.5828108840231936,1.9166659272143969,,5.729241781217776,,0.1813130509038804,
1998-03,DE,2.8484013402019266,2.2522729683895535,,0.07552826417329514,79.80081036211486,0.0356199686613922,
1998-03,ES,3.381943507364264,2.171014323518968,,0.4967737074989209,59.95455932617188,0.1278221519107891,
1998-03,FI,3.456583745479869,2.333335633817424,,3.5253396710398457,,0.0885737748081347,
1998-03,FR,2.8048019976586347,1.4041093019424837,,2.153732493103914,32.828402341789655,0.0699155690149473,
1998-03,GR,3.4166621845958423,4.507812383260505,,-5.043624725028968,67.86052651745425,0.2541308899656518,
1998-03,IE,5.789393859139951,2.0999992236766483,,1.2079066126773648,58.71244938425093,0.0266183156392695,
1998-03,IT,2.1899980422310747,2.083341442819431,,3.339208613248097,125.53818916856284,0.1168258185194472,
1998-03,NL,3.46935391502425,2.299999761040276,,5.728110008009999,,0.0385384014648036,
1998-03,PT,3.4666683278205177,2.2689291319876848,,-1.9498942725727804,92.13571731279686,0.0802043567290575,
1998-04,AT,2.78777693687749,1.4249965550155452,,-1.563719824191746,,0.0633701718271003,
1998-04,BE,2.6616983587241294,1.7250000640518737,,6.05332416722684,,0.1836791059991931,
1998-04,DE,2.593463199243573,1.6648541827095298,,0.00017698494060316462,42.08200341367815,0.0359184701097737,
1998-04,ES,3.498501797040049,2.1596284715129865,,0.029315010905148847,55.19156265258789,0.1250941479342952,
1998-04,FI,3.4473076893339503,2.350000608536329,,5.1412367968253045,,0.0846748692016368,
1998-04,FR,2.9369759283951358,1.4959542305933105,,2.2832759604101445,100.12669092288616,0.0708417340921174,
1998-04,GR,3.4500008988101682,4.690769788008509,,-2.3687081943733355,47.0175816027078,0.2469161215553554,
1998-04,IE,7.851015006211587,2.174999950185258,,1.6825036538236184,54.14783163689488,0.0255347064997079,
1998-04,IT,2.417497983100181,1.7550030747765677,,2.506272048603616,105.60758684415104,0.1172801429968268,
1998-04,NL,3.6198895529611805,2.0499985607745517,,5.827726126733429,,0.0366903990856272,
1998-04,PT,3.5874988404444363,2.0750062583361153,,-1.7590362258261767,112.0261939152613,0.0832139868898573,
1998-05,AT,2.782542422523212,1.433330139846234,,-1.5520459737958712,,0.061952140177552,
1998-05,BE,2.6734436274270967,1.7333337161153337,,6.066535709472338,,0.1799024330787268,
1998-05,DE,2.6170846758183153,1.672556627945602,,0.006983622003912372,103.61317482620572,0.0358111975231029,
1998-05,ES,3.51563944468624,2.175225643968689,,-0.000538981150047968,70.7042236328125,0.1244586267357489,
1998-05,FI,3.4380313017530786,2.366666588705102,,5.129451475864643,,0.0739932503209108,
1998-05,FR,2.9452513972961265,1.5313959901083862,,2.2803214997410213,59.0274005283372,0.0721370714565388,
1998-05,GR,3.433333906266552,4.580438565578534,,-2.334292675773745,60.13514150879342,0.2499879454609072,
1998-05,IE,7.738121247467621,2.1666668701677474,,1.6673101696064556,66.39353471644343,0.0243232387308025,
1998-05,IT,2.443332103587248,1.7533349948520776,,2.492226788804543,82.74916141352155,0.1161001038660998,
1998-05,NL,3.5622271935839,2.0666656854525365,,5.862343825145475,,0.0377821490902935,
1998-05,PT,3.5499988691755453,2.066672831092216,,-1.7200608359296103,125.8794062055497,0.0826397146254458,
1998-06,AT,2.777307908168934,1.4416637246769226,,-1.5403721233999967,,0.0622004058701445,
1998-06,BE,2.685188896130064,1.7416673681787933,,6.079747251717835,,0.1817359683052916,
1998-06,DE,2.6407061523930575,1.6802590731816744,,0.013790259067221571,73.61322488736954,0.0360796417677973,
1998-06,ES,3.5327770923324304,2.1908228164243906,,-0.030392973205244728,62.38226318359375,0.1208747952103972,
1998-06,FI,3.428754914172207,2.383332568873875,,5.117666154903981,,0.0780018987128195,
1998-06,FR,2.953526866197117,1.566837749623462,,2.2773670390718976,52.636965362317575,0.0690179619909458,
1998-06,GR,3.4166669137229357,4.470107343148559,,-2.299877157174155,85.35442508033721,0.2481727348322301,
1998-06,IE,7.625227488723658,2.158333790150237,,1.6521166853892928,50.487574671145296,0.0238377393991441,
1998-06,IT,2.469166224074315,1.7516669149275872,,2.4781815290054703,65.63902288968633,0.1249489384616855,
1998-06,NL,3.5045648342066196,2.083332810130521,,5.89696152355752,,0.0386561623764786,
1998-06,PT,3.512498897906654,2.0583394038483176,,-1.681085446033044,94.40611876631716,0.0770781630034724,
1998-07,AT,2.772073393814656,1.4499973095076113,,-1.5286982730041219,,0.0641372301294632,
1998-07,BE,2.6969341648330314,1.7500010202422533,,6.092958793963333,,0.1871116346420774,
1998-07,DE,2.6643276289677997,1.6879615184177466,,0.020596896130530777,103.73401211333515,0.0355071705430006,
1998-07,ES,3.5499147399786213,2.206419988880093,,-0.06024696526044154,60.37129211425781,0.1164362789696631,
1998-07,FI,3.419478526591335,2.399998549042648,,5.105880833943319,,0.0768654860103056,
1998-07,FR,2.961802335098107,1.6022795091385378,,2.2744125784027744,52.46161871244352,0.0700875534381116,
1998-07,GR,3.3999999211793197,4.359776120718584,,-2.265461638574565,92.8336028203665,0.2471986003431903,
1998-07,IE,7.512333729979693,2.1500007101327268,,1.63692320117213,72.4888541911159,0.0228630663991454,
1998-07,IT,2.495000344561382,1.749998835003097,,2.4641362692063975,83.75285928435055,0.1307254388909862,
1998-07,NL,3.4469024748293386,2.099999934808505,,5.9315792219695656,,0.0376319958222936,
1998-07,PT,3.4749989266377623,2.0500059766044187,,-1.6421100561364776,133.1312250887843,0.0711312334777546,
1998-08,AT,2.7668388794603778,1.4583308943383,,-1.5170244226082472,,0.0615033221632282,
1998-08,BE,2.7086794335359983,1.758334672305713,,6.10617033620883,,0.1876703817442928,
1998-08,DE,2.687949105542542,1.6956639636538187,,0.027403533193839976,87.88340715374936,0.0347781727069843,
1998-08,ES,3.5670523876248117,2.2220171613357946,,-0.09010095731563832,72.37319946289062,0.1144579371527701,
1998-08,FI,3.4102021390104635,2.4166645292114204,,5.0940955129826575,,0.0821394153222163,
1998-08,FR,2.9700778039990974,1.6377212686536133,,2.2714581177336512,26.054697858561624,0.0722639394540758,
1998-08,GR,3.3833329286357032,4.249444898288608,,-2.2310461199749745,132.2756937363234,0.2411689829188346,
1998-08,IE,7.3994399712357275,2.141667630115216,,1.6217297169549667,111.42433488292012,0.0250291208403974,
1998-08,IT,2.5208344650484493,1.7483307550786067,,2.4500910094073247,142.4458520360548,0.1289256035409047,
1998-08,NL,3.3892401154520577,2.1166670594864896,,5.966196920381611,,0.0400920748544675,
1998-08,PT,3.437498955368871,2.04167254936052,,-1.603134666239911,69.63732909390382,0.0666826134840307,
1998-09,AT,2.7616043651061,1.4666644791689887,,-1.5053505722123726,,0.0592248541851092,
1998-09,BE,2.720424702238966,1.7666683243691734,,6.119381878454329,,0.1886834895198333,
1998-09,DE,2.711570582117284,1.7033664088898912,,0.03421017025714919,155.45720542788212,0.0334535073959954,
1998-09,ES,3.584190035271003,2.2376143337914973,,-0.11995494937083516,89.86407470703125,0.1160084189674384,
1998-09,FI,3.400925751429592,2.433330509380194,,5.082310192021996,,0.0860554644775686,
1998-09,FR,2.978353272900088,1.6731630281686896,,2.268503657064528,95.31884349030877,0.0706434108876596,
1998-09,GR,3.3666659360920876,4.139113675858634,,-2.1966306013753845,136.5491961318481,0.2474563480781651,
1998-09,IE,7.286546212491762,2.133334550097706,,1.6065362327378043,151.0782514474999,0.0243871058542669,
1998-09,IT,2.5466685855355164,1.7466626751541168,,2.4360457496082524,243.8862301659081,0.1326583824576222,
1998-09,NL,3.3315777560747772,2.1333341841644744,,6.000814618793658,,0.0405227522799532,
1998-09,PT,3.3999989840999802,2.0333391221166215,,-1.5641592763433452,114.0216405690439,0.061487922705314,
1998-10,AT,2.6489772717386453,1.2500023335431432,,-0.5924424787270005,,0.0610115871236207,
1998-10,BE,2.6289571317665903,1.6999991881781917,,5.99134074331298,,0.1856381880255254,
1998-10,DE,2.5019687825671544,1.2667491369621697,,0.3487276974971327,77.70742898532083,0.0337624954083203,
1998-10,ES,3.6213168088500503,2.282987166694811,,-0.1073946369795383,74.40351104736328,0.1194760643459423,
1998-10,FI,3.930004008689175,1.9000032004646505,,4.749707599260237,,0.0906417013064133,
1998-10,FR,2.9005988521906723,1.25796909458189,,2.000736559951509,59.14083004092387,0.0663404048206973,
1998-10,GR,3.4870309871345206,4.096532123105328,,-2.1430993956794797,149.63141247930122,0.2464839718273691,
1998-10,IE,7.404448707672945,2.5750003955806786,,3.4935714478904636,66.113136020432,0.0268249511679309,
1998-10,IT,2.3563184638850876,1.7449945952296264,,2.3999702171718846,109.75393938849648,0.1362599060636166,
1998-10,NL,3.1664729397333113,2.1500013088424588,,6.071298787598092,,0.0427890003385576,
1998-10,PT,3.855000087404614,2.625001035470742,,-2.019328528701397,153.2370729983976,0.0612913986180605,
1998-11,AT,2.637142925219686,1.266669475981878,,-0.5904635204477127,,0.058243584525049,
1998-11,BE,2.61644889306486,1.7333329035484681,,5.988292154405775,,0.1800487820477412,
1998-11,DE,2.4873395967917413,1.2976296804618872,,0.35370286682535523,127.06005819215508,0.0340835285108009,
1998-11,ES,3.5979736954728927,2.3054312447767975,,-0.13628657651482468,59.79561996459961,0.1126951102619422,
1998-11,FI,3.8000041042559642,1.9333376223313214,,4.722876762531341,,0.0822485659808719,
1998-11,FR,2.8835088255113974,1.2711440854307792,,1.9747690765653214,62.61157504274507,0.0642127153608698,
1998-11,GR,3.5172959729264415,3.994288464743171,,-2.126644113792756,88.83730476157615,0.2456908746983427,
1998-11,IE,7.274234941557068,2.550000157750632,,3.5277234337149945,86.75290013777695,0.0240523009441286,
1998-11,IT,2.387546774020311,1.7433265153051363,,2.373112013587785,112.45782962794458,0.1258930933681611,
1998-11,NL,3.0955910408351066,2.166668433520443,,6.088435051315841,,0.0418864166600746,
1998-11,PT,3.8166668928766003,2.6166673702680145,,-2.035176172745743,118.8459901688505,0.0573032118096495,
1998-12,AT,2.625308578700726,1.2833366184206125,,-0.5884845621684248,,0.0536844782027043,
1998-12,BE,2.603940654363129,1.7666666189187439,,5.9852435654985685,,0.185866551826232,
1998-12,DE,2.4727104110163287,1.328510223961604,,0.3586780361535778,127.4077295320247,0.0304972838718294,
1998-12,ES,3.574630582095735,2.3278753228587834,,-0.16517851605011108,64.2464370727539,0.1091523897817338,
1998-12,FI,3.6700041998227535,1.9666720441979924,,4.6960459258024425,,0.0798168932525853,
1998-12,FR,2.866418798832123,1.2843190762796681,,1.9488015931791338,66.0553605636823,0.0633641904322066,
1998-12,GR,3.5475609587183614,3.892044806381014,,-2.1101888319060316,86.57640564619227,0.2485144169208838,
1998-12,IE,7.144021175441189,2.524999919920584,,3.561875419539525,125.55326853266928,0.0245735708430176,
1998-12,IT,2.4187750841555333,1.741658435380646,,2.346253810003685,104.41275145220166,0.122616479892468,
1998-12,NL,3.0247091419369023,2.183335558198427,,6.105571315033589,,0.0416155687353192,
1998-12,PT,3.778333698348587,2.608333705065287,,-2.0510238167900883,111.1022867096291,0.0505601959400401,
1999-01,AT,2.613474232181767,1.3000037608593473,,-0.586505603889137,,0.0565408035807223,
1999-01,BE,2.591432415661399,1.8000003342890203,,5.982194976591363,,0.1748903355200869,
1999-01,DE,2.4580812252409157,1.3593907674613215,,0.3636532054818003,111.26028205484364,0.0277497860493832,
1999-01,ES,3.551287468718578,2.35031940094077,,-0.19407045558539746,53.541954040527344,0.1176639057390142,
1999-01,FI,3.5400042953895428,2.0000064660646633,,4.669215089073546,,0.0798647313212268,
1999-01,FR,2.849328772152848,1.2974940671285573,,1.922834109792946,83.07643131319251,0.0558787941634454,
1999-01,GR,3.5778259445102822,3.7898011480188565,,-2.0937335500193077,57.91408932372214,0.2512029928588385,
1999-01,IE,7.013807409325312,2.499999682090537,,3.596027405364056,89.02527803551932,0.0254389300357095,
1999-01,IT,2.450003394290756,1.7399903554561558,,2.3193956064195853,106.93924406651598,0.1193867187694948,
1999-01,NL,2.953827243038698,2.200002682876412,,6.1227075787513385,,0.0393426012154898,
1999-01,PT,3.740000503820573,2.60000003986256,,-2.066871460834434,159.9470029350163,0.0463120303143202,
1999-02,AT,2.6065414536718823,1.3166695548715988,,-0.5612056108073146,,0.0545079929569055,
1999-02,BE,2.585646934005629,1.8000003622138605,,5.9841493020202305,,0.17706931106651,
1999-02,DE,2.481574783980735,1.3877752276024446,,0.36966548606483807,104.85598058713028,0.0285804269177379,
1999-02,ES,3.515195549876863,2.337793119357856,,-0.2166506618878743,47.74877166748047,0.1214698080015093,
1999-02,FI,3.523336901630527,2.0000056792609393,,4.6749646006398855,,0.0822362456025822,
1999-02,FR,2.865896358876687,1.2983779707623433,,1.9176421179243608,42.25163557094723,0.0575440054819205,
1999-02,GR,3.5308753676979867,3.724572979721406,,-2.1030108236145617,85.64400754420966,0.2465135083234361,
1999-02,IE,6.9608592388368065,2.499999760275508,,3.6301933296188733,59.85335608470656,0.0275089649751928,
1999-02,IT,2.4750030024027296,1.7449914691367086,,2.313990385401237,72.18669763112707,0.1244728520384745,
1999-02,NL,2.925573944484823,2.2000020268940044,,6.158413848738822,,0.0370747489612188,
1999-02,PT,3.7033337520435787,2.575000443686835,,-2.0885934913505673,130.6453457541315,0.045044754826388,
1999-03,AT,2.5996086751619982,1.3333353488838497,,-0.5359056177254922,,0.0522278124545748,
1999-03,BE,2.579861452349859,1.8000003901387007,,5.986103627449098,,0.1795100397634554,
1999-03,DE,2.5050683427205547,1.4161596877435678,,0.37567776664787583,65.63091167721247,0.0277438325750874,
1999-03,ES,3.479103631035148,2.325266837774942,,-0.23923086819035108,44.43549728393555,0.1106238384997415,
1999-03,FI,3.5066695078715107,2.0000048924572154,,4.680714112206227,,0.0824411036336687,
1999-03,FR,2.8824639456005254,1.2992618743961293,,1.9124501260557754,49.74752337471343,0.060345319336516,
1999-03,GR,3.4839247908856916,3.6593448114239555,,-2.112288097209816,81.53706234984294,0.2472364127640402,
1999-03,IE,6.907911068348302,2.49999983846048,,3.6643592538736898,41.382449344559305,0.0264943099335862,
1999-03,IT,2.500002610514703,1.7499925828172613,,2.308585164382889,107.4972888660616,0.1232354457130434,
1999-03,NL,2.897320645930949,2.2000013709115973,,6.194120118726305,,0.036631941993543,
1999-03,PT,3.6666670002665844,2.55000084751111,,-2.1103155218667,113.0634170030562,0.0457486557914882,
1999-04,AT,2.156407951561523,1.0749954761692548,,-1.4345250256843902,,0.0511443114071137,
1999-04,BE,1.9757648187861854,1.174998064548577,,5.298678253872273,,0.1786517510514699,
1999-04,DE,1.7992398372192908,0.686826461390605,,-0.0503193823403728,95.32921641769202,0.027293892544966,
1999-04,ES,3.3101739283823983,1.8814124783825659,,-0.8355104575551284,59.07439422607422,0.1115207015230323,
1999-04,FI,3.196463185182619,1.6250005645636778,,5.1199805024306455,,0.0827222752260233,
1999-04,FR,2.366362504496627,0.6632624280912325,,2.8697839137956738,55.28368976479639,0.0584324536417737,
1999-04,GR,3.366117649522315,2.590475632909289,,-2.499733091808585,108.13874537812843,0.2444127908674818,
1999-04,IE,6.650408517219442,2.0000020618773204,,1.8706185541059805,62.626612676534336,0.0234577825299328,
1999-04,IT,1.6912500719677925,1.3724994840618343,,2.3443562131527536,64.25144994241599,0.1227787155522348,
1999-04,NL,2.3778768785020885,1.7499995434926308,,5.5410486320913535,,0.0380851569419541,
1999-04,PT,3.1250029797889542,2.224998098178388,,-3.6736863651990763,108.6816712297408,0.0457653504038794,
1999-05,AT,2.1970850079508906,1.0999958331129767,,-1.4213096089870914,,0.051468443218971,
1999-05,BE,2.002948107025652,1.1999979873590285,,5.307170556500381,,0.1771761271401937,
1999-05,DE,1.9142293610090382,0.727141024172721,,-0.04251227411721099,87.84144128943548,0.0288429220261698,
1999-05,ES,3.329940840516292,1.9001705856767823,,-0.8341836197546708,64.0623779296875,0.1086123057235272,
1999-05,FI,3.2301900385622493,1.666667350242812,,5.093929129093089,,0.0835816582687688,
1999-05,FR,2.4282866875082005,0.7124585242924104,,2.882447098613477,24.7851126354569,0.0575893883741618,
1999-05,GR,3.3732418346718327,2.624354825749431,,-2.5144842074324028,117.5853196433634,0.2500871245544044,
1999-05,IE,6.620614795865917,2.0000021108951938,,1.8645310811420894,49.34300868621701,0.0232836849418188,
1999-05,IT,1.7699999799119257,1.386665971369768,,2.344456041575733,76.10186940504198,0.1212795588218491,
1999-05,NL,2.4075670530482833,1.8000002605419527,,5.5744011016333355,,0.0362653164686114,
1999-05,PT,3.133335630939582,2.199998462269348,,-3.6763861383578984,118.2502720380813,0.0449690988701704,
1999-06,AT,2.2377620643402576,1.1249961900566985,,-1.4080941922897927,,0.0497597649609658,
1999-06,BE,2.0301313952651188,1.2249979101694803,,5.31566285912849,,0.167496853227565,
1999-06,DE,2.0292188847987855,0.7674555869548367,,-0.03470516589404919,131.98173205111178,0.0268002958864103,
1999-06,ES,3.3497077526501844,1.9189286929709986,,-0.8328567819542133,58.63789367675781,0.1064287955133157,
1999-06,FI,3.2639168919418795,1.7083341359219462,,5.067877755755533,,0.0783957915188841,
1999-06,FR,2.490210870519773,0.7616546204935886,,2.8951102834312796,32.234884792301784,0.0552719903742638,
1999-06,GR,3.3803660198213494,2.6582340185895728,,-2.529235323056221,112.0497531620628,0.2557450579962075,
1999-06,IE,6.590821074512391,2.000002159913067,,1.8584436081781985,56.36315014720387,0.0226678486029066,
1999-06,IT,1.8487498878560586,1.4008324586777015,,2.344555869998713,101.81967156628636,0.117756112995244,
1999-06,NL,2.4372572275944786,1.8500009775912745,,5.6077535711753175,,0.0380204800878788,
1999-06,PT,3.14166828209021,2.174998826360308,,-3.6790859115167214,137.108669332135,0.0420111264780827,
1999-07,AT,2.278439120729625,1.1499965470004203,,-1.394878775592494,,0.0499537445499944,
1999-07,BE,2.0573146835045852,1.2499978329799322,,5.324155161756598,,0.1674188272131831,
1999-07,DE,2.1442084085885327,0.8077701497369527,,-0.02689805767088739,102.22409481821562,0.0268845593105093,
1999-07,ES,3.369474664784078,1.9376868002652148,,-0.8315299441537558,52.72996139526367,0.1016673003320406,
1999-07,FI,3.29764374532151,1.7500009216010803,,5.041826382417977,,0.0763495616655816,
1999-07,FR,2.552135053531346,0.8108507166947665,,2.907773468249082,20.791727831773528,0.0536550300438677,
1999-07,GR,3.3874902049708666,2.692113211429714,,-2.5439864386800384,82.17018044100048,0.257005606580537,
1999-07,IE,6.561027353158866,2.00000220893094,,1.8523561352143074,53.68704074662979,0.0209450556750951,
1999-07,IT,1.9274997958001916,1.414998945985635,,2.3446556984216924,122.38406863129252,0.1177835995202323,
1999-07,NL,2.4669474021406734,1.9000016946405962,,5.641106040717299,,0.0383538134916669,
1999-07,PT,3.1500009332408374,2.1499991904512683,,-3.681785684675544,106.5313371858918,0.0412111275743255,
1999-08,AT,2.319116177118992,1.174996903944142,,-1.3816633588951952,,0.0483071981782571,
1999-08,BE,2.0844979717440517,1.274997755790384,,5.3326474643847055,,0.1640440206698233,
1999-08,DE,2.25919793237828,0.8480847125190685,,-0.019090949447725596,118.17872224933524,0.0259975562760037,
1999-08,ES,3.389241576917971,1.956444907559431,,-0.8302031063532982,57.33949661254883,0.1038862472100636,
1999-08,FI,3.331370598701141,1.7916677072802143,,5.0157750090804205,,0.0702189251157479,
1999-08,FR,2.6140592365429187,0.8600468128959444,,2.9204366530668846,11.287311495195064,0.0554049900653436,
1999-08,GR,3.394614390120384,2.7259924042698556,,-2.558737554303856,87.84252017003607,0.2500124283986146,
1999-08,IE,6.531233631805341,2.000002257948813,,1.846268662250416,65.26822056870711,0.0194291854044515,
1999-08,IT,2.0062497037443245,1.4291654332935684,,2.344755526844672,53.95140295085847,0.1183815753447825,
1999-08,NL,2.4966375766868683,1.950002411689918,,5.674458510259281,,0.0359002505863803,
1999-08,PT,3.158333584391465,2.124999554542228,,-3.6844854578343664,94.11716063425078,0.0385943828918985,
1999-09,AT,2.35979323350836,1.199997260887864,,-1.3684479421978966,,0.0461101871101871,
1999-09,BE,2.1116812599835186,1.2999976786008358,,5.341139767012814,,0.1600725572958454,
1999-09,DE,2.3741874561680274,0.8883992753011847,,-0.011283841224563785,106.54349173588984,0.0263937006055319,
1999-09,ES,3.409008489051865,1.9752030148536477,,-0.8288762685528408,53.418758392333984,0.1012790556518127,
1999-09,FI,3.3650974520807715,1.8333344929593487,,4.989723635742864,,0.0647951689244328,
1999-09,FR,2.6759834195544916,0.9092429090971226,,2.9330998378846878,28.035704793875237,0.0556054320844639,
1999-09,GR,3.401738575269901,2.7598715971099974,,-2.573488669927674,96.36029694269962,0.2423586491162049,
1999-09,IE,6.501439910451816,2.000002306966686,,1.8401811892865254,38.45231948900772,0.0190271811881153,
1999-09,IT,2.084999611688458,1.443331920601502,,2.344855355267652,60.675237040267625,0.119530618729278,
1999-09,NL,2.5263277512330635,2.00000312873924,,5.707810979801263,,0.0364188334677138,
1999-09,PT,3.166666235542093,2.0999999186331886,,-3.6871852309931894,85.95873795780166,0.0360674024371693,
1999-10,AT,2.400470289897727,0.889573054386178,,-1.607372530402451,,0.0445108059848531,
1999-10,BE,2.2195750329318145,1.1750000000001093,,4.471191700251513,,0.1556885904446896,
1999-10,DE,2.2573754676930182,0.7372724045683954,,0.18481108804092944,104.13790151360904,0.0264628564026089,
1999-10,ES,3.460055827860753,2.050615040992332,,-0.7169116495161707,61.063419342041016,0.102781332786647,
1999-10,FI,3.750002388339313,2.049998004568576,,5.368762120863147,,0.0598410837566757,
1999-10,FR,2.867206105973996,0.9103292413685404,,2.7403886862542937,27.945577509914852,0.0555903986210063,
1999-10,GR,3.5354054593385253,2.2501198952489867,,-2.3719680718039537,81.41807645310186,0.2478715274032317,
1999-10,IE,7.172661017114985,1.9999999999998408,,0.4801605696495378,55.052641300340944,0.0197287006187529,
1999-10,IT,2.12266846322649,1.60000000000029,,1.6867762970153233,79.26862510984911,0.1188641836146748,
1999-10,NL,2.5491833013056517,2.149999999999963,,5.823136938973132,,0.0373988995127905,
1999-10,PT,3.1500000000002584,2.225000000000099,,-7.3898588985915845,118.7387052051925,0.0322004019901808,
1999-11,AT,2.4411473462870945,0.908471248952499,,-1.5812233940113023,,0.0449090361652726,
1999-11,BE,2.3099717218771207,1.1833333333334288,,4.487035371053207,,0.1480512250174308,
1999-11,DE,2.34999410088859,0.7747469534532277,,0.20629117728581853,139.88605224963786,0.0263824420335882,
1999-11,ES,3.4619558368014967,2.050496213323405,,-0.7256003899710006,71.7184829711914,0.0994600357382219,
1999-11,FI,3.766669603576663,2.1333309822840243,,5.37997872117687,,0.05760193011703,
1999-11,FR,2.9111163249874323,0.9591280307202354,,2.7567078462529824,49.83722355210018,0.0543396378276272,
1999-11,GR,3.556390597969128,2.2431463875183058,,-2.3783473235474095,58.11319962091013,0.2399147586897026,
1999-11,IE,7.1310599610878675,1.9999999999997613,,0.4655493045917428,52.87766246765717,0.0202814322393169,
1999-11,IT,2.2218843265476664,1.6133333333336368,,1.698508971541374,84.96528964776877,0.1113468883591636,
1999-11,NL,2.5407377188198,2.133333333333239,,5.847455074534514,,0.0344374757463824,
1999-11,PT,3.166666666666936,2.216666666666778,,-7.382348315347496,129.3042942531884,0.0323962657277146,
1999-12,AT,2.4818244026764615,0.9273694435188199,,-1.5550742576201533,,0.0426168408638426,
1999-12,BE,2.400368410822427,1.1916666666667481,,4.5028790418549,,0.1554685272461969,
1999-12,DE,2.442612734084161,0.81222150233806,,0.2277712665307076,52.08928192590473,0.0253005663966847,
1999-12,ES,3.46385584574224,2.0503773856544782,,-0.7342891304258305,67.75049591064453,0.100545004033873,
1999-12,FI,3.7833368188140133,2.216663959999473,,5.391195321490591,,0.0590530132157118,
1999-12,FR,2.955026544000868,1.0079268200719305,,2.773027006251671,33.27027640976616,0.0530754574084831,
1999-12,GR,3.5773757365997305,2.2361728797876252,,-2.3847265752908653,70.03123719584467,0.2219949684795629,
1999-12,IE,7.08945890506075,1.9999999999996816,,0.4509380395339478,64.6506030969031,0.0202640436263224,
1999-12,IT,2.321100189868843,1.6266666666669833,,1.7102416460674241,84.8860477862694,0.1077089585100882,
1999-12,NL,2.5322921363339486,2.116666666666515,,5.871773210095896,,0.0338093088696953,
1999-12,PT,3.183333333333614,2.2083333333334565,,-7.374837732103407,95.20707646942785,0.0260218874189447,
2000-01,AT,2.522501459065829,0.9462676380851409,,-1.5289251212290043,,0.0435889047883773,
2000-01,BE,2.4907650997677333,1.2000000000000677,,4.5187227126565945,121.20618352243812,0.1522219675137542,
2000-01,DE,2.5352313672797333,0.8496960512228924,,0.24925135577559668,73.23399039109798,0.0265468907275576,
2000-01,ES,3.4657558546829836,2.0502585579855515,,-0.7429778708806605,71.13204956054688,0.1008482746258823,
2000-01,FI,3.800004034051363,2.299996937714921,,5.402411921804314,,0.0642828377743472,
2000-01,FR,2.998936763014304,1.0567256094236255,,2.78934616625036,18.45133769353289,0.0515041583580968,
2000-01,GR,3.598360875230333,2.2291993720569447,,-2.391105827034321,83.62772728589735,0.2334126111021147,
2000-01,IE,7.047857849033634,1.999999999999602,,0.4363267744761528,43.91058239366715,0.0207109150990703,
2000-01,IT,2.420316053190019,1.64000000000033,,1.7219743205934748,50.616802232989954,0.1040499408116878,
2000-01,NL,2.523846553848097,2.099999999999791,,5.896091345657278,,0.0340354861461965,
2000-01,PT,3.2000000000002915,2.200000000000135,,-7.367327148859318,107.0962010943167,0.0298197426982201,
2000-02,AT,2.5355013194046703,0.9622644453623708,,-1.4809647246804147,,0.0423603238866396,
2000-02,BE,2.4846854868998958,1.2000000000000732,,4.534791454285427,99.65892403047026,0.1484074710234112,
2000-02,DE,2.5739624097297664,0.8622217123874232,,0.2641069801559067,97.35842859948188,0.0270972116002765,
2000-02,ES,3.449079358047826,2.062737363141583,,-0.7565515390478905,81.57538604736328,0.0994494780171078,
2000-02,FI,3.7750035199730085,2.324996967978832,,5.408747914554127,,0.0647289995087604,
2000-02,FR,2.989845895840182,1.0634589574374225,,2.8099508674467875,33.225142953395185,0.0508965318797864,
2000-02,GR,3.5917249766020767,2.2788954931815915,,-2.372041103289806,72.91782749372636,0.2253754471359206,
2000-02,IE,6.96901870566049,1.9999999999996316,,0.4363674043391058,35.70922408597022,0.020480190254516,
2000-02,IT,2.4394563820908473,1.6283333333335666,,1.712026613541497,78.89507808037102,0.1032407990671141,
2000-02,NL,2.514048647008795,2.099999999999752,,5.904908558232095,,0.0332581649862265,
2000-02,PT,3.1916666666669204,2.1916666666668085,,-7.348849809801143,105.5398778508387,0.0297470035659376,
2000-03,AT,2.548501179743512,0.9782612526396006,,-1.4330043281318252,,0.0427157794189043,
2000-03,BE,2.4786058740320582,1.2000000000000788,,4.550860195914262,100.6408536943212,0.1450080298882028,
2000-03,DE,2.6126934521798004,0.874747373551954,,0.27896260453621674,96.09150486323746,0.02535650533298,
2000-03,ES,3.432402861412668,2.075216168297615,,-0.7701252072151206,60.32898712158203,0.0948536667767371,
2000-03,FI,3.750003005894653,2.3499969982427427,,5.41508390730394,,0.0642443942039246,
2000-03,FR,2.98075502866606,1.0701923054512192,,2.8305555686432147,42.40265960668037,0.0505141985501479,
2000-03,GR,3.5850890779738207,2.3285916143062373,,-2.352976379545291,74.48791966705069,0.220791868820795,
2000-03,IE,6.890179562287346,1.9999999999996614,,0.4364080342020587,53.81370708595941,0.0189491157896026,
2000-03,IT,2.4585967109916744,1.6166666666668033,,1.7020789064895192,83.25488192855968,0.1001025146942624,
2000-03,NL,2.5042507401694927,2.099999999999713,,5.913725770806912,,0.0321996357371221,
2000-03,PT,3.1833333333335494,2.1833333333334815,,-7.330372470742967,68.84414978390637,0.0278722038652625,
2000-04,AT,3.1482861945901717,1.141286144947501,,-1.7127261279971928,,0.0430749098386832,
2000-04,BE,3.2200331636654536,1.6250000000000264,,4.966568954499706,93.65783581484958,0.1452256131297693,
2000-04,DE,2.911128075931829,1.249503123565976,,0.2918098734252579,69.44795177444624,0.0249121353390489,
2000-04,ES,3.622152976473619,2.2554273198258534,,-1.8951022217414755,75.03840637207031,0.0912986600789806,
2000-04,FI,3.9548625809682934,2.43561492836486,,5.500136983361673,,0.0638214565387627,
2000-04,FR,3.397616950886506,1.2198462666745735,,2.727763763344428,16.592833334234534,0.0474918178337566,
2000-04,GR,3.4412133119587685,2.447842764255659,,-1.6107627424041266,90.26221439499744,0.2259615351668632,
2000-04,IE,7.352475664569791,3.37499999999985,,-0.5502164694639023,72.13465966732605,0.0135051044452023,
2000-04,IT,2.7250000000000107,2.0124999999998225,,0.9428940280077962,97.98117551930824,0.0997829284480375,
2000-04,NL,3.656206234783921,2.562500000000595,,5.875544064680323,,0.0313903264198125,
2000-04,PT,3.325000000000122,2.0835286631944117,,-9.352594274554262,70.29277764705489,0.0271540945536232,
2000-05,AT,3.1629044047229846,1.1306701093092064,,-1.6347467136670062,,0.0411114365917393,
2000-05,BE,3.1807003861508214,1.599999999999957,,4.995782545404722,87.75843465776856,0.139567329013543,
2000-05,DE,2.950171125424047,1.252064859263317,,0.33423842868479126,135.28713300338737,0.0241789499811264,
2000-05,ES,3.5972282902095865,2.249269148519388,,-1.8757441742114749,61.14234161376953,0.0936606323155432,
2000-05,FI,3.9043218577612837,2.4380646393671026,,5.517238758764552,,0.0640162218946717,
2000-05,FR,3.365836922663027,1.202403022414611,,2.7738966727217553,55.373056640155205,0.0462338873898355,
2000-05,GR,3.40070984760672,2.4791073642679886,,-1.6289294598250592,84.30068971386717,0.2284868060464747,
2000-05,IE,7.33520344215551,3.3333333333332846,,-0.5872974124269803,66.32015818148328,0.0137344789647404,
2000-05,IT,2.733333333333343,1.9666666666665462,,0.9619190949263327,61.069562753886096,0.0962804807581185,
2000-05,NL,3.624257161081272,2.6666666666672016,,5.902937059795369,,0.0298983828613828,
2000-05,PT,3.300000000000088,2.0634419328657763,,-9.346144718696182,78.4516662742197,0.0273734624693779,
2000-06,AT,3.177522614855797,1.120054073670912,,-1.5567672993368196,,0.0406530236836054,
2000-06,BE,3.14136760863619,1.5749999999998876,,5.024996136309738,90.3237014286897,0.1379392436860964,
2000-06,DE,2.989214174916264,1.2546265949606579,,0.37666698394432463,58.29011651241134,0.0240038930685153,
2000-06,ES,3.5723036039455534,2.243110977212922,,-1.8563861266814743,83.65390014648438,0.0917914904599124,
2000-06,FI,3.853781134554274,2.440514350369346,,5.5343405341674305,,0.0587388919318841,
2000-06,FR,3.3340568944395486,1.1849597781546484,,2.8200295820990817,35.07029337006553,0.0470513222502012,
2000-06,GR,3.3602063832546714,2.510371964280319,,-1.647096177245992,61.09165767035727,0.2268796469196385,
2000-06,IE,7.3179312197412285,3.2916666666667185,,-0.6243783553900581,51.49317158576602,0.0131556379294014,
2000-06,IT,2.7416666666666756,1.9208333333332699,,0.9809441618448693,71.40203243907702,0.0950433234544099,
2000-06,NL,3.5923080873786226,2.770833333333809,,5.930330054910415,,0.0288663495197917,
2000-06,PT,3.2750000000000536,2.0433552025371413,,-9.339695162838103,74.86429654141119,0.0263962129582752,
2000-07,AT,3.1921408249886096,1.1094380380326174,,-1.478787885006633,,0.0393215811864762,
2000-07,BE,3.1020348311215584,1.5499999999998182,,5.054209727214754,80.17284292782502,0.1389773542541779,
2000-07,DE,3.0282572244084816,1.257188330657999,,0.419095539203858,75.23576564987916,0.0236785507803657,
2000-07,ES,3.5473789176815207,2.236952805906456,,-1.8370280791514735,70.68115234375,0.0891045626583773,
2000-07,FI,3.803240411347264,2.4429640613715886,,5.5514423095703105,,0.0591231949202646,
2000-07,FR,3.3022768662160695,1.1675165338946858,,2.866162491476408,40.53876511115642,0.0442871575530293,
2000-07,GR,3.319702918902623,2.5416365642926486,,-1.6652628946669246,38.666159056990665,0.2305766829189008,
2000-07,IE,7.300658997326948,3.2500000000001528,,-0.6614592983531361,34.188115535989425,0.0135066667685076,
2000-07,IT,2.750000000000008,1.8749999999999933,,0.9999692287634059,60.31278859104269,0.0933517135620801,
2000-07,NL,3.5603590136759733,2.875000000000416,,5.957723050025461,,0.02729093419171,
2000-07,PT,3.2500000000000195,2.023268472208506,,-9.333245606980022,53.39496238369802,0.0256372026720874,
2000-08,AT,3.206759035121422,1.0988220023943227,,-1.4008084706764463,,0.0382656176895571,
2000-08,BE,3.0627020536069267,1.5249999999997488,,5.08342331811977,61.99785608562941,0.1371180979891123,
2000-08,DE,3.067300273900699,1.2597500663553398,,0.4615240944633913,76.06293220684518,0.0236416567716133,
2000-08,ES,3.5224542314174876,2.23079463459999,,-1.817670031621473,55.153785705566406,0.0873462119677247,
2000-08,FI,3.752699688140254,2.4454137723738314,,5.568544084973189,,0.0586376065626507,
2000-08,FR,3.2704968379925905,1.1500732896347232,,2.9122954008537345,23.92303093211002,0.044347745579113,
2000-08,GR,3.2791994545505743,2.5729011643049784,,-1.6834296120878571,59.85161072904827,0.2297628230888348,
2000-08,IE,7.283386774912666,3.2083333333335866,,-0.698540241316214,38.617471266391625,0.0127885981173411,
2000-08,IT,2.7583333333333404,1.8291666666667168,,1.0189942956819422,74.96423532943331,0.0927139163119789,
2000-08,NL,3.528409939973324,2.979166666667023,,5.985116045140507,,0.0256550403325666,
2000-08,PT,3.224999999999985,2.0031817418798705,,-9.32679605112194,43.03605990452814,0.0257790769643775,
2000-09,AT,3.221377245254235,1.0882059667560284,,-1.3228290563462597,,0.0383301431928863,
2000-09,BE,3.0233692760922954,1.4999999999996794,,5.112636909024788,98.95380300254064,0.1405379699149373,
2000-09,DE,3.1063433233929167,1.2623118020526811,,0.5039526497229248,68.36932810552202,0.0226403111104308,
2000-09,ES,3.4975295451534554,2.2246364632935243,,-1.7983119840914723,67.98590850830078,0.0855250305527665,
2000-09,FI,3.7021589649332447,2.4478634833760746,,5.585645860376069,,0.0602902429844004,
2000-09,FR,3.238716809769112,1.1326300453747606,,2.958428310231062,40.68970434228278,0.0441508550564482,
2000-09,GR,3.2386959901985257,2.6041657643173086,,-1.70159632950879,77.43680753001235,0.2293164483683327,
2000-09,IE,7.266114552498386,3.1666666666670213,,-0.7356211842792919,31.301736670305488,0.0128895454112265,
2000-09,IT,2.766666666666673,1.7833333333334405,,1.038019362600479,85.7436269519693,0.090735590785646,
2000-09,NL,3.4964608662706755,3.0833333333336306,,6.012509040255553,,0.0257756938574396,
2000-09,PT,3.1999999999999513,1.9830950115512356,,-9.32034649526386,54.404882706121,0.0252760511882998,
2000-10,AT,3.060870674217825,2.0225869146661246,,-1.842865730172948,,0.0375147533027175,
2000-10,BE,3.2357943000199563,1.599999999999907,,5.034141740399225,83.54331176940889,0.139423891206072,
2000-10,DE,3.200294099740303,1.5579575397888734,,-0.049109171783512255,84.14410179373088,0.0228216001998788,
2000-10,ES,3.641848002689896,2.578506521916352,,-1.9647218534263242,73.0166015625,0.0816890827797187,
2000-10,FI,4.2114460286675595,2.5500010373932733,,5.36606227273502,,0.0591177328880386,
2000-10,FR,3.5244028253349438,1.1808797970591034,,3.2610274275060793,52.013865414486304,0.0406646082007257,
2000-10,GR,3.7996353326289922,2.7224890998186977,,-4.9337913486193585,84.78853006252844,0.2232971390735186,
2000-10,IE,7.394039971812861,3.824999999999667,,-0.822364485052283,66.55307555772139,0.0110903213235138,
2000-10,IT,2.9879609339321878,1.849999999999724,,1.2420201268506672,80.528927702174,0.0891461398254326,
2000-10,NL,3.621048914761876,3.212500000000118,,6.408668512988447,,0.0239409838732637,
2000-10,PT,3.475000000000061,2.350000000000274,,-10.472484783179171,66.94144165714424,0.0248682293259457,
2000-11,AT,3.0107925169639858,2.0366505031104376,,-1.8270302504117715,,0.0385521652918485,
2000-11,BE,3.161927209713341,1.5333333333331831,,5.065459927773237,82.39506822971587,0.1420399500484395,
2000-11,DE,3.229001872178335,1.5386383598593345,,-0.03309960691139566,91.13113630869448,0.023208545113207,
2000-11,ES,3.5952625405822816,2.5190069398170256,,-1.9355863196777636,77.79109191894531,0.0820368054506464,
2000-11,FI,4.128102575856581,2.5333345014910136,,5.3440996077217875,,0.0553860154233578,
2000-11,FR,3.525103170516623,1.1404030809205195,,3.3224924882980935,50.24769569009961,0.0404487811304355,
2000-11,GR,3.835466035086821,2.745463080860777,,-4.932444224681415,94.12256232213804,0.2247085801220532,
2000-11,IE,7.244155789050932,3.716666666666294,,-0.8470435444058808,83.10144937399679,0.0110767633711209,
2000-11,IT,2.9753072892882093,1.7833333333329853,,1.2661156928405721,134.05470281053084,0.0861815906150136,
2000-11,NL,3.590975752903381,3.308333333333328,,6.435111859410934,,0.022869757395649,
2000-11,PT,3.483333333333401,2.3333333333336688,,-10.479002692628228,59.19295331971527,0.0238296757195117,
2000-12,AT,2.9607143597101464,2.0507140915547506,,-1.8111947706505949,,0.0354268439366359,
2000-12,BE,3.088060119406725,1.4666666666664587,,5.096778115147249,89.75644765242649,0.1361741785352856,
2000-12,DE,3.2577096446163667,1.5193191799297954,,-0.01709004203927907,91.8884735857294,0.0227507961619855,
2000-12,ES,3.5486770784746677,2.4595073577176993,,-1.9064507859292028,73.60120391845703,0.0804127038382359,
2000-12,FI,4.044759123045603,2.516667965588754,,5.322136942708554,,0.0515430527923009,
2000-12,FR,3.525803515698302,1.0999263647819353,,3.3839575490901064,42.71172951338729,0.039397411989886,
2000-12,GR,3.871296737544649,2.7684370619028567,,-4.931097100743471,54.06617887745917,0.2153742197853715,
2000-12,IE,7.094271606289005,3.608333333332921,,-0.8717226037594786,66.48285337301263,0.0122817383898817,
2000-12,IT,2.962653644644231,1.7166666666662462,,1.2902112588304766,129.79676653012436,0.0820216247352207,
2000-12,NL,3.560902591044884,3.404166666666538,,6.461555205833421,,0.0225973112654946,
2000-12,PT,3.491666666666741,2.3166666666670626,,-10.485520602077282,29.69760717429995,0.0225553871689398,
2001-01,AT,2.910636202456307,2.0647776799990636,,-1.7953592908894183,,0.0389582860455126,
2001-01,BE,3.0141930291001096,1.3999999999997348,,5.128096302521261,97.58224828228056,0.1366002198819581,
2001-01,DE,3.286417417054399,1.5000000000002567,,-0.0010804771671624816,109.33141709289418,0.0202125808762962,
2001-01,ES,3.5020916163670535,2.4000077756183735,,-1.8773152521806422,92.20196533203124,0.0809146173451815,
2001-01,FI,3.961415670234625,2.5000014296864936,,5.300174277695322,,0.0513948505491845,
2001-01,FR,3.5265038608799815,1.0594496486433513,,3.4454226098821206,35.25222456452099,0.0375127626909789,
2001-01,GR,3.907127440002478,2.7914110429449357,,-4.929749976805526,76.94478576052519,0.2157294156474082,
2001-01,IE,6.944387423527076,3.499999999999548,,-0.8964016631130765,59.74481685344274,0.0117198736195839,
2001-01,IT,2.9500000000002524,1.6499999999995074,,1.3143068248203813,76.65537247860496,0.084803024640449,
2001-01,NL,3.5308294291863884,3.4999999999997478,,6.487998552255908,,0.0201066040864899,
2001-01,PT,3.500000000000081,2.3000000000004572,,-10.492038511526337,53.02296255295368,0.0237240887387911,
2001-02,AT,2.9127991042277666,1.9977087333325094,,-1.7537129484295355,,0.0371594001635103,
2001-02,BE,2.939812049537604,1.3833333333330422,,5.146352619611389,105.9756338918006,0.1350970545507424,
2001-02,DE,3.259215965633196,1.5000000000002012,,0.022144816163805755,134.36820468226048,0.0198201818633009,
2001-02,ES,3.491396548617487,2.391673175830213,,-1.87065591644669,78.52617645263672,0.0813746691780285,
2001-02,FI,3.9229644869082185,2.4833344247767952,,5.3055693322495845,,0.0526931012386364,
2001-02,FR,3.4930817742373224,1.0648882435019231,,3.471565904293552,40.809090281757285,0.0372525995963073,
2001-02,GR,3.87684844106147,2.7751467833977883,,-4.918657428214983,55.31701394153419,0.2306947470346163,
2001-02,IE,6.817268896024861,3.491666666666306,,-0.949007018922622,72.09694408635818,0.0114532724119922,
2001-02,IT,2.9250000000002054,1.637499999999581,,1.3234688731820117,88.95004379815121,0.0857736776534095,
2001-02,NL,3.4437463506453083,3.3874999999997732,,6.4299812277883825,,0.0191767226131048,
2001-02,PT,3.466666666666736,2.2833333333337773,,-10.502548990281653,28.95032040905574,0.0226024042981386,
2001-03,AT,2.914962005999226,1.9306397866659553,,-1.7120666059696528,,0.035349608380528,
2001-03,BE,2.8654310699750996,1.3666666666663496,,5.1646089367015175,104.77081190326416,0.1290987706466887,
2001-03,DE,3.232014514211993,1.5000000000001457,,0.04537010949477396,180.83043599503597,0.0200082469035369,
2001-03,ES,3.4807014808679204,2.3833385760420525,,-1.863996580712738,84.30609893798828,0.080127875032132,
2001-03,FI,3.8845133035818122,2.466667419867097,,5.310964386803846,,0.0521466765411296,
2001-03,FR,3.4596596875946632,1.0703268383604951,,3.4977091987049835,53.7391199007212,0.0364847581257803,
2001-03,GR,3.846569442120462,2.75888252385064,,-4.907564879624439,90.99429123569864,0.2249303105804573,
2001-03,IE,6.690150368522644,3.4833333333330643,,-1.0016123747321672,87.63397153281926,0.0117297500097029,
2001-03,IT,2.9000000000001585,1.6249999999996545,,1.332630921543642,64.78539756901951,0.0828272720236186,
2001-03,NL,3.3566632721042287,3.2749999999997983,,6.371963903320858,,0.0181611529140092,
2001-03,PT,3.4333333333333917,2.266666666667098,,-10.513059469036968,44.64345371973538,0.0228297369007643,
2001-04,AT,2.2999999999999634,1.6750000000002985,,-2.626497237612904,,0.0351781678029889,
2001-04,BE,2.4291812125463217,1.9749999999998324,,4.732517147422058,87.08354912670376,0.12996793341832,
2001-04,DE,2.0358989234744937,1.8231212293162269,,-1.1327988840423737,92.08272094759214,0.0195029041579342,
2001-04,ES,2.9286057972670196,2.7830345715325997,,-3.0229203796419326,79.385986328125,0.0827465185569824,
2001-04,FI,4.128350988906664,2.549996362418905,,7.40786888966545,,0.0533381663914508,
2001-04,FR,2.5910111510622724,1.4825358067317551,,2.173696822805409,48.075521086745866,0.0373765402722154,
2001-04,GR,3.8364992795969446,3.3719831539400946,,-7.295284919308939,99.2528493442088,0.2336665310344489,
2001-04,IE,6.830341618612729,3.8249999999997337,,-2.2390483638850704,110.72200375042434,0.0113539773177379,
2001-04,IT,2.115717516824839,2.067500000000033,,-0.10524989605765134,104.3913099690886,0.0846979679973423,
2001-04,NL,2.8308776921408096,3.524999999999734,,3.6469585942634035,,0.0184822543802529,
2001-04,PT,2.500000000000119,3.4250000000002445,,-9.629932035829682,76.56509023808522,0.0220374280717794,
2001-05,AT,2.3333333333332837,1.6666666666668903,,-2.584676023244416,,0.0340164092080606,
2001-05,BE,2.42806194097626,1.8999999999999608,,4.753565411015911,82.16373862945366,0.1258803032905553,
2001-05,DE,2.0969524655606824,1.7649966482810622,,-1.1128574205548156,73.97757803345682,0.0194031148843922,
2001-05,ES,2.954462905548246,2.729364662265595,,-3.0246348491463397,73.22339630126953,0.0823841623406639,
2001-05,FI,4.11270962351713,2.533330118460427,,7.4341596042515175,,0.0524380485030454,
2001-05,FR,2.5951333084741552,1.4767342898850102,,2.1905877812054806,50.06756407899452,0.0389931212968744,
2001-05,GR,3.837124417075466,3.3651706926210627,,-7.277063183045539,80.91922507214947,0.2428353131126744,
2001-05,IE,6.761198572906357,3.766666666666496,,-2.280347581264193,66.92256686557843,0.0109408372822885,
2001-05,IT,2.158415570510974,2.0100000000000966,,-0.08702106651767094,73.36490782604407,0.0836642628125644,
2001-05,NL,2.818324520682632,3.399999999999781,,3.614416190234018,,0.0186529819492639,
2001-05,PT,2.533333333333476,3.300000000000273,,-9.595531170560458,56.52851112217439,0.0213685678694249,
2001-06,AT,2.366666666666604,1.658333333333482,,-2.5428548088759286,,0.0340649088323475,
2001-06,BE,2.4269426694061975,1.8250000000000897,,4.774613674609764,95.38814145187038,0.1217492344966095,
2001-06,DE,2.1580060076468714,1.706872067245898,,-1.0929159570672575,69.78983008922256,0.0203448448172859,
2001-06,ES,2.9803200138294716,2.67569475299859,,-3.0263493186507473,75.02169036865234,0.0820484576991472,
2001-06,FI,4.097068258127595,2.516663874501949,,7.4604503188375855,,0.0537771830043492,
2001-06,FR,2.5992554658860376,1.4709327730382658,,2.2074787396055524,40.9166117266267,0.0393440046500431,
2001-06,GR,3.8377495545539877,3.3583582313020313,,-7.258841446782139,96.25257499946488,0.243702126618212,
2001-06,IE,6.692055527199987,3.7083333333332575,,-2.3216467986433154,107.00011328230252,0.0105659279057326,
2001-06,IT,2.2011136241971094,1.9525000000001607,,-0.06879223697769057,102.68873782741206,0.0833141808984688,
2001-06,NL,2.8057713492244543,3.274999999999828,,3.581873786204632,,0.0192456742930441,
2001-06,PT,2.5666666666668334,3.175000000000302,,-9.561130305291233,73.18446200695004,0.0229564388429954,
2001-07,AT,2.3999999999999244,1.6500000000000736,,-2.501033594507441,,0.0334351217447774,
2001-07,BE,2.4258233978361354,1.750000000000218,,4.795661938203617,88.2166660932248,0.1248234130885591,
2001-07,DE,2.21905954973306,1.6487474862107332,,-1.0729744935796994,106.67740606516504,0.0220549709417096,
2001-07,ES,3.006177122110698,2.622024843731585,,-3.028063788155155,81.68081665039062,0.0812702148847391,
2001-07,FI,4.08142689273806,2.4999976305434712,,7.4867410334236535,,0.0542271299850167,
2001-07,FR,2.60337762329792,1.4651312561915208,,2.224369698005624,74.39383950295765,0.0377298754194422,
2001-07,GR,3.838374692032509,3.351545769983,,-7.240619710518739,102.89890777291578,0.2406368602222244,
2001-07,IE,6.622912481493614,3.65000000000002,,-2.362946016022438,79.90967260737294,0.0104780615586116,
2001-07,IT,2.243811677883245,1.8950000000002243,,-0.05056340743771018,108.8824969543552,0.0820238370111378,
2001-07,NL,2.793218177766277,3.149999999999875,,3.549331382175247,,0.0197449157594176,
2001-07,PT,2.600000000000191,3.0500000000003302,,-9.52672944002201,59.72056352093311,0.0194078223054057,
2001-08,AT,2.4333333333332448,1.6416666666666653,,-2.459212380138953,,0.0332261934195947,
2001-08,BE,2.4247041262660733,1.6750000000003467,,4.81671020179747,84.15403203796268,0.1205141720645133,
2001-08,DE,2.2801130918192487,1.5906229051755685,,-1.0530330300921413,88.27506958963274,0.020491654104945,
2001-08,ES,3.0320342303919237,2.56835493446458,,-3.0297782576595624,64.99149322509766,0.0812588456421405,
2001-08,FI,4.065785527348526,2.483331386584993,,7.513031748009721,,0.0560783403215012,
2001-08,FR,2.6074997807098024,1.459329739344776,,2.241260656405695,39.037048223339255,0.0388302410242717,
2001-08,GR,3.8389998295110304,3.344733308663968,,-7.222397974255339,90.71564562803724,0.219846608255355,
2001-08,IE,6.553769435787244,3.5916666666667814,,-2.4042452334015603,87.76984012403281,0.0107791839681879,
2001-08,IT,2.2865097315693803,1.837500000000288,,-0.032334577897729797,68.85107225516388,0.0824721501159528,
2001-08,NL,2.780665006308099,3.024999999999922,,3.516788978145861,,0.0200024119908539,
2001-08,PT,2.6333333333335487,2.9250000000003586,,-9.492328574752783,47.56639510044024,0.0205575776187269,
2001-09,AT,2.4666666666665655,1.6333333333332574,,-2.417391165770465,,0.0317174837222629,
2001-09,BE,2.4235848546960113,1.6000000000004753,,4.837758465391323,115.99809327167192,0.1170250320078821,
2001-09,DE,2.3411666339054378,1.5324983241404042,,-1.033091566604583,248.3052363499332,0.0186894526981351,
2001-09,ES,3.0578913386731505,2.5146850251975756,,-3.03149272716397,104.69123077392578,0.0805576280533298,
2001-09,FI,4.050144161958991,2.466665142626516,,7.5393224625957895,,0.0487768554371333,
2001-09,FR,2.611621938121685,1.4535282224980315,,2.258151614805767,133.80024615008614,0.0388979632412356,
2001-09,GR,3.839624966989552,3.337920847344937,,-7.204176237991939,151.0089141666502,0.2219835054404324,
2001-09,IE,6.484626390080873,3.5333333333335437,,-2.445544450780683,145.6830295006402,0.0105939172222355,
2001-09,IT,2.329207785255516,1.7800000000003517,,-0.0141057483577494,201.7386598980081,0.0840140253083418,
2001-09,NL,2.768111834849922,2.8999999999999693,,3.4842465741164768,,0.0179281117011922,
2001-09,PT,2.666666666666906,2.800000000000387,,-9.45792770948356,87.69426630362763,0.0196985065230317,
2001-10,AT,2.3499999999999854,2.074999999999977,,-2.6358654410952456,,0.0326748974145599,
2001-10,BE,1.969166249999993,1.9005000000002048,,5.177390670667215,118.49745264274648,0.1133522201574712,
2001-10,DE,1.5123050043738484,1.6270204257271714,,-0.560297746459613,276.7237071686786,0.0184320781206969,
2001-10,ES,2.815654443983928,2.82099528585103,,-2.1649176702597606,115.58148193359376,0.0768450422540419,
2001-10,FI,2.4377511138245325,2.0500032932574186,,5.465757291687767,,0.0496874728169696,
2001-10,FR,2.081134978218829,1.2669484747611093,,2.5526165211103935,142.71621456808293,0.0375659211988557,
2001-10,GR,3.884541086261584,3.203733912131829,,-6.429771481698492,125.76059468214532,0.2190945795204391,
2001-10,IE,5.2242571337492,3.3999999999998085,,-1.9468139606485784,187.1890705091687,0.0088272775308488,
2001-10,IT,1.9377860109874412,1.8899999999995865,,0.05399624110867757,180.49073400928623,0.0845441494312713,
2001-10,NL,2.029308806733121,3.084716119028874,,4.671072396919175,,0.0176889997670264,
2001-10,PT,1.6750000000001097,2.9500000000001747,,-8.908231319806227,80.22740673032581,0.0193123689147002,
2001-11,AT,2.433333333333317,2.0499999999999408,,-2.607815798165439,,0.031390977443609,
2001-11,BE,1.994629166666658,1.8336666666669925,,5.194853244765563,107.9726311308176,0.1107490295682177,
2001-11,DE,1.5937824329040673,1.5271047132113469,,-0.5357948555240839,177.75169326457495,0.0184892500331083,
2001-11,ES,2.82369143443133,2.729989032352409,,-2.144497756951533,99.73676300048828,0.0781912596044405,
2001-11,FI,2.4906998724046336,1.9933376998423347,,5.418893454871277,,0.0493171891413722,
2001-11,FR,2.086144118976115,1.2104385053341993,,2.5627242025314967,77.61001760719314,0.0383428904629142,
2001-11,GR,3.8427455450265344,3.16918546607425,,-6.421914406617766,91.54487058547194,0.2140995401805923,
2001-11,IE,5.109098348356629,3.3333333333331923,,-2.028961275145187,168.2151829718274,0.0090267690392197,
2001-11,IT,1.9551906739917395,1.8066666666662272,,0.06922820723863705,190.29062568355008,0.0817214253155371,
2001-11,NL,2.0939374651822127,2.8861367883992255,,4.656692645321618,,0.0170801189346965,
2001-11,PT,1.683333333333455,2.8000000000001433,,-8.85218523028393,96.20018292979908,0.0200287834710404,
2001-12,AT,2.5166666666666484,2.0249999999999044,,-2.5797661552356317,,0.027395253442719,
2001-12,BE,2.0200920833333225,1.76683333333378,,5.212315818863909,116.55068830524664,0.111658665596427,
2001-12,DE,1.6752598614342862,1.4271890006955223,,-0.5112919645885547,108.11981033731382,0.018898984466349,
2001-12,ES,2.831728424878732,2.638982778853788,,-2.1240778436433048,86.3096923828125,0.0779577362848833,
2001-12,FI,2.543648630984735,1.9366721064272507,,5.372029618054786,,0.0428089590935279,
2001-12,FR,2.0911532597334004,1.1539285359072893,,2.5728318839525994,53.654400038782725,0.0373471755875962,
2001-12,GR,3.8009500037914847,3.1346370200166707,,-6.4140573315370375,71.94116090132601,0.1981646195115064,
2001-12,IE,4.993939562964059,3.266666666666575,,-2.111108589641795,165.97778671504548,0.0091558735775024,
2001-12,IT,1.9725953369960376,1.7233333333328678,,0.0844601733685965,117.2711436521308,0.0794125508344896,
2001-12,NL,2.158566123631304,2.6875574577695773,,4.6423128937240605,,0.0171932197177357,
2001-12,PT,1.6916666666668005,2.6500000000001114,,-8.796139140761632,90.4601645910218,0.0193573882931338,
2002-01,AT,2.59999999999998,1.9999999999998685,,-2.551716512305825,,0.0303887973353562,
2002-01,BE,2.045554999999988,1.7000000000005677,,5.229778392962257,91.55452065899912,0.1094317691976106,
2002-01,DE,1.756737289964505,1.3272732881796978,,-0.4867890736530256,95.4794815945334,0.0189506526526885,
2002-01,ES,2.8397654153261342,2.5479765253551667,,-2.103657930335077,84.9452133178711,0.0782279284154739,
2002-01,FI,2.5965973895648364,1.8800065130121668,,5.325165781238296,,0.0435740128991662,
2002-01,FR,2.0961624004906865,1.0974185664803793,,2.582939565373703,82.98913295806202,0.0383530440176948,
2002-01,GR,3.7591544625564355,3.100088573959092,,-6.406200256456311,70.01453796097269,0.2059480985432653,
2002-01,IE,4.87878077757149,3.1999999999999584,,-2.1932559041384043,82.56485878116894,0.0076938618381176,
2002-01,IT,1.990000000000336,1.6399999999995085,,0.09969213949855599,117.5427784259019,0.0832359382148722,
2002-01,NL,2.2231947820803954,2.488978127139929,,4.627933142126504,,0.0176147728767104,
2002-01,PT,1.7000000000001458,2.50000000000008,,-8.740093051239333,73.0355314444176,0.0196521216662784,
2002-02,AT,2.6249999999999774,1.9666666666665924,,-2.509274304553472,,0.0287141467518468,
2002-02,BE,2.0750920833333204,1.683333333333803,,5.253950042536614,90.25085691348671,0.1078506296911062,
2002-02,DE,1.8177563474254959,1.3166671808313806,,-0.4568530600918161,86.47942414486471,0.0196320446201071,
2002-02,ES,2.901936442593702,2.527312168333673,,-2.105485101201211,79.21485137939453,0.0774232303367926,
2002-02,FI,2.683547847633831,1.8900056859232146,,5.365860096564652,,0.037097835134962,
2002-02,FR,2.152625359483375,1.1104469340884253,,2.596674912688571,56.497034027627166,0.038799955749423,
2002-02,GR,3.7336128493261698,3.0827749690463144,,-6.361823286495122,93.43654062868532,0.206853177390875,
2002-02,IE,4.946750056331572,3.191666666666626,,-2.2305823779381573,74.34974096696985,0.0077704134267594,
2002-02,IT,2.044166666666945,1.6366666666662255,,0.14664610758434177,113.07114205655635,0.084790935094595,
2002-02,NL,2.2523925018634467,2.483370494011637,,4.601351292884405,,0.0163703651508977,
2002-02,PT,1.8250000000001192,2.4833333333333854,,-8.702196973992738,106.885607827421,0.0184485374072035,
2002-03,AT,2.6499999999999746,1.9333333333333167,,-2.4668320968011193,,0.0273626205098534,
2002-03,BE,2.104629166666653,1.6666666666670382,,5.278121692110971,82.5514218928362,0.1081123651167664,
2002-03,DE,1.8787754048864864,1.3060610734830633,,-0.42691704653060664,73.08976468316277,0.0195100485721658,
2002-03,ES,2.9641074698612693,2.5066478113121793,,-2.107312272067345,67.93749237060547,0.0779695619753832,
2002-03,FI,2.7704983057028247,1.9000048588342626,,5.406554411891007,,0.0303257098432369,
2002-03,FR,2.2090883184760637,1.1234753016964714,,2.610410260003439,96.0106765032162,0.0387670652919891,
2002-03,GR,3.708071236095904,3.065461364133537,,-6.317446316533934,91.49972183353763,0.2128512896065941,
2002-03,IE,5.014719335091655,3.1833333333332936,,-2.2679088517379107,92.42940338018587,0.0079515881786745,
2002-03,IT,2.098333333333554,1.6333333333329425,,0.19360007567012752,79.44411221685469,0.0869609941293113,
2002-03,NL,2.2815902216464976,2.4777628608833444,,4.574769443642307,,0.0163139656750064,
2002-03,PT,1.9500000000000923,2.466666666666691,,-8.664300896746143,74.25607288507481,0.0155931394165254,
2002-04,AT,1.7000000000000903,1.749999999999985,,-1.5819610360057572,,0.0275143382598574,
2002-04,BE,1.457974045479432,1.1344682865711997,,5.268987498138887,83.7660941040624,0.1063641004604846,
2002-04,DE,1.3629384580730874,1.433190388797595,,0.5385366168254528,106.96279239825948,0.0202405049739706,
2002-04,ES,2.4884107087076557,2.3276969005266213,,-1.6646924853493203,68.64689636230469,0.0776838668033565,
2002-04,FI,1.8213885614749348,1.5250000861008306,,4.808790783364502,,0.0296768241704384,
2002-04,FR,1.818884798738929,1.4946835347460774,,2.4267928304406663,100.06084478352018,0.0374798191818027,
2002-04,GR,3.2503531108064143,3.153288657986286,,-6.050822016185907,118.47126887641772,0.2042570690060311,
2002-04,IE,3.949546829903622,4.049999999999742,,-1.4916299178425723,76.77373746486137,0.0081197278525465,
2002-04,IT,1.7925737916015927,2.0028544593968025,,0.8123496640431564,106.7112447214253,0.08499075396653,
2002-04,NL,1.7605630600814492,3.121794810829809,,3.6189218229363664,,0.0165279912486287,
2002-04,PT,1.1000000000000398,2.7249999999998162,,-9.220354572073099,92.52526089940532,0.0166900624106183,
2002-05,AT,1.8333333333334276,1.7333333333333052,,-1.5646458121286781,,0.0257026575273197,
2002-05,BE,1.6463499423715908,1.1459577154283584,,5.25403306363309,70.02793995719504,0.1066196289119309,
2002-05,DE,1.5158712937763423,1.4078815464978542,,0.5487219198529838,80.44455210907353,0.0211667109473826,
2002-05,ES,2.565682250710914,2.3246193456893787,,-1.653077135780142,74.11054229736328,0.0790141894693823,
2002-05,FI,1.9596296490416316,1.5333331238154648,,4.817057156981049,,0.0305382783416957,
2002-05,FR,1.945031693366328,1.4852001532647503,,2.4047566606213757,102.20846341062608,0.0384851806104045,
2002-05,GR,3.2093830295096675,3.1040803287347556,,-6.046250755820554,89.89459133177625,0.2012271884695829,
2002-05,IE,4.203670502556175,3.9333333333331,,-1.5071603044338777,80.2620038447228,0.0081577705311936,
2002-05,IT,1.9133989258680817,1.953491114397421,,0.833750959314478,121.63528664395471,0.0857224052709727,
2002-05,NL,1.8676600827515433,3.0360276913265443,,3.5870662004990708,,0.0163944952484485,
2002-05,PT,1.2000000000000308,2.6666666666664915,,-9.190006391145527,58.80475832425423,0.0164163705147311,
2002-06,AT,1.9666666666667645,1.7166666666666257,,-1.5473305882515993,,0.0252608025580206,
2002-06,BE,1.834725839263749,1.1574471442855172,,5.239078629127293,80.47246545449468,0.1000696995190604,
2002-06,DE,1.668804129479597,1.3825727041981133,,0.5589072228805145,120.43538030171108,0.0209610609820634,
2002-06,ES,2.642953792714172,2.3215417908521365,,-1.6414617862109635,83.24368286132812,0.0787532102621005,
2002-06,FI,2.0978707366083276,1.5416661615300993,,4.825323530597596,,0.0321258090022549,
2002-06,FR,2.0711785879937272,1.4757167717834232,,2.3827204908020856,113.7811153669916,0.0395691828405024,
2002-06,GR,3.1684129482129215,3.0548719994832254,,-6.0416794954552016,109.76497667534292,0.2017980792352274,
2002-06,IE,4.457794175208727,3.8166666666664577,,-1.5226906910251832,98.0534146969697,0.0086588291356874,
2002-06,IT,2.0342240601345707,1.9041277693980398,,0.8551522545857995,158.26320995171173,0.0835856469533032,
2002-06,NL,1.9747571054216373,2.9502605718232804,,3.555210578061776,,0.0167929708111249,
2002-06,PT,1.3000000000000216,2.6083333333331664,,-9.159658210217957,68.22848649948261,0.0148160657856704,
2002-07,AT,2.100000000000102,1.699999999999946,,-1.53001536437452,,0.0255688737115253,
2002-07,BE,2.023101736155908,1.168936573142676,,5.224124194621496,78.56825299914082,0.099472384854189,
2002-07,DE,1.8217369651828519,1.3572638618983723,,0.5690925259080455,124.33025641444333,0.021423138099982,
2002-07,ES,2.72022533471743,2.3184642360148944,,-1.6298464366417853,75.79765319824219,0.0759502237373545,
2002-07,FI,2.2361118241750244,1.5499991992447337,,4.833589904214143,,0.0345769522231817,
2002-07,FR,2.1973254826211264,1.4662333903020963,,2.360684320982796,129.77660437440747,0.0377875401288952,
2002-07,GR,3.1274428669161747,3.0056636702316952,,-6.037108235089849,106.32855809326075,0.1974724826742764,
2002-07,IE,4.7119178478612795,3.6999999999998145,,-1.5382210776164884,80.9319428832938,0.0087237597530697,
2002-07,IT,2.1550491944010597,1.8547644243986583,,0.8765535498571209,117.70550076176424,0.0791980825500235,
2002-07,NL,2.0818541280917313,2.864493452320016,,3.523354955624481,,0.0170283699457387,
2002-07,PT,1.4000000000000123,2.5499999999998413,,-9.129310029290387,104.4084812175187,0.0125327461789428,
2002-08,AT,2.233333333333439,1.6833333333332663,,-1.512700140497441,,0.0270540396473232,
2002-08,BE,2.211477633048066,1.1804260019998347,,5.2091697601156985,87.19413788396491,0.0994190503243279,
2002-08,DE,1.9746698008861063,1.3319550195986314,,0.5792778289355762,107.22740961621358,0.021488770207173,
2002-08,ES,2.797496876720688,2.3153866811776522,,-1.6182310870726069,75.36091613769531,0.0753619693288476,
2002-08,FI,2.374352911741721,1.5583322369593682,,4.841856277830689,,0.0337436212167706,
2002-08,FR,2.3234723772485255,1.4567500088207692,,2.3386481511635053,132.480488245369,0.0378527607960235,
2002-08,GR,3.086472785619428,2.956455340980165,,-6.032536974724495,110.54285048505558,0.1931996043825198,
2002-08,IE,4.966041520513833,3.5833333333331714,,-1.5537514642077939,103.90615326841596,0.0084389053064371,
2002-08,IT,2.2758743286675487,1.805401079399277,,0.8979548451284424,161.01407937336197,0.0785933703367812,
2002-08,NL,2.188951150761825,2.7787263328167517,,3.491499333187186,,0.0158044156137851,
2002-08,PT,1.500000000000003,2.491666666666516,,-9.098961848362816,63.48360922544519,0.0123068348622366,
2002-09,AT,2.3666666666667764,1.6666666666665868,,-1.4953849166203619,,0.0263115760260447,
2002-09,BE,2.3998535299402253,1.1919154308569935,,5.194215325609902,92.17120296144384,0.097336341851816,
2002-09,DE,2.1276026365893617,1.3066461772988907,,0.5894631319631072,115.5399473684955,0.0219086191501555,
2002-09,ES,2.8747684187239466,2.31230912634041,,-1.6066157375034287,89.8293228149414,0.075996463703187,
2002-09,FI,2.512593999308418,1.5666652746740026,,4.850122651447236,,0.0331973848245361,
2002-09,FR,2.4496192718759247,1.4472666273394423,,2.3166119813442156,192.17465646309148,0.0372614889531159,
2002-09,GR,3.045502704322682,2.907247011728635,,-6.027965714359144,145.18637158686914,0.1984568730566965,
2002-09,IE,5.220165193166386,3.466666666666529,,-1.5692818507990995,179.79233934249115,0.0083830318631905,
2002-09,IT,2.3966994629340377,1.7560377343998956,,0.919356140399764,203.66310017647092,0.079738058750181,
2002-09,NL,2.2960481734319194,2.692959213313488,,3.459643710749891,,0.0153509761962806,
2002-09,PT,1.599999999999994,2.4333333333331915,,-9.068613667435246,159.7341576980522,0.0113055728382564,
2002-10,AT,1.912500000000017,1.649999999999885,,-2.2833661252359265,,0.025766560072277,
2002-10,BE,1.832205313081725,1.328404859713983,,4.930102190531359,87.80654971196424,0.1010296084712376,
2002-10,DE,1.6189294862681392,1.2031983138280522,,2.078896758878476,96.34648901811336,0.0216521178076242,
2002-10,ES,2.526706803803408,2.4972001789793308,,-1.7844398095118348,122.80380249023438,0.07399950006702,
2002-10,FI,2.4936639157151,1.9750010812770002,,7.5233171517911925,,0.0291396122259677,
2002-10,FR,2.064852158684621,1.4523771571566868,,1.5461333779405195,160.02907814624544,0.0376747606082671,
2002-10,GR,3.320317683360752,3.42067368884047,,-5.322511866815679,117.56154692393224,0.1922002744544734,
2002-10,IE,4.8927058409297945,3.349999999999887,,-0.8803481175178282,92.9946765073346,0.0072171499391934,
2002-10,IT,1.8532499999998675,1.9909785253162116,,0.2456245158687398,153.39405974165646,0.0787687508563924,
2002-10,NL,1.5713598047220445,2.7863871065952175,,3.029720449469012,,0.0155794442868868,
2002-10,PT,1.2250000000000483,2.950000000000225,,-7.638212920917873,152.2869710188745,0.0125105550864406,
2002-11,AT,2.0250000000000177,1.6333333333331461,,-2.281018506940307,,0.0262110128862011,
2002-11,BE,1.9701264002391545,1.2982276219044055,,4.906577713409342,82.87664283496244,0.1006824261886491,
2002-11,DE,1.7461301081919938,1.1771878180683593,,2.0936505470941866,103.2367900660397,0.0220800489906752,
2002-11,ES,2.58097312256211,2.464632764308424,,-1.7885963619248892,97.29573822021484,0.0739214685209441,
2002-11,FI,2.651700063876202,1.9500007140604736,,7.543309811314312,,0.0292844381327591,
2002-11,FR,2.156328801834062,1.4185795353746422,,1.5098295229879646,143.5795752296855,0.0365441318374003,
2002-11,GR,3.2809766974672527,3.3783101896832277,,-5.348679473248112,103.621015824831,0.1922912612142213,
2002-11,IE,5.016422815528872,3.2333333333332437,,-0.9007366461385868,154.21993379523389,0.0073271836066696,
2002-11,IT,1.9858333333331868,1.9402518116029777,,0.24661719356038925,156.2179595067358,0.0757701031608913,
2002-11,NL,1.70554556971515,2.6740800285118347,,3.0068594386878185,,0.0145411035933834,
2002-11,PT,1.3166666666667253,2.866666666666947,,-7.599822671235886,151.8587212293084,0.0121399750662602,
2002-12,AT,2.137500000000018,1.6166666666664071,,-2.2786708886446876,,0.0248752091869121,
2002-12,BE,2.108047487396584,1.2680503840948283,,4.8830532362873225,101.96463768353834,0.1026615479582513,
2002-12,DE,1.8733307301158482,1.151177322308666,,2.1084043353098973,128.2414533256568,0.0215226456110261,
2002-12,ES,2.6352394413208113,2.432065349637517,,-1.792752914337944,105.2298583984375,0.0753006006281378,
2002-12,FI,2.809736212037304,1.925000346843947,,7.563302470837433,,0.0298629816137721,
2002-12,FR,2.2478054449835025,1.3847819135925976,,1.4735256680354094,108.72427378612376,0.0366075951070371,
2002-12,GR,3.2416357115737533,3.335946690525985,,-5.374847079680546,113.388920097314,0.1905779769863839,
2002-12,IE,5.140139790127948,3.116666666666601,,-0.9211251747593454,191.67002329905392,0.0072020937376203,
2002-12,IT,2.118416666666506,1.8895250978897435,,0.24760987125203868,133.9278097795711,0.0702252819533406,
2002-12,NL,1.8397313347082556,2.5617729504284514,,2.9839984279066245,,0.015603101451861,
2002-12,PT,1.408333333333402,2.783333333333669,,-7.561432421553898,106.5808191806585,0.0140980918546144,
2003-01,AT,2.2500000000000187,1.5999999999996684,,-2.276323270349068,,0.0256807607667701,
2003-01,BE,2.2459685745540137,1.237873146285251,,4.859528759165305,89.26635600291331,0.0973885341237675,
2003-01,DE,2.000531352039703,1.1251668265489734,,2.123158123525608,84.12832350406268,0.0229863360855823,
2003-01,ES,2.6895057600795136,2.39949793496661,,-1.7969094667509986,94.36715698242188,0.0770235202013581,
2003-01,FI,2.9677723601984063,1.8999999796274203,,7.583295130360555,,0.0160259743260887,
2003-01,FR,2.3392820881329435,1.350984291810553,,1.4372218130828542,196.79139561815404,0.0369757961057102,
2003-01,GR,3.2022947256802547,3.293583191368743,,-5.401014686112979,113.98894562193918,0.1872484603433107,
2003-01,IE,5.263856764727026,2.9999999999999583,,-0.9415137033801042,167.17937898013187,0.0072113309956175,
2003-01,IT,2.2509999999998254,1.8387983841765099,,0.24860254894368813,126.10830185084096,0.07630532470951,
2003-01,NL,1.973917099701361,2.449465872345069,,2.961137417125431,,0.0156171217888181,
2003-01,PT,1.500000000000079,2.700000000000391,,-7.523042171871912,118.285661672758,0.0128032303535045,
2003-02,AT,2.2958333333333285,1.5916666666662933,,-2.2620639239454166,,0.0260283052669294,
2003-02,BE,2.3260369166196835,1.2347170507614988,,4.884818760022737,93.02448045090676,0.0967729271853942,
2003-02,DE,2.022775130529756,1.13973625766986,,2.1470482855372137,230.90956804267844,0.0231486648042145,
2003-02,ES,2.759485880367947,2.3912064403860955,,-1.793101154181555,115.29331970214844,0.0765777555810535,
2003-02,FI,2.9954577228087125,1.9083330258759543,,7.595378645565163,,0.0136371542877022,
2003-02,FR,2.3670019911164166,1.3688250758577973,,1.4324255944150086,210.70568627481612,0.0376023970854902,
2003-02,GR,3.160433877859059,3.268797236398045,,-5.4014325452013345,142.32097088565956,0.1721245451767908,
2003-02,IE,5.268308035236852,2.983333333333336,,-0.9817218950243426,174.898515781541,0.0070425513584636,
2003-02,IT,2.296749999999831,1.8188985188285007,,0.2716929651283551,125.58943760403145,0.076976985186124,
2003-02,NL,2.074114223655036,2.428677049649639,,2.9262304699453794,,0.0153779946310205,
2003-02,PT,1.6333333333334015,2.658333333333653,,-7.492397499571524,135.1221038197998,0.0128472629940415,
2003-03,AT,2.341666666666638,1.5833333333329185,,-2.247804577541766,,0.0271374643056058,
2003-03,BE,2.4061052586853537,1.2315609552377462,,4.910108760880171,98.56240055087162,0.0916051087687475,
2003-03,DE,2.04501890901981,1.1543056887907466,,2.17093844754882,230.0630090458461,0.0246141437499562,
2003-03,ES,2.829466000656381,2.382914945805581,,-1.7892928416121112,99.8137664794922,0.0774432153092898,
2003-03,FI,3.0231430854190187,1.916666072124488,,7.607462160769772,,0.013928660629752,
2003-03,FR,2.3947218940998902,1.3866658599050417,,1.427629375747163,227.4442440877204,0.037274829636707,
2003-03,GR,3.1185730300378633,3.2440112814273467,,-5.40185040428969,179.12492867957877,0.1727980579856181,
2003-03,IE,5.272759305746677,2.966666666666714,,-1.021930086668581,182.6609536398918,0.0069951429652126,
2003-03,IT,2.3424999999998364,1.7989986534804918,,0.29478338131302206,142.61327363065303,0.0776337731243504,
2003-03,NL,2.174311347608711,2.40788822695421,,2.8913235227653282,111.97281060375126,0.0149890589254002,
2003-03,PT,1.7666666666667237,2.616666666666915,,-7.461752827271137,128.7462127195503,0.012978341609982,
2003-04,AT,1.750000000000046,1.5050000000000285,,-0.869689998446973,,0.0255487693726251,
2003-04,BE,1.410019539940649,1.228404859713994,,3.105150399000045,84.05833847253518,0.0902328799976017,
2003-04,DE,0.8442069063475777,0.9488797276965721,,2.5716909828172065,155.8158241072787,0.0244718693713938,
2003-04,ES,2.4457306354248862,3.1181296099263234,,-1.7803531159150872,112.58623504638672,0.0762436640251578,
2003-04,FI,2.3035567799421397,1.9250000000001322,,6.1657738824639186,,0.013973702065932,
2003-04,FR,1.4930228903027976,1.923522225307145,,2.076771664809445,163.98829341298745,0.0369614595128348,
2003-04,GR,3.6434131318150045,3.6026352974011298,,-7.025110927554882,138.0506925607674,0.1598550778423113,
2003-04,IE,3.5816337603513553,4.100000000000003,,-0.9775939741683677,150.65468339925633,0.0068232639309616,
2003-04,IT,1.4399999999999913,2.184474059732422,,0.10245053095492129,110.2761462588889,0.0772052135041713,
2003-04,NL,0.9348182699979335,2.373292811839228,,2.616294574388501,97.93281727627048,0.0149583367328478,
2003-04,PT,0.22500000000001685,2.9548965611516933,,-6.996894559690409,112.6253433491407,0.0116522348166262,
2003-05,AT,1.8200000000000585,1.4933333333333243,,-0.8903387921455517,,0.0256002743707328,
2003-05,BE,1.501762802636971,1.2252487641902419,,3.133444842996152,104.2653773514968,0.0892083103762683,
2003-05,DE,0.9617397384508397,0.9191739137401234,,2.5784395036603747,120.43969312871911,0.0251860629367082,
2003-05,ES,2.5133157944492295,3.078486712149764,,-1.783440560415892,103.77159118652344,0.0740101549947664,
2003-05,FI,2.3567685219840095,1.900000000000146,,6.173817788294244,,0.0141982530469451,
2003-05,FR,1.5986281076892705,1.8840073186039565,,2.0573320135585016,112.24477553281294,0.0377061577019436,
2003-05,GR,3.6426682783429714,3.536374249962841,,-6.998254577907954,135.24176647999724,0.1556912321692651,
2003-05,IE,3.6852475549164527,4.0000000000000036,,-0.9925485885706499,112.24859523469,0.0069568230560073,
2003-05,IT,1.5399999999999934,2.1191218540236534,,0.1292104580690996,150.13939895191825,0.0780484394176082,
2003-05,NL,1.0345961882872956,2.35403805496827,,2.5711171235445995,131.71159285046275,0.0150063380546843,
2003-05,PT,0.4000000000000153,2.865216173105297,,-6.98710708192875,83.08300494943231,0.0119782684191628,
2003-06,AT,1.8900000000000712,1.48166666666662,,-0.9109875858441303,,0.0250006974181579,
2003-06,BE,1.5935060653332926,1.2220926686664892,,3.161739286992259,85.44472007286642,0.0884828636272228,
2003-06,DE,1.0792725705541018,0.8894680997836746,,2.585188024503543,78.66607555977765,0.0235509474330839,
2003-06,ES,2.580900953473573,3.0388438143732044,,-1.786528004916697,95.58781433105467,0.0763996684193844,
2003-06,FI,2.4099802640258794,1.8750000000001599,,6.181861694124567,,0.0125120561619504,
2003-06,FR,1.7042333250757435,1.8444924119007684,,2.0378923623075584,110.51318809066451,0.0389754619346583,
2003-06,GR,3.6419234248709387,3.4701132025245514,,-6.971398228261024,80.74967511248671,0.1491107945827856,
2003-06,IE,3.78886134948155,3.9000000000000035,,-1.007503202972932,77.09827116473394,0.0067680622095962,
2003-06,IT,1.6399999999999952,2.053769648314885,,0.15597038518327785,82.60993447607272,0.0774655853972059,
2003-06,NL,1.1343741065766575,2.334783298097311,,2.525939672700699,186.5958438475077,0.0153161127466955,
2003-06,PT,0.5750000000000133,2.7755357850589006,,-6.97731960416709,90.60605084723264,0.0107517528140712,
2003-07,AT,1.960000000000084,1.4699999999999158,,-0.931636379542709,,0.0231521323597439,
2003-07,BE,1.6852493280296144,1.218936573142737,,3.1900337309883664,91.05156364437512,0.0919603404852233,
2003-07,DE,1.1968054026573638,0.8597622858272258,,2.591936545346711,59.33775041373708,0.0240755599988048,
2003-07,ES,2.6484861124979164,2.999200916596645,,-1.7896154494175016,91.59559631347656,0.0748385765190804,
2003-07,FI,2.4631920060677492,1.8500000000001737,,6.189905599954892,,0.0135915540616752,
2003-07,FR,1.8098385424622165,1.8049775051975803,,2.018452711056615,90.50466993483332,0.0357722843532073,
2003-07,GR,3.6411785713989064,3.403852155086262,,-6.944541878614095,78.58704287705756,0.1473594433238117,
2003-07,IE,3.8924751440466476,3.8000000000000034,,-1.0224578173752144,81.04828399871978,0.0066435765472889,
2003-07,IT,1.739999999999997,1.9884174426061163,,0.18273031229745615,95.0433057866375,0.0794786207618202,
2003-07,NL,1.2341520248660198,2.3155285412263527,,2.4807622218567973,115.47150580304816,0.0158886909047443,
2003-07,PT,0.7500000000000118,2.6858553970125043,,-6.96753212640543,88.11736929748767,0.0123133381032612,
2003-08,AT,2.0300000000000966,1.4583333333332114,,-0.9522851732412876,,0.0227576489115907,
2003-08,BE,1.776992590725936,1.2157804776189847,,3.2183281749844728,62.25478552541618,0.0969358530113611,
2003-08,DE,1.3143382347606258,0.830056471870777,,2.598685066189879,59.89029265740471,0.0232225507214377,
2003-08,ES,2.7160712715222597,2.9595580188200854,,-1.7927028939183063,78.77227783203125,0.0753183391974471,
2003-08,FI,2.516403748109619,1.8250000000001876,,6.197949505785217,,0.0140354235398768,
2003-08,FR,1.9154437598486895,1.7654625984943921,,1.9990130598056712,30.62036753131553,0.035323981845633,
2003-08,GR,3.6404337179268738,3.337591107647973,,-6.917685528967166,78.94314775910539,0.1489818279359681,
2003-08,IE,3.996088938611745,3.700000000000003,,-1.0374124317774962,71.5524918058968,0.0065293990189905,
2003-08,IT,1.839999999999999,1.9230652368973478,,0.2094902394116344,79.42846607012834,0.0807000043029638,
2003-08,NL,1.3339299431553817,2.296273784355394,,2.435584771012896,39.25968254616553,0.0151802185620568,
2003-08,PT,0.9250000000000098,2.596175008966108,,-6.9577446486437715,78.53959300623204,0.0111631152906706,
2003-09,AT,2.1000000000001093,1.4466666666665073,,-0.9729339669398664,,0.0219368901452582,
2003-09,BE,1.868735853422258,1.2126243820952325,,3.24662261898058,78.45386937446888,0.0945589562961738,
2003-09,DE,1.4318710668638879,0.8003506579143282,,2.6054335870330476,89.45635685600394,0.0233398432161996,
2003-09,ES,2.7836564305466034,2.919915121043526,,-1.7957903384191114,88.26129913330078,0.0751571011871053,
2003-09,FI,2.569615490151489,1.8000000000002014,,6.205993411615543,,0.0141593609108243,
2003-09,FR,2.0210489772351625,1.725947691791204,,1.9795734085547279,95.08572423979165,0.0375042817702753,
2003-09,GR,3.6396888644548415,3.2713300602096838,,-6.890829179320239,107.06095432156208,0.144993052171873,
2003-09,IE,4.0997027331768425,3.600000000000003,,-1.0523670461797787,73.80747942644628,0.0065205287597793,
2003-09,IT,1.9400000000000013,1.8577130311885794,,0.23625016652581274,88.49612964452814,0.0783824290789233,
2003-09,NL,1.4337078614447443,2.2770190274844357,,2.390407320168995,132.81792147887185,0.014961054458074,
2003-09,PT,1.1000000000000085,2.506494620919712,,-6.947957170882113,93.83013324533484,0.0107954819644768,
2003-10,AT,1.349554239747769,1.2072425000005715,,-0.07814232356845588,,0.0217528999621319,
2003-10,BE,1.6196991222013624,1.4000000000003066,,4.274888774745808,89.82931037893385,0.0950771448732452,
2003-10,DE,1.1381890025099706,0.6875034299115013,,2.177653037925865,87.12670455794284,0.0238454357336026,
2003-10,ES,2.634530000309432,2.8280116799117794,,-2.677397598596192,86.33527374267578,0.0730424315930683,
2003-10,FI,2.243741794437626,1.72499999999996,,5.847627077380935,,0.014605045480624,
2003-10,FR,1.5770248860546232,1.732779266534018,,1.4814533218402528,80.04882987721244,0.0375030975647342,
2003-10,GR,3.8849258779074747,3.2050690127713946,,-6.573210464080514,91.10837928949846,0.1456293315448245,
2003-10,IE,3.0725296874616443,2.9499999999998137,,-1.2647407357662135,87.56699658715046,0.006480378735542,
2003-10,IT,1.3349999999999973,2.220445886137462,,-0.9146877624143718,102.58529949518412,0.0784033025175033,
2003-10,NL,0.9317126924262398,2.1944576688587905,,3.418229063679231,61.62483479440207,0.0163359424754916,
2003-10,PT,1.000000000000023,2.275000000000127,,-4.373674276137011,88.12686889067021,0.0109823341310976,
2003-11,AT,1.4162533731965559,1.1914916666673954,,-0.1032791807192103,,0.0215219897483611,
2003-11,BE,1.7121350984327877,1.400000000000412,,4.306955945540365,76.49287447280125,0.0985887603956253,
2003-11,DE,1.268532837707522,0.6504177880719072,,2.153767475919651,106.28778810147416,0.0241637130124608,
2003-11,ES,2.6779470627251647,2.793566253919296,,-2.673977000782731,93.20716094970705,0.0734161899501029,
2003-11,FI,2.3541376285529956,1.7166666666666368,,5.819773045474694,,0.0125551939040698,
2003-11,FR,1.7017537487027983,1.7097354698825895,,1.5094908581046496,78.83217926508614,0.0368856771941347,
2003-11,GR,3.874119198975756,3.1388079653331054,,-6.565539144006126,110.15478823607422,0.144027570063073,
2003-11,IE,3.3071245961028066,2.8333333333330843,,-1.2120735907847053,56.6550269492968,0.0067190025724827,
2003-11,IT,1.4433333333333298,2.151534553748232,,-0.8942820781617571,82.61743143260296,0.0802689577143919,
2003-11,NL,1.095079835448524,2.1462543513512107,,3.38118212231078,65.51658169399187,0.0165690081089776,
2003-11,PT,1.2000000000000233,2.1833333333334854,,-4.31977008982363,69.94559922432722,0.0124108733134926,
2003-12,AT,1.4829525066453426,1.1757408333342194,,-0.1284160378699647,,0.020460083313582,
2003-12,BE,1.804571074664213,1.4000000000005175,,4.339023116334922,82.09069698502663,0.0893046164221072,
2003-12,DE,1.398876672905073,0.613332146232313,,2.1298819139134366,61.57172265552139,0.0227081744608441,
2003-12,ES,2.721364125140898,2.7591208279268122,,-2.67055640296927,91.28174591064452,0.0718521636240053,
2003-12,FI,2.464533462668365,1.7083333333333135,,5.79191901356845,,0.0125021920097376,
2003-12,FR,1.8264826113509731,1.686691673231161,,1.537528394369046,75.70652767779616,0.0361871065550996,
2003-12,GR,3.8633125200440377,3.0725469178948153,,-6.557867823931739,93.88328246635184,0.1385986894091863,
2003-12,IE,3.5417195047439676,2.716666666666354,,-1.1594064458031967,64.20203373893872,0.0064304780393108,
2003-12,IT,1.5516666666666623,2.0826232213590017,,-0.8738763939091425,94.45005870488076,0.0743989012040897,
2003-12,NL,1.258446978470808,2.0980510338436305,,3.3441351809423288,82.01817519200297,0.0158745213018557,
2003-12,PT,1.4000000000000234,2.091666666666843,,-4.265865903510249,83.44420172260855,0.0108849489205115,
2004-01,AT,1.5496516400941296,1.1599900000010432,,-0.15355289502071912,,0.0228544452547457,
2004-01,BE,1.8970070508956383,1.400000000000623,,4.37109028712948,90.04635665304431,0.0900849224730694,
2004-01,DE,1.5292205081026244,0.576246504392719,,2.1059963519072227,59.47798619103748,0.0231976579745626,
2004-01,ES,2.764781187556631,2.724675401934329,,-2.6671358051558083,83.77072143554688,0.0688883612477425,
2004-01,FI,2.5749292967837345,1.6999999999999904,,5.764064981662209,,0.0125221311812904,
2004-01,FR,1.9512114739991482,1.6636478765797325,,1.5655659306334428,76.26369945252054,0.0355833539318327,
2004-01,GR,3.852505841112319,3.0062858704565265,,-6.550196503857351,100.41936486760336,0.1353679578983694,
2004-01,IE,3.776314413385129,2.599999999999625,,-1.1067393008216888,69.24369071990697,0.0061409213945869,
2004-01,IT,1.6599999999999948,2.0137118889697714,,-0.8534707096565279,92.18943690601158,0.0740377325222604,
2004-01,NL,1.4218141214930924,2.0498477163360507,,3.307088239573878,54.9160047736999,0.0150399183179752,
2004-01,PT,1.6000000000000236,2.0000000000002016,,-4.211961717196868,52.1883337021816,0.0122112756478816,
2004-02,AT,1.6338473367529562,1.1674075000009054,,-0.1953461745554916,,0.0224302583311067,
2004-02,BE,1.9843469795118085,1.4000000000005415,,4.358936638290263,73.33399278105136,0.0884338123334602,
2004-02,DE,1.583653780820147,0.631559295693257,,2.112547280842864,83.9258711432114,0.0257719161539684,
2004-02,ES,2.8340976385297774,2.7226191184398116,,-2.6759211070208138,89.25048828125,0.0651194062985633,
2004-02,FI,2.5686851887184132,1.7166666666666053,,5.755180146738972,,0.0125784227724854,
2004-02,FR,2.016692364944848,1.6578537354910439,,1.5782407291924208,51.82107709596744,0.0333830740180773,
2004-02,GR,3.737563661307153,2.987919118759541,,-6.539734664525264,88.79695540598098,0.1287352566968123,
2004-02,IE,3.8745458135952853,2.5916666666663275,,-1.0550312443527874,27.36374363636364,0.0057566145905159,
2004-02,IT,1.7516666666666458,2.0159025648888846,,-0.821778115768557,73.69560899443312,0.0751451648305357,
2004-02,NL,1.5266385508106919,2.0456937399746575,,3.2947196609937235,42.199578597382825,0.0140317649898818,
2004-02,PT,1.7416666666666858,2.016666666666848,,-4.1689139978985645,83.41621269343376,0.0108727653260809,
2004-03,AT,1.7180430334117833,1.1748250000007676,,-0.23713945409026407,,0.0221410919265274,
2004-03,BE,2.0716869081279787,1.4000000000004602,,4.3467829894510475,64.25852460819148,0.0838567153590074,
2004-03,DE,1.63808705353767,0.686872086993795,,2.119098209778505,117.33881019613575,0.025535335279029,
2004-03,ES,2.903414089502924,2.720562834945295,,-2.6847064088858192,71.30262756347656,0.0661313373937333,
2004-03,FI,2.562441080653092,1.7333333333332201,,5.746295311815737,,0.009348444745169,
2004-03,FR,2.082173255890548,1.6520595944023553,,1.5909155277513989,156.44855883824565,0.0353641863215017,
2004-03,GR,3.6226214815019864,2.9695523670625557,,-6.529272825193178,90.26795116304334,0.1198999114336569,
2004-03,IE,3.9727772138054416,2.5833333333330306,,-1.0033231878838862,50.7198404230355,0.0054226539446569,
2004-03,IT,1.8433333333332969,2.018093240807998,,-0.7900855218805859,134.71387609168883,0.0751857820461796,
2004-03,NL,1.6314629801282918,2.041539763613265,,3.282351082413569,69.74753245207181,0.0139855386915809,
2004-03,PT,1.883333333333348,2.0333333333334944,,-4.125866278600261,87.41291962263591,0.0105273009327665,
2004-04,AT,1.6192954730556264,1.3366750000003147,,-0.2988420036560622,,0.0220350777907013,
2004-04,BE,1.9400279620539085,1.400000000000462,,4.572560497210932,62.40824071461322,0.0833800590122344,
2004-04,DE,1.6534783823238919,0.9322451625613848,,2.9715780709437754,104.87960417696438,0.025312931159027,
2004-04,ES,2.917240756191725,2.7184596958970464,,-2.8797177125484925,82.53748321533203,0.0632461400670074,
2004-04,FI,2.7783101394206366,0.778520390231513,,5.974285588806662,,0.0092407531384842,
2004-04,FR,1.9317120673772503,1.7317228869651924,,0.4035530284069575,169.8411115861124,0.0335847772850169,
2004-04,GR,3.7500000000000036,3.249999999999864,,-4.843870099107972,92.15784854458678,0.1253970936127069,
2004-04,IE,3.8475679411709045,2.547294435662989,,-2.1618233980014017,47.93664475665992,0.005235419617762,
2004-04,IT,1.4150000000000162,2.112276242026312,,-0.7638110921564039,107.23698313007688,0.0756944162156987,
2004-04,NL,1.2531248345344193,1.2250000000000927,,2.701134650435292,41.04091188632631,0.0143075920662446,
2004-04,PT,1.2886348310982954,2.0184819585224725,,-4.266764975625075,71.91490210220827,0.0114561539161284,
2004-05,AT,1.7070049132498357,1.3326000000003428,,-0.31600801530011047,,0.0218526586693752,
2004-05,BE,1.9949968505010331,1.4000000000003714,,4.564853019644678,68.37376671466652,0.0837691600476269,
2004-05,DE,1.6821726920305182,0.9233932793815866,,2.937983150617298,126.78747015041036,0.0262354809129323,
2004-05,ES,2.9639363014475713,2.7164086185751986,,-2.8810933362232722,86.30039978027344,0.0647444133710942,
2004-05,FI,2.749674498056276,0.8043158183709265,,6.005969935876452,,0.0092685027502104,
2004-05,FR,1.9892877586189073,1.7187585642099843,,0.4311365563960793,170.88303595401322,0.0353594977764078,
2004-05,GR,3.6666666666666696,3.233333333333155,,-4.796487932375657,115.3012554596015,0.1305843656664692,
2004-05,IE,3.942147332205385,2.530928387255941,,-2.068180857630305,57.02183193146852,0.0049642344453578,
2004-05,IT,1.4800000000000146,2.1042455484677243,,-0.7376130473767937,91.05515258690932,0.0741438148481339,
2004-05,NL,1.3336241473503874,1.2000000000001565,,2.7182124025820924,63.3750494228164,0.0139280743152803,
2004-05,PT,1.4444486192437027,2.006985728212903,,-4.2377207291796735,77.48185800167391,0.0119902638029448,
2004-06,AT,1.7947143534440453,1.3285250000003708,,-0.3331740269441587,,0.021677813836323,
2004-06,BE,2.049965738948158,1.4000000000002806,,4.557145542078424,76.27653753109547,0.081412601409142,
2004-06,DE,1.7108670017371448,0.9145413962017882,,2.904388230290821,104.78895377091062,0.0276303180520316,
2004-06,ES,3.010631846703417,2.7143575412533503,,-2.882468959898052,94.5066375732422,0.0623410623910886,
2004-06,FI,2.7210388566919153,0.83011124651034,,6.037654282946242,,0.0089651140128629,
2004-06,FR,2.046863449860564,1.7057942414547758,,0.458720084385201,128.39175889406027,0.0353250598699782,
2004-06,GR,3.5833333333333366,3.2166666666664456,,-4.749105765643341,83.76631496945593,0.1288234109285529,
2004-06,IE,4.036726723239866,2.514562338848893,,-1.9745383172592084,44.865960703392986,0.0050275843313227,
2004-06,IT,1.545000000000013,2.096214854909136,,-0.7114150025971835,104.18458235056296,0.0768221793697556,
2004-06,NL,1.4141234601663555,1.1750000000002203,,2.7352901547288937,82.67210392817113,0.0149418873702392,
2004-06,PT,1.6002624073891099,1.9954894979033337,,-4.208676482734272,67.42079822787781,0.0129814031095514,
2004-07,AT,1.8824237936382548,1.324450000000399,,-0.35034003858820695,,0.0212726113312938,
2004-07,BE,2.104934627395283,1.40000000000019,,4.54943806451217,58.707734551130415,0.0810715396064917,
2004-07,DE,1.7395613114437714,0.90568951302199,,2.870793309964344,57.15773499220167,0.0276466359165808,
2004-07,ES,3.0573273919592636,2.712306463931502,,-2.8838445835728312,90.30413055419922,0.0578080469207104,
2004-07,FI,2.6924032153275546,0.8559066746497535,,6.0693386300160315,,0.0084878095511807,
2004-07,FR,2.104439141102221,1.6928299186995677,,0.48630361237432274,99.18595921664118,0.0350982788427964,
2004-07,GR,3.500000000000003,3.1999999999997364,,-4.701723598911026,73.49641372344679,0.1238429620172358,
2004-07,IE,4.131306114274347,2.4981962904418453,,-1.8808957768881118,54.264764474879456,0.0050385965244208,
2004-07,IT,1.6100000000000114,2.088184161350548,,-0.6852169578175732,168.23732870249657,0.075221625066697,
2004-07,NL,1.4946227729823236,1.1500000000002841,,2.7523679068756945,41.111671123794025,0.0148327212003156,
2004-07,PT,1.7560761955345172,1.9839932675937644,,-4.179632236288871,97.37409000002788,0.0133998897012033,
2004-08,AT,1.9701332338324642,1.3203750000004268,,-0.3675060502322552,,0.0214278922013432,
2004-08,BE,2.159903515842408,1.4000000000000994,,4.541730586945916,46.59220030583423,0.0784653359620706,
2004-08,DE,1.7682556211503977,0.8968376298421916,,2.8371983896378667,60.6418377273354,0.0283168374722459,
2004-08,ES,3.1040229372151096,2.7102553866096537,,-2.8852202072476105,69.51374053955078,0.05741875864111,
2004-08,FI,2.663767573963194,0.8817021027891669,,6.101022977085821,,0.0083585851565613,
2004-08,FR,2.162014832343878,1.6798655959443594,,0.5138871403634445,99.52498681814468,0.0347796850776098,
2004-08,GR,3.4166666666666696,3.183333333333027,,-4.65434143217871,95.49720963249725,0.123809484559875,
2004-08,IE,4.225885505308828,2.4818302420347975,,-1.787253236517015,49.767292051634165,0.0048136316228496,
2004-08,IT,1.6750000000000098,2.08015346779196,,-0.6590189130379629,76.95778875628767,0.0754966304204715,
2004-08,NL,1.5751220857982915,1.125000000000348,,2.7694456590224954,64.95390109036805,0.0135245504247749,
2004-08,PT,1.9118899836799244,1.972497037284195,,-4.150587989843468,81.36420492742879,0.0102062244161193,
2004-09,AT,2.057842674026674,1.3163000000004552,,-0.38467206187630354,,0.0208591199065724,
2004-09,BE,2.2148724042895327,1.4000000000000088,,4.534023109379662,81.75435642440306,0.0780632146757907,
2004-09,DE,1.7969499308570245,0.8879857466623935,,2.8036034693113896,65.45806272004832,0.0283567493601478,
2004-09,ES,3.150718482470957,2.708204309287806,,-2.8865958309223907,86.81231689453125,0.0581827363772758,
2004-09,FI,2.635131932598833,0.9074975309285804,,6.132707324155611,,0.0084207524869043,
2004-09,FR,2.219590523585535,1.6669012731891513,,0.5414706683525663,143.28975635656326,0.0351242096019047,
2004-09,GR,3.3333333333333366,3.166666666666318,,-4.606959265446395,104.70982876111545,0.1283960596522598,
2004-09,IE,4.320464896343308,2.4654641936277497,,-1.6936106961459185,50.54782237361684,0.0048630369868368,
2004-09,IT,1.7400000000000082,2.0721227742333723,,-0.6328208682583528,92.8344412284876,0.0775932427271473,
2004-09,NL,1.6556213986142598,1.1000000000004118,,2.7865234111692967,135.37761577919227,0.0134941026522891,
2004-09,PT,2.067703771825332,1.961000806974626,,-4.1215437433980675,72.95850401380032,0.0112095133070337,
2004-10,AT,2.2062228242082425,1.5850000000002307,,-1.0936438290154207,,0.0193087357845887,
2004-10,BE,2.306551710744892,1.6499999999997073,,4.575834516727632,78.9072289574882,0.0747759936860396,
2004-10,DE,1.8554464030054785,1.4305926415794645,,4.672377076229255,115.98436874512058,0.0283155744259663,
2004-10,ES,2.8414928878948085,2.7575425476327684,,-3.540812797851589,81.75411224365234,0.0535311549392737,
2004-10,FI,2.6749712649607735,1.0065690432881025,,6.07244558965482,,0.008829471017608,
2004-10,FR,2.4174518153742666,2.139510720904042,,-0.6440417471163402,122.15467489215936,0.032386241394148,
2004-10,GR,3.2399999999999984,3.3749999999997176,,-5.762606469462213,130.24143743825914,0.1232181597558434,
2004-10,IE,4.961121025743098,2.1499999999999577,,-1.3861819762715053,69.18187728502949,0.004745003272416,
2004-10,IT,1.7749999999999932,2.0640920806747842,,-0.8580845326414761,96.10472155734692,0.0757106368211299,
2004-10,NL,1.6025724599380342,1.1498565091473456,,3.0841926782186855,71.75050078816925,0.0130616044586733,
2004-10,PT,1.9997500000000001,2.27500000000021,,-6.261391175869477,103.0396569040956,0.011323785379684,
2004-11,AT,2.2722404892702572,1.5766666666668963,,-1.1006989174206252,,0.0195883600909279,
2004-11,BE,2.2896943786640533,1.6333333333329683,,4.585807846417163,65.8198994895636,0.0728524253160127,
2004-11,DE,1.8338526044101209,1.3938187669955433,,4.698812605082943,68.12167174409154,0.0283220479350751,
2004-11,ES,2.864925782205604,2.7549094952097084,,-3.5532510078284245,84.2336196899414,0.0533360485994389,
2004-11,FI,2.6578042846788517,1.1056383466205448,,6.100893100214871,,0.0089703358555327,
2004-11,FR,2.3935185556354877,2.112607430420177,,-0.6442271004561922,195.9334152315251,0.0326425593481139,
2004-11,GR,3.1666666666666656,3.3833333333329976,,-5.739932794371823,87.58476224405037,0.1226056408712235,
2004-11,IE,4.9877603307848375,2.1333333333332725,,-1.3677761729058813,76.5106447684729,0.0047691023221325,
2004-11,IT,1.816666666666659,2.0560613871161966,,-0.8316655223635835,133.16458209065166,0.0736514807638613,
2004-11,NL,1.661791223145818,1.124844588985278,,3.1056364650647743,79.44518474048576,0.0130179255725789,
2004-11,PT,2.066500000000001,2.2500000000002225,,-6.278505457012132,119.7940437295146,0.010882766646142,
2004-12,AT,2.3382581543322716,1.568333333333562,,-1.1077540058258293,,0.0183993653871579,
2004-12,BE,2.2728370465832146,1.6166666666662295,,4.595781176106693,65.22709515881675,0.0723351416936902,
2004-12,DE,1.8122588058147628,1.3570448924116223,,4.7252481339366295,54.96220544833391,0.0273158906191701,
2004-12,ES,2.8883586765163987,2.7522764427866475,,-3.56568921780526,70.70520782470703,0.0523820896060416,
2004-12,FI,2.6406373043969293,1.204707649952987,,6.129340610774921,,0.0086824962850229,
2004-12,FR,2.369585295896709,2.085704139936312,,-0.6444124537960443,110.08412534789858,0.0325616387785502,
2004-12,GR,3.093333333333333,3.391666666666278,,-5.717259119281431,124.70855327873696,0.1132949057738898,
2004-12,IE,5.014399635826575,2.116666666666587,,-1.349370369540257,68.40690406277017,0.0044965240466043,
2004-12,IT,1.8583333333333247,2.0480306935576085,,-0.805246512085691,103.2715252621333,0.0684344479869192,
2004-12,NL,1.7210099863536017,1.0998326688232103,,3.1270802519108627,93.36709043607657,0.0129877329467454,
2004-12,PT,2.133250000000001,2.225000000000234,,-6.295619738154787,130.8548289488948,0.0110060124636668,
2005-01,AT,2.404275819394286,1.5600000000002279,,-1.1148090942310338,,0.0204322850714411,
2005-01,BE,2.2559797145023763,1.5999999999994907,,4.6057545057962255,65.32436612226883,0.0696159183608858,
2005-01,DE,1.7906650072194052,1.320271017827701,,4.751683662790318,48.37983740069616,0.0278996320665766,
2005-01,ES,2.9117915708271935,2.7496433903635875,,-3.5781274277820954,65.31719207763672,0.050228251647301,
2005-01,FI,2.623470324115007,1.3037769532854293,,6.157788121334972,,0.0076121439838363,
2005-01,FR,2.3456520361579303,2.058800849452447,,-0.6445978071358962,65.62034218882098,0.0330708952693329,
2005-01,GR,3.0200000000000005,3.399999999999559,,-5.694585444191041,108.65581164802671,0.1110810757090894,
2005-01,IE,5.041038940868314,2.099999999999902,,-1.330964566174633,32.5338518810222,0.0043826951315938,
2005-01,IT,1.8999999999999906,2.0399999999990204,,-0.7788275018077985,65.03635842622201,0.068843758031925,
2005-01,NL,1.7802287495613855,1.0748207486611427,,3.1485240387569515,72.95808862043624,0.0129601020563416,
2005-01,PT,2.200000000000002,2.200000000000246,,-6.3127340192974435,105.0477535475284,0.0113059299822147,
2005-02,AT,2.4105212968864493,1.551666666666803,,-1.125944320463218,,0.0198914254542869,
2005-02,BE,2.248840321649109,1.5833333333329036,,4.612346948411979,66.00580518628678,0.0717561092149452,
2005-02,DE,1.8382691838280378,1.3019150996753492,,4.714726835065418,53.16243109667042,0.0273864072813669,
2005-02,ES,2.9392590342076255,2.7455064411666044,,-3.5962089454900767,73.1854248046875,0.0492262731625893,
2005-02,FI,2.604847797105394,1.3617955405116084,,6.178458529694414,,0.0083952996931891,
2005-02,FR,2.3353647019547563,2.03745781131953,,-0.6370581121939917,90.66367573464956,0.0350177566861928,
2005-02,GR,2.98500000000003,3.3999999999996144,,-5.66918729975268,89.08405094155638,0.1144564890211055,
2005-02,IE,4.998173230731329,2.0916666666665713,,-1.321012096150785,54.42745650474247,0.0044096020853966,
2005-02,IT,1.936666666666622,2.039999999999124,,-0.7539202938303687,89.35125420211816,0.0710816282705495,
2005-02,NL,1.8599035777390842,1.1269190196060301,,3.208827252227091,50.1295598552088,0.0131545459593529,
2005-02,PT,2.2249741663840306,2.2000000000001867,,-6.294784737501907,108.5956561423486,0.0122361198915233,
2005-03,AT,2.4167667743786128,1.5433333333333779,,-1.1370795466954025,,0.019711160482788,
2005-03,BE,2.2417009287958423,1.5666666666663165,,4.618939391027733,63.926446898991,0.067779417470982,
2005-03,DE,1.8858733604366702,1.2835591815229974,,4.67777000734052,40.66995723542095,0.0279894100958098,
2005-03,ES,2.966726497588057,2.7413694919696217,,-3.614290463198058,69.89508819580078,0.0484828401392866,
2005-03,FI,2.58622527009578,1.4198141277377878,,6.199128938053855,,0.007940591641666,
2005-03,FR,2.3250773677515824,2.0161147731866134,,-0.629518417252087,107.57062160498508,0.0342915683306708,
2005-03,GR,2.9500000000000597,3.39999999999967,,-5.64378915531432,83.07676784030608,0.1118013635742053,
2005-03,IE,4.955307520594343,2.0833333333332407,,-1.3110596261269372,26.301816298721448,0.0043120140916037,
2005-03,IT,1.9733333333332528,2.0399999999992278,,-0.729013085852939,103.46142194971316,0.0698213122972404,
2005-03,NL,1.9395784059167829,1.1790172905509173,,3.2691304656972306,68.50949797408707,0.0127806312191894,
2005-03,PT,2.249948332768059,2.200000000000128,,-6.276835455706369,88.5669225720894,0.0133333333333333,
2005-04,AT,2.1969519709307828,1.9400000000000361,61.0,-1.0620653244650693,,0.0195992022206977,
2005-04,BE,2.1240614886173184,2.1499999999997463,92.5,4.306289870661606,67.8059715858005,0.06486557642651,
2005-04,DE,1.0535659387281515,1.393240324608369,68.7,3.706393841647034,34.602835639855265,0.0270355712916776,
2005-04,ES,2.807314464805144,3.0303237959494194,43.5,-4.974150412755723,68.86882019042969,0.0454543027973521,
2005-04,FI,3.1077342422101637,1.3442175267852075,48.4,4.72993988951883,,0.0072911922567793,
2005-04,FR,2.0643227922935434,1.9814383425589333,66.4,-0.34976404482580153,117.04656631343488,0.0330676857554356,
2005-04,GR,3.0025000000000026,3.099999999999742,105.7,-3.426142515050408,105.66613606533456,0.1108070443150322,
2005-04,IE,4.739994056366831,2.1116377213154793,29.8,-1.6331623158685438,47.33613123301984,0.0041837855428548,
2005-04,IT,1.3747500000000912,1.8061098988362778,109.1,-1.2136927150918135,103.64127487483616,0.0688131320843844,
2005-04,NL,1.6922886805573578,1.287535296016884,56.3,4.256123808827422,57.912437522834544,0.0130250891025963,
2005-04,PT,1.9250000000002543,2.200000000000424,71.4,-7.067839321966805,77.06101166521596,0.011237352794825,
2005-05,AT,2.213445695420635,1.9200000000000252,61.56666666666667,-1.06958605080907,,0.0195299192118995,
2005-05,BE,2.1450590840597377,2.1333333333331796,92.35000000000001,4.297797804613138,82.82257862790655,0.0624359627928115,
2005-05,DE,1.1529681043743005,1.3667059774805201,68.78333333333333,3.675035577240136,66.3990496390438,0.0267721710918648,
2005-05,ES,2.82379926588406,2.999056506971054,43.1,-5.016459696174897,75.66001892089844,0.0457516790519343,
2005-05,FI,3.0944798634453763,1.372637801586844,48.25,4.755026397295136,,0.00725498122042,
2005-05,FR,2.0781986399835084,1.967467859624672,66.61666666666667,-0.318147338922255,149.0582620569789,0.0326717232620979,
2005-05,GR,2.9966666666666697,3.0999999999997474,105.76666666666668,-3.402295114378958,87.97793142690293,0.1081586382770473,
2005-05,IE,4.726549958642575,2.099233530058157,29.8,-1.6073657281360068,63.82414177896331,0.0039111224070851,
2005-05,IT,1.4496666666667861,1.8065279680053412,109.31666666666666,-1.1843387467658972,104.25213261739964,0.0665756088250556,
2005-05,NL,1.7538629886172608,1.2666980409039426,56.06666666666666,4.286903715009456,42.58609906541583,0.0121745264809737,
2005-05,PT,1.9666666666668644,2.200000000000335,71.13333333333334,-7.050159304584945,94.74230145114588,0.011823306115128,
2005-06,AT,2.229939419910487,1.9000000000000146,62.13333333333334,-1.0771067771530705,,0.018013283490001,
2005-06,BE,2.166056679502158,2.116666666666613,92.2,4.2893057385646705,91.57900761036072,0.0607095221739134,0.0
2005-06,DE,1.2523702700204493,1.3401716303526712,68.86666666666667,3.643677312833238,95.04406016582328,0.0255045139628306,0.0
2005-06,ES,2.840284066962976,2.9677892179926895,42.7,-5.05876897959407,83.5529556274414,0.044797636326242,0.0
2005-06,FI,3.081225484680589,1.4010580763884801,48.1,4.780112905071443,,0.006845971787541,0.0
2005-06,FR,2.092074487673473,1.9534973766904107,66.83333333333334,-0.2865306330187084,117.7484239163392,0.0336742029980792,0.0
2005-06,GR,2.9908333333333372,3.0999999999997527,105.83333333333334,-3.3784477137075073,89.32432447862644,0.1141924406389083,
2005-06,IE,4.7131058609183185,2.0868293388008348,29.800000000000004,-1.5815691404034697,74.62361092889174,0.0037829704624527,
2005-06,IT,1.5245833333334808,1.8069460371744044,109.53333333333333,-1.1549847784399812,87.67657005099656,0.0678057608453132,0.0
2005-06,NL,1.8154372966771637,1.2458607857910013,55.83333333333333,4.317683621191489,108.47030347486783,0.0134025530816926,0.0
2005-06,PT,2.008333333333475,2.200000000000246,70.86666666666667,-7.032479287203085,94.58574559736242,0.0112002505052145,0.0
2005-07,AT,2.2464331444003394,1.880000000000004,62.7,-1.084627503497071,,0.0177491448415193,
2005-07,BE,2.1870542749445776,2.1000000000000463,92.05,4.280813672516203,63.11204587123851,0.0623526121734163,0.0
2005-07,DE,1.3517724356665983,1.3136372832248222,68.95,3.612319048426339,80.35967702934185,0.0254653228171359,0.0
2005-07,ES,2.8567688680418923,2.936521929014324,42.3,-5.1010782630132425,70.46212768554688,0.0432790906805717,0.0
2005-07,FI,3.067971105915801,1.4294783511901166,47.95,4.805199412847749,,0.0078011140806709,0.0
2005-07,FR,2.105950335363438,1.9395268937561494,67.05000000000001,-0.2549139271151618,101.27151544606296,0.0318047482268235,0.0
2005-07,GR,2.9850000000000043,3.0999999999997585,105.9,-3.354600313036057,76.45739446832084,0.1166366496528737,
2005-07,IE,4.699661763194063,2.0744251475435127,29.8,-1.5557725526709327,36.51014924072652,0.003712530286805,
2005-07,IT,1.5995000000001758,1.8073641063434676,109.75,-1.1256308101140649,81.49494186998265,0.0669684968102945,0.0
2005-07,NL,1.8770116047370666,1.22502353067806,55.599999999999994,4.348463527373523,81.89519200633293,0.0120563890851658,0.0
2005-07,PT,2.050000000000085,2.2000000000001574,70.6,-7.014799269821223,108.8315119796599,0.0122054624635883,0.0
2005-08,AT,2.262926868890191,1.859999999999993,63.26666666666668,-1.0921482298410716,,0.0175998797873739,
2005-08,BE,2.2080518703869974,2.0833333333334796,91.9,4.2723216064677345,51.19013623777451,0.0625910463227747,0.0
2005-08,DE,1.4511746013127471,1.2871029360969732,69.03333333333333,3.5809607840194406,68.51801349178504,0.0259580592489464,0.0
2005-08,ES,2.8732536691208086,2.9052546400359587,41.900000000000006,-5.143387546432416,57.76059341430664,0.0430565762628713,0.0
2005-08,FI,3.054716727151013,1.4578986259917528,47.800000000000004,4.830285920624055,,0.0077894381476617,0.0
2005-08,FR,2.1198261830534024,1.9255564108218879,67.26666666666668,-0.22329722121161524,85.01700716945757,0.0320579112645624,0.0
2005-08,GR,2.9791666666666714,3.099999999999764,105.96666666666667,-3.3307529123646065,79.63436945580197,0.0985949397090629,
2005-08,IE,4.6862176654698064,2.06202095628619,29.800000000000004,-1.5299759649383955,42.996861934451935,0.0036922921884272,
2005-08,IT,1.6744166666668705,1.8077821755125307,109.96666666666667,-1.0962768417881485,90.10993817414784,0.0669164117473829,0.0
2005-08,NL,1.9385859127969696,1.2041862755651185,55.36666666666667,4.379243433555557,120.03211055940386,0.0121651902236722,0.0
2005-08,PT,2.091666666666695,2.2000000000000686,70.33333333333334,-6.997119252439363,56.70643350706329,0.0116553446039753,0.0
2005-09,AT,2.2794205933800438,1.8399999999999825,63.833333333333336,-1.0996689561850723,,0.0169007227599324,
2005-09,BE,2.2290494658294175,2.066666666666913,91.75,4.263829540419267,65.70967211822116,0.0604835609706253,0.0
2005-09,DE,1.5505767669588963,1.2605685889691243,69.11666666666667,3.549602519612543,202.56433474513776,0.0252976629947029,0.0
2005-09,ES,2.889738470199725,2.873987351057594,41.5,-5.18569682985159,78.24829864501953,0.0428683557635876,0.0
2005-09,FI,3.0414623483862258,1.4863189007933895,47.650000000000006,4.855372428400362,,0.0083076935750266,0.0
2005-09,FR,2.1337020307433674,1.9115859278876268,67.48333333333333,-0.19168051530806868,156.9485912734985,0.0307790301299775,0.0
2005-09,GR,2.973333333333339,3.09999999999977,106.03333333333333,-3.306905511693156,79.74104679620626,0.1036196139703892,
2005-09,IE,4.672773567745551,2.0496167650288686,29.800000000000004,-1.5041793772058587,82.73256865056818,0.0037769511258661,
2005-09,IT,1.7493333333335657,1.8082002446815941,110.18333333333334,-1.0669228734622322,136.10192177098463,0.0663143672475608,0.0
2005-09,NL,2.0001602208568725,1.1833490204521773,55.13333333333333,4.410023339737591,184.3046929012114,0.0117944825290317,0.0
2005-09,PT,2.1333333333333058,2.1999999999999797,70.06666666666666,-6.979439235057503,99.83046602505884,0.0119735720734784,0.0
2005-10,AT,2.093618926645874,1.859999999999823,64.4,-0.23653934166931823,,0.0160329390012155,
2005-10,BE,1.776513984344169,2.0000000000000573,91.6,4.008836315597981,70.61373147806424,0.0625565271277124,0.0
2005-10,DE,1.123085718027611,1.7121438692350333,69.2,4.382307084274689,83.17199665092349,0.0251962507637437,0.0
2005-10,ES,3.079758520336279,3.057453261311349,41.1,-6.6988614382476115,89.1936264038086,0.0415455189141144,0.0
2005-10,FI,2.8578352123612705,1.3738996986959073,47.5,4.1646775363957715,,0.008051015688634,0.0
2005-10,FR,1.6850740685686094,1.781147272751149,67.7,-1.4176025255394182,62.82376911433869,0.0322547810509382,0.0
2005-10,GR,2.990000000000009,3.362499999999913,106.1,-4.005011255326794,87.63689233865394,0.1097570168605673,
2005-10,IE,4.885549867283261,2.4346252822734504,29.8,-1.6757685288914552,37.96853215775749,0.0033649694154708,
2005-10,IT,1.075823039960269,2.0018610833376025,110.4,-1.496182584406419,55.540821639904,0.067422995418221,0.0001661275733628
2005-10,NL,1.6762106153914047,-1.5830487439075085,54.9,5.18686232624867,48.54337964107997,0.0119609883026522,0.0
2005-10,PT,1.0250000000000037,2.441100116234518,69.8,-7.858880868233495,65.99955983589243,0.0126528700343693,0.0
2005-11,AT,2.1200207682260572,1.8399999999998011,64.2,-0.2600560637959567,,0.0165385770843529,0.0
2005-11,BE,1.8458988160006389,1.9666666666667239,90.6,3.9901463494482567,65.88306873019259,0.0621266931469174,0.0
2005-11,DE,1.1616602958060405,1.7120552866278524,69.21666666666667,4.388775735507084,140.06554212817812,0.0254151796397802,0.0
2005-11,ES,3.061002423014551,3.0380045187741476,40.63333333333333,-6.7576005097741145,102.55602264404295,0.0413333567019286,0.0
2005-11,FI,2.978000408019129,1.4159331324639424,46.66666666666667,4.251905860389845,,0.0083725424963959,0.0
2005-11,FR,1.7082077345143776,1.7728212711682605,67.4,-1.4318331854041477,85.19086768815166,0.0319827564058646,0.0
2005-11,GR,2.9666666666666766,3.3416666666665393,105.63333333333333,-4.014648816754477,79.73137414320244,0.1107677621227924,0.0
2005-11,IE,4.877787938898685,2.450674297116577,29.416666666666668,-1.7084885090299933,67.94043793961904,0.0032960397797904,
2005-11,IT,1.1960543505503407,1.9876125565077045,110.06666666666668,-1.4693011490441998,74.4959471618418,0.0668024224675595,0.0
2005-11,NL,1.7858990110119453,-1.9108790642681914,54.46666666666667,5.215931500251065,80.5274563899464,0.0113208117677364,0.0
2005-11,PT,1.0833333333333361,2.4559016180043307,69.55,-7.80232173485055,99.54891497758732,0.0119164159236816,0.0
2005-12,AT,2.1464226098062404,1.8199999999997791,64.0,-0.28357278592259516,,0.0150028570912169,0.0
2005-12,BE,1.9152836476571085,1.9333333333333906,89.6,3.9714563832985323,70.3230195309745,0.0613567112802753,0.0
2005-12,DE,1.2002348735844695,1.7119667040206712,69.23333333333333,4.395244386739479,63.6154050499558,0.0250642803754204,0.0
2005-12,ES,3.0422463256928225,3.0185557762369455,40.166666666666664,-6.8163395813006185,81.38726806640625,0.0402318582723958,0.0
2005-12,FI,3.098165603676987,1.4579665662319774,45.83333333333333,4.339134184383918,,0.0082913433029276,0.0
2005-12,FR,1.7313414004601457,1.7644952695853717,67.10000000000001,-1.4460638452688768,53.46963972935783,0.0308189055320993,0.0
2005-12,GR,2.943333333333344,3.320833333333166,105.16666666666666,-4.024286378182159,75.22750124687751,0.1099337516824276,0.0
2005-12,IE,4.870026010514107,2.4667233119597025,29.033333333333335,-1.7412084891685309,50.58496940457301,0.0031313767062626,
2005-12,IT,1.3162856611404121,1.973364029677806,109.73333333333333,-1.4424197136819805,71.64258994987742,0.0628284740337188,0.0
2005-12,NL,1.8955874066324854,-2.238709384628874,54.03333333333333,5.245000674253458,140.37030213384026,0.0134110347565439,0.0
2005-12,PT,1.1416666666666686,2.470703119774142,69.3,-7.7457626014676055,95.92280088450804,0.0112928672257743,0.0
2006-01,AT,2.1728244513864237,1.7999999999997573,63.800000000000004,-0.30708950804923363,,0.0164844190618035,0.0
2006-01,BE,1.9846684793135783,1.9000000000000572,88.6,3.952766417148808,70.49750529243613,0.0609989294617424,0.0
2006-01,DE,1.2388094513628989,1.7118781214134904,69.25,4.401713037971873,88.12340394353109,0.0246998035622743,0.0
2006-01,ES,3.023490228371095,2.999107033699744,39.7,-6.875078652827122,79.99264526367188,0.0372884204449912,0.0
2006-01,FI,3.2183307993348453,1.5000000000000124,45.0,4.426362508377992,,0.0089547611179784,0.0
2006-01,FR,1.7544750664059139,1.7561692680024832,66.80000000000001,-1.460294505133606,78.6029530513306,0.0297625246542753,0.0
2006-01,GR,2.9200000000000115,3.299999999999792,104.69999999999999,-4.033923939609842,70.49065228624912,0.1091510512888185,0.0
2006-01,IE,4.86226408212953,2.482772326802829,28.65,-1.773928469307069,60.09883805162288,0.0030843129380682,
2006-01,IT,1.4365169717304838,1.959115502847908,109.4,-1.4155382783197614,94.97697756731073,0.0639563549914847,0.0
2006-01,NL,2.005275802253026,-2.5665397049895566,53.599999999999994,5.274069848255851,98.84447849902824,0.0125364477036572,0.0
2006-01,PT,1.200000000000001,2.4855046215439547,69.05,-7.68920346808466,73.85858090316367,0.0118680281924635,0.0
2006-02,AT,2.167818506109409,1.7908333333331452,63.60000000000001,-0.2818386478147227,,0.0160154425898374,0.0
2006-02,BE,2.0149053580074665,1.8916666666666213,87.6,3.9379033051949697,75.05370622809563,0.0630288469355451,0.0
2006-02,DE,1.2647932367281252,1.6942216112957023,69.26666666666667,4.397910968868821,76.18671685064949,0.0242708769426023,0.0
2006-02,ES,3.024264526802961,2.9814574031109133,39.233333333333334,-6.916345211933318,83.89810180664062,0.0357657142216089,0.0
2006-02,FI,3.133469899390273,1.5083333333334115,44.16666666666667,4.43357199593038,,0.0085466264599978,0.0
2006-02,FR,1.8218831876085695,1.7589077072194128,66.50000000000001,-1.4346698613061895,55.29086298444636,0.0301315285894001,0.0
2006-02,GR,2.934999999999982,3.2766666666664968,104.23333333333333,-4.041026579041265,61.78923919707048,0.106743231929521,0.0
2006-02,IE,4.847895960315349,2.4675412995692145,28.26666666666667,-1.775060877344683,28.59201832540729,0.002918694468383,
2006-02,IT,1.4568260233172277,1.9465176557192636,109.06666666666668,-1.366663216823984,43.25146122161768,0.0634678727503732,0.0
2006-02,NL,2.074470942670879,-2.219328062907075,53.166666666666664,5.314234974535428,34.514424364057426,0.0123936491707962,0.0
2006-02,PT,1.2416666666666687,2.4617125697485527,68.80000000000001,-7.631125025245135,71.00302186723552,0.0115547900208129,0.0
2006-03,AT,2.1628125608323945,1.7816666666665335,63.400000000000006,-0.2565877875802117,,0.0157974530827521,0.0
2006-03,BE,2.0451422367013548,1.883333333333185,86.6,3.9230401932411305,63.676462916607406,0.0633876419451006,0.0
2006-03,DE,1.2907770220933517,1.6765651011779146,69.28333333333333,4.39410889976577,94.21290379259074,0.0241616142004873,0.0006821315922412
2006-03,ES,3.0250388252348275,2.9638077725220833,38.766666666666666,-6.957611771039513,68.02899932861328,0.0360501518683964,0.0
2006-03,FI,3.048608999445701,1.5166666666668105,43.333333333333336,4.440781483482768,,0.00709842549005,0.0
2006-03,FR,1.889291308811225,1.7616461464363429,66.2,-1.4090452174787729,68.9437112935308,0.030975842303406,0.0
2006-03,GR,2.9499999999999527,3.2533333333332006,103.76666666666665,-4.048129218472687,73.3926097744308,0.1068038354249055,0.0
2006-03,IE,4.833527838501169,2.452310272335601,27.883333333333333,-1.776193285382297,42.489813035353535,0.0028830095517225,
2006-03,IT,1.4771350749039718,1.933919808590619,108.73333333333335,-1.317788155328207,73.51680321337692,0.0589711255438773,0.0
2006-03,NL,2.143666083088732,-1.8721164208245935,52.733333333333334,5.354400100815004,94.44407325155944,0.0111519582906585,0.0
2006-03,PT,1.2833333333333363,2.4379205179531516,68.55,-7.57304658240561,65.28839827238342,0.0123571083561423,0.0
2006-04,AT,2.1427653446499164,1.7525000000000956,63.2,0.9357726652159282,,0.0155567224796102,0.0
2006-04,BE,2.19752179152633,2.2499999999998685,85.6,4.78378424988553,67.46337748303193,0.0646368076483425,0.0
2006-04,DE,1.2534902625161493,1.9854465196020799,69.3,3.756288165674799,79.12750266059231,0.0236645605811224,0.0
2006-04,ES,3.2955053522496396,3.3178196906378465,38.3,-8.19415486648589,81.189453125,0.0338786242895205,0.0
2006-04,FI,3.29447207207455,1.1499999999999344,42.5,2.774554658406843,,0.0074224727371336,0.0
2006-04,FR,2.0603670389893916,1.699360193986349,65.9,-1.97232672704509,103.31400928722697,0.0300181486035302,0.0
2006-04,GR,3.2426412767642576,3.229999999999994,103.3,-7.860098477027244,72.56450189833384,0.1091588400630698,0.0
2006-04,IE,5.067118640546725,2.312539248062823,27.5,-2.9839218444970697,68.12446485802667,0.0028632019439975,
2006-04,IT,1.2799999999999978,2.3854072345424857,108.4,-0.9576300174780958,113.6910987889451,0.0579602425584228,0.0
2006-04,NL,2.517495304475786,1.5516964601754724,52.3,7.14280830277348,73.20135249898664,0.011783315067665,0.0
2006-04,PT,0.9750000000000036,2.107132172280618,68.3,-9.470090598194389,71.56511373537651,0.0121041905523946,0.0
2006-05,AT,2.1362531907391937,1.7466666666667408,63.11666666666667,0.9360273534262624,,0.0155951640028073,0.0018162138488598
2006-05,BE,2.2180859696198465,2.1999999999998465,85.71666666666665,4.7830375388888475,65.0198629200905,0.0606751535288298,0.0
2006-05,DE,1.2258009868062765,2.04261912853528,68.88333333333333,3.817814524641082,71.28854596288191,0.0255447782335392,0.0041154233115862
2006-05,ES,3.2834700535842107,3.290286055139835,38.08333333333333,-8.225544378856565,86.23274230957031,0.034093788499681,0.0016691208368196
2006-05,FI,3.227487515851557,1.166666666666627,42.46666666666667,2.764901401426387,,0.006551307533419,0.0016925071664805
2006-05,FR,2.068086060020091,1.7066494728861312,65.76666666666667,-1.9822829596489204,88.35649545965298,0.0290610002018906,0.0012142683040964
2006-05,GR,3.2398992329908394,3.2066666666666093,102.89999999999999,-7.86271016003974,90.40781698204307,0.1067099559809643,0.0010793725370433
2006-05,IE,5.079958433471125,2.3333761386419,27.483333333333334,-3.0189461569269067,47.3250504421543,0.0029869828825989,0.0018975962841046
2006-05,IT,1.2933333333333317,2.356092018416504,108.2,-0.9242245106549207,58.35718185722283,0.0566953034058542,0.0021268552424047
2006-05,NL,2.508589611642257,1.5555240064669387,51.68333333333334,7.222320021089285,77.19875214937677,0.0114621694581984,0.0015625777173967
2006-05,PT,1.033333333333338,2.1065311294616196,67.98333333333333,-9.460365258556577,84.65311595642372,0.0118924177151592,0.0012262248269033
2006-06,AT,2.1297410368284715,1.740833333333386,63.03333333333333,0.9362820416365967,,0.0153595393327939,0.0
2006-06,BE,2.238650147713363,2.149999999999824,85.83333333333333,4.782290827892164,72.29508861312323,0.0627494822773792,0.0047690021261196
2006-06,DE,1.198111711096404,2.09979173746848,68.46666666666667,3.879340883607365,105.83663170679208,0.0242411436131118,0.0057587478325323
2006-06,ES,3.271434754918782,3.2627524196418234,37.86666666666667,-8.25693389122724,78.8291015625,0.0323792491168946,0.0
2006-06,FI,3.160502959628564,1.1833333333333196,42.43333333333334,2.7552481444459316,,0.0066803208085293,0.0014742208456847
2006-06,FR,2.075805081050791,1.7139387517859133,65.63333333333334,-1.9922391922527507,96.58041982730865,0.0287333563510768,0.0052983842984138
2006-06,GR,3.237157189217421,3.183333333333225,102.5,-7.865321843052237,83.88018586636663,0.1089035100856305,0.0
2006-06,IE,5.092798226395525,2.354213029220977,27.46666666666667,-3.0539704693567433,49.67187965365709,0.0028477337697149,0.0
2006-06,IT,1.3066666666666653,2.3267768022905218,108.0,-0.8908190038317456,61.92200755851839,0.0596874507465189,0.0026199730876407
2006-06,NL,2.499683918808728,1.5593515527584052,51.06666666666666,7.301831739405088,60.369298173249454,0.0117374447290126,0.0
2006-06,PT,1.0916666666666721,2.105930086642621,67.66666666666667,-9.450639918918762,74.02113201100882,0.011813437686682,0.0
2006-07,AT,2.1232288829177492,1.735000000000031,62.95,0.936536729846931,,0.0146577862117951,0.0
2006-07,BE,2.2592143258068798,2.099999999999802,85.94999999999999,4.781544116895482,57.85003168390657,0.0622150743300646,0.0052005909923582
2006-07,DE,1.1704224353865311,2.1569643464016797,68.05,3.940867242573648,98.15416648054796,0.024465500768897,0.0059496395675668
2006-07,ES,3.2593994562533535,3.235218784143812,37.65,-8.288323403597914,71.52699279785156,0.0318595928242306,0.0
2006-07,FI,3.0935184034055707,1.2000000000000122,42.4,2.7455948874654754,,0.0070786451122248,0.0
2006-07,FR,2.083524102081491,1.7212280306856953,65.5,-2.002195424856581,84.71546207170978,0.0286087959942588,0.005595956218938
2006-07,GR,3.234415145444003,3.1599999999998407,102.1,-7.867933526064733,99.29241225208716,0.1024949981572158,0.0
2006-07,IE,5.105638019319924,2.375049919800054,27.45,-3.08899478178658,46.31576476782824,0.0028147646921602,0.0
2006-07,IT,1.319999999999999,2.2974615861645398,107.80000000000001,-0.8574134970085705,64.34290844911955,0.0578517382428225,0.0019491668691038
2006-07,NL,2.4907782259751987,1.5631790990498717,50.45,7.381343457720893,53.40936501195078,0.0113032875267466,0.0
2006-07,PT,1.1500000000000066,2.1053290438236227,67.35,-9.44091457928095,70.96210723279164,0.0116488594929195,0.0
2006-08,AT,2.1167167290070266,1.729166666666676,62.866666666666674,0.9367914180572653,,0.0147775143939414,0.0
2006-08,BE,2.2797785039003964,2.0499999999997796,86.06666666666666,4.780797405898799,53.315504222826895,0.0613177758397738,0.0032773589082074
2006-08,DE,1.1427331596766583,2.2141369553348795,67.63333333333334,4.00239360153993,59.319844743592974,0.0241697924221622,0.004178363607918
2006-08,ES,3.2473641575879246,3.2076851486458002,37.43333333333334,-8.319712915968589,114.00367736816406,0.0316355057759639,0.0
2006-08,FI,3.026533847182577,1.2166666666667045,42.36666666666667,2.7359416304850193,,0.0070974650793774,0.0
2006-08,FR,2.0912431231121906,1.7285173095854773,65.36666666666667,-2.0121516574604112,47.26743364887928,0.0270761237187621,0.0034660207333925
2006-08,GR,3.2316731016705846,3.136666666666456,101.70000000000002,-7.870545209077228,69.40856751953645,0.1051400182447021,0.0
2006-08,IE,5.118477812244325,2.395886810379131,27.433333333333337,-3.1240190942164165,28.452411746315065,0.0026767826808961,0.0
2006-08,IT,1.3333333333333326,2.268146370038558,107.60000000000002,-0.8240079901853954,52.17372766536074,0.0580461427488006,0.0
2006-08,NL,2.4818725331416696,1.5670066453413383,49.833333333333336,7.460855176036698,129.28870977271228,0.0104565069926537,0.0
2006-08,PT,1.2083333333333408,2.104728001004624,67.03333333333333,-9.431189239643135,53.36748448204315,0.0123951493578638,0.0
2006-09,AT,2.1102045750963048,1.7233333333333212,62.78333333333334,0.9370461062675997,,0.0145200242411344,0.0
2006-09,BE,2.300342681993913,1.9999999999997577,86.18333333333334,4.780050694902116,67.77156370360287,0.059639004793512,0.0
2006-09,DE,1.1150438839667858,2.27130956426808,67.21666666666667,4.0639199605062135,93.78133334123449,0.0230305022181722,0.0
2006-09,ES,3.2353288589224967,3.180151513147789,37.21666666666667,-8.351102428339264,74.19085693359375,0.0311192152234405,0.0
2006-09,FI,2.9595492909595844,1.2333333333333973,42.333333333333336,2.726288373504564,,0.0072182735691328,0.0
2006-09,FR,2.0989621441428907,1.7358065884852596,65.23333333333333,-2.022107890064242,58.60936451536982,0.0261820617689981,0.0018180623645665
2006-09,GR,3.2289310578971664,3.113333333333072,101.30000000000001,-7.873156892089726,61.32929671441904,0.0999599069842033,0.0
2006-09,IE,5.131317605168725,2.4167237009582085,27.416666666666664,-3.159043406646253,34.019937876993,0.0025798788700959,0.0
2006-09,IT,1.3466666666666665,2.238831153912576,107.4,-0.7906024833622204,67.13686049011915,0.0592951625458616,0.0
2006-09,NL,2.4729668403081404,1.5708341916328048,49.21666666666667,7.540366894352504,80.54421048893585,0.01102344845831,0.0
2006-09,PT,1.2666666666666753,2.104126958185626,66.71666666666667,-9.421463900005323,56.19014568308645,0.0114363715916861,0.0
2006-10,AT,2.392411665752525,1.749627968051104,62.7,1.6845956686099823,,0.0131262165761704,0.0013524378439285
2006-10,BE,2.2442698647987482,2.0250000000002433,86.3,2.702247981936087,61.642926587642,0.0588402525034821,0.0
2006-10,DE,1.4862484727296787,2.4541179719042017,66.8,4.023626545474373,54.061633674535656,0.023101184966963,0.0
2006-10,ES,3.0772723306449477,3.494372663010598,37.0,-8.579243758989394,81.35377502441406,0.0284039067852469,0.0
2006-10,FI,2.732940288409563,1.5000000000002733,42.3,4.746700313263894,,0.0065970025197404,0.0
2006-10,FR,2.3201306306286473,1.943919655322418,65.1,-1.702694372244349,102.57925409670943,0.025824072410297,0.0
2006-10,GR,3.503198042793593,3.524999999999734,100.9,-7.999041440680058,66.62074715380207,0.0968886945506338,0.0
2006-10,IE,5.689286033490798,2.575440020254499,27.4,-3.159580453076829,40.08878401238928,0.0024438917480636,0.0
2006-10,IT,1.3900000000002355,2.1442759173373958,107.2,-1.1236363731385364,64.07449981858576,0.0597042216541544,0.0
2006-10,NL,2.9124839679855743,1.7935926673612212,48.6,7.79971517173812,60.354759668746006,0.0103631532807919,0.0
2006-10,PT,1.4250000000000096,2.271358157643766,66.4,-9.667939453248167,57.93863719658177,0.0119412293413063,0.0
2006-11,AT,2.347288014008505,1.7398113091263119,62.16666666666667,1.7020528881317813,,0.0130552937600727,0.0015718529705215
2006-11,BE,2.190752379805043,1.983333333333611,85.71666666666667,2.6886780390945577,73.85546674601527,0.0565303465732479,0.0
2006-11,DE,1.42388877498499,2.507409115074862,66.33333333333333,4.007122641082523,71.95194214462464,0.0237709648152528,0.0
2006-11,ES,3.036178406000045,3.4618778083953563,36.233333333333334,-8.614034831455898,75.65469360351562,0.0283533839423571,0.0015954452850206
2006-11,FI,2.6485740673659053,1.5000000000003642,42.46666666666667,4.71160844743201,,0.0067563790578335,0.0015855633845102
2006-11,FR,2.313004512271677,1.9346240911756223,64.45,-1.699084413555596,45.52824124092153,0.0260317101711213,0.0
2006-11,GR,3.486655499326175,3.5166666666663384,97.16666666666667,-7.987603205959864,49.70419590339542,0.0933313836314046,0.0
2006-11,IE,5.674190688993904,2.555135983009593,26.816666666666663,-3.1827110626776207,24.553613263891933,0.0022103667113006,0.0
2006-11,IT,1.3733333333335964,2.121328626591797,106.83333333333334,-1.0938074261091928,71.0372454830128,0.0587209898366239,0.0
2006-11,NL,2.9190009104951846,1.798919032572351,48.266666666666666,7.826636388396389,82.70718469101418,0.010213351832508,0.0
2006-11,PT,1.4500000000000106,2.2346995800986686,66.31666666666668,-9.655342161893186,67.63360675041989,0.0109501897066663,0.0
2006-12,AT,2.302164362264484,1.72999465020152,61.63333333333333,1.7195101076535806,,0.012281764398883,0.0039728846413281
2006-12,BE,2.137234894811337,1.9416666666669782,85.13333333333333,2.6751080962530285,71.6468040436529,0.0536491754762887,0.0
2006-12,DE,1.3615290772403015,2.560700258245522,65.86666666666667,3.9906187366906716,84.13798832246272,0.0222571099023424,0.0
2006-12,ES,2.9950844813551423,3.4293829537801153,35.46666666666667,-8.648825903922402,76.45452117919922,0.0278934017183313,0.0017791323070337
2006-12,FI,2.564207846322247,1.5000000000004545,42.633333333333326,4.676516581600126,,0.0060934051967094,0.0032796975606422
2006-12,FR,2.3058783939147065,1.9253285270288263,63.8,-1.6954744548668432,65.25806222707149,0.0247343359898384,0.0029967875671288
2006-12,GR,3.470112955858756,3.508333333332943,93.43333333333334,-7.976164971239671,55.45197246255732,0.0922811744537334,0.0028453667230259
2006-12,IE,5.659095344497009,2.5348319457646875,26.233333333333334,-3.2058416722784124,57.29360930895975,0.0021461986977023,0.0025344525718216
2006-12,IT,1.3566666666669576,2.0983813358461982,106.46666666666667,-1.0639784790798492,67.54638643512739,0.0550946624890176,0.0
2006-12,NL,2.925517853004794,1.804245397783481,47.93333333333334,7.853557605054659,64.3254899565107,0.0106180853049301,0.0028741116027974
2006-12,PT,1.4750000000000114,2.1980410025535706,66.23333333333333,-9.642744870538206,77.8448358567494,0.0117348708385066,0.0028665284557659
2007-01,AT,2.2570407105204637,1.7201779912767279,61.1,1.7369673271753798,,0.0120804409040943,0.0032978368940721
2007-01,BE,2.0837174098176314,1.9000000000003459,84.55,2.6615381534114992,63.87289020706501,0.0514078137716025,0.0
2007-01,DE,1.2991693794956127,2.6139914014161825,65.4,3.974114832298821,74.49567051040587,0.0230101921784422,0.0
2007-01,ES,2.95399055671024,3.396888099164874,34.7,-8.683616976388906,66.01924896240234,0.02821718903201,0.0
2007-01,FI,2.4798416252785893,1.5000000000005453,42.8,4.641424715768242,,0.0056966914524,0.0017244332027205
2007-01,FR,2.298752275557736,1.9160329628820305,63.15,-1.6918644961780902,100.06441369622368,0.0242856889829901,0.0
2007-01,GR,3.453570412391338,3.499999999999548,89.7,-7.964726736519477,47.18147610874957,0.0837541787074485,0.0022979326492548
2007-01,IE,5.644000000000116,2.5145279085197814,25.65,-3.228972281879204,46.67900487277098,0.0020390966964328,0.0
2007-01,IT,1.3400000000003187,2.0754340451005993,106.1,-1.0341495320505056,31.98430182385749,0.0572757254536705,0.0
2007-01,NL,2.9320347955144044,1.8095717629946106,47.6,7.88047882171293,31.19423879338321,0.0104556296702832,0.0019492276717915
2007-01,PT,1.5000000000000124,2.1613824250084734,66.15,-9.630147579183225,67.24092301721522,0.0126851137136226,0.0023581919430592
2007-02,AT,2.2378713122640574,1.7184964920037331,60.56666666666667,1.72943657016687,,0.0123003392684678,0.0034396310221324
2007-02,BE,2.0611534614525713,1.8916666666669653,83.96666666666667,2.6604993739963816,64.56598382996766,0.051592970304274,0.0
2007-02,DE,1.3149341815783755,2.537825451298146,64.93333333333334,3.960162696976353,47.327861646506086,0.0226870317559253,0.0
2007-02,ES,2.96144752219545,3.3877347005231595,33.93333333333334,-8.698096382649139,74.44132232666016,0.0274349712476943,0.0
2007-02,FI,2.4731881565053255,1.5083333333338684,42.96666666666667,4.628935242507093,,0.0056107206258028,0.0
2007-02,FR,2.3081053386251975,1.9198744444762235,62.5,-1.686983750641518,110.79165106115728,0.024705157449891,0.0014639208192719
2007-02,GR,3.4215393117575745,3.47916666666625,85.96666666666667,-7.931522293829072,67.28389310412528,0.0808274730782666,0.0017036415196331
2007-02,IE,5.583229641416716,2.4966505828098544,25.066666666666666,-3.151277856937869,55.16079168284576,0.0018331420420687,0.0014493924879753
2007-02,IT,1.345000000000298,2.0691478746755587,105.73333333333335,-1.021589791704016,52.37931407529158,0.0580220335085016,0.0009050285818875
2007-02,NL,2.8778865991386957,1.8087741160783692,47.266666666666666,7.906115018812889,69.432669935277,0.0100084958781554,0.0018904002260814
2007-02,PT,1.5333333333333439,2.156267222924459,66.06666666666668,-9.573531504603096,79.35049635449192,0.0129449920833546,0.0025937930475795
2007-03,AT,2.2187019140076516,1.7168149927307381,60.03333333333333,1.7219058131583598,,0.012058164920882,0.0030473753142335
2007-03,BE,2.038589513087511,1.8833333333335849,83.38333333333333,2.6594605945812635,60.87458446664776,0.0483286185658679,0.0030952575172053
2007-03,DE,1.3306989836611383,2.46165950118011,64.46666666666667,3.946210561653885,100.44765689827756,0.0227529176739833,0.0027073189657854
2007-03,ES,2.9689044876806605,3.378581301881445,33.166666666666664,-8.712575788909371,73.77008056640625,0.0267687711180215,0.0
2007-03,FI,2.4665346877320617,1.5166666666671917,43.13333333333333,4.616445769245943,,0.0061099581783897,0.0017134077899524
2007-03,FR,2.317458401692659,1.9237159260704166,61.85000000000001,-1.6821030051049457,69.78369729596294,0.0240459849409044,0.003059455400792
2007-03,GR,3.3895082111238115,3.4583333333329525,82.23333333333333,-7.898317851138666,65.00856171684428,0.0750051715476225,0.0024298303269658
2007-03,IE,5.522459282833318,2.4787732570999275,24.483333333333334,-3.073583431996534,65.94465039668097,0.0017319401101855,0.0022961151872761
2007-03,IT,1.3500000000002768,2.062861704250518,105.36666666666667,-1.0090300513575263,69.38379003751233,0.0572294850458317,0.0
2007-03,NL,2.823738402762988,1.8079764691621276,46.93333333333334,7.931751215912847,50.75562078211991,0.0100374139775211,0.002130934487427
2007-03,PT,1.5666666666666755,2.1511520208404447,65.98333333333333,-9.516915430022967,71.27373738119896,0.0123650221246206,0.0024100080826183
2007-04,AT,2.7105166258002025,1.6582828178689113,59.5,1.8154454106901892,,0.0110187896298307,0.0
2007-04,BE,2.176829747811132,1.8750000000000655,82.8,2.4347399372200877,61.01330152472421,0.047018459290303,0.0042449834271891
2007-04,DE,1.8573971455240146,1.897433529759729,64.0,5.235803107134191,69.16750924248205,0.0226973823708828,0.0039950601905782
2007-04,ES,3.509459006242077,2.657731275311037,32.4,-9.481695653245884,74.1784439086914,0.0255541649368033,0.0
2007-04,FI,2.9577042210512996,1.5250000000001873,43.3,5.155101520991536,,0.0055064392620953,0.0017482896232858
2007-04,FR,2.1390458501347687,1.702325885010414,61.2,-2.2052064255154433,79.72940408804384,0.023234786331202,0.0035433760761298
2007-04,GR,3.7250000000000947,3.200000000000447,78.5,-9.14473730503661,62.10172339006235,0.0708316199593523,0.0023865393691942
2007-04,IE,4.65454649390245,2.341950581301988,23.9,-4.050000000000001,98.20819514637296,0.0015476049528562,0.0024922774954646
2007-04,IT,1.815,2.066817512576197,105.0,-2.1857999742780607,63.664647919128825,0.0564240592587083,0.0
2007-04,NL,2.864607361213495,1.8474852660173402,46.6,7.64937318124535,33.25898322772836,0.0096873632721406,0.0016722675637705
2007-04,PT,1.8750000000000044,2.4609264522032657,65.9,-9.104867786600312,74.95855313968448,0.0122123096594211,0.0017470996824126
2007-05,AT,2.6784193814948525,1.6642963137915099,59.483333333333334,1.7967863730454319,,0.0107815866986121,0.0016384993087433
2007-05,BE,2.1588542272209965,1.8666666666667497,82.81666666666666,2.4445831985603927,69.02799842815193,0.0456836387050299,0.0056973983876425
2007-05,DE,1.8600083785962709,1.86883534132661,63.8,5.228807615523515,28.43398526879477,0.0228271862182138,0.0052643182703053
2007-05,ES,3.495380669828929,2.6659245358466714,32.483333333333334,-9.516216309478502,63.01616287231445,0.0263268402877569,0.000974900328
2007-05,FI,2.9257017724479826,1.5333333333335122,41.95,5.159739017371324,,0.0057107956466829,0.0028275329695803
2007-05,FR,2.168862105684514,1.7184109887078785,62.03333333333334,-2.218870545861711,110.59763190086566,0.0238754230739067,0.0043852991522254
2007-05,GR,3.700000000000118,3.2000000000003954,80.46666666666667,-9.092505902738752,65.94273670712325,0.0692178412812086,0.0016510523962805
2007-05,IE,4.552728658536642,2.3158661009403816,24.066666666666666,-3.933333333333335,81.181279421753,0.0013823235770535,0.0019800203441589
2007-05,IT,1.8066666666666675,2.0549789143943453,104.86666666666666,-2.190473145503093,49.49992566345983,0.0571530621156957,0.0
2007-05,NL,2.8432889103369607,1.8707412769889704,46.28333333333333,7.648069902507941,25.9458837953952,0.0093991706758868,0.0010407523177206
2007-05,PT,1.9000000000000055,2.455874906143644,65.88333333333334,-9.099451430665749,58.6111133501338,0.0120515235660375,0.000515903596979
2007-06,AT,2.6463221371895034,1.6703098097141083,59.46666666666667,1.7781273354006748,,0.0108293751076566,0.0016384993087433
2007-06,BE,2.140878706630861,1.8583333333334342,82.83333333333334,2.4544264599006977,77.10445399481178,0.0446196808030919,0.0056304634908237
2007-06,DE,1.8626196116685274,1.8402371528934904,63.599999999999994,5.221812123912837,45.65317418249696,0.0218874107052382,0.0047465303573378
2007-06,ES,3.481302333415781,2.6741177963823066,32.56666666666666,-9.55073696571112,70.7771224975586,0.0260926718245568,0.0
2007-06,FI,2.8936993238446655,1.5416666666668375,40.6,5.16437651375111,,0.0059409688510972,0.0
2007-06,FR,2.1986783612342595,1.734496092405343,62.86666666666667,-2.2325346662079784,74.18858887978831,0.0235429877948615,0.0037231371849566
2007-06,GR,3.675000000000141,3.200000000000343,82.43333333333334,-9.040274500440894,73.27382450699113,0.0703398703908085,0.0
2007-06,IE,4.450910823170834,2.2897816205787755,24.233333333333334,-3.81666666666667,44.57442402303578,0.0012326758230932,0.0
2007-06,IT,1.7983333333333351,2.0431403162124937,104.73333333333335,-2.195146316728125,74.48583618795439,0.0565106679159762,0.0
2007-06,NL,2.8219704594604265,1.8939972879606009,45.96666666666667,7.646766623770532,58.77734687941208,0.0100823316827092,0.0
2007-06,PT,1.9250000000000063,2.450823360084022,65.86666666666667,-9.094035074731185,63.09370639413029,0.0116793619736895,0.0
2007-07,AT,2.614224892884154,1.6763233056367066,59.45,1.7594682977559177,,0.0105697932341039,0.0016384993087433
2007-07,BE,2.1229031860407255,1.8500000000001182,82.85,2.464269721241003,60.38912923652177,0.0437455401414332,0.0039003878496725
2007-07,DE,1.865230844740784,1.8116389644603714,63.4,5.21481663230216,37.95064848676274,0.021824538707442,0.0024079471564261
2007-07,ES,3.467223997002633,2.682311056917941,32.65,-9.58525762194374,54.16145324707031,0.0249724556601774,0.0
2007-07,FI,2.8616968752413485,1.5500000000001624,39.25,5.169014010130896,,0.0050788813763768,0.0
2007-07,FR,2.2284946167840047,1.7505811961028073,63.7,-2.2461987865542454,48.65172768871496,0.0234024727173656,0.0013605417935266
2007-07,GR,3.6500000000001642,3.2000000000002915,84.4,-8.988043098143034,72.05192824234415,0.0678672350208343,0.0
2007-07,IE,4.349092987805026,2.263697140217169,24.4,-3.700000000000004,38.48766849463097,0.0010842188616759,0.0
2007-07,IT,1.7900000000000027,2.0313017180306425,104.6,-2.1998194879531567,59.82310908166711,0.0550860923442096,0.0
2007-07,NL,2.8006520085838926,1.917253298932231,45.650000000000006,7.6454633450331215,48.08032333036854,0.0105702923712392,0.0
2007-07,PT,1.9500000000000073,2.4457718140244,65.85,-9.08861871879662,70.85249820850608,0.0117569047068168,0.0
2007-08,AT,2.5821276485788043,1.682336801559305,59.43333333333334,1.7408092601111602,,0.0104658966809859,0.0016384993087433
2007-08,BE,2.1049276654505897,1.8416666666668025,82.86666666666667,2.474112982581308,78.6248312367093,0.0412384339430371,0.0
2007-08,DE,1.8678420778130405,1.7830407760272522,63.2,5.2078211406914825,117.56629546281631,0.020979317015113,0.0
2007-08,ES,3.4531456605894846,2.690504317453575,32.733333333333334,-9.619778278176357,85.71142578125,0.0247804226538191,0.0016911053938253
2007-08,FI,2.8296944266380315,1.5583333333334872,37.900000000000006,5.173651506510682,,0.004907021285266,0.0
2007-08,FR,2.25831087233375,1.7666662998002716,64.53333333333333,-2.259862906900513,151.14529944409944,0.0235759890066829,0.0
2007-08,GR,3.6250000000001874,3.2000000000002395,86.36666666666667,-8.935811695845175,85.66967946581921,0.0627485426363595,0.0
2007-08,IE,4.247275152439217,2.2376126598555626,24.566666666666666,-3.5833333333333384,59.73278123360926,0.0011009676726227,0.0
2007-08,IT,1.78166666666667,2.019463119848791,104.46666666666668,-2.204492659178189,58.47851575582125,0.0531186361114528,0.0
2007-08,NL,2.779333557707359,1.9405093099038613,45.333333333333336,7.644160066295711,47.698732852700125,0.0093356161194651,0.0
2007-08,PT,1.975000000000008,2.440720267964778,65.83333333333334,-9.083202362862057,45.63494531186041,0.0098412350607098,0.0
2007-09,AT,2.550030404273455,1.6883502974819038,59.416666666666664,1.7221502224664034,,0.0104540771482953,0.0016384993087433
2007-09,BE,2.0869521448604544,1.8333333333334867,82.88333333333334,2.4839562439216136,103.11217894430742,0.0419399782283976,0.0
2007-09,DE,1.870453310885297,1.7544425875941334,63.0,5.200825649080807,186.62085178002783,0.0206991906142125,0.0
2007-09,ES,3.439067324176337,2.6986975779892104,32.81666666666667,-9.654298934408978,128.672119140625,0.025574559985824,0.0018093837239585
2007-09,FI,2.797691978034715,1.5666666666668125,36.550000000000004,5.17828900289047,,0.0049059606236562,0.0
2007-09,FR,2.2881271278834956,1.7827514034977363,65.36666666666667,-2.2735270272467805,267.5460894768444,0.0228733661110789,0.0
2007-09,GR,3.6000000000002106,3.2000000000001885,88.33333333333333,-8.883580293547318,89.88684806771238,0.05640248530869,0.0
2007-09,IE,4.145457317073409,2.2115281794939565,24.733333333333334,-3.4666666666666734,65.34807848301077,0.0011036791402125,0.0
2007-09,IT,1.773333333333338,2.0076245216669397,104.33333333333334,-2.2091658304032213,80.54474338504754,0.051348985686335,0.0
2007-09,NL,2.7580151068308245,1.9637653208754917,45.01666666666667,7.642856787558302,100.08916610156408,0.0093326038708889,0.0
2007-09,PT,2.0000000000000093,2.4356687219051563,65.81666666666666,-9.077786006927493,83.75339266213462,0.00934190184179,0.0
2007-10,AT,2.688600098873156,1.891556654889054,59.4,3.682913658194645,,0.0096765195420741,0.0016384993087433
2007-10,BE,2.1136345126599956,1.7916764499574078,82.9,2.5314861447634023,68.8748011346818,0.0383351769128251,0.0
2007-10,DE,2.089137105035271,1.854628905892436,62.8,5.169994792175914,141.72016684007986,0.020032810949071,0.0
2007-10,ES,2.971950313213617,2.7040594018566235,32.9,-10.070978437371213,90.02992248535156,0.0246172148345874,0.0044748390798592
2007-10,FI,3.339770135503067,1.724999999999599,35.2,4.992227063145459,,0.0046385583874828,0.0
2007-10,FR,1.9608569294324252,1.764774979435163,66.2,-1.771369650327197,147.15820111723855,0.0217329807480327,0.0
2007-10,GR,3.680025091215849,3.1342581462638575,90.3,-9.615106243978015,82.38633018684237,0.0574368717286086,0.0
2007-10,IE,3.362850389428312,2.191001020540184,24.9,-3.574534974518728,59.73610092023129,0.0004546089066285,0.0
2007-10,IT,1.4399999999997748,1.865796274518683,104.2,-2.257896504242801,38.65604125854878,0.0503432724666906,0.0010284439572233
2007-10,NL,2.566585844521063,2.1506611089469385,44.7,6.91241284270988,43.80209287373871,0.0094071230737773,0.0
2007-10,PT,1.762499999999989,2.426382728914922,65.8,-9.184788754484927,104.9296252784338,0.0094464176134778,0.0
2007-11,AT,2.6209381857072813,1.8925900228432067,59.13333333333333,3.6766215083162317,,0.0097073607097835,0.0016384993087433
2007-11,BE,2.0571282282135526,1.7944509666383022,82.60000000000001,2.537228280132051,107.039136059849,0.0386811984659485,0.007030711422114
2007-11,DE,2.050239125561293,1.8272812191593268,62.766666666666666,5.146575150856879,88.44246169796206,0.0199294085967625,0.0075901468640394
2007-11,ES,2.8963890193507167,2.7228978668551234,33.1,-10.098885363022548,88.38692474365234,0.0251660399842459,0.0054128096593352
2007-11,FI,3.2324806451718793,1.7499999999995854,34.88333333333333,4.996607573739778,,0.0048436582022325,0.0048190913065588
2007-11,FR,1.9730583547036977,1.7805773815108838,66.35,-1.7943029259713994,113.97406655995692,0.0214478409220632,0.0072075493257349
2007-11,GR,3.653350060810545,3.147259981445294,90.21666666666667,-9.601804867700572,88.76863919371921,0.0557664280337609,0.0025789774188883
2007-11,IE,3.2306675636225988,2.1566678006002205,25.766666666666666,-3.482816638354144,87.97528165624561,0.0003911131346204,0.0046302507025715
2007-11,IT,1.4066666666664156,1.8659631060788349,104.16666666666667,-2.251027060523467,77.55107252315851,0.0498238643833694,0.002281339751048
2007-11,NL,2.558610644447801,2.166611120851695,44.150000000000006,6.857801842513881,24.09895728194017,0.0081008369775427,0.0027399122827645
2007-11,PT,1.758333333333321,2.4175884859433263,65.55,-9.178568069204948,83.174320463068,0.0088138967005751,0.0025839974741692
2007-12,AT,2.5532762725414067,1.893623390797359,58.86666666666666,3.670329358437818,,0.0094209213401105,0.0016384993087433
2007-12,BE,2.0006219437671096,1.797225483319196,82.3,2.5429704155006996,111.46461226284303,0.0346940687951553,0.0055145510258932
2007-12,DE,2.0113411460873145,1.7999335324262178,62.733333333333334,5.123155509537844,116.04005343689624,0.0191025487363004,0.0067948659769381
2007-12,ES,2.820827725487816,2.7417363318536223,33.3,-10.126792288673878,87.30826568603516,0.0254562479161633,0.0037000109646496
2007-12,FI,3.1251911548406914,1.7749999999995711,34.56666666666667,5.000988084334097,,0.0051154065736889,0.0016887886746709
2007-12,FR,1.98525977997497,1.7963797835866044,66.5,-1.8172362016156018,120.65788018224076,0.021064508477247,0.0066378962557654
2007-12,GR,3.6266750304052406,3.16026181662673,90.13333333333333,-9.588503491423129,103.07737894853544,0.0604795864154644,0.0018778534578157
2007-12,IE,3.0984847378168845,2.1223345806602567,26.633333333333333,-3.3910983021895595,134.07913587637216,0.0003835222490995,0.0042319724805575
2007-12,IT,1.3733333333330562,1.8661299376389864,104.13333333333334,-2.244157616804133,65.23635829874091,0.0483559453999957,0.0024438583857071
2007-12,NL,2.550635444374538,2.1825611327564514,43.6,6.80319084231788,42.713687340614,0.0081543896544726,0.0023796012618235
2007-12,PT,1.7541666666666529,2.408794242971731,65.3,-9.172347383924969,83.1784159540698,0.0085985031056465,0.0022914063913604
2008-01,AT,2.485614359375532,1.8946567587515117,58.599999999999994,3.6640372085594044,,0.0080492555464037,0.0016384993087433
2008-01,BE,1.9441156593206665,1.8000000000000904,82.0,2.5487125508693484,99.69847562926252,0.0354043930534247,0.0066764223492085
2008-01,DE,1.9724431666133357,1.7725858456931087,62.7,5.099735868218809,186.53909847098527,0.018851548020194,0.0087020331322183
2008-01,ES,2.7452664316249153,2.760574796852122,33.5,-10.154699214325213,101.71246337890624,0.0253259002217802,0.0020746217347043
2008-01,FI,3.0179016645095036,1.7999999999995575,34.25,5.005368594928415,,0.0051924914565213,0.0053977147231682
2008-01,FR,1.9974612052462426,1.8121821856623255,66.65,-1.8401694772598045,224.4404664361354,0.0207309388955599,0.0070228817619395
2008-01,GR,3.5999999999999366,3.173263651808167,90.05,-9.575202115145686,94.811309312797,0.0573327418930559,0.0047926115646179
2008-01,IE,2.966301912011171,2.088001360720293,27.5,-3.2993799660249756,129.49748885975504,0.000316271725194,0.0045960504488096
2008-01,IT,1.339999999999697,1.8662967691991383,104.1,-2.237288173084799,102.74791776765171,0.0498384374754786,0.0
2008-01,NL,2.542660244301276,2.1985111446612082,43.05,6.748579842121881,123.01326113372454,0.008408926461751,0.004805958386003
2008-01,PT,1.749999999999985,2.4000000000001354,65.05,-9.16612669864499,94.0280686194528,0.0088373946865679,0.0050982821888456
2008-02,AT,2.4620868904862334,1.8784353621888055,58.333333333333336,3.6562015708019837,,0.0080066500926121,0.0044103292109376
2008-02,BE,1.9487726877106113,1.8000000000001273,81.7,2.5550425407614603,92.4794310600455,0.0366809143117175,0.0080784232729589
2008-02,DE,1.9623383757357764,1.7665370252186952,62.66666666666667,5.071270408833676,127.34865349203676,0.0196492469618424,0.0085814759455546
2008-02,ES,2.7666561997163757,2.736041442173627,33.7,-10.140535740649455,106.20491027832033,0.0249198095144518,0.0031347843957643
2008-02,FI,2.9414098591337257,1.799999999999602,33.93333333333334,4.991282313322944,,0.0054285651600204,0.0054357280310556
2008-02,FR,2.037201966646015,1.7997421574141228,66.8,-1.8264129014228658,144.97713695025962,0.0210790992925531,0.0073175973585348
2008-02,GR,3.566666666666603,3.158825014157442,89.96666666666667,-9.535822907029383,95.01790772386629,0.0545826763643761,0.0053815369758666
2008-02,IE,3.0344919898954212,2.0787821748468236,28.366666666666667,-3.2745750113588277,102.20105400448011,0.0003113912369505,0.0036319958320395
2008-02,IT,1.35666666666641,1.8774387050992825,104.06666666666668,-2.2373859713337048,99.82234705204188,0.0498604359507701,0.0
2008-02,NL,2.5255659099834884,2.181968549272728,42.5,6.691113118338212,67.95053176301519,0.0086539458465234,0.0051319114183383
2008-02,PT,1.7874999999999863,2.375000000000116,64.8,-9.1508583831282,71.99309423899226,0.0090067635696239,0.0055484634280246
2008-03,AT,2.4385594215969344,1.8622139656260992,58.06666666666666,3.6483659330445635,,0.0084470803715494,0.004241945035782
2008-03,BE,1.9534297161005556,1.8000000000001646,81.39999999999999,2.561372530653572,92.06512847628584,0.0360359398521469,0.0096497002842702
2008-03,DE,1.9522335848582169,1.7604882047442816,62.63333333333334,5.042804949448544,91.6252059386235,0.0198282574358746,0.0095788667164398
2008-03,ES,2.788045967807836,2.711508087495133,33.9,-10.1263722669737,81.70159912109375,0.0242300651081085,0.0040719831958169
2008-03,FI,2.8649180537579477,1.7999999999996463,33.61666666666667,4.977196031717472,,0.0061435821997869,0.006017262128745
2008-03,FR,2.076942728045787,1.7873021291659206,66.95,-1.812656325585927,191.32722243012856,0.0208563683897659,0.0098186177697148
2008-03,GR,3.5333333333332697,3.1443863765067177,89.88333333333333,-9.49644369891308,104.94923798991628,0.0557323854699478,0.0055518031893959
2008-03,IE,3.102682067779672,2.069562988973354,29.233333333333334,-3.24977005669268,117.11966382493256,0.0003235132394649,0.005373125944074
2008-03,IT,1.373333333333123,1.8885806409994266,104.03333333333333,-2.23748376958261,99.05816220895012,0.0492970619660282,0.0
2008-03,NL,2.5084715756657014,2.165425953884248,41.95,6.633646394554544,59.6610512216613,0.0087401659514837,0.0055899709344369
2008-03,PT,1.8249999999999877,2.3500000000000965,64.55,-9.135590067611412,84.95712028086123,0.0091007165650302,0.0036362709010638
2008-04,AT,1.837794514285962,2.577755126200082,57.8,2.9017333254879407,,0.0082013770106601,0.0031961289923481
2008-04,BE,1.3111500494597472,2.7727600747706913,81.1,2.8745166189691447,76.3831744326319,0.0359536214867542,0.0055684947754928
2008-04,DE,1.313287256586787,2.2710044966470164,62.6,5.1423123981056404,78.17948454621734,0.0204459371461166,0.0
2008-04,ES,1.7764578300178524,3.754327669824142,34.1,-10.480653443583325,93.16232299804688,0.022879285269997,0.0034370503406154
2008-04,FI,2.3500985715616207,2.574999999999933,33.3,3.836383516048761,,0.0051100442078243,0.0022348797716581
2008-04,FR,1.3373717528138873,2.294056279114476,67.1,-2.3852924646596367,120.20120403563726,0.0202039243244909,0.0
2008-04,GR,3.4940522613473464,3.2999999999998364,89.8,-13.922643499315518,82.04873157166999,0.0587712250516847,0.0035340678103553
2008-04,IE,2.0637685222123725,2.923318915955969,30.1,-3.1482173430211473,91.35861660205704,0.0003672749455656,0.0
2008-04,IT,0.2509985776519952,2.3183760036974754,104.0,-2.37695334221411,72.35314012773966,0.0485104925779456,0.0
2008-04,NL,1.9974801809142906,2.225412557447881,41.4,5.8587881828052115,121.73245852120006,0.0087829586406892,0.0
2008-04,PT,1.3249999999999929,2.305917316298711,64.3,-9.483575029299896,71.5995305707397,0.0094573747400898,0.0018299080327544
2008-05,AT,1.8191589724039594,2.504757471307347,58.56666666666666,2.901926543070809,,0.0083341752777879,0.0
2008-05,BE,1.2961411206529643,2.6758887587652325,82.35,2.8671755684387024,97.65013277694648,0.037167037848935,0.0043153779375329
2008-05,DE,1.282563389998222,2.1957864289735194,63.13333333333333,5.1166163523568695,53.69578469161943,0.0206070818496083,0.0
2008-05,ES,1.7634744500362103,3.674397988634811,35.3,-10.461913931808857,80.36939239501953,0.0234834920225882,0.0
2008-05,FI,2.323365127373145,2.5000000000000355,33.18333333333333,3.844929171955595,,0.004432750624331,0.0
2008-05,FR,1.3268063625764936,2.2243576857705247,67.53333333333333,-2.394883871994163,73.11942262103744,0.0202683114034497,0.0
2008-05,GR,3.476079540160234,3.2333333333332064,90.14999999999999,-13.938562108358036,73.77247371166779,0.0555991990879566,0.0
2008-05,IE,2.1677942419665364,2.8278269366794966,31.35,-3.119901751478621,57.247944374486096,0.0003412660196233,0.0
2008-05,IT,0.25099873569070696,2.2677130245028967,104.21666666666667,-2.370571725525109,67.74436282508289,0.0463943712022396,0.0
2008-05,NL,1.9480220632928238,2.1827541103567625,42.55,5.831363919906054,28.27619207523032,0.0088295499546394,0.0
2008-05,PT,1.3333333333333273,2.274556421731666,64.65,-9.488938051580476,68.31110313231989,0.0094630634909118,0.0
2008-06,AT,1.8005234305219573,2.431759816414612,59.33333333333333,2.9021197606536773,,0.0080806684097613,0.0
2008-06,BE,1.281132191846181,2.579017442759773,83.6,2.85983451790826,103.246184169671,0.0389365014254513,0.0
2008-06,DE,1.2518395234096573,2.120568361300022,63.66666666666667,5.0909203066080995,114.42536936618252,0.0188184867278229,0.0
2008-06,ES,1.750491070054568,3.594468307445479,36.5,-10.443174420034387,85.5974349975586,0.0234739961959737,0.0036192674552437
2008-06,FI,2.296631683184669,2.425000000000138,33.06666666666666,3.8534748278624287,,0.0045714980558828,0.0
2008-06,FR,1.3162409723391,2.154659092426573,67.96666666666667,-2.4044752793286897,108.19528821392532,0.0203744485112451,0.0
2008-06,GR,3.4581068189731203,3.1666666666665773,90.5,-13.954480717400557,86.73100689104119,0.0582784669435888,0.0
2008-06,IE,2.2718199617207,2.7323349574030247,32.6,-3.091586159936096,210.34370790218597,0.0003984911067083,0.0
2008-06,IT,0.25099889372941864,2.2170500453083184,104.43333333333334,-2.364190108836108,73.36587019786525,0.0459934810147602,0.0
2008-06,NL,1.8985639456713574,2.1400956632656434,43.7,5.803939657006897,74.7176468431459,0.0087101435034367,0.0
2008-06,PT,1.3416666666666615,2.243195527164621,65.0,-9.494301073861056,66.72517606097992,0.0107258831633155,0.0043387516921109
2008-07,AT,1.7818878886399547,2.358762161521877,60.099999999999994,2.9023129782365453,,0.0082800249803785,0.0056492119579515
2008-07,BE,1.2661232630393982,2.4821461267543143,84.85,2.8524934673778177,131.53849978529544,0.0374954302671485,0.0062266910901696
2008-07,DE,1.2211156568210924,2.0453502936265244,64.2,5.065224260859328,85.72581954918986,0.0187881697602018,0.0
2008-07,ES,1.7375076900729258,3.5145386262561473,37.7,-10.424434908259915,85.8595199584961,0.0233207113068033,0.0048918927191713
2008-07,FI,2.269898238996193,2.350000000000241,32.95,3.862020483769262,,0.0045111753440626,0.0013098891287402
2008-07,FR,1.3056755821017063,2.084960499082622,68.4,-2.414066686663216,87.52263720867832,0.0203944873720626,0.0031770164391254
2008-07,GR,3.4401340977860073,3.0999999999999472,90.85,-13.970399326443076,105.68821922147342,0.0582880935821013,0.0063967603421967
2008-07,IE,2.375845681474864,2.6368429781265523,33.85,-3.0632705683935697,165.37603383463062,0.000376667336171,0.0
2008-07,IT,0.2509990517681304,2.1663870661137397,104.65,-2.3578084921471065,61.35955540887832,0.0465821932697094,0.0022665571085989
2008-07,NL,1.8491058280498907,2.0974372161745247,44.849999999999994,5.776515394107738,44.85922122450111,0.0081301280415563,0.0035300715185094
2008-07,PT,1.3499999999999956,2.2118346325975757,65.35,-9.499664096141636,81.30245789151542,0.010078209653367,0.0059429479786928
2008-08,AT,1.7632523467579522,2.2857645066291417,60.86666666666667,2.902506195819414,,0.0084638896743022,0.0
2008-08,BE,1.2511143342326152,2.3852748107488555,86.1,2.8451524168473754,77.27166377764834,0.0367175848268412,0.0047329686860728
2008-08,DE,1.1903917902325274,1.970132225953027,64.73333333333333,5.039528215110558,86.2592500228169,0.018432426423108,0.0
2008-08,ES,1.7245243100912835,3.4346089450668154,38.900000000000006,-10.405695396485445,82.7666015625,0.0232204220540675,0.0
2008-08,FI,2.2431647948077167,2.275000000000343,32.833333333333336,3.8705661396760958,,0.0045688494965507,0.0
2008-08,FR,1.2951101918643126,2.015261905738671,68.83333333333334,-2.423658093997742,107.71617814569292,0.0203637263224141,0.0
2008-08,GR,3.422161376598894,3.0333333333333172,91.20000000000002,-13.986317935485594,94.6482638505191,0.0541089943541236,0.0039759382047342
2008-08,IE,2.479871401229028,2.54135099885008,35.1,-3.034954976851044,141.73378757110268,0.0003053015196314,0.0
2008-08,IT,0.25099920980684215,2.115724086919161,104.86666666666667,-2.3514268754581056,58.8636939777899,0.0472683801487141,0.0
2008-08,NL,1.7996477104284239,2.0547787690834056,46.0,5.74909113120858,93.31145369863324,0.0076714324520022,0.0
2008-08,PT,1.3583333333333298,2.1804737380305306,65.7,-9.505027118422216,58.24814201047659,0.0099366788677246,0.0035670848211941
2008-09,AT,1.74461680487595,2.212766851736407,61.63333333333333,2.9026994134022823,,0.0076764185224918,0.0037984547409237
2008-09,BE,1.2361054054258322,2.288403494743396,87.35,2.8378113663169335,120.38320499360148,0.0329357636667371,0.005442076812221
2008-09,DE,1.1596679236439627,1.8949141582795297,65.26666666666667,5.013832169361787,155.91175101669506,0.0168029968018595,0.0
2008-09,ES,1.7115409301096416,3.3546792638774843,40.099999999999994,-10.386955884710977,103.44530487060548,0.0227715747550588,0.0025229455505477
2008-09,FI,2.2164313506192412,2.200000000000446,32.71666666666667,3.87911179558293,,0.0044601004855867,0.0
2008-09,FR,1.284544801626919,1.9455633123947198,69.26666666666667,-2.4332495013322686,206.84397080291316,0.0202014280616562,0.0049568091494088
2008-09,GR,3.4041886554117813,2.966666666666688,91.55000000000001,-14.002236544528113,116.0831154890077,0.0536046872135836,0.0044454408762402
2008-09,IE,2.583897120983192,2.445859019573608,36.35,-3.0066393853085183,224.8735478716757,0.0002950613474693,0.0
2008-09,IT,0.25099936784555393,2.0650611077245826,105.08333333333333,-2.3450452587691046,97.26407404664415,0.0456589274373199,0.0
2008-09,NL,1.7501895928069575,2.0121203219922874,47.15,5.721666868309423,164.3237565694332,0.0071675309953317,0.0
2008-09,PT,1.3666666666666643,2.1491128434634854,66.05000000000001,-9.510390140702798,100.653824293547,0.0094317989425926,0.0042783828651835
2008-10,AT,1.080385652708149,2.555720574448017,62.4,2.515520221150208,,0.0077246503430667,0.0054616492493111
2008-10,BE,0.48235034599891646,3.2865442658881365,88.6,-0.802654324717229,215.63840363466076,0.0351823271158944,0.0055605585538191
2008-10,DE,0.46075684105496284,1.7654598478360206,65.8,6.942965284112878,256.0717837580775,0.0168404848079109,0.0046253379808752
2008-10,ES,0.15732198054624058,3.0713803040037515,41.3,-8.312091596046738,157.08721923828125,0.0233414336364611,0.0018378018845139
2008-10,FI,1.841275556311056,2.8500000000000747,32.6,2.9896607403372126,,0.0038642651051178,0.0043902194784582
2008-10,FR,0.32331732617570386,2.048689328135195,69.7,-2.750903461166171,272.4897558751227,0.0182585675074641,0.0065387703376252
2008-10,GR,2.2890000000002795,3.42369843862988,91.9,-14.080854268479218,157.63969606852726,0.0525047298578617,0.0054320036374481
2008-10,IE,-0.8809805464315534,2.675628163980165,37.6,-4.5291558275341135,275.5559641068436,0.0003033014361323,0.0
2008-10,IT,-0.1950000000000035,2.2718119555479035,105.3,-2.484681457680116,133.04827298791523,0.0422889770818317,0.0
2008-10,NL,1.3515977815544755,2.6774728351262156,48.3,5.201652893650109,142.58657540727006,0.0069271643773139,0.003285059824961
2008-10,PT,0.22499999999999187,2.318834201329678,66.4,-12.553478904467275,143.3822634128039,0.0088628098818935,0.0038778476297537
2008-11,AT,0.9734649542125995,2.455617019641291,64.66666666666666,2.483171490212998,,0.0083664879092951,0.004773992296285
2008-11,BE,0.3794881558992028,3.135418515229723,90.98333333333332,-0.8918948184093551,201.4549217133313,0.0349348347533998,0.0046481899489815
2008-11,DE,0.30644064460843184,1.634914501251361,68.35,6.902513787870404,188.7566896541107,0.0166604386681567,0.0
2008-11,ES,0.021942819513059958,2.912326258783996,44.56666666666666,-8.118696817902169,119.2270050048828,0.0272281277245212,0.0044127795920292
2008-11,FI,1.7686480385024628,2.733333333333373,34.666666666666664,2.9451923308243257,,0.004286419300843,0.0070506706423337
2008-11,FR,0.2662276855399548,1.897046963882106,72.43333333333334,-2.7450731345103816,170.81039488888828,0.0187489977611284,0.0047595038107516
2008-11,GR,2.1926666666670016,3.315798959086554,94.63333333333334,-14.088061811696276,111.91880638933362,0.0548628920459647,0.0040817344438135
2008-11,IE,-0.7802419971167966,2.5840312933113028,43.983333333333334,-4.4785867196455085,175.52102962330486,0.0011800017379012,0.0037612145458524
2008-11,IT,-0.21000000000000463,2.141029457586426,107.51666666666667,-2.452002914130447,86.02643732976983,0.0440536159799138,0.0083966191025645
2008-11,NL,1.2501189120674439,2.6484784122353893,51.96666666666666,5.155234021323501,151.11264116814135,0.0083347976114779,0.0017572058706889
2008-11,PT,0.18333333333332424,2.226158540194338,68.88333333333334,-12.609833354030872,118.5380999331908,0.0086207443400595,0.003513853461802
2008-12,AT,0.86654425571705,2.355513464834565,66.93333333333334,2.450822759275789,,0.0085006277372125,0.0012542281973163
2008-12,BE,0.2766259657994892,2.9842927645713093,93.36666666666667,-0.9811353121014811,246.140364056027,0.0361069041408861,0.004870716579153
2008-12,DE,0.15212444816190088,1.5043691546667013,70.89999999999999,6.862062291627928,192.48844366871455,0.0168971948786412,0.0
2008-12,ES,-0.11343634152012061,2.7532722135642413,47.83333333333333,-7.9253020397576,105.36659240722656,0.0292112316326249,0.0038026921947672
2008-12,FI,1.6960205206938694,2.6166666666666707,36.733333333333334,2.9007239213114375,,0.0037931748090793,0.0085173356653349
2008-12,FR,0.20913804490420573,1.7454045996290173,75.16666666666667,-2.7392428078545916,217.35976767827347,0.019409190547941,0.0051380069594436
2008-12,GR,2.0963333333337237,3.2078994795432285,97.36666666666667,-14.095269354913334,110.65150888148176,0.0509461081967354,0.0054350352710091
2008-12,IE,-0.6795034478020396,2.49243442264244,50.366666666666674,-4.428017611756903,219.8984842756106,0.0012358954871334,0.0058992437774825
2008-12,IT,-0.22500000000000575,2.010246959624949,109.73333333333332,-2.419324370580777,74.72348332915544,0.0446539709112605,0.0082213118833013
2008-12,NL,1.1486400425804122,2.6194839893445616,55.633333333333326,5.108815148996893,194.51615491853943,0.0093739048914772,0.0
2008-12,PT,0.14166666666665662,2.133482879058997,71.36666666666667,-12.66618780359447,93.60374218419294,0.0090326273849351,0.0035555335148405
2009-01,AT,0.7596235572215004,2.255409910027839,69.2,2.4184740283385793,,0.010208256656198,0.0
2009-01,BE,0.17376377569977564,2.833167013912896,95.75,-1.0703758057936072,218.83559836838973,0.0394218337981695,0.0
2009-01,DE,-0.0021917482846300906,1.373823808082042,73.44999999999999,6.821610795385453,174.7227434655674,0.0176065739439046,0.0
2009-01,ES,-0.2488155025533012,2.5942181683444865,51.099999999999994,-7.73190726161303,96.91898345947266,0.0308461722630007,0.0
2009-01,FI,1.623393002885276,2.499999999999969,38.8,2.85625551179855,,0.0035233568888733,0.0069236976623644
2009-01,FR,0.15204840426845667,1.5937622353759284,77.9,-2.733412481198802,216.79993626024915,0.0192354377471607,0.000876336800266
2009-01,GR,2.000000000000446,3.099999999999903,100.1,-14.102476898130394,111.66887887404349,0.0551112349837671,0.0074682254728284
2009-01,IE,-0.5787648984872829,2.400837551973578,56.75,-4.377448503868298,148.0319737283788,0.0023327422655975,0.003110121781869
2009-01,IT,-0.24000000000000687,1.8794644616634715,111.94999999999999,-2.3866458270311077,123.0010477083781,0.0465462641171587,0.0062804186403701
2009-01,NL,1.0471611730933805,2.5904895664537353,59.3,5.0623962766702855,165.29204465724231,0.0088471937055401,0.0040728821650298
2009-01,PT,0.09999999999998899,2.040807217923657,73.85,-12.722542253158068,162.1410847126273,0.0095238095238095,0.0
2009-02,AT,0.8733067271362787,2.225792417525557,71.46666666666667,2.4198017971905537,,0.0127630498599691,0.0
2009-02,BE,0.3209501277247988,2.7609440336433404,98.13333333333334,-1.0760942680735137,234.57797870882604,0.0412054202723341,0.0
2009-02,DE,0.08096674554187262,1.3760051574084644,76.0,6.824476189564664,121.99932545863192,0.0176301082669011,0.0
2009-02,ES,-0.08166031029315876,2.5485116050450487,54.36666666666667,-7.700223245953457,112.29801940917967,0.0329591644742367,0.0
2009-02,FI,1.6714435859781978,2.458333333333307,40.866666666666674,2.832745499979169,,0.0035474545543632,0.0068561023666859
2009-02,FR,0.2714535180278681,1.59600439972357,80.63333333333334,-2.7527777490551575,163.95768309601243,0.0202193621322023,0.0
2009-02,GR,2.0500000000003977,3.0583333333332576,102.83333333333334,-14.04625157669495,125.9236702862222,0.0621916595597681,0.0086782033495239
2009-02,IE,-0.3206809456273948,2.363838846813378,63.13333333333334,-4.334761378784459,169.92658056652277,0.0031046406177051,0.0043577309175377
2009-02,IT,-0.1916666666666983,1.8895090898582525,114.16666666666667,-2.365254587429218,122.50938433937458,0.0473479227787415,0.0062860862955617
2009-02,NL,1.094734894316433,2.5412821025826036,62.96666666666667,5.007591373068365,260.88991973546484,0.0089264745526235,0.0023609023380205
2009-02,PT,0.17499999999999,2.045739949763398,76.33333333333334,-12.718496061922009,103.5748759941335,0.0099686506236045,0.0
2009-03,AT,0.9869898970510567,2.1961749250232754,73.73333333333333,2.421129566042527,,0.0145946324953476,0.0
2009-03,BE,0.46813647974982175,2.6887210533737846,100.51666666666668,-1.08181273035342,220.4482179546657,0.0405657701374521,0.0
2009-03,DE,0.16412523936837523,1.3781865067348873,78.55,6.827341583743875,144.3331090164112,0.0178716106269927,0.0
2009-03,ES,0.08549488196698349,2.5028050417456114,57.63333333333333,-7.668539230293882,116.35492706298828,0.0345797633097603,0.0
2009-03,FI,1.7194941690711192,2.4166666666666448,42.93333333333334,2.8092354881597874,,0.0042795682122343,0.0075959164108527
2009-03,FR,0.3908586317872793,1.5982465640712114,83.36666666666667,-2.772143016911513,125.64455905230628,0.0216281620289521,0.0
2009-03,GR,2.1000000000003496,3.0166666666666124,105.56666666666666,-13.990026255259503,108.08342137907982,0.0767676383366835,0.0112871018522164
2009-03,IE,-0.06259699276750713,2.3268401416531783,69.51666666666668,-4.292074253700621,158.4759026818511,0.0036087277381024,0.0065134850531426
2009-03,IT,-0.1433333333333897,1.899553718053034,116.38333333333333,-2.3438633478273276,122.76371338630436,0.0506187890873172,0.0074314837972775
2009-03,NL,1.1423086155394855,2.4920746387114727,66.63333333333334,4.952786469466446,164.02215463044624,0.0080732336496178,0.0023712293317095
2009-03,PT,0.24999999999999092,2.0506726816031384,78.81666666666666,-12.714449870685952,129.8428569044221,0.0101569900656621,0.0
2009-04,AT,-2.1961899173313815,0.7043277254718983,76.0,1.324608343171636,,0.0146259208319987,0.0014927023167994
2009-04,BE,-2.801149565948349,0.6258362306078513,102.9,-2.5726872238504686,199.8181148130316,0.0408323103184088,0.0
2009-04,DE,-4.4607772727247195,-0.03018458161820614,81.1,2.362346634438024,120.31098496914964,0.0185950278169865,0.0
2009-04,ES,-2.4607575777640776,0.1999702599534775,60.9,-5.159061993842668,102.2528305053711,0.0366988866096387,0.0
2009-04,FI,-4.190112039001173,1.024999999999987,45.0,0.8832528719098595,,0.0041952286026622,0.0
2009-04,FR,-2.11081190185004,0.5914268492825003,86.1,-0.5034372636372753,126.0774497413293,0.02150499390054,0.0
2009-04,GR,-0.30000000000010574,1.7010315698954892,108.3,-13.273934954927782,78.86553133912476,0.0789214585165856,0.0079697619547806
2009-04,IE,-6.7500000000000036,-0.1993384831249695,75.9,-2.499945822984703,164.67784814837478,0.0035566385565342,0.0
2009-04,IT,-3.4344377602874125,0.696101664843296,118.6,-3.038487254257585,108.54857885923018,0.0509483678259014,0.0
2009-04,NL,-3.740547680619657,0.47131889468523536,70.3,2.2995657160846683,96.7360354674395,0.007825301324797,0.0
2009-04,PT,-3.1999999999999944,0.44905268502074547,81.3,-9.012421031413519,115.3204510531228,0.0101817860499489,0.0
2009-05,AT,-1.9320060751489916,0.7705135337528146,75.7,1.3228181607253173,,0.0147195918701945,0.0029470583624593
2009-05,BE,-2.4580995861001265,0.6722481402514635,102.70000000000002,-2.6152743223387565,200.286592299666,0.0417492082632143,0.0
2009-05,DE,-4.076220833553242,-0.07265197047663746,80.76666666666665,2.369194089282595,112.8020287247678,0.0191320643597898,0.0
2009-05,ES,-2.266703815563231,0.27359869960548183,60.766666666666666,-5.076536927335583,107.32903289794922,0.0370811734846656,0.0
2009-05,FI,-3.862137081274386,1.033333333333301,45.1,0.8464833397966949,,0.0045810952959291,0.0
2009-05,FR,-1.8305026660085413,0.6368770850607275,85.78333333333333,-0.5526559461514314,117.1136840613268,0.0221006216988328,0.0
2009-05,GR,-0.33333333333344095,1.745361395462678,110.23333333333333,-13.204123777106599,79.95288880267972,0.0823285052180485,0.0052709715704461
2009-05,IE,-6.333333333333335,-0.06590277601355621,76.03333333333333,-2.422173691367313,131.84771551782683,0.0036112765246692,0.0
2009-05,IT,-3.0960354057307122,0.6888854645331621,118.54999999999998,-3.041907544234471,131.96498100545392,0.0522140971142612,0.0
2009-05,NL,-3.3982638878899367,0.5437078715602469,70.15,2.277075230163338,111.6403236032902,0.0075593244981166,0.0027361270311585
2009-05,PT,-2.899999999999995,0.5102690533517789,81.41666666666666,-8.990905666633294,114.2333235819063,0.011649449243843,0.0
2009-06,AT,-1.667822232966602,0.836699342033731,75.4,1.3210279782789989,,0.015313567385518,0.0038620768347834
2009-06,BE,-2.1150496062519037,0.7186600498950757,102.5,-2.6578614208270444,217.12869906200967,0.0435688801133265,0.0
2009-06,DE,-3.6916643943817644,-0.11511935933506873,80.43333333333334,2.3760415441271663,136.32083253797077,0.0194100304243469,0.0
2009-06,ES,-2.072650053362385,0.347227139257486,60.633333333333326,-4.994011860828497,112.4206314086914,0.0389681785029154,0.0
2009-06,FI,-3.5341621235475995,1.0416666666666148,45.2,0.8097138076835304,,0.0042440716190318,0.0034870296851124
2009-06,FR,-1.5501934301670426,0.6823273208389546,85.46666666666667,-0.6018746286655876,111.88032063544138,0.0222333333675302,0.0021297404919105
2009-06,GR,-0.36666666666677616,1.7896912210298672,112.16666666666666,-13.134312599285414,74.13103079907043,0.0799381113791594,0.0
2009-06,IE,-5.916666666666668,0.06753293109785685,76.16666666666667,-2.3444015597499237,131.28836157320575,0.0044203249706615,0.0
2009-06,IT,-2.7576330511740133,0.6816692642230282,118.5,-3.045327834211357,73.35578711611468,0.0524542800143393,0.0027846605674889
2009-06,NL,-3.0559800951602165,0.6160968484352584,70.0,2.2545847442420075,74.64294460399493,0.0077659842920596,0.0
2009-06,PT,-2.599999999999996,0.571485421682812,81.53333333333333,-8.969390301853071,89.93165471913387,0.0140384592618315,0.0
2009-07,AT,-1.403638390784212,0.9028851503146473,75.1,1.3192377958326804,,0.0147760937639452,0.0
2009-07,BE,-1.7719996264036808,0.7650719595386879,102.30000000000001,-2.700448519315332,167.82183715626977,0.0440368184732717,0.0
2009-07,DE,-3.3071079552102867,-0.15758674819350005,80.1,2.382888998971737,79.35401614891514,0.0197555519505916,0.0
2009-07,ES,-1.8785962911615384,0.4208555789094903,60.5,-4.911486794321412,87.37086486816406,0.0382057529076633,0.0
2009-07,FI,-3.206187165820812,1.0499999999999288,45.3,0.7729442755703659,,0.0041856084522456,0.00511104605985
2009-07,FR,-1.2698841943255434,0.7277775566171818,85.15,-0.6510933111797439,108.00830397992378,0.0220261051263237,0.0019175741117878
2009-07,GR,-0.4000000000001114,1.8340210465970563,114.1,-13.064501421464229,76.37375177570154,0.0766320046813323,0.0
2009-07,IE,-5.499999999999999,0.20096863820927013,76.30000000000001,-2.2666294281325343,104.0479465998412,0.0046333693777946,0.0
2009-07,IT,-2.419230696617314,0.6744530639128943,118.44999999999999,-3.0487481241882426,97.11950460951384,0.0530877379079816,0.0024106883607318
2009-07,NL,-2.713696302430496,0.6884858253102699,69.85,2.2320942583206773,84.31215971005606,0.0079582668504256,0.001257731491147
2009-07,PT,-2.2999999999999963,0.6327017900138454,81.65,-8.947874937072847,88.58702485498051,0.0178984082892935,0.0
2009-08,AT,-1.1394545486018222,0.9690709585955637,74.80000000000001,1.3174476133863617,,0.0148564039873901,0.0
2009-08,BE,-1.428949646555458,0.8114838691823001,102.10000000000001,-2.7430356178036197,132.4808002701176,0.0438175218650394,0.0
2009-08,DE,-2.9225515160388094,-0.2000541370519313,79.76666666666667,2.3897364538163077,122.87916159676764,0.0196946159986624,0.0
2009-08,ES,-1.684542528960692,0.4944840185614945,60.36666666666667,-4.828961727814326,74.0711898803711,0.0390110160034996,0.0
2009-08,FI,-2.878212208094025,1.0583333333332425,45.400000000000006,0.7361747434572012,,0.0039722256161759,0.004575280701702
2009-08,FR,-0.9895749584840446,0.773227792395409,84.83333333333334,-0.7003119936939,98.04608852507522,0.0229418013715366,0.0
2009-08,GR,-0.4333333333334466,1.8783508721642455,116.03333333333335,-12.994690243643046,73.53486490754895,0.0759269814822934,0.0033517961954588
2009-08,IE,-5.083333333333331,0.33440434532068325,76.43333333333334,-2.1888572965151445,87.82668257853732,0.0046793501269485,0.0011864119657569
2009-08,IT,-2.0808283420606144,0.6672368636027604,118.4,-3.0521684141651284,57.65992271598541,0.0535380740787838,0.0033062008554571
2009-08,NL,-2.371412509700775,0.7608748021852814,69.7,2.2096037723993467,137.64439221695164,0.0075373065192304,0.0025419778635156
2009-08,PT,-1.9999999999999973,0.6939181583448787,81.76666666666667,-8.926359572292622,56.95998611814017,0.0192312224089987,0.0
2009-09,AT,-0.8752707064194324,1.03525676687648,74.5,1.3156574309400435,,0.0152329843660213,0.0
2009-09,BE,-1.0858996667072351,0.8578957788259123,101.9,-2.785622716291908,167.4995059754691,0.0436728476035071,0.0
2009-09,DE,-2.537995076867331,-0.2425215259103627,79.43333333333334,2.396583908660879,59.58785113060866,0.0205223349636796,0.0
2009-09,ES,-1.4904887667598454,0.568112458213499,60.233333333333334,-4.746436661307241,96.64641571044922,0.0413302250544863,0.0
2009-09,FI,-2.5502372503672377,1.0666666666665567,45.5,0.6994052113440369,,0.0041277631059077,0.0
2009-09,FR,-0.7092657226425454,0.8186780281736361,84.51666666666667,-0.7495306762080562,118.88256409984172,0.0230269240954171,0.0
2009-09,GR,-0.4666666666667818,1.9226806977314346,117.96666666666667,-12.924879065821862,81.5331040090085,0.0687900626892245,0.0
2009-09,IE,-4.666666666666663,0.46784005243209664,76.56666666666668,-2.111085164897755,185.6768343764944,0.0049481786774956,0.0072078745119894
2009-09,IT,-1.742425987503915,0.6600206632926264,118.35,-3.055588704142015,117.3745339834824,0.055517393006333,0.0033458508114258
2009-09,NL,-2.029128716971055,0.833263779060293,69.55000000000001,2.1871132864780165,178.39561989439167,0.0085174098884034,0.0018969644877417
2009-09,PT,-1.6999999999999977,0.7551345266759121,81.88333333333334,-8.904844207512399,79.0802023958777,0.0189191482141342,0.0
2009-10,AT,-0.7284614432605641,0.8674225128805946,74.2,2.004410975918489,,0.0155355603552645,0.0016059056626088
2009-10,BE,-0.7647579704682855,0.7844630746093262,101.7,-0.9469122657246625,158.11921780074186,0.0438419095348506,0.0
2009-10,DE,-1.0723376963874098,0.17085361882992478,79.1,3.4379995297409836,84.36804968514748,0.021135657331439,0.0032176464656745
2009-10,ES,-1.499206800071537,0.5735322395549164,60.1,-5.0121269842192016,100.10651397705078,0.042504918797706,0.0
2009-10,FI,-0.8870107291307328,1.0749999999996152,45.6,1.613769108699544,,0.0040566248146836,0.002910254875842
2009-10,FR,0.08739141373433901,0.9383013132909457,84.2,-1.352261750979284,124.04782454598356,0.0222968186718558,0.0
2009-10,GR,-0.2358076168824247,1.5582492414109528,119.9,-9.263441905731456,87.7878557080675,0.0663236405806176,0.0
2009-10,IE,-3.749999999999995,-0.6221241381865916,76.7,0.007530308511143946,143.9500603952393,0.0049681691478095,0.0
2009-10,IT,-1.1058827773243658,0.8900660368886371,118.3,-2.3850640435046824,88.23627382317089,0.0557717619017481,0.0036114072492319
2009-10,NL,-0.5411475855829879,0.9356734389692034,69.4,6.87665289537542,74.5740953866362,0.0080181949961958,0.0
2009-10,PT,-0.4500000000000032,0.5743074792073172,82.0,-9.716353547141853,85.52489772633285,0.0192057930667999,0.0
2009-11,AT,-0.3844874291210498,0.911615008587093,74.08333333333333,1.9928141382120659,,0.0158960016048894,0.0028737286400785
2009-11,BE,-0.4961438136612224,0.8547629912467344,101.6,-0.9448566884048852,143.81443448756386,0.0450500430823002,0.0028818352966553
2009-11,DE,-0.6029472488810546,0.17485580823450864,79.46666666666667,3.4963366418358164,106.57057958570904,0.0214524015415986,0.0036856018960079
2009-11,ES,-1.2472060554085989,0.6698609219787136,61.583333333333336,-4.899277992051115,89.14588165283203,0.0436468481926765,0.0048645528914166
2009-11,FI,-0.2793296836306839,1.083333333332822,48.016666666666666,1.7330409209041557,,0.0045006380361222,0.0045250814871612
2009-11,FR,0.3591471980090245,1.0051622648159138,85.26666666666667,-1.3742154539084261,213.290108791541,0.0218333115291651,0.0032904510988616
2009-11,GR,-0.17837865565293504,1.6054994942738838,122.38333333333334,-9.183872041864193,114.8417524411328,0.0663928985202501,0.0045707171009902
2009-11,IE,-3.333333333333327,-0.5155944193127556,78.21666666666667,0.2007022517560656,97.359037179548,0.0051099205616109,0.0066773278063986
2009-11,IT,-0.6571113917526499,0.9056473806336193,118.86666666666666,-2.371332095385782,113.5038282993474,0.0545285804727198,0.0014057481804017
2009-11,NL,-0.1376298595582951,0.9417161837562656,69.75,6.857737704870948,98.72609500901316,0.0081885606356041,0.0035519074463259
2009-11,PT,-0.16666666666666857,0.7029315325773982,83.08333333333334,-9.700259721093435,82.4301806535424,0.0190580629581169,0.004137127275547
2009-12,AT,-0.0405134149815356,0.9558075042935913,73.96666666666667,1.9812173005056428,,0.0146160626227955,0.006609120239767
2009-12,BE,-0.22752965685415938,0.9250629078841425,101.5,-0.9428011110851079,161.08330875932592,0.0452899568095203,0.0029323194850809
2009-12,DE,-0.13355680137469939,0.1788579976390925,79.83333333333333,3.5546737539306483,76.33285646800081,0.0215106354966972,0.0035168007784052
2009-12,ES,-0.9952053107456605,0.7661896044025109,63.06666666666666,-4.786428999883026,92.33070373535156,0.0440967283072546,0.0061367303929312
2009-12,FI,0.32835136186936487,1.0916666666660282,50.43333333333334,1.8523127331087668,,0.0042113486080266,0.0027938204437478
2009-12,FR,0.6309029822837098,1.072023216340882,86.33333333333334,-1.3961691568375683,140.3594551667645,0.0208529892079453,0.0038931628907938
2009-12,GR,-0.12094969442344541,1.652749747136815,124.86666666666667,-9.10430217799693,139.50954664333173,0.0683078634532935,0.0110220304807333
2009-12,IE,-2.916666666666659,-0.4090647004389195,79.73333333333333,0.39387419500098714,123.98584504417138,0.0050299569770074,0.0065187753654429
2009-12,IT,-0.20834000618093396,0.9212287243786014,119.43333333333334,-2.3576001472668824,99.86463255619138,0.0529107195001577,0.0029604023094899
2009-12,NL,0.26588786646639745,0.9477589285433278,70.1,6.838822514366475,154.2217155450275,0.0079178785101361,0.0037187713173258
2009-12,PT,0.11666666666666586,0.8315555859474789,84.16666666666667,-9.684165895045012,93.88014476123784,0.0195708260118962,0.0046992057019673
2010-01,AT,0.3034605991579786,1.0000000000000897,73.85,1.9696204627992195,,0.0152171129965201,0.0061186616653609
2010-01,BE,0.04108449995290364,0.9953628245215507,101.4,-0.9407455337653307,175.29477153936233,0.0442058758099051,0.0016965065266356
2010-01,DE,0.3358336461316558,0.18286018704367635,80.19999999999999,3.613010866025481,105.57108427115573,0.0220560304244058,0.0
2010-01,ES,-0.7432045660827225,0.8625182868263082,64.55,-4.673580007714939,111.14257049560548,0.042171661436792,0.005320897501014
2010-01,FI,0.9360324073694137,1.099999999999235,52.85,1.9715845453133782,,0.004919636757644,0.0
2010-01,FR,0.9026587665583952,1.1388841678658501,87.4,-1.4181228597667104,147.0803791304256,0.0200003217168855,0.0014116143742662
2010-01,GR,-0.06352073319395579,1.6999999999997462,127.35000000000001,-9.024732314129666,129.49113430220325,0.074385510996119,0.0122527498330009
2010-01,IE,-2.499999999999991,-0.3025349815650835,81.25,0.5870461382459087,116.95391238030751,0.0050288714608373,0.005054333929058
2010-01,IT,0.24043137939078196,0.9368100681235836,120.0,-2.3438681991479826,104.52817810625834,0.0541317140669033,0.0035074029048057
2010-01,NL,0.6694055924910902,0.95380167333039,70.45,6.819907323862004,69.70816584208696,0.0097081657149769,0.0026842785291075
2010-01,PT,0.40000000000000036,0.9601796393175599,85.25,-9.668072068996594,105.6928014775164,0.0192182608662576,0.0019134217825786
2010-02,AT,0.4105762976876334,0.9833333333333194,73.73333333333335,1.965923747941072,,0.0159860515305387,0.0045508640626496
2010-02,BE,0.1734567375020295,1.0136239207070317,101.30000000000001,-0.8918767668244901,148.13969905485067,0.0451477514647568,0.0
2010-02,DE,0.4303810820737146,0.17595517145669684,80.56666666666666,3.6580142639444837,121.43700721669111,0.0224704199340441,0.0
2010-02,ES,-0.6093856917071834,0.8474878771628743,66.03333333333333,-4.6434232299982945,136.99745178222656,0.0415654069038254,0.0039246723622184
2010-02,FI,1.0246963734219516,1.12499999999938,55.266666666666666,2.0131688260163965,,0.0048395411469399,0.0
2010-02,FR,0.9736488173891481,1.1592079840518466,88.46666666666667,-1.4205729560465594,171.11748379552878,0.0199735210822597,0.0011827206917901
2010-02,GR,-0.0032273387611081172,1.6916666666664637,129.83333333333337,-8.982001709844262,138.16717378362048,0.078352563459416,0.0062250611059359
2010-02,IE,-2.2061344667649103,-0.24061075262793344,82.76666666666667,0.5490093328541853,93.48496232021044,0.0050071140497732,0.0032395671158022
2010-02,IT,0.282395431108227,0.9420758957800368,120.56666666666666,-2.376636016093668,106.47966280686909,0.0560870954186887,0.0034817591519372
2010-02,NL,0.6655631983291777,0.9576515338862298,70.80000000000001,6.826498216767651,63.39269098348451,0.0118285310070041,0.0027118524228598
2010-02,PT,0.441666666666668,0.9718313360411253,86.33333333333334,-9.643457699394745,90.68025324425815,0.0218515344317749,0.0
2010-03,AT,0.517691996217288,0.9666666666665491,73.61666666666667,1.9622270330829241,,0.0160681577147857,0.0042943412416418
2010-03,BE,0.30582897505115514,1.0318850168925122,101.2,-0.8430079998836496,122.91557280773868,0.045545917592801,0.000523701105243
2010-03,DE,0.5249285180157732,0.16905015586971736,80.93333333333334,3.7030176618634867,116.47019690925322,0.0230451645894422,0.0
2010-03,ES,-0.4755668173316445,0.8324574674994404,67.51666666666667,-4.61326645228165,99.0850601196289,0.0435820210288351,0.0
2010-03,FI,1.1133603394744895,1.1499999999995254,57.68333333333334,2.054753106719415,,0.0050776372191294,0.0
2010-03,FR,1.044638868219901,1.179531800237843,89.53333333333333,-1.4230230523264082,169.56921673538247,0.020035455646519,0.0011500035222684
2010-03,GR,0.057066055671739474,1.6833333333331812,132.31666666666666,-8.939271105558857,111.75493983718891,0.0780644405110264,0.0
2010-03,IE,-1.9122689335298297,-0.17868652369078353,84.28333333333333,0.5109725274624618,88.85211170597563,0.0048175834786695,0.0
2010-03,IT,0.324359482825672,0.94734172343649,121.13333333333334,-2.4094038330393532,98.56237044494462,0.0578537104205391,0.0
2010-03,NL,0.6617208041672651,0.9615013944420695,71.15,6.833089109673297,89.45702082985953,0.0126292661542303,0.0005500947481828
2010-03,PT,0.4833333333333356,0.9834830327646908,87.41666666666667,-9.618843329792897,97.14271268354796,0.0224815122245698,0.0
2010-04,AT,1.4236108194915886,1.3499999999999845,73.5,1.7476346257466824,,0.0163305611975154,0.0037566205806038
2010-04,BE,1.199061359413417,1.5488652271186232,101.1,-0.38664115122514375,144.8106494743664,0.0458142698689558,0.0
2010-04,DE,1.3442796977644556,0.949823080272516,81.3,5.492745534298112,153.83554692754657,0.0229930457324596,0.0
2010-04,ES,-0.08176552479629007,1.1320708830503623,69.0,-5.223454108812651,98.70111846923828,0.0442816762493716,0.0
2010-04,FI,1.4874429466850192,1.1749999999999872,60.1,1.97451908166839,,0.0054158875599573,0.0
2010-04,FR,1.579829723606907,1.2784171903270858,90.6,-1.90736599860595,152.00736059535694,0.0190587532105495,0.0015862896586079
2010-04,GR,-1.7625000000000086,1.6749999999999154,134.8,-9.286535563785403,146.23956998656948,0.0880913797561548,0.0
2010-04,IE,-0.6748472394783933,-1.6844369705778766,85.8,0.2735390283655788,134.9796716801854,0.0048670527719286,0.0
2010-04,IT,0.921830572856247,1.475000000000276,121.7,-2.7643987537601773,110.837816658247,0.0602171519866241,0.0
2010-04,NL,1.3132898636967205,1.1435296650128213,71.5,5.074975022569788,55.41345777595429,0.0139424889645771,0.0013906056644297
2010-04,PT,0.3830090773373873,0.902697858014484,88.5,-9.273219372697543,114.8487065280672,0.0280014658485477,0.0
2010-05,AT,1.4551827018205676,1.366666666666657,73.30866666666667,1.7388426363544998,,0.0167629052183839,0.0048457678248306
2010-05,BE,1.2142592169647268,1.5470557465979105,101.43333333333334,-0.35742767603243963,185.2332647987253,0.0441349607556205,0.0038611898821917
2010-05,DE,1.3890821901296313,0.9604492227391829,80.503,5.504318081076709,156.3809576278984,0.0232279743368085,0.0052551381143642
2010-05,ES,0.027509443647814436,1.1161591045296755,69.204,-5.209016504272913,149.98333740234375,0.0449035510834965,0.0
2010-05,FI,1.566633447639846,1.2000000000001048,58.78333333333333,1.95990103584667,,0.0053600574525037,0.0069181546989666
2010-05,FR,1.599093574078747,1.303448781033345,90.09316666666666,-1.9009113080776365,368.2284460521463,0.018800173494612,0.0050766780716951
2010-05,GR,-1.6833333333333589,1.5999999999998755,135.55816666666666,-9.15359352575795,135.78917465620123,0.0856003158161431,0.0
2010-05,IE,-0.3847273954734386,-1.5653051211958626,88.44616666666667,0.2338045447013004,149.93057816493825,0.0046513310313869,0.0
2010-05,IT,0.9481550047471348,1.50000000000019,121.36533333333333,-2.75478200107176,114.94949165378588,0.0623003838726962,0.0
2010-05,NL,1.3171695697636359,1.1576578250080665,71.14633333333333,5.0999771038798105,97.05864130779923,0.0126379893740847,0.0050713662429746
2010-05,PT,0.41295983501656125,0.9232445428485929,88.26433333333333,-9.372317514513494,140.0758872199002,0.0301755933736391,0.0
2010-06,AT,1.4867545841495466,1.3833333333333289,73.11733333333333,1.7300506469623174,,0.016958245338159,0.0020830332369744
2010-06,BE,1.2294570745160365,1.5452462660771975,101.76666666666665,-0.3282142008397356,183.89311523805048,0.0444508738936598,0.0022394374740258
2010-06,DE,1.433884682494807,0.9710753652058498,79.706,5.515890627855307,143.1194668427787,0.0254066084664179,0.005454699405043
2010-06,ES,0.13678441209191886,1.100247326008989,69.408,-5.194578899733177,142.48199462890625,0.0454530726659056,0.0
2010-06,FI,1.645823948594673,1.2250000000002221,57.46666666666667,1.9452829900249502,,0.0049369686553591,0.0069642469313464
2010-06,FR,1.6183574245505872,1.3284803717396043,89.58633333333333,-1.8944566175493232,135.45886657506682,0.0198871572375451,0.0050804258381408
2010-06,GR,-1.6041666666667094,1.5249999999998358,136.31633333333335,-9.020651487730499,143.76381846677336,0.0765372441598307,0.025866907276556
2010-06,IE,-0.09460755146848432,-1.446173271813849,91.09233333333333,0.19407006103702207,106.3180149084117,0.0048977548554461,0.0
2010-06,IT,0.9744794366380223,1.525000000000104,121.03066666666666,-2.7451652483833424,160.79039833506351,0.0614276067559146,0.0
2010-06,NL,1.3210492758305512,1.1717859850033114,70.79266666666666,5.124979185189833,103.7327341017756,0.0134606565309248,0.0054441221759934
2010-06,PT,0.44291059269573513,0.9437912276827017,88.02866666666667,-9.471415656329444,95.44850502637031,0.0299295293639792,0.0072460977471939
2010-07,AT,1.5183264664785256,1.4000000000000012,72.926,1.721258657570135,,0.0176922538940343,0.0031807256757416
2010-07,BE,1.2446549320673461,1.5434367855564846,102.1,-0.2990007256470315,119.8916779621472,0.0488020078148379,0.0022891574179819
2010-07,DE,1.4786871748599828,0.9817015076725166,78.90899999999999,5.527463174633905,193.8954319811794,0.026101429226341,0.005012912768771
2010-07,ES,0.2460593805360234,1.084335547488302,69.612,-5.18014129519344,105.17088317871094,0.0434785348851266,0.0
2010-07,FI,1.7250144495495001,1.2500000000003397,56.150000000000006,1.93066494420323,,0.0050868219111916,0.0082646787519235
2010-07,FR,1.6376212750224273,1.3535119624458636,89.0795,-1.88800192702101,187.11679620988332,0.0197380508642554,0.0053453306568161
2010-07,GR,-1.5250000000000596,1.449999999999796,137.0745,-8.887709449703046,106.00977372983404,0.0833206250255716,0.0285672703344042
2010-07,IE,0.1955122925364705,-1.327041422431835,93.7385,0.15433557737274364,144.67902244971424,0.0051771245467903,0.0
2010-07,IT,1.00080386852891,1.550000000000018,120.696,-2.7355484956949248,144.46775976560252,0.061608630591943,0.002631727861661
2010-07,NL,1.3249289818974663,1.1859141449985566,70.439,5.149981266499855,99.9148494790024,0.0144795480378445,0.0056194124779335
2010-07,PT,0.47286135037490906,0.9643379125168106,87.793,-9.570513798145395,95.60262598926953,0.0309704988912129,0.0082504351606628
2010-08,AT,1.5498983488075047,1.4166666666666734,72.73466666666667,1.7124666681779523,,0.0181912145728104,0.0035862607173532
2010-08,BE,1.2598527896186558,1.5416273050357716,102.43333333333334,-0.2697872504543274,97.21322075549948,0.0487711204103429,0.0035819896203279
2010-08,DE,1.5234896672251583,0.9923276501391834,78.11200000000001,5.5390357214125014,146.92627324532936,0.0261155145777314,0.006267873916098
2010-08,ES,0.35533434898012783,1.0684237689676153,69.816,-5.165703690653704,94.5900650024414,0.0426225236839102,0.0
2010-08,FI,1.8042049505043272,1.275000000000457,54.833333333333336,1.91604689838151,,0.004712655848268,0.0100179982817989
2010-08,FR,1.6568851254942671,1.3785435531521228,88.57266666666666,-1.8815472364926966,170.7781121156391,0.0189859732678493,0.0066779131484436
2010-08,GR,-1.4458333333334101,1.374999999999756,137.83266666666668,-8.754767411675592,114.99740437960727,0.0834222048400789,0.0314398532894211
2010-08,IE,0.4856321365414249,-1.207909573049821,96.38466666666667,0.11460109370846527,127.03856153723966,0.0055520808557745,0.0053969029003023
2010-08,IT,1.0271283004197975,1.574999999999932,120.36133333333333,-2.725931743006507,111.56591378723688,0.0599469232310283,0.0017704251055075
2010-08,NL,1.3288086879643815,1.2000423049938016,70.08533333333334,5.174983347809878,86.83157694654531,0.0144373136418439,0.0061814452390377
2010-08,PT,0.5028121080540829,0.9848845973509194,87.55733333333333,-9.669611939961344,66.01023679420636,0.0329446726184622,0.0109314868976607
2010-09,AT,1.5814702311364837,1.433333333333346,72.54333333333334,1.70367467878577,,0.018383439367552,0.0
2010-09,BE,1.2750506471699656,1.5398178245150589,102.76666666666667,-0.24057377526162332,110.6104062450187,0.0493988457360246,0.0
2010-09,DE,1.5682921595903343,1.0029537926058505,77.315,5.5506082681911,111.59323887873222,0.0266040158961597,0.0028843395101452
2010-09,ES,0.4646093174242324,1.0525119904469287,70.02000000000001,-5.151266086113967,105.94867706298828,0.0445863398705558,0.0
2010-09,FI,1.8833954514591542,1.300000000000575,53.51666666666667,1.90142885255979,,0.0058605087928973,0.0094231415425596
2010-09,FR,1.6761489759661077,1.4035751438583821,88.06583333333333,-1.8750925459643835,214.5264336835718,0.0197236858441626,0.0011638954316507
2010-09,GR,-1.3666666666667604,1.2999999999997163,138.59083333333334,-8.621825373648141,80.25552870539329,0.0853053319615082,0.0320858745701695
2010-09,IE,0.77575198054638,-1.0887777236678071,99.03083333333333,0.07486661004418685,195.93972680042052,0.0065131106191916,0.0071616402192461
2010-09,IT,1.0534527323106855,1.599999999999846,120.02666666666666,-2.7163149903180903,126.1278499696438,0.0596846500963509,0.0
2010-09,NL,1.332688394031297,1.214170464989047,69.73166666666667,5.1999854291199,144.27868391296647,0.0144470296462882,0.0056040117581661
2010-09,PT,0.5327628657332569,1.0054312821850284,87.32166666666667,-9.768710081777296,79.91418316187811,0.032327706705961,0.0
2010-10,AT,1.6303358202461093,1.6800000000000093,72.352,2.376285646582235,,0.0179151543054913,0.0
2010-10,BE,1.6920363721971587,1.9249865058434068,103.1,1.452390062382293,121.03079239835937,0.0494502256639929,0.0
2010-10,DE,2.349185632600487,1.3491635795349177,76.518,5.886254624783338,116.3797590966814,0.0408181887247274,0.0056792058557853
2010-10,ES,0.4635056740401211,1.2284588514127281,70.224,-4.870720207569493,105.4267349243164,0.0447431937399903,0.0
2010-10,FI,2.0783945164097597,1.6999999999999627,52.2,1.5834691203809474,,0.005298652323469,0.0078131429109991
2010-10,FR,1.6270361554002466,1.614309327137109,87.559,-1.7658491669187675,309.0109412547238,0.0204352317461696,0.0063398785333285
2010-10,GR,-2.9671208858122466,2.799999999999958,139.349,-8.520521752455853,89.71778782014682,0.0862273694599512,0.0063468582062747
2010-10,IE,1.6397955921540168,-0.809612550174138,101.677,-1.5277352726258675,136.073174185063,0.0069279862128134,0.0074461768514649
2010-10,IT,1.0013870854745144,1.6730889540608251,119.692,-2.7358274004436924,133.0658143633579,0.0603764197190995,0.0004598440447348
2010-10,NL,1.7125908550328584,1.1437011263736307,69.378,6.493425986380833,101.91945402772446,0.0145537174147437,0.0076333973399812
2010-10,PT,0.24323693633092336,1.1571061457516019,87.086,-9.373442979211276,104.846739153922,0.0329553975553126,0.0082189839840977
2010-11,AT,1.6333188466390276,1.7000000000000088,72.0845,2.383240985964637,,0.0175688985085013,0.0069760044555755
2010-11,BE,1.6989192505139157,1.9199535385371485,102.15016666666666,1.5578589573051254,116.51472557387665,0.0508689839572192,0.0
2010-11,DE,2.23997933240749,1.352304840997857,77.00416666666666,5.867451800600088,137.21381824957714,0.0315599974375465,0.0102827889845913
2010-11,ES,0.5533840068645842,1.1986083749330263,69.69816666666667,-4.8306448501264185,140.54161071777344,0.0453364345969487,0.0
2010-11,FI,2.0399961320832367,1.7333333333332646,52.27866666666667,1.6006152181351052,,0.005815217845881,0.0099603660460642
2010-11,FR,1.6338783962497514,1.6114773772795576,87.90883333333333,-1.7631641227805517,152.43801128102848,0.0203817241378457,0.0077348799324812
2010-11,GR,-2.855598413124668,2.599999999999973,142.39983333333333,-8.263155489839692,126.4642159863688,0.0873971001972668,0.0
2010-11,IE,1.8522747971158662,-0.721714013673147,104.98266666666666,-1.393674231490215,243.4429606269593,0.0070398531072884,0.0
2010-11,IT,1.0011997982386278,1.6782406218030732,119.74049999999998,-2.721908160955172,143.53141554704732,0.0634350260063083,0.0007995189729981
2010-11,NL,1.7001690257522444,1.1270903239148404,68.89466666666667,6.579914591914915,60.39669767777431,0.013871719452283,0.0105702274343047
2010-11,PT,0.1455568695219141,1.182565154421178,88.3415,-9.30582942739492,102.1490759566327,0.0330998953553891,0.0
2010-12,AT,1.636301873031946,1.7200000000000086,71.81700000000001,2.390196325347038,,0.0184866943616297,0.0075853851475593
2010-12,BE,1.7058021288306728,1.9149205712308899,101.20033333333333,1.6633278522279575,158.11578241340175,0.0504779093602553,0.0068287235335832
2010-12,DE,2.130773032214493,1.3554461024607962,77.49033333333334,5.848648976416839,179.41429972841618,0.0259305399454436,0.0071010819341495
2010-12,ES,0.6432623396890472,1.1687578984533247,69.17233333333334,-4.790569492683344,138.5839080810547,0.0455919949893777,0.0
2010-12,FI,2.0015977477567133,1.7666666666665665,52.35733333333333,1.6177613158892625,,0.0067003453206861,0.0084547904959377
2010-12,FR,1.6407206370992558,1.6086454274220061,88.25866666666667,-1.7604790786423359,311.9080071594274,0.0194303523508882,0.0053008852306363
2010-12,GR,-2.7440759404370887,2.399999999999987,145.45066666666665,-8.00578922722353,99.05485384609894,0.0870717678448674,0.0
2010-12,IE,2.064754002077715,-0.633815477172156,108.28833333333333,-1.2596131903545624,188.7419007279672,0.0077326980226872,0.0
2010-12,IT,1.0010125110027412,1.683392289545321,119.78899999999999,-2.7079889214666504,109.6550150801729,0.0628671564147868,0.0
2010-12,NL,1.6877471964716302,1.11047952145605,68.41133333333333,6.6664031974489975,72.7874609488361,0.0141591033644181,0.0080106221515548
2010-12,PT,0.047876802712904884,1.208024163090754,89.59700000000001,-9.238215875578565,95.21111003794915,0.0409274893440364,0.0
2011-01,AT,1.6392848994248643,1.7400000000000082,71.5495,2.39715166472944,,0.0179535724058008,0.0083517529396143
2011-01,BE,1.7126850071474298,1.9098876039246315,100.25049999999999,1.76879674715079,153.62344356579297,0.0553274775206906,0.0064463691468305
2011-01,DE,2.021566732021496,1.3585873639237356,77.9765,5.82984615223359,140.9458415604839,0.0264491625114112,0.0083272487059915
2011-01,ES,0.7331406725135103,1.1389074219736228,68.6465,-4.75049413524027,131.9467315673828,0.0454104232468894,0.0
2011-01,FI,1.9631993634301903,1.7999999999998684,52.436,1.63490741364342,,0.0068905180207926,0.00727673091721
2011-01,FR,1.6475628779487606,1.605813477564455,88.60849999999999,-1.75779403450412,162.46417461815372,0.0192703391319069,0.0070554376141155
2011-01,GR,-2.63255346774951,2.200000000000002,148.5015,-7.74842296460737,96.59691277283274,0.0941162755775447,0.0
2011-01,IE,2.277233207039564,-0.545916940671165,111.594,-1.12555214921891,124.22791289200504,0.0081502057127042,0.0016860042875229
2011-01,IT,1.0008252237668547,1.6885439572875693,119.8375,-2.69406968197813,87.86672628902572,0.0634845981824112,0.0
2011-01,NL,1.6753253671910162,1.0938687189972596,67.928,6.75289180298308,69.73016411775595,0.0142338095357301,0.0088347140264326
2011-01,PT,-0.04980326409610436,1.23348317176033,90.85249999999999,-9.17060232376221,87.72229723579676,0.0399932685129321,0.0
2011-02,AT,1.6489706343846833,1.7366666666666735,71.28200000000001,2.3957299696101377,,0.0177849490744628,0.0046626176984827
2011-02,BE,1.7076814564614278,1.9091893328005278,99.30066666666667,1.847674993328595,117.77964732844326,0.0557311623680265,0.0019246706133541
2011-02,DE,2.021473452743979,1.3620384169300837,78.46266666666668,5.783289328531238,93.27111359654027,0.0263103177362616,0.0004498975513159
2011-02,ES,0.8209521799089459,1.1511332690806417,68.12066666666666,-4.7341328850824125,127.27813720703124,0.0464875064136869,0.0
2011-02,FI,1.95793274981097,1.7916666666664953,52.51466666666667,1.6280980291341192,,0.0055860599118906,0.003933089408056
2011-02,FR,1.6605001389332297,1.6127438654254624,88.95833333333334,-1.754183651901946,210.0111903468607,0.0206407302854847,0.0
2011-02,GR,-2.322527770556119,2.0583333333333544,151.55233333333334,-7.673604472629517,79.92306618108134,0.095245551686068,0.0
2011-02,IE,2.291305619140436,-0.4337903128702932,114.89966666666666,-1.1295711324975923,94.43105924956572,0.0074796329006207,0.0
2011-02,IT,1.0340897884529705,1.6978319608469739,119.886,-2.6878361914417006,103.4895850097992,0.0614162397853237,0.0032452781382396
2011-02,NL,1.6748832293912368,1.1143796590808293,67.44466666666666,6.779354128615075,58.55872771416151,0.0136040847053931,0.0021235473284021
2011-02,PT,0.004347007911915508,1.2391586971462736,92.108,-9.154413696022301,85.35557150554207,0.0380978835696199,0.0096943376501829
2011-03,AT,1.6586563693445022,1.7333333333333385,71.0145,2.394308274490835,,0.0179438057456591,0.004074957071863
2011-03,BE,1.7026779057754255,1.9084910616764243,98.35083333333333,1.9265532395063998,110.54994654648024,0.0565612847142791,0.0036646422165779
2011-03,DE,2.021380173466462,1.3654894699364317,78.94883333333334,5.736732504828886,123.78567873907862,0.0268195289181731,0.0
2011-03,ES,0.9087636873043814,1.1633591161876602,67.59483333333334,-4.7177716349245555,129.07090759277344,0.0475243498629258,0.0049916312409117
2011-03,FI,1.9526661361917497,1.783333333333122,52.593333333333334,1.6212886446248185,,0.0055573063124212,0.0
2011-03,FR,1.6734373999176988,1.6196742532864703,89.30816666666666,-1.7505732692997718,271.07414381300066,0.0178540996874636,0.0
2011-03,GR,-2.0125020733627283,1.9166666666667074,154.60316666666665,-7.598785980651664,91.1971785107948,0.0917234081430628,0.015666580857895
2011-03,IE,2.3053780312413084,-0.3216636850694214,118.20533333333334,-1.133590115776275,135.5645335666414,0.0076758281915662,0.0
2011-03,IT,1.0673543531390866,1.7071199644063784,119.93450000000001,-2.681602700905272,99.2566664018898,0.0597230789200278,0.0045222831508108
2011-03,NL,1.6744410915914574,1.1348905991643992,66.96133333333333,6.8058164542470685,79.76545206107139,0.0134924047827396,0.0036619104624575
2011-03,PT,0.058497279919935294,1.244834222532217,93.36350000000002,-9.13822506828239,86.24178818609258,0.0375149596224963,0.0053474990278891
2011-04,AT,2.394999999999997,2.374999999999994,70.747,3.075032838797078,,0.0178096976079555,0.0037189772410391
2011-04,BE,1.7674525830460364,2.718550811690068,97.401,1.0619739206962477,101.21177869972948,0.0568648933628792,0.0067881072069721
2011-04,DE,2.428883649524427,2.021217785176832,79.435,4.9925398633501725,80.16926761768643,0.0269717795200374,0.0
2011-04,ES,1.0252303542413188,2.3299464046968477,67.069,-4.724400432736653,126.4727554321289,0.0467596128444834,0.0055719801400778
2011-04,FI,2.967383165418408,2.768551611426251,52.672,2.713865398903982,,0.0059256016634664,0.0
2011-04,FR,1.6813357105892934,2.0381636343521192,89.658,-2.7596628836007495,241.7879501604396,0.0178044698585403,0.0
2011-04,GR,-2.0092990727054367,2.02999999999971,157.654,-7.8855779684078025,96.13932136076392,0.0934178947475923,0.0092832641928029
2011-04,IE,0.8872473504207279,0.5364676903188759,121.511,0.286950636826544,98.91054549242877,0.0072660822049076,0.010430414159173
2011-04,IT,1.114996911173144,1.997680189825607,119.983,-3.2643097676788297,103.88103682653347,0.060175877375865,0.00320867921175
2011-04,NL,1.5001174688471064,2.2706028373853715,66.478,7.967732350602022,54.70029514379802,0.0137805982880322,0.0
2011-04,PT,-1.2526826276003127,2.117912161549623,94.619,-8.678093177306447,91.67524290951351,0.0409387584083812,0.0057258350470231
2011-05,AT,2.3799999999999972,2.333333333333328,71.26833333333333,3.0788132233653434,,0.018184899533795,0.0034443027373618
2011-05,BE,1.7875759199511787,2.6678547916998716,96.88016666666667,1.0768231019467767,109.3729377789199,0.0571678493698618,0.0057676468359294
2011-05,DE,2.3914096320077682,1.9662879594496272,79.84516666666667,4.944302301245747,93.21103606179916,0.026924701738765,0.0
2011-05,ES,1.0905675624235167,2.241361751069304,67.58266666666667,-4.704644749445677,113.10902404785156,0.0474709847527497,0.005699387332607
2011-05,FI,2.912760734226409,2.699106993790945,52.278499999999994,2.6982566425689334,,0.006327614728062,0.0005350548327116
2011-05,FR,1.6927709420611208,2.0033082849061725,89.61016666666667,-2.75254406918235,164.03363825314077,0.0173793913026897,0.0
2011-05,GR,-1.6661739766120471,1.8599999999997137,162.90316666666666,-7.79333082973257,93.68829826227716,0.0958660659939294,0.0
2011-05,IE,1.0007154892304269,0.5349362500494559,120.498,0.32058506235835005,70.02326745628442,0.007273482217959,0.0099707370451278
2011-05,IT,1.136019866154577,2.0123645578793794,120.21666666666667,-3.229918299119693,138.2941636189556,0.0612308800521069,0.003924238385502
2011-05,NL,1.5001332590015868,2.2607637565237537,66.48433333333332,7.996710519847493,55.680143299839656,0.0133929295992414,0.0
2011-05,PT,-1.166371998589233,2.0400872279870677,97.48133333333334,-8.662029247588496,149.626284551432,0.0435856313104372,0.009676153716836
2011-06,AT,2.3649999999999967,2.291666666666662,71.78966666666666,3.0825936079336094,,0.0180910496859052,0.0
2011-06,BE,1.807699256856321,2.6171587717096747,96.35933333333332,1.0916722831973058,132.49447932422402,0.0577399348375173,0.0016905946632469
2011-06,DE,2.3539356144911094,1.911358133722422,80.25533333333334,4.8960647391413215,172.59468328313437,0.0270832863077948,0.0
2011-06,ES,1.1559047706057146,2.1527770974417604,68.09633333333333,-4.684889066154701,144.1704559326172,0.0497610552224491,0.0061547832662641
2011-06,FI,2.8581383030344094,2.6296623761556392,51.885000000000005,2.682647886233884,,0.0072469414789994,0.0
2011-06,FR,1.7042061735329481,1.9684529354602263,89.56233333333333,-2.74542525476395,228.37820428264607,0.0187167534474973,0.0
2011-06,GR,-1.323048880518658,1.6899999999997177,168.15233333333333,-7.701083691057338,103.82341482842504,0.0977901596935475,0.0
2011-06,IE,1.1141836280401254,0.5334048097800359,119.48499999999999,0.354219487890156,119.86011631591046,0.0074919362934447,0.0104185084761999
2011-06,IT,1.15704282113601,2.027048925933152,120.45033333333333,-3.1955268305605564,97.67909186644104,0.0628576013660568,0.0019194702340217
2011-06,NL,1.500149049156067,2.250924675662136,66.49066666666667,8.025688689092965,80.37820549139954,0.0147376691416309,0.0
2011-06,PT,-1.0800613695781531,1.9622622944245125,100.34366666666668,-8.645965317870544,92.01062913774192,0.0434732166242733,0.0083384535053267
2011-07,AT,2.3499999999999965,2.2499999999999964,72.311,3.0863739925018754,,0.0186707633565015,0.0
2011-07,BE,1.8278225937614634,2.5664627517194782,95.8385,1.1065214644478352,133.26214726612855,0.0569202612323101,0.0037553673162625
2011-07,DE,2.3164615969744506,1.856428307995217,80.66550000000001,4.847827177036895,184.0123037543516,0.0263005973602165,0.0
2011-07,ES,1.2212419787879125,2.0641924438142167,68.61,-4.665133382863726,156.86024475097656,0.0487746965964278,0.0063090780658589
2011-07,FI,2.8035158718424102,2.5602177585203334,51.4915,2.6670391298988347,,0.0077886428570024,0.0013240226060984
2011-07,FR,1.7156414050047752,1.9335975860142796,89.5145,-2.73830644034555,211.36402454797417,0.0173214398493866,0.0
2011-07,GR,-0.9799237844252684,1.5199999999997216,173.4015,-7.608836552382105,131.89366219655952,0.0971416934208634,0.0
2011-07,IE,1.2276517668498244,0.5318733695106159,118.47200000000001,0.387853913421962,124.03458123015744,0.0075989453576123,0.0108937078347448
2011-07,IT,1.178065776117443,2.041733293986925,120.684,-3.1611353620014198,125.64202928930554,0.0639920567464371,0.0066376089905408
2011-07,NL,1.5001648393105471,2.241085594800518,66.497,8.054666858338436,30.12409927177172,0.0145003037868955,0.0
2011-07,PT,-0.9937507405670731,1.884437360861957,103.206,-8.629901388152595,87.35948657838968,0.0430045992346311,0.0081624388731713
2011-08,AT,2.3349999999999964,2.2083333333333304,72.83233333333334,3.0901543770701405,,0.0186990183189934,0.0
2011-08,BE,1.8479459306666057,2.515766731729282,95.31766666666667,1.121370645698364,132.48962851673394,0.0542476092085123,0.0032838815433153
2011-08,DE,2.278987579457792,1.801498482268012,81.07566666666668,4.799589614932469,280.61475107957574,0.0251346586006638,0.0
2011-08,ES,1.2865791869701102,1.975607790186673,69.12366666666667,-4.645377699572749,169.6965789794922,0.0473335028340691,0.0046502345738649
2011-08,FI,2.748893440650411,2.490773140885027,51.098000000000006,2.6514303735637856,,0.0062312677376289,0.0
2011-08,FR,1.7270766364766024,1.8987422365683329,89.46666666666667,-2.7311876259271495,256.70832615054053,0.0175642676841531,0.0
2011-08,GR,-0.6367986883318791,1.3499999999997256,178.65066666666667,-7.516589413706873,145.05924742695044,0.0907162345824093,0.0
2011-08,IE,1.3411199056595229,0.5303419292411959,117.459,0.421488338953768,137.5638213685191,0.0087308204324626,0.0085874229272369
2011-08,IT,1.1990887310988758,2.0564176620406975,120.91766666666668,-3.126743893442283,173.38817186305968,0.0652668333445907,0.0066810690913714
2011-08,NL,1.5001806294650273,2.2312465139389004,66.50333333333333,8.083645027583906,156.84348983573824,0.0138715361338279,0.0
2011-08,PT,-0.9074401115559931,1.8066124272994015,106.06833333333334,-8.613837458434643,74.76030529377681,0.0424815235186124,0.0099296041117019
2011-09,AT,2.3199999999999963,2.166666666666665,73.35366666666667,3.0939347616384074,,0.0186380667492249,0.0020853481843621
2011-09,BE,1.868069267571748,2.4650707117390853,94.79683333333332,1.1362198269488935,137.59702504369136,0.0533059446846521,0.0053775252096947
2011-09,DE,2.241513561941133,1.7465686565408072,81.48583333333333,4.751352052828044,377.8437925525178,0.024341221419455,0.0
2011-09,ES,1.3519163951523085,1.8870231365591297,69.63733333333333,-4.625622016281774,142.7769317626953,0.0464807570864789,0.0055965660152259
2011-09,FI,2.694271009458412,2.4213285232497217,50.7045,2.635821617228737,,0.006774372747816,0.0
2011-09,FR,1.73851186794843,1.8638868871223866,89.41883333333332,-2.72406881150875,312.2534632145842,0.0173149685493483,0.0
2011-09,GR,-0.29367359223848954,1.1799999999997295,183.89983333333333,-7.42434227503164,151.8769391718089,0.09153264871149,0.0258522342824472
2011-09,IE,1.4545880444692223,0.528810488971776,116.446,0.45512276448557404,185.37888467873483,0.0091420081713507,0.0061440079779757
2011-09,IT,1.220111686080309,2.0711020300944702,121.15133333333333,-3.0923524248831464,171.93279149278845,0.0626002227115584,0.0064934979654931
2011-09,NL,1.5001964196195077,2.2214074330772826,66.50966666666667,8.112623196829379,244.20488552059825,0.0132003169150347,0.0
2011-09,PT,-0.8211294825449134,1.7287874937368461,108.93066666666668,-8.597773528716694,106.5578066874034,0.0416526898402448,0.0109202473790022
2011-10,AT,2.05042731308831,2.450000000000002,73.875,2.7407483094022598,,0.0182732641735885,0.006858148270201
2011-10,BE,1.7630660300647805,2.327313211788995,94.276,0.8152494923164665,158.14138864619207,0.0556316390207843,0.006056565770239
2011-10,DE,1.6361194454094174,1.5339413417099823,81.896,4.949316117900847,217.81926791486825,0.0247765773534702,0.0022090062491759
2011-10,ES,1.0358522046549357,1.81566589119731,70.151,-3.3065778813112074,136.2045135498047,0.0463528452962981,0.0049687420649849
2011-10,FI,2.5483582554029716,2.283277245247711,50.311,2.50000389856149,,0.0072454844006568,0.0038519526774788
2011-10,FR,1.4622907144560326,1.5489742418344998,89.371,-2.539288939658705,298.85209459124127,0.0173884655223877,0.0
2011-10,GR,-2.7499999999999996,1.491857351508591,189.149,-7.082552087643897,121.58448708133724,0.0923437722964547,0.0282672338304777
2011-10,IE,1.2033055259401293,0.7426528317843906,115.433,1.86394255429814,149.38747164339492,0.0093709295292945,0.0110985577081873
2011-10,IT,0.40195052210079685,1.8867206862141161,121.385,-3.1036915806752625,203.88967799719163,0.0621760225174956,0.0061814552257886
2011-10,NL,1.4164031142712807,2.125219662543054,66.516,7.66920328996583,88.70523196965615,0.0136337384870125,0.00547406256647
2011-10,PT,-1.922684357740195,2.4400241339262605,111.793,-6.958243387199323,115.5559377366376,0.0399770293103207,0.0046275572298612
2011-11,AT,1.913618208725428,2.366666666666669,73.94166666666666,2.73918648719759,,0.0182975657837227,0.007005559029945
2011-11,BE,1.690027155477536,2.2346207885036793,94.987,0.8411978446660776,183.5780340407178,0.0559384682792873,0.0108388974886196
2011-11,DE,1.5151205794663707,1.4559610014665325,81.15466666666667,4.939423746599325,327.94839273539174,0.0248981397024151,0.015972976071424
2011-11,ES,1.0648858103995,1.6981795424330426,72.46366666666667,-3.252669959318885,177.70838928222656,0.0466049546353398,0.0175177818188096
2011-11,FI,2.4471409982107875,2.187687700301203,50.733333333333334,2.5011445472251834,,0.006245119699515,0.0167833078806137
2011-11,FR,1.4411915890302476,1.4826705216327267,89.60099999999998,-2.52558422249689,361.3698540600312,0.0180177357414703,0.0091952906129653
2011-11,GR,-2.5000000000000004,1.3373136220899047,185.182,-6.939425008439218,188.70453050427767,0.0933090426604941,0.0
2011-11,IE,1.296728254154193,0.7002109989193002,115.81533333333334,1.8743139719758466,229.56751237785232,0.0087021907494131,0.012855315468076
2011-11,IT,0.37561128449072523,1.805978833362835,121.78766666666667,-3.061454296065885,218.4379951866144,0.059834381219175,0.0
2011-11,NL,1.3926676691071136,2.083548214499076,67.70583333333335,7.686670118762243,155.77896185714408,0.0138775496726463,0.0154630898376605
2011-11,PT,-1.8964562384935195,2.32859590589668,112.38083333333334,-6.771270279561572,132.8833603285077,0.039744581636904,0.0099822948225196
2011-12,AT,1.7768091043625458,2.2833333333333354,74.00833333333334,2.7376246649929197,,0.018327852038705,0.0124602442430318
2011-12,BE,1.6169882808902911,2.141928365218363,95.69800000000001,0.8671461970156888,174.49950913747998,0.0512848699556872,0.0087806470534463
2011-12,DE,1.3941217135233237,1.3779806612230827,80.41333333333333,4.9295313752978025,203.20614372825028,0.0239746150994074,0.0169751457309354
2011-12,ES,1.0939194161440642,1.5806931936687751,74.77633333333333,-3.1987620373265626,132.91546630859375,0.05329599000103,0.0200111992620497
2011-12,FI,2.345923741018604,2.0920981553546953,51.15566666666667,2.5022851958888768,,0.0058787195937661,0.0165600899395922
2011-12,FR,1.4200924636044627,1.4163668014309534,89.83099999999999,-2.511879505335075,283.25138728551804,0.0181942680953247,0.0061259996114441
2011-12,GR,-2.250000000000001,1.1827698926712187,181.215,-6.796297929234539,98.70882448956851,0.0943320661507073,0.0
2011-12,IE,1.3901509823682563,0.6577691660542099,116.19766666666666,1.8846853896535531,234.81245731737903,0.0099192542706314,0.0092272804571866
2011-12,IT,0.3492720468806535,1.7252369805115537,122.19033333333334,-3.0192170114565076,188.17796907844252,0.0601895974905432,0.0021921144720874
2011-12,NL,1.368932223942946,2.0418767664550974,68.89566666666667,7.7041369475586565,121.34734140791991,0.013298130269173,0.0161254204738332
2011-12,PT,-1.8702281192468435,2.217167677867099,112.96866666666668,-6.58429717192382,85.62022623377194,0.0395248643840156,0.0150638439168831
2012-01,AT,1.639999999999664,2.200000000000002,74.075,2.73606284278825,,0.019724718777956,0.0159083256005419
2012-01,BE,1.5439494063030468,2.0492359419330475,96.40899999999999,0.8930945493653,151.0957051434453,0.0512054409714006,0.0071449690312134
2012-01,DE,1.273122847580277,1.300000320979633,79.672,4.91963900399628,193.76167484396305,0.0240411098822916,0.0216967713157439
2012-01,ES,1.1229530218886286,1.4632068449045077,77.089,-3.14485411533424,148.67044067382812,0.05941578377689,0.0197287975908118
2012-01,FI,2.2447064838264197,1.9965086104081875,51.578,2.50342584455257,,0.0062817599142003,0.0197065281708953
2012-01,FR,1.3989933381786779,1.3500630812291803,90.061,-2.49817478817326,289.3977719458548,0.0183906702421242,0.0089337138660035
2012-01,GR,-2.0000000000000018,1.0282261632525325,177.248,-6.65317085002986,103.23512223365329,0.083711880967482,0.0309993611374333
2012-01,IE,1.48357371058232,0.6153273331891196,116.58000000000001,1.89505680733126,203.4207799975053,0.0110405991753027,0.0117760299434549
2012-01,IT,0.3229328092705819,1.6444951276602726,122.593,-2.97697972684713,179.26256039004437,0.0664749847571796,0.0
2012-01,NL,1.3451967787787789,2.000205318411119,70.0855,7.72160377635507,101.05898756519396,0.013235618943495,0.0203091489208814
2012-01,PT,-1.8440000000001677,2.105739449837518,113.5565,-6.39732406428607,109.1140721570568,0.0399407275898041,0.0
2012-02,AT,1.6730959230469578,2.175000000000001,74.14166666666668,2.7432460040861733,,0.0195808794953813,0.013468364948269
2012-02,BE,1.5602320783084895,2.045132946771984,97.12,0.9298273704405017,131.73600744575967,0.052293279707036,0.0083758291439352
2012-02,DE,1.2922321937525534,1.3250002942313526,78.93066666666667,4.907893396888283,127.25827416801424,0.0242133786473334,0.0216460171292475
2012-02,ES,1.176802297196981,1.4647749638885748,79.40166666666667,-3.1174423861044875,141.6598663330078,0.063345938741926,0.0189467563154554
2012-02,FI,2.2289434751121218,1.9967995595408943,52.00033333333334,2.4947372598775184,,0.0064175969827061,0.0181316089446901
2012-02,FR,1.4380121352214357,1.3759194205187286,90.291,-2.50178949399004,299.149632436528,0.0193885346861407,0.0072561959357198
2012-02,GR,-1.7083333333333337,1.0258739829815084,173.281,-6.602544702340779,129.686145669577,0.0864542555990967,0.0327926442385042
2012-02,IE,1.5417208698681275,0.6805056489714227,116.96233333333335,1.8527099615731557,126.52368432833626,0.0116627648032889,0.0144239069203193
2012-02,IT,0.341021741831334,1.649120533688538,122.99566666666666,-2.9381512413279545,135.01561396446792,0.0715299537675085,0.0
2012-02,NL,1.3604236721278509,2.000188208543563,71.27533333333334,7.691474289769277,124.77721928679512,0.0162417098486295,0.0189600103855327
2012-02,PT,-1.5911666666668054,2.0517130503185967,114.14433333333335,-6.309760379734644,101.8089544896215,0.0452838081327072,0.0
2012-03,AT,1.7061918460942516,2.15,74.20833333333334,2.750429165384096,,0.0203982933675134,0.0137875679852836
2012-03,BE,1.5765147503139325,2.0410299516109216,97.831,0.9665601915157033,111.12187129463936,0.0538230160281554,0.0093053916589397
2012-03,DE,1.31134153992483,1.350000267483072,78.18933333333332,4.896147789780285,112.18205637764385,0.0246265669977062,0.0218861702649262
2012-03,ES,1.230651572505333,1.4663430828726416,81.71433333333334,-3.0900306568747347,152.198974609375,0.0667120809248864,0.0190631272197807
2012-03,FI,2.213180466397824,1.9970905086736008,52.42266666666667,2.4860486752024666,,0.0056189494980353,0.0180988449572055
2012-03,FR,1.477030932264193,1.401775759808277,90.52100000000002,-2.50540419980682,219.13884320323305,0.0199384335144054,0.0
2012-03,GR,-1.4166666666666663,1.0235218027104844,169.31400000000002,-6.551918554651698,110.17309355343956,0.0542955026412475,0.0558735634969611
2012-03,IE,1.5998680291539356,0.7456839647537257,117.34466666666667,1.8103631158150517,117.82440294649491,0.0117125728386371,0.0135775748517545
2012-03,IT,0.35911067439208616,1.6537459397168035,123.39833333333334,-2.8993227558087784,140.95085099893987,0.0764486160421709,0.0
2012-03,NL,1.3756505654769233,2.000171098676007,72.46516666666668,7.661344803183485,217.16641322959083,0.0163461319375954,0.0177688512372703
2012-03,PT,-1.3383333333334433,1.9976866507996758,114.73216666666666,-6.222196695183221,87.77220092585004,0.0511178037562614,0.0
2012-04,AT,1.1594747884674683,2.124999999999999,74.275,1.37265397186687,,0.020982168858335,0.0
2012-04,BE,0.21224803372845713,2.295487329025059,98.542,-0.11001720481363125,110.31307576487713,0.0540589502504185,0.005204326402899
2012-04,DE,0.8294054083886004,1.8691603358853282,77.448,5.1063523809500175,139.84863858367368,0.0243682206568451,0.0071784353962016
2012-04,ES,-1.3383857151680363,1.8101904149316617,84.027,-2.0375894501149574,205.71994018554688,0.0670208829561028,0.0085391172497891
2012-04,FI,0.8960301305245555,2.6841483329632547,52.845,-0.80693001606105,,0.0055916049328679,0.0088606762298979
2012-04,FR,0.6091557545154003,1.8716926440030757,90.751,-1.8350607693905874,330.94551775743366,0.0194648122928479,0.0068319452425427
2012-04,GR,-3.5506151684599114,-0.4382902875257333,165.347,-7.199900950401332,116.05090117634354,0.050499428260024,0.0842431156033148
2012-04,IE,0.8969837891485533,1.5872500000000123,117.727,1.1453162152657475,143.47026238402086,0.0141269230676568,0.0067446660695403
2012-04,IT,-1.5022280753004047,2.3323433543771865,123.801,-2.0468945639981575,190.27880336916857,0.0768484733766728,0.0064473641163721
2012-04,NL,-0.1693318922743825,1.819923472466256,73.655,8.09887590458348,107.7830031694415,0.0164200411694052,0.0107157748287764
2012-04,PT,-2.3520243225734343,2.7472247955024454,115.32,-4.006442643577808,122.6300819658845,0.0514442569172486,0.0196028240861247
2012-05,AT,1.2337833451726565,2.0999999999999983,74.38583333333334,1.3721643363460667,,0.0214596873854043,0.0
2012-05,BE,0.2805334972102151,2.2478537689460287,98.6905,-0.05463601342068264,132.2366230453178,0.052425387066517,0.0062791607849126
2012-05,DE,0.9008951491431476,1.8559432870210038,78.13033333333333,5.080612159858173,169.59648362044646,0.0233039921305302,0.0
2012-05,ES,-1.1758225492047931,1.7824712297187886,86.17816666666667,-2.0024187091841066,226.41781616210935,0.0647813036848302,0.0
2012-05,FI,1.0004774025001921,2.6238438810393045,53.018166666666666,-0.7557689829409476,,0.0053450932919361,0.003670128600716
2012-05,FR,0.6534626387061001,1.8447994029442119,90.97233333333334,-1.8020217706988,313.9736746600755,0.0193010311852115,0.006478805902476
2012-05,GR,-3.151022923283294,-0.4177203833675887,168.09533333333334,-7.136503833612856,182.1072303672861,0.0437340107375779,0.0876836489282305
2012-05,IE,1.0223719907652844,1.549666666666679,117.99033333333333,1.2100031995136933,200.45964870790152,0.0134686730041253,0.0178366041545511
2012-05,IT,-1.3673751880214025,2.2772506739864675,124.4755,-1.9893244345724534,147.67372029484213,0.0779443177618949,0.0077210862386988
2012-05,NL,-0.059008380676132455,1.8133655404571534,73.07633333333334,8.065975398805318,170.16643613016072,0.0173172626067945,0.0046946577831408
2012-05,PT,-2.0518852567034562,2.5974940459740767,116.72283333333333,-3.955175108482506,127.7122549837303,0.0514742200148176,0.0225392157482938
2012-06,AT,1.3080919018778447,2.074999999999997,74.49666666666667,1.3716747008252632,,0.0217316107419135,0.0043237533917311
2012-06,BE,0.348818960691973,2.2002202088669987,98.839,0.0007451779722658924,135.638156761654,0.0545041075498437,0.0060476734171056
2012-06,DE,0.9723848898976946,1.8427262381566796,78.81266666666666,5.054871938766329,202.49005798798208,0.027126598938844,0.0
2012-06,ES,-1.0132593832415502,1.7547520445059157,88.32933333333334,-1.9672479682532558,234.3763732910156,0.0650465277161196,0.0
2012-06,FI,1.1049246744758285,2.5635394291153544,53.19133333333333,-0.7046079498208453,,0.0053825955631685,0.0053844772854298
2012-06,FR,0.6977695228967998,1.8179061618853485,91.19366666666667,-1.7689827720070126,380.179149625006,0.0203364824724783,0.0090031519828794
2012-06,GR,-2.751430678106677,-0.3971504792094442,170.84366666666668,-7.073106716824381,151.89283394207558,0.0430708828765417,0.0546656514432712
2012-06,IE,1.1477601923820153,1.5120833333333454,118.25366666666667,1.274690183761639,146.45232572461856,0.0138924964839147,0.0146142051310644
2012-06,IT,-1.2325223007424002,2.222157993595749,125.15,-1.9317543051467492,141.2333046392451,0.0799426457604896,0.0065639471557681
2012-06,NL,0.05131513092211748,1.8068076084480502,72.49766666666667,8.033074893027154,134.2719949624774,0.0172268997259823,0.0049922171361794
2012-06,PT,-1.7517461908334782,2.447763296445708,118.12566666666666,-3.9039075733872055,136.3272263075424,0.0526213460773983,0.0281183862563065
2012-07,AT,1.382400458583033,2.0499999999999963,74.6075,1.3711850653044602,,0.0221859677293214,0.0035895441431106
2012-07,BE,0.41710442417373095,2.1525866487879686,98.98750000000001,0.05612636936521451,118.88753546154577,0.0546249567807654,0.0032133810302201
2012-07,DE,1.0438746306522417,1.8295091892923554,79.495,5.029131717674485,237.98155768545192,0.0270564827970359,0.0040145073738078
2012-07,ES,-0.8506962172783072,1.7270328592930428,90.4805,-1.932077227322405,233.6498565673828,0.0637095500754139,0.0054870838918121
2012-07,FI,1.2093719464514652,2.503234977191404,53.3645,-0.6534469167007431,,0.0054737870152066,0.0074347919587187
2012-07,FR,0.7420764070874997,1.7910129208264847,91.41499999999999,-1.735943773315225,241.55753384834023,0.0196394933861359,0.0115420852370628
2012-07,GR,-2.3518384329300592,-0.3765805750512996,173.59199999999998,-7.0097096000359045,142.12571146666568,0.0416982233942568,0.0396728784515843
2012-07,IE,1.2731483939987465,1.474500000000012,118.517,1.339377168009585,114.3405094162292,0.0143786153417645,0.0117207526951729
2012-07,IT,-1.097669413463398,2.16706531320503,125.8245,-1.874184175721045,126.45848968867102,0.0793532898562696,0.0057502760328472
2012-07,NL,0.16163864252036753,1.8002496764389475,71.91900000000001,8.00017438724899,37.80706652801866,0.0171892262652801,0.0069530312713494
2012-07,PT,-1.4516071249634999,2.298032546917339,119.5285,-3.852640038291905,121.6314488889962,0.0522320019637409,0.0194956431792063
2012-08,AT,1.456709015288221,2.024999999999995,74.71833333333333,1.3706954297836567,,0.0224908356273334,0.0037744573279432
2012-08,BE,0.48538988765548885,2.1049530887089385,99.13600000000002,0.11150756075816305,104.10712808226369,0.0547135112741308,0.0036617555148224
2012-08,DE,1.115364371406789,1.8162921404280312,80.17733333333334,5.0033914965826405,161.60618317081793,0.0274209346108655,0.0
2012-08,ES,-0.6881330513150643,1.69931367408017,92.63166666666667,-1.8969064863915541,164.81138610839844,0.0630951797293359,0.0054742397555888
2012-08,FI,1.3138192184271016,2.442930525267454,53.53766666666667,-0.6022858835806406,,0.0056582241881009,0.0085801473696973
2012-08,FR,0.7863832912781994,1.7641196797676209,91.63633333333334,-1.7029047746234374,144.79932603116598,0.0200244729661276,0.008236159230359
2012-08,GR,-1.9522461877534418,-0.3560106708931551,176.34033333333335,-6.946312483247429,100.13854039100296,0.0498578194729172,0.0
2012-08,IE,1.3985365956154774,1.4369166666666784,118.78033333333335,1.4040641522575306,152.79239479610814,0.0151267156018178,0.0119666499844701
2012-08,IT,-0.9628165261843957,2.111972632814311,126.49900000000001,-1.8166140462953408,98.05305288174124,0.0794779547913328,0.0051610473611887
2012-08,NL,0.27196215411861746,1.7936917444298444,71.34033333333335,7.967273881470827,107.1667976523113,0.016610865983752,0.008941291048209
2012-08,PT,-1.1514680590935218,2.14830179738897,120.93133333333334,-3.8013725031966037,85.52712886658568,0.0534890365729766,0.0202110739281757
2012-09,AT,1.5310175719934094,1.9999999999999947,74.82916666666667,1.3702057942628536,,0.0234690341921974,0.0008288383627164
2012-09,BE,0.5536753511372469,2.0573195286299084,99.28450000000001,0.1668887521511117,128.0997723270678,0.05541828838162,0.0
2012-09,DE,1.186854112161336,1.803075091563707,80.85966666666667,4.977651275490797,227.42259309828628,0.0282357200749992,0.0
2012-09,ES,-0.5255698853518213,1.6715944888672971,94.78283333333334,-1.8617357454607033,171.0133514404297,0.0660463520408303,0.0162919139526605
2012-09,FI,1.4182664904027384,2.3826260733435043,53.71083333333333,-0.5511248504605384,,0.0055259885827688,0.0049295986100741
2012-09,FR,0.8306901754688993,1.7372264387087575,91.85766666666667,-1.6698657759316502,243.7095178854061,0.0213774353406525,0.0060983176270533
2012-09,GR,-1.5526539425768242,-0.33544076673501044,179.08866666666665,-6.8829153664589535,106.68742851552442,0.0502981461396596,0.0
2012-09,IE,1.5239247972322087,1.399333333333345,119.04366666666667,1.4687511365054766,122.88678604319962,0.0153997220844807,0.0137507942600972
2012-09,IT,-0.8279636389053935,2.0568799524235923,127.1735,-1.7590439168696368,101.1551720585623,0.0817166678635716,0.0040600337938052
2012-09,NL,0.3822856657168676,1.787133812420742,70.76166666666667,7.934373375692664,157.22845647712043,0.0173129330459718,0.0065392104870768
2012-09,PT,-0.8513289932235435,1.9985710478606016,122.33416666666666,-3.7501049681013034,90.54163628790792,0.0561133527259078,0.015853806910809
2012-10,AT,1.0241724130370278,2.0099999999999896,74.94,1.6887087504926874,,0.0236430431952477,0.0
2012-10,BE,0.26382693726424433,2.1536745081970956,99.433,0.22636150724082474,141.61555612036227,0.0566058228057593,0.0
2012-10,DE,0.8730553669350938,1.9333141843138113,81.542,4.866558549563442,174.702714703869,0.0289006521382409,0.0060829391746096
2012-10,ES,-1.3712060498146967,2.4296595420263687,96.934,-0.6045733117703253,160.08543395996094,0.0665098198252,0.0159958423756933
2012-10,FI,1.052926360864731,2.453776287042142,53.884,-1.661042963424725,,0.0055574830665553,0.0013987416708538
2012-10,FR,0.3050093991180225,1.2070210191068076,92.079,-1.7001583606081128,284.00884266923134,0.0229006078139136,0.0029106871436219
2012-10,GR,-4.499999999999921,-0.5664561811856539,181.837,-3.63452633076328,104.1453064116589,0.0502486547901839,0.0
2012-10,IE,1.133445687620449,1.1001899649543068,119.307,2.482735488886715,139.92823450413223,0.0156777042484663,0.0007446834242493
2012-10,IT,-1.1208719568103598,2.1132043204470374,127.848,-1.38866810705713,130.07621242181372,0.0849871063368006,0.0032610765935802
2012-10,NL,0.18134227324649588,1.9068165215537503,70.183,8.18114201628237,86.47128833181125,0.0178405182749604,0.005103765387241
2012-10,PT,-1.512561416013372,1.2185258743347638,123.737,-1.9914981530279725,119.0858167197857,0.0551971237248401,0.0063196835202354
2012-11,AT,1.0354015861310388,1.9733333333333232,74.72616666666667,1.6687212620545184,,0.0242640748107562,0.0
2012-11,BE,0.2890589281483447,2.082980816782276,99.49716666666667,0.2660365464607105,175.46026500658735,0.0581171024701097,0.0
2012-11,DE,0.8660965718661373,1.908993327321007,81.002,4.803895823321962,214.8198100053125,0.0298564387628373,0.0039778479600102
2012-11,ES,-1.352659694893123,2.428513964907549,97.039,-0.4524983565700425,146.38999938964844,0.068454988041246,0.016876804570067
2012-11,FI,1.149093024130543,2.404062084641545,54.636,-1.66756751390261,,0.0057605949566854,0.0
2012-11,FR,0.3253701036634286,1.127404198660039,92.4055,-1.6963514039561784,332.82085591141697,0.0224099926524614,0.0
2012-11,GR,-4.3333333333332265,-0.7336241685898822,180.7895,-3.3925214620335735,135.7901938941869,0.0510421340854769,0.0
2012-11,IE,1.2201636962372826,1.0667933099693754,119.46033333333332,2.557132792005357,92.88404086998564,0.0162671729775891,0.001491963994091
2012-11,IT,-0.9907189152350226,2.013109517754256,128.34133333333332,-1.3790149089738868,113.17735866815497,0.0857818778338058,0.0008856092257848
2012-11,NL,0.25222769037297665,1.8724678122028382,71.13866666666667,8.174612018576687,183.76797518281415,0.0183574956990653,0.0006088923129832
2012-11,PT,-1.3466948066246691,1.0436674008121058,123.72883333333333,-1.8937642406487751,127.0379383099807,0.0578947930840415,0.0086480766067895
2012-12,AT,1.0466307592250497,1.936666666666657,74.51233333333333,1.648733773616349,,0.0245615186803966,0.0012404188982588
2012-12,BE,0.31429091903244494,2.0122871253674566,99.56133333333335,0.30571158568059625,141.98139239144626,0.0600744676832184,0.0
2012-12,DE,0.8591377767971808,1.8846724703282023,80.462,4.741233097080481,170.51522360275126,0.0296238201264358,0.0018201891725084
2012-12,ES,-1.3341133399715497,2.4273683877887287,97.144,-0.30042340136975976,151.52682495117188,0.0679274061154296,0.0099553966361674
2012-12,FI,1.245259687396355,2.354347882240948,55.388000000000005,-1.674092064380495,,0.0057187691569604,0.0
2012-12,FR,0.3457308082088347,1.0477873782132698,92.732,-1.6925444473042441,270.1315358796152,0.0226212020369309,0.0
2012-12,GR,-4.166666666666532,-0.9007921559941104,179.742,-3.150516593303867,103.09488285081945,0.0419661069075153,0.0
2012-12,IE,1.3068817048541164,1.0333966549844438,119.61366666666666,2.6315300951239986,105.18054777426636,0.016742706422724,0.0
2012-12,IT,-0.8605658736596854,1.9130147150614747,128.83466666666666,-1.3693617108906433,141.2397578656935,0.0833122851844884,0.0037155935137047
2012-12,NL,0.3231131074994573,1.8381191028519261,72.09433333333334,8.168082020871005,189.9396114036495,0.0180510320413061,0.0
2012-12,PT,-1.180828197235966,0.8688089272894476,123.72066666666666,-1.7960303282695773,101.8694009639974,0.0553423398518699,0.0094034129379904
2013-01,AT,1.0578599323190607,1.8999999999999906,74.29849999999999,1.62874628517818,,0.0247689303626174,0.0014867554025008
2013-01,BE,0.3395229099165453,1.9415934339526375,99.6255,0.345386624900482,139.84429976256524,0.0605898591162323,0.0058942772049148
2013-01,DE,0.8521789817282244,1.8603516133353981,79.922,4.678570370839,198.8841834552805,0.0295843688396723,0.0
2013-01,ES,-1.3155669850499763,2.426222810669909,97.249,-0.148348446169477,135.85504150390625,0.0713435707251875,0.0099259825346701
2013-01,FI,1.341426350662167,2.304633679840351,56.14,-1.68061661485838,,0.0067601132475292,0.0
2013-01,FR,0.3660915127542408,0.9681705577665012,93.0585,-1.68873749065231,318.2390724231499,0.0225120810211289,0.0
2013-01,GR,-3.999999999999837,-1.0679601433983388,178.6945,-2.90851172457416,86.26991876149066,0.0389702381910634,0.0
2013-01,IE,1.39359971347095,0.9999999999995124,119.767,2.70592739824264,135.29033895090188,0.0180680533210955,0.0
2013-01,IT,-0.7304128320843484,1.8129199123686934,129.328,-1.3597085128074,171.1816904372161,0.0886377590496753,0.0028868750883119
2013-01,NL,0.3939985246259381,1.803770393501014,73.05000000000001,8.16155202316532,132.06050752113634,0.017433078490892,0.0
2013-01,PT,-1.0149615878472629,0.6939504537667895,123.7125,-1.69829641589038,93.68946627987496,0.0570565725814491,0.0092486268386287
2013-02,AT,1.1378984968795265,1.8999999999999926,74.08466666666666,1.6264426194764816,,0.0255770080295195,0.0013809755878491
2013-02,BE,0.3905343326617905,1.8971591034780966,99.68966666666668,0.3856004409837058,126.33528941115702,0.0603829541996101,0.0065782053397546
2013-02,DE,0.8954565092718341,1.8803223122241048,79.382,4.657416043312604,152.42018881409973,0.0298287134800651,0.0
2013-02,ES,-1.12224302474917,2.345505374952374,97.35400000000001,-0.07847559263449015,124.1254653930664,0.0738050348390587,0.0035936841421543
2013-02,FI,1.4024919070811381,2.295914206520276,56.89200000000001,-1.6751995228008243,,0.006477945555828,0.0031558424685079
2013-02,FR,0.4280017788508913,0.9585533540708735,93.385,-1.6784103554819934,242.87602873705944,0.0234391427706445,0.0018134135868111
2013-02,GR,-3.6666666666665173,-1.0001677697704352,177.647,-2.8847545881676884,100.54723293792658,0.0357966325458585,0.0
2013-02,IE,1.4846499977195782,1.0316814592524426,119.92033333333333,2.786406139524207,79.08714553601737,0.0156653526331441,0.0
2013-02,IT,-0.6277700960772865,1.7435099196713044,129.82133333333334,-1.3554703112497584,184.06682589384596,0.0881429913908805,0.0
2013-02,NL,0.4738826266843188,1.795718004465539,74.00566666666668,8.14773913518488,181.0493654030918,0.018072488188456,0.0
2013-02,PT,-0.8305288700637903,0.72922454167334,123.70433333333334,-1.6573397386363966,92.48946543572396,0.0561534293837419,0.0076366062853214
2013-03,AT,1.2179370614399925,1.8999999999999941,73.87083333333334,1.6241389537747835,,0.0259937885904659,0.0
2013-03,BE,0.44154575540703567,1.8527247730035556,99.75383333333335,0.42581425706692944,140.6315007683872,0.0577459281483078,0.0054332564840546
2013-03,DE,0.9387340368154435,1.9002930111128118,78.84200000000001,4.6362617157862065,201.0030362265356,0.0299676410644826,0.0
2013-03,ES,-0.9289190644483637,2.26478793923484,97.45899999999999,-0.008602739099503376,129.89584350585938,0.0779451095578909,0.0
2013-03,FI,1.4635574635001092,2.2871947332002005,57.644,-1.6697824307432683,,0.0061616417713247,0.0
2013-03,FR,0.4899120449475417,0.9489361503752458,93.7115,-1.6680832203116767,259.2550886514177,0.0232525872214773,0.0
2013-03,GR,-3.3333333333331976,-0.9323753961425318,176.59949999999998,-2.8609974517612167,147.17450016947907,0.03475116851975,0.0044279942818379
2013-03,IE,1.5757002819682064,1.0633629185053728,120.07366666666668,2.8668848808057734,101.51336082337298,0.0165162802163963,0.0017654931933953
2013-03,IT,-0.5251273600702249,1.6740999269739154,130.31466666666665,-1.3512321096921167,241.01820609666288,0.0910104823609543,0.0
2013-03,NL,0.5537667287426995,1.7876656154300636,74.96133333333333,8.133926247204437,199.42669673109023,0.0193159634360635,0.0
2013-03,PT,-0.6460961522803177,0.7644986295798906,123.69616666666667,-1.6163830613824133,79.43762169337288,0.0561294621261215,0.0069185356911913
2013-04,AT,0.9922338984588885,2.124999999999999,73.657,2.2341085983240174,,0.0262893369484013,0.0
2013-04,BE,0.42523022863016346,1.6339614089116272,99.818,-0.047994529645152016,125.9648249914266,0.0559817542837372,0.0036187971874113
2013-04,DE,0.8233499817807244,1.6332400887348275,78.302,5.987688475501859,131.46474359802284,0.0299405258629021,0.0
2013-04,ES,-0.9835221895221347,1.8308435330681216,97.564,1.3694980452365875,143.94744873046875,0.0779555606685903,0.0034354300513259
2013-04,FI,0.6707409322428748,2.800819197536492,58.396,-1.7162723288648598,,0.0082629859686492,0.0
2013-04,FR,0.17098218388846564,1.541842386300335,94.038,-1.3099793166772926,300.5311551650807,0.0229329202789268,0.0
2013-04,GR,-3.0112797478377393,-0.7099999999997497,175.552,-0.12521717895350604,109.02174796579392,0.0342854451691901,0.0075283678428798
2013-04,IE,1.3599186017754616,1.3074917500000893,120.227,3.5254506475283653,104.93435607921316,0.0169975243928182,0.0039591142136266
2013-04,IT,-0.9739267133358904,1.848184206524961,130.808,0.29946892386649,199.69656267358627,0.0942649185949461,0.0
2013-04,NL,-0.13095327059723383,2.545632367805628,75.917,8.757569838967605,302.1843772508551,0.0190927414272152,0.0
2013-04,PT,-1.5819794501651858,0.7856851416415345,123.688,0.08735487681045292,110.6934159645962,0.0583882919396282,0.0047555558897587
2013-05,AT,1.0648822010563905,2.0999999999999983,73.84566666666666,2.2399433704930667,,0.0261376722838587,0.0
2013-05,BE,0.5151252047672417,1.6033943819484606,100.05466666666666,-0.020990756546445333,125.32311530798609,0.0582805195868157,0.0
2013-05,DE,0.8934857335156792,1.6406621991838843,78.27300000000001,5.952731520498217,65.21712770107307,0.0298530026669179,0.0
2013-05,ES,-0.7921962440278059,1.794478495833222,97.81333333333333,1.4582049446927665,135.0992431640625,0.0849363142008082,0.0048378769540459
2013-05,FI,0.725054419015921,2.7685843436429476,58.63216666666666,-1.7215908136893732,,0.008466717138716,0.0
2013-05,FR,0.24998775408738483,1.5322898484005476,94.16216666666666,-1.3200522224019333,256.80840638676483,0.0235995588876191,0.0
2013-05,GR,-2.610422133492274,-0.6799999999997586,175.29233333333332,-0.07156853590009865,84.93272384247256,0.0330677790152971,0.0044849285663394
2013-05,IE,1.4558613601351502,1.3035823333334529,120.35133333333334,3.5700790979958965,58.03067285964388,0.0173659997586404,0.0041985593248754
2013-05,IT,-0.8083323329424703,1.802029805450996,131.194,0.2940367182803823,130.0247951725164,0.0990245068932025,0.0
2013-05,NL,0.003541488492738387,2.455602517228672,75.85833333333333,8.787398004439764,125.65210487171166,0.0194098891831822,0.0
2013-05,PT,-1.3352482776793904,0.8131236516550233,123.9555,0.06847764118305488,99.14596184807098,0.0579634830425392,0.0
2013-06,AT,1.137530503653892,2.074999999999997,74.03433333333334,2.245778142662116,,0.0267674955357427,0.0
2013-06,BE,0.6050201809043199,1.5728273549852938,100.29133333333334,0.006013016552261316,148.34641086582442,0.0585262358015193,0.0
2013-06,DE,0.9636214852506337,1.6480843096329412,78.244,5.917774565494576,126.3947243789252,0.0304454740243558,0.0015343618065017
2013-06,ES,-0.6008702985334773,1.7581134585983222,98.06266666666667,1.546911844148946,154.99974060058594,0.0899731077264192,0.0
2013-06,FI,0.7793679057889672,2.736349489749403,58.86833333333334,-1.7269092985138865,,0.0092023669176517,0.0
2013-06,FR,0.3289933242863039,1.5227373105007604,94.28633333333333,-1.3301251281265742,293.785044897058,0.0234502256078433,0.0
2013-06,GR,-2.2095645191468094,-0.6499999999997674,175.03266666666667,-0.017919892846691376,102.7372715861372,0.033378273578715,0.0033569279129673
2013-06,IE,1.551804118494839,1.2996729166668164,120.47566666666665,3.6147075484634286,72.2911289174462,0.0181793811418094,0.0060460408284773
2013-06,IT,-0.6427379525490505,1.7558754043770313,131.57999999999998,0.2886045126942747,134.50194626251573,0.1014569249417946,0.0
2013-06,NL,0.1380362475827105,2.3655726666517163,75.79966666666667,8.817226169911923,183.80744494776644,0.0201506075587848,0.0
2013-06,PT,-1.0885171051935956,0.8405621616685122,124.223,0.04960040555565688,100.7099018995606,0.0606668130869717,0.004437787417774
2013-07,AT,1.210178806251394,2.0499999999999963,74.223,2.251612914831165,,0.0270157549803344,0.0
2013-07,BE,0.6949151570413981,1.542260328022127,100.52799999999999,0.03301678965096799,118.48493275097992,0.057828019992267,0.0005894091843111
2013-07,DE,1.0337572369855885,1.655506420081998,78.215,5.882817610490935,160.84449469798662,0.0311973986474721,0.0014372346841353
2013-07,ES,-0.4095443530391485,1.7217484213634227,98.312,1.635618743605125,127.65289306640624,0.0909631409134895,0.0
2013-07,FI,0.8336813925620135,2.7041146358558588,59.1045,-1.7322277833383999,,0.0085334154182912,0.0
2013-07,FR,0.4079988944852231,1.5131847726009728,94.4105,-1.3401980338512152,215.33032213845243,0.0210343990202378,0.0
2013-07,GR,-1.808706904801344,-0.6199999999997763,174.773,0.03572875020671598,102.73230377977303,0.0323286805069888,0.0
2013-07,IE,1.6477468768545278,1.29576350000018,120.6,3.6593359989309597,86.61025116989333,0.0185455402618497,0.0071419046166716
2013-07,IT,-0.4771435721556305,1.7097210033030663,131.966,0.283172307108167,172.21577239699857,0.1012015266205853,0.0
2013-07,NL,0.2725310066726827,2.2755428160747604,75.741,8.84705433538408,94.78224672967556,0.0193839643857228,0.0
2013-07,PT,-0.8417859327078003,0.868000671682001,124.4905,0.030723169928258846,133.2514610013329,0.0620491812728411,0.0
2013-08,AT,1.2828271088488958,2.024999999999995,74.41166666666666,2.257447687000214,,0.0270920089116185,0.0
2013-08,BE,0.7848101331784761,1.5116933010589602,100.76466666666667,0.06002056274967465,98.91091636806728,0.0572151598792274,0.0014525024417931
2013-08,DE,1.1038929887205433,1.6629285305310546,78.186,5.8478606554872945,131.17686342981582,0.0315903025287284,0.0046483939900547
2013-08,ES,-0.21821840754481986,1.6853833841285228,98.56133333333334,1.724325643061304,129.31399536132812,0.0905353132473896,0.0
2013-08,FI,0.8879948793350596,2.671879781962314,59.34066666666667,-1.7375462681629132,,0.0072961340898853,0.0
2013-08,FR,0.48700446468414216,1.5036322347011852,94.53466666666668,-1.3502709395758559,143.9303842005407,0.0209073462628145,0.0
2013-08,GR,-1.407849290455879,-0.5899999999997851,174.51333333333332,0.08937739326012328,88.26884480523506,0.031404946782864,0.0
2013-08,IE,1.7436896352142166,1.2918540833335435,120.72433333333333,3.7039644493984913,58.08979038547848,0.0184634996841681,0.0067611209716469
2013-08,IT,-0.3115491917622107,1.6635666022291014,132.352,0.2777401015220593,126.3122546778754,0.1014541226454942,0.0
2013-08,NL,0.4070257657626548,2.1855129654978045,75.68233333333333,8.876882500856238,162.88364501291835,0.0193677587479887,0.0
2013-08,PT,-0.5950547602220053,0.8954391816954897,124.75800000000001,0.011845934300860832,83.42411930958048,0.0638692184269801,0.0
2013-09,AT,1.355475411446398,1.9999999999999947,74.60033333333334,2.2632824591692637,,0.027891961107735,0.0
2013-09,BE,0.8747051093155546,1.4811262740957936,101.00133333333335,0.08702433584838135,119.01341707782557,0.055277324602502,0.0
2013-09,DE,1.174028740455498,1.6703506409801117,78.15700000000001,5.812903700483654,130.39103635792767,0.0315291772687504,0.0042282050222922
2013-09,ES,-0.02689246205049095,1.6490183468936235,98.81066666666668,1.8130325425174836,132.1534881591797,0.0909331007878836,0.0
2013-09,FI,0.942308366108106,2.6396449280687704,59.57683333333334,-1.7428647529874266,,0.0074574780339028,0.0
2013-09,FR,0.5660100348830615,1.494079696801398,94.65883333333333,-1.3603438453004968,244.4139453132269,0.0209122940741755,0.0020075657094362
2013-09,GR,-1.0069916761104136,-0.559999999999794,174.25366666666667,0.1430260363135307,82.12850250120789,0.031314327005814,0.0
2013-09,IE,1.8396323935739054,1.287944666666907,120.84866666666667,3.748592899866024,73.637465077062,0.0187672645680069,0.0038315036064283
2013-09,IT,-0.14595481136879057,1.6174122011551366,132.738,0.27230789593595167,170.23085290357875,0.1005504528465749,0.0
2013-09,NL,0.5415205248526271,2.0954831149208486,75.62366666666667,8.906710666328397,172.94730373644995,0.0197412100870708,0.0
2013-09,PT,-0.34832358773620997,0.9228776917089788,125.02550000000001,-0.007031301326537211,100.444656419787,0.0663405715875973,0.0
2013-10,AT,1.3252945913287628,1.8956250000000008,74.789,2.5272467924894775,,0.0272484332096895,0.0
2013-10,BE,0.805278555932204,1.2646523018172984,101.238,-0.3841871339872765,120.3259024204285,0.0552150827641335,0.001333351942578
2013-10,DE,1.172558018508002,1.7431703511277041,78.128,5.783547297580039,209.0070587822358,0.0319426451110839,0.0049626831034748
2013-10,ES,-0.18871765470701574,1.533941499034508,99.06,2.34566575501134,127.7625503540039,0.0900489604101747,0.0
2013-10,FI,0.697326574931445,2.42538261512949,59.813,-1.7797568068150225,,0.0072424588440801,0.0
2013-10,FR,0.7822614421346463,1.347475229346723,94.783,-1.5799408452337973,287.16964626793174,0.0215588981195332,0.0
2013-10,GR,-0.5741778306410983,-0.5299999999997529,173.994,-0.591018734519614,108.3819156858266,0.0322042075897122,0.0
2013-10,IE,1.4597768746794637,1.1790124999999652,120.973,2.8665618072153403,90.3178574607482,0.0195474240759041,0.0
2013-10,IT,0.08998857247408398,1.367441421186183,133.124,0.1517346578581143,153.34207709728366,0.1014545557681524,0.0
2013-10,NL,-0.08559403758521267,1.702434709855677,75.565,10.9883021506168,84.22267089090872,0.020533925166013,0.0
2013-10,PT,0.13704588532774398,0.9207614358159477,125.293,0.8743197063083137,113.3850942395886,0.0673067622102448,0.0
2013-11,AT,1.4296264973579758,1.863750000000001,75.35916666666667,2.4967716547262815,,0.0270483447947398,0.0019801539608005
2013-11,BE,0.8847612084240564,1.2502801679837305,100.95983333333334,-0.3490968155414257,117.98602988106671,0.0548366540082193,0.0049897881494115
2013-11,DE,1.2482578387600696,1.7583757541631364,76.90016666666666,5.762583945914737,110.15918955687236,0.032014726408142,0.0056137551872566
2013-11,ES,-0.06895209199376434,1.5080853705775756,99.54233333333335,2.4469229276369067,133.3759307861328,0.0872495655769045,0.0
2013-11,FI,0.8467114520000523,2.425620644987688,60.19466666666667,-1.7963384790242052,,0.0077843867548687,0.0033529043616674
2013-11,FR,0.8485009517565109,1.384983486231095,94.99633333333333,-1.5793539384525883,185.95941067801243,0.0218023224147225,0.0046407405995359
2013-11,GR,-0.17181951088967018,-0.4999999999997044,173.53983333333332,-0.5471348795786444,92.17569079596905,0.0313233768034852,0.0
2013-11,IE,1.5568117636380885,1.1971149999999264,121.267,2.9276908953902767,82.43580983758056,0.0195099814121538,0.0011026772733114
2013-11,IT,0.2973240886898969,1.3397800430474487,133.12283333333332,0.16980200621831623,187.1767454380428,0.1024731386953706,0.0
2013-11,NL,0.0464447684953721,1.5668138539795393,75.378,11.001794113113633,130.39751583970354,0.0206213887186934,0.0
2013-11,PT,0.34753185867213254,0.9471766574016679,125.21066666666667,0.8706749914639348,113.0381754866498,0.0668241496308143,0.0
2013-12,AT,1.5339584033871885,1.8318750000000013,75.92933333333333,2.466296516963086,,0.0283674668925819,0.0
2013-12,BE,0.9642438609159087,1.2359080341501627,100.68166666666667,-0.3140064970955749,109.63001738065677,0.0575820699160506,0.0047739444752121
2013-12,DE,1.3239576590121371,1.773581157198569,75.67233333333333,5.741620594249433,166.10237663397382,0.032755178114549,0.0039388630544336
2013-12,ES,0.05081347071948701,1.4822292421206436,100.02466666666666,2.5481801002624733,136.38491821289062,0.0828072464352106,0.0
2013-12,FI,0.9960963290686592,2.4258586748458857,60.57633333333334,-1.8129201512333875,,0.0078505726120857,0.0030346922180632
2013-12,FR,0.9147404613783753,1.4224917431154671,95.20966666666666,-1.5787670316713789,223.9708834711591,0.0225275707528048,0.0005844142316128
2013-12,GR,0.23053880886175765,-0.4699999999996558,173.08566666666667,-0.5032510246376746,64.2325524665354,0.0312267584994857,0.0
2013-12,IE,1.6538466525967133,1.2152174999998877,121.56099999999999,2.988819983565213,73.2855971437559,0.0195919170067358,0.0
2013-12,IT,0.5046596049057097,1.3121186649087142,133.12166666666667,0.18786935457851808,94.3384591990388,0.0999136162908263,0.0
2013-12,NL,0.17848357457595682,1.4311929981034013,75.191,11.015286075610465,116.40800266320348,0.0213137300233557,0.0
2013-12,PT,0.5580178320165209,0.973591878987388,125.12833333333333,0.8670302766195559,84.51579805468607,0.0606009426856446,0.0
2014-01,AT,1.6382903094164014,1.8000000000000016,76.4995,2.43582137919989,,0.0279449968743307,0.0
2014-01,BE,1.0437265134077611,1.2215359003165949,100.40350000000001,-0.278916178649724,128.26194247992262,0.0575198789998798,0.0031500023105033
2014-01,DE,1.3996574792642047,1.7887865602340014,74.4445,5.72065724258413,106.18580221471716,0.0321975868760367,0.0008670835339851
2014-01,ES,0.1705790334327384,1.4563731136637115,100.507,2.64943727288804,131.92762756347656,0.088082525840557,0.0030106710192611
2014-01,FI,1.1454812061372666,2.426096704704084,60.958,-1.82950182344257,,0.0138602100912184,0.001507346829001
2014-01,FR,0.9809799710002398,1.4599999999998392,95.423,-1.57818012489017,221.41379781909825,0.0228054150682594,0.0
2014-01,GR,0.6328971286131857,-0.43999999999960737,172.63150000000002,-0.459367169696705,116.14199285275856,0.0318463655316876,0.0
2014-01,IE,1.750881541555338,1.233319999999849,121.85499999999999,3.04994907174015,48.58076324146311,0.0182416658753357,0.0
2014-01,IT,0.7119951211215225,1.28445728676998,133.1205,0.20593670293872,116.0104755137198,0.0983687392496131,0.0
2014-01,NL,0.3105223806565416,1.2955721422272637,75.00399999999999,11.0287780381073,101.95441962203854,0.0200317435652685,0.0008258854746691
2014-01,PT,0.7685038053609095,1.0000071005731082,125.046,0.863385561775177,105.2626498971647,0.0622498611016346,0.0
2014-02,AT,1.6553156437227545,1.8000000000000016,77.06966666666666,2.4298270408798635,,0.0293378493538074,0.0
2014-02,BE,1.0665951419515467,1.2175069935872105,100.12533333333334,-0.255501673161931,114.60386687555392,0.0570444673040732,0.0021305164162941
2014-02,DE,1.3985186155182054,1.7897210135478312,73.21666666666667,5.69365575131431,134.5987228537432,0.0325920284436828,0.0
2014-02,ES,0.19535197337581245,1.436094646573527,100.98933333333333,2.743314412738657,115.33161163330078,0.0887896659369986,0.0030533115634546
2014-02,FI,1.167009600687846,2.4072553126454084,61.33966666666667,-1.8164118433921266,,0.0075758435144956,0.0
2014-02,FR,1.0236689536746133,1.461186657491583,95.63633333333334,-1.5364329756368373,139.96909575683688,0.0236819344491344,0.0
2014-02,GR,0.8255766152029702,-0.38083333333300545,172.17733333333334,-0.4130718121318882,83.306820011871,0.0333848768012469,0.0
2014-02,IE,1.8115013229123067,1.2480423333332158,122.149,3.05746793770446,61.778799492381935,0.0182012847965738,0.0
2014-02,IT,0.7409955276946897,1.273252512872506,133.11933333333334,0.1858434273415326,136.19007171624747,0.1009267776279985,0.0009535649627819
2014-02,NL,0.4205219205430489,1.2549458458254483,74.81700000000001,11.056972748053132,72.95372037510059,0.0196545306718848,0.0017204345117332
2014-02,PT,0.8281539778804525,1.0412290769033123,124.96366666666668,0.8684882632912118,100.7316825883071,0.0595579444515803,0.0047881894417943
2014-03,AT,1.6723409780291076,1.8000000000000016,77.63983333333333,2.4238327025598365,,0.0307034210092801,0.0013964606170412
2014-03,BE,1.089463770495332,1.2134780868578257,99.84716666666668,-0.23208716767413798,125.60577672994384,0.0542634689647544,0.003797814339389
2014-03,DE,1.397379751772206,1.7906554668616605,71.98883333333333,5.66665426004449,130.77835606258907,0.032815159764933,0.0017662684470804
2014-03,ES,0.2201249133188865,1.4158161794833424,101.47166666666666,2.8371915525892732,113.5309829711914,0.0903627727525439,0.0034516632700892
2014-03,FI,1.1885379952384256,2.388413920586733,61.721333333333334,-1.8033218633416834,,0.006785411365564,0.0039690289170263
2014-03,FR,1.0663579363489863,1.4623733149833265,95.84966666666668,-1.494685826383505,221.99613301032355,0.0238449827261,0.0
2014-03,GR,1.0182561017927545,-0.3216666666664037,171.72316666666669,-0.3667764545670716,84.61095085080278,0.0368332361458405,0.0
2014-03,IE,1.8721211042692754,1.2627646666665826,122.443,3.06498680366877,63.65613173607218,0.018108705041806,0.0
2014-03,IT,0.7699959342678567,1.2620477389750326,133.11816666666667,0.16575015174434532,128.51749671647175,0.1016752049785279,0.0014960451026959
2014-03,NL,0.5305214604295561,1.2143195494236334,74.63,11.085167457998965,119.233264697234,0.0203557922444041,0.0042158510410034
2014-03,PT,0.8878041503999956,1.0824510532335168,124.88133333333334,0.8735909648072464,86.7770716326017,0.0600739334438455,0.0048334008100813
2014-04,AT,1.7060067908805987,1.775000000000393,78.21,3.478535362311905,,0.031226856225716,0.0011720956368437
2014-04,BE,1.2181863755964584,1.051426593819338,99.569,-1.248457504307742,116.1217587363387,0.0530062373698488,0.0040539019806063
2014-04,DE,1.671947081750158,1.3597966881681578,70.761,7.283725147890477,93.58222856563692,0.032839934238201,0.0018855600005101
2014-04,ES,0.8912647778784977,0.412908772443632,101.954,0.9100386033294595,119.62244415283205,0.0909013530879614,0.0023042334380162
2014-04,FI,0.5389774350379128,1.6651565614463126,62.103,-0.16229499591589075,,0.0075280409371838,0.0036123072568172
2014-04,FR,1.1550000000000227,1.05706233366063,96.063,-1.524810156362285,175.99145203390418,0.0234231467830672,0.0007446594687032
2014-04,GR,1.1793129776896671,-0.2411537670671704,171.269,0.7491741238675295,71.23087324602247,0.0365263552925562,0.0
2014-04,IE,1.8905735110773036,0.7195608749995086,122.737,6.46058598229565,59.11354187472814,0.0182124608406228,0.0
2014-04,IT,0.7570245830262556,0.7458364918232374,133.117,1.100381644057515,102.5639684539114,0.1046264452454697,0.0014140074030705
2014-04,NL,1.028719785375054,0.8504581778175313,74.443,10.113421312096424,59.072084665364,0.0203176988956738,0.003938472231633
2014-04,PT,1.2374387761118155,0.8009755263657048,124.799,0.9160514453598747,109.7028782284726,0.0614912938029281,0.0052279502748447
2014-05,AT,1.710422608065961,1.7666666666669752,78.27766666666666,3.4855570569396663,,0.0314360187620759,0.0021560525939357
2014-05,BE,1.21761006531013,1.0585688724003746,99.92833333333334,-1.2195311042483525,130.05353412478692,0.0520460068713036,0.0033572139704309
2014-05,DE,1.6594333767798952,1.3595245496008066,71.0575,7.263540723522193,129.2179973686516,0.0327378374533522,0.003112062449508
2014-05,ES,0.8991353830933708,0.46013343054467365,101.81183333333333,0.9616436251610707,116.78851318359376,0.0921734000410791,0.0017486718696168
2014-05,FI,0.6020963429137568,1.6510460801905844,61.64383333333333,-0.11704301299136065,,0.0080238393636065,0.0053721403301749
2014-05,FR,1.1966666666666979,1.0760831115475062,96.33083333333335,-1.4701708853475268,188.4292174258124,0.0239559536425682,0.0
2014-05,GR,1.37239324684549,-0.17559316722266513,171.22116666666668,0.7002585895760577,84.64862110351677,0.0247080741292372,0.0085096652183687
2014-05,IE,1.9544615948972353,0.7640761666662129,120.89349999999999,6.4668461250351275,55.3793835476203,0.0187844758919997,0.0024371696242965
2014-05,IT,0.8005385998459753,0.7777810377433154,133.66866666666664,1.0984023061460932,105.47377658482908,0.104932723330895,0.0
2014-05,NL,1.0943635414267943,0.8672542743741444,73.63833333333334,10.112576163301,93.51311913945814,0.0200944788490318,0.0045900276553807
2014-05,PT,1.2611140129737373,0.8451919937061403,125.45283333333334,0.9446599186678819,99.46652257597358,0.0611229321839336,0.0
2014-06,AT,1.7148384252513231,1.758333333333558,78.34533333333333,3.4925787515674283,,0.0332740366303914,0.0
2014-06,BE,1.2170337550238015,1.0657111509814114,100.28766666666667,-1.1906047041889631,120.3166796077532,0.0517293880025366,0.003062796161802
2014-06,DE,1.6469196718096324,1.359252411033455,71.354,7.243356299153909,70.29832422875486,0.033128626764456,0.002657158945051
2014-06,ES,0.9070059883082442,0.5073580886457152,101.66966666666667,1.0132486469926818,122.62130737304688,0.0924770766302404,0.0007521382018412
2014-06,FI,0.6652152507896006,1.636935598934856,61.18466666666667,-0.0717910300668306,,0.0082019784759212,0.0056377970648659
2014-06,FR,1.2383333333333728,1.0951038894343827,96.59866666666667,-1.4155316143327683,159.18368478189558,0.0237042350554507,0.0029030688064659
2014-06,GR,1.5654735160013125,-0.11003256737815995,171.17333333333335,0.6513430552845858,93.393755322795,0.0259389857468973,0.0106302247415011
2014-06,IE,2.0183496787171666,0.8085914583329171,119.05,6.473106267774604,56.09544797098613,0.0185438578199664,0.000511864357658
2014-06,IT,0.8440526166656952,0.8097255836633936,134.22033333333331,1.0964229682346718,104.60302906318174,0.1033177225651296,0.0
2014-06,NL,1.1600072974785343,0.8840503709307574,72.83366666666666,10.111731014505574,59.36190106278149,0.0216599300911787,0.0040677071489567
2014-06,PT,1.2847892498356588,0.8894084610465758,126.10666666666667,0.9732683919758892,86.32021009155173,0.0628443846517153,0.0
2014-07,AT,1.7192542424366852,1.7500000000001403,78.413,3.49960044619519,,0.0332833468751192,0.0020701016960932
2014-07,BE,1.2164574447374732,1.0728534295624481,100.64699999999999,-1.161678304129574,100.48697340643028,0.0520253532290654,0.003373088919554
2014-07,DE,1.6344059668393696,1.3589802724661038,71.6505,7.223171874785625,105.1963540077938,0.0332826434917795,0.0027844749936643
2014-07,ES,0.9148765935231173,0.5545827467467568,101.5275,1.064853668824293,117.7912139892578,0.0918639476248801,0.001561106572359
2014-07,FI,0.7283341586654446,1.6228251176791275,60.7255,-0.0265390471423005,,0.0078960265742135,0.0033634254338489
2014-07,FR,1.2800000000000478,1.114124667321259,96.8665,-1.36089234331801,148.74221221423838,0.0222242523153349,0.0030483450150148
2014-07,GR,1.7585537851571353,-0.04447196753365468,171.1255,0.602427520993114,92.95880048304237,0.0256774519716885,0.0097361498769215
2014-07,IE,2.082237762537098,0.8531067499996214,117.2065,6.47936641051408,42.587343309228366,0.018513402260658,0.0
2014-07,IT,0.8875666334854149,0.8416701295834716,134.772,1.09444363032325,110.70175213162425,0.1033503851185146,0.000608273668316
2014-07,NL,1.2256510535302745,0.9008464674873706,72.029,10.110885865710149,79.60629858062833,0.0217514250616189,0.0039242532603623
2014-07,PT,1.3084644866975803,0.9336249283870113,126.76050000000001,1.0018768652838965,75.91590142280297,0.0639152079653123,0.0
2014-08,AT,1.7236700596220473,1.7416666666667227,78.48066666666666,3.5066221408229516,,0.0333681994720063,0.0
2014-08,BE,1.2158811344511449,1.0799957081434848,101.00633333333334,-1.1327519040701846,93.4350576103394,0.0513903808005297,0.0
2014-08,DE,1.6218922618691067,1.3587081338987523,71.947,7.202987450417341,142.9677892918687,0.0330277769677663,0.0
2014-08,ES,0.9227471987379905,0.6018074048477984,101.38533333333334,1.1164586906559042,110.56453704833984,0.094336400461777,0.0026184319721458
2014-08,FI,0.7914530665412884,1.608714636423399,60.266333333333336,0.01871293578222956,,0.007309595955108,0.0
2014-08,FR,1.3216666666667227,1.1331454452081353,97.13433333333334,-1.3062530723032517,132.2171910892462,0.0226100565925807,0.0
2014-08,GR,1.9516340543129578,0.021088632310850536,171.0776666666667,0.5535119867016421,102.43628204069196,0.025707699447157,0.0093610061932887
2014-08,IE,2.1461258463570294,0.8976220416663256,115.363,6.485626553253557,75.68520865166246,0.0187847782914216,0.0
2014-08,IT,0.9310806503051345,0.8736146755035497,135.32366666666667,1.0924642924118282,78.32361184061696,0.1042895235276487,0.0016492046394554
2014-08,NL,1.2912948095820145,0.9176425640439837,71.22433333333333,10.110040716914725,160.42249217912894,0.0221537981837315,0.0
2014-08,PT,1.3321397235595018,0.9778413957274468,127.41433333333335,1.0304853385919035,80.52815600680556,0.0613537893606334,0.0029380817567687
2014-09,AT,1.7280858768074097,1.7333333333333054,78.54833333333333,3.5136438354507136,,0.0341051571114919,0.0
2014-09,BE,1.2153048241648166,1.0871379867245217,101.36566666666667,-1.1038255040107954,99.04235523170787,0.050730814356835,0.0018170082315022
2014-09,DE,1.609378556898844,1.3584359953314011,72.24350000000001,7.182803026049057,177.00502983212075,0.0331388852169171,0.0
2014-09,ES,0.9306178039528639,0.6490320629488401,101.24316666666667,1.1680637124875155,108.48748779296876,0.0953871959742801,0.0037063844048652
2014-09,FI,0.8545719744171325,1.5946041551676708,59.807166666666674,0.0639649187067597,,0.0063210817040285,0.0
2014-09,FR,1.3633333333333981,1.1521662230950118,97.40216666666666,-1.2516138012884934,242.48573933225876,0.0235790273649674,0.0
2014-09,GR,2.144714323468781,0.08664923215535583,171.02983333333336,0.5045964524101704,102.70712983764356,0.0254751734237315,0.0110386115213599
2014-09,IE,2.2100139301769612,0.9421373333330301,113.5195,6.491886695993034,94.85610448252464,0.0187180080461735,0.0016351977207654
2014-09,IT,0.9745946671248544,0.9055592214236279,135.87533333333334,1.0904849545004067,135.20099615318983,0.1027327939002683,0.0
2014-09,NL,1.356938565633755,0.9344386606005969,70.41966666666666,10.1091955681193,170.59601578440916,0.0219967900354742,0.0024741630345969
2014-09,PT,1.3558149604214236,1.0220578630678823,128.06816666666668,1.0590938118999111,74.2401620235619,0.0570080312549845,0.0026221795743064
2014-10,AT,1.6434607506138676,1.7100000000002502,78.616,3.1389984606794497,,0.0340421812839359,0.0004191276974394
2014-10,BE,1.2960903633677912,0.9010243212546343,101.725,-1.069382972887358,123.5191680238203,0.0510544114590153,0.0019357695938345
2014-10,DE,1.4367208760741268,1.1595677927119796,72.54,5.932965433756767,150.6270036175671,0.0333457672841479,0.0
2014-10,ES,1.5936245413223027,0.46957022645428836,101.101,0.29967580445922143,144.5205535888672,0.0945857863441605,0.0052624876925833
2014-10,FI,0.6454448616092123,1.4523241361002304,59.348,-0.4919753087362615,,0.0067126565745991,0.0
2014-10,FR,0.8082472688822617,0.8711870009813771,97.67,-1.1408587658790774,208.56677898899775,0.023619170724454,0.0006693512645237
2014-10,GR,2.3029628301670266,0.024999999999861244,170.982,0.253203605834221,126.63624043798524,0.0262669445754537,0.0148572215373005
2014-10,IE,3.188220508790335,0.7977055000002065,111.676,2.6313144730857125,68.26603569555343,0.0183660464162062,0.0
2014-10,IT,0.593912023209367,0.3696491360180132,136.427,1.2003798237444525,104.25889493839674,0.1079319387527915,0.0027484180817498
2014-10,NL,1.2191932017225127,0.6708416982846188,69.615,9.687916691536692,61.71636328392751,0.020756056934539,0.0018171035646125
2014-10,PT,1.4074737652968128,0.8048107625900247,128.722,0.7823367537636252,100.3361599776853,0.0604204615895622,0.0017377771869743
2014-11,AT,1.714005540764944,1.7066666666668895,80.07783333333333,3.157499188430183,,0.0340533590698589,0.0022314645875003
2014-11,BE,1.3310454549929,0.9193270170958834,102.46666666666665,-1.0413612499667935,131.1536711311185,0.0504975987833956,0.002236768762049
2014-11,DE,1.4415905660561574,1.1887985533482657,71.55433333333335,5.902948524883398,109.45727696826468,0.032944377862574,0.0015137040268036
2014-11,ES,1.6248915716952899,0.5249528563460856,100.92683333333332,0.3218876035759489,140.28663635253906,0.0922033726966896,0.0046260813314241
2014-11,FI,0.7379110428473428,1.4773049097562867,59.92666666666667,-0.48320673477032305,,0.0069019841903268,0.0003570195233935
2014-11,FR,0.856855301552717,0.890207778868198,97.73583333333333,-1.1094088408118183,195.18889530636216,0.0239790408843318,0.0006451893258667
2014-11,GR,2.4920281612323105,0.11666666666647435,169.54583333333335,0.20389544189749967,89.25026130990237,0.0274390551658002,0.0096670048593975
2014-11,IE,3.140435827995166,0.8212266666669633,110.548,2.557475881025255,74.89099099235564,0.0187031214890444,0.0
2014-11,IT,0.6792713488062634,0.4001253582385974,135.83366666666666,1.2006934012878718,159.69913090432092,0.1063652634171644,0.0005123553510567
2014-11,NL,1.2881632817120479,0.687496742050242,68.93983333333333,9.666930354315724,62.76194985122355,0.0209800556058705,0.0025119318854902
2014-11,PT,1.45338704510161,0.8903678736627377,127.9885,0.7987836425337772,87.1882426206569,0.0612376445779146,0.0
2014-12,AT,1.78455033091602,1.7033333333335285,81.53966666666668,3.1759999161809165,,0.0395390196405211,0.0015244977556675
2014-12,BE,1.3660005466180087,0.9376297129371325,103.20833333333334,-1.0133395270462286,112.0306550598098,0.0503625650970182,0.0015350657065401
2014-12,DE,1.4464602560381883,1.2180293139845513,70.56866666666667,5.872931616010029,152.4196210054672,0.0320634332289288,0.0013757248844889
2014-12,ES,1.6561586020682768,0.5803354862378827,100.75266666666667,0.34409940269267647,154.86834716796875,0.0950965569781189,0.0056445356653399
2014-12,FI,0.830377224085473,1.5022856834123428,60.505333333333326,-0.4744381608043845,,0.0069254922675118,0.0031335218547046
2014-12,FR,0.905463334223172,0.9092285567550188,97.80166666666668,-1.077958915744559,261.025729673156,0.0235599898054973,0.0
2014-12,GR,2.6810934922975944,0.20833333333308743,168.10966666666667,0.15458727796077834,167.20218944926944,0.0311185743625581,0.0097544899276473
2014-12,IE,3.0926511471999967,0.8447478333337198,109.42,2.4836372889647973,122.2719382731384,0.0187543245543914,0.0
2014-12,IT,0.7646306744031596,0.4306015804591815,135.24033333333333,1.2010069788312907,120.30161379733218,0.1035726442978452,0.0015052777873823
2014-12,NL,1.3571333617015826,0.7041517858158652,68.26466666666667,9.645944017094758,141.3465297416315,0.0196545770140938,0.0018151102725325
2014-12,PT,1.499300324906407,0.9759249847354509,127.255,0.815230531303929,88.2797888875975,0.0688790580876242,0.0037257243363849
2015-01,AT,1.8550951210670963,1.700000000000168,83.0015,3.19450064393165,,0.0391266580688622,0.0
2015-01,BE,1.4009556382431176,0.9559324087783816,103.94999999999999,-0.985317804125664,109.17815548454098,0.0479001068000059,0.0020517166106129
2015-01,DE,1.451329946020219,1.2472600746208373,69.583,5.84291470713666,201.2724674945196,0.0309982413584736,0.0019052949643193
2015-01,ES,1.687425632441264,0.6357181161296799,100.57849999999999,0.366311201809404,154.82034301757812,0.0923263118851395,0.0052287856724475
2015-01,FI,0.9228434053236034,1.5272664570683991,61.084,-0.465669586838446,,0.0071505850844068,0.0
2015-01,FR,0.9540713668936274,0.9282493346418397,97.8675,-1.0465089906773,178.6987222304132,0.0236766677310207,0.0
2015-01,GR,2.8701588233628783,0.2999999999997005,166.6735,0.105279114024057,163.42303197364623,0.0320414533649644,0.0101268085897132
2015-01,IE,3.0448664664048275,0.8682690000004767,108.292,2.40979869690434,91.20210362779568,0.0189736842817169,0.0
2015-01,IT,0.849990000000056,0.4610778026797657,134.647,1.20132055637471,99.27145741657984,0.1060711702702888,0.0034291386489338
2015-01,NL,1.4261034416911178,0.7208068295814885,67.58949999999999,9.62495767987379,62.37904452288039,0.0192680905409639,0.0012504096622816
2015-01,PT,1.5452136047112042,1.0614820958081639,126.5215,0.831677420074081,97.14552482693531,0.0673678434157888,0.0
2015-02,AT,1.8389026489325517,1.7000000000001125,84.46333333333334,3.1970301225543865,,0.0392228845351299,0.0020820312096036
2015-02,BE,1.408835105867745,0.9819376978949745,104.69166666666668,-0.9631729316893198,104.18781113018052,0.0483775811209439,0.0027226526170365
2015-02,DE,1.4808630580780322,1.2683217350691351,68.59733333333334,5.818092812017412,161.2988287505761,0.0316454385085928,0.0026488628851424
2015-02,ES,1.6958572644162913,0.6614979685932018,100.40433333333334,0.39064552825280024,118.4397964477539,0.0908661478245348,0.0045227497336925
2015-02,FI,0.978191724854042,1.5416609189793151,61.66266666666667,-0.4628380454779719,,0.0072791036543701,0.0
2015-02,FR,1.0037678752455332,0.9342285567550845,97.93333333333334,-1.0189949760313275,238.49512555528176,0.0235315359462077,0.0
2015-02,GR,2.9400201171490488,0.3628165958062369,165.23733333333337,0.10435865463287652,168.8331435510415,0.0350093363270058,0.0110799568615711
2015-02,IE,3.002609625647793,0.8986899166671003,107.16400000000002,2.4540426257847603,58.7708292044272,0.017859746252695,0.0
2015-02,IT,0.8874908333334042,0.5143213191231732,134.05366666666666,1.1761494124560465,85.669578942883,0.108396815177152,0.0040366625350256
2015-02,NL,1.4375545275030062,0.7471119893747658,66.91433333333333,9.590403412957787,69.52937965240247,0.01944188869759,0.0006030226813687
2015-02,PT,1.5614458043185953,1.0949766088127608,125.78800000000001,0.8410022193458331,104.1234391047903,0.0685666486417297,0.0
2015-03,AT,1.8227101767980074,1.700000000000057,85.92516666666667,3.199559601177123,,0.039771981812835,0.0
2015-03,BE,1.4167145734923725,1.0079429870115675,105.43333333333334,-0.9410280592529755,104.05253237653191,0.0446129296442954,0.0024210402879558
2015-03,DE,1.510396170135845,1.2893833955174332,67.61166666666668,5.793270916898163,80.55538447692216,0.0310451554551921,0.0020700519173493
2015-03,ES,1.7042888963913188,0.6872778210567235,100.23016666666666,0.41497985469619647,128.2254638671875,0.0896419233867793,0.0012634063119831
2015-03,FI,1.0335400443844809,1.556055380890231,62.24133333333333,-0.4600065041174979,,0.0073958452383375,0.0
2015-03,FR,1.0534643835974393,0.9402077788683294,97.99916666666667,-0.9914809613853551,174.1975846514905,0.022978270573923,0.0
2015-03,GR,3.0098814109352183,0.42563319161277313,163.8011666666667,0.10343819524169603,144.80391376822752,0.0340254419463341,0.0085058153137747
2015-03,IE,2.9603527848907594,0.9291108333337239,106.036,2.49828655466518,66.55141318540822,0.0175425218173144,0.0
2015-03,IT,0.9249916666667524,0.5675648355665808,133.46033333333332,1.150978268537383,109.0559028232944,0.1060781613340843,0.0
2015-03,NL,1.4490056133148947,0.773417149168043,66.23916666666666,9.555849146041783,81.53699814806073,0.0186967835694367,0.0
2015-03,PT,1.5776780039259863,1.1284711218173573,125.0545,0.8503270186175852,72.01206535616248,0.0689791833737589,0.0
2015-04,AT,1.0328994603574948,1.2093749999997627,87.387,1.86783266270871,,0.0395518501568005,0.0
2015-04,BE,1.3814760959041938,0.2735534662803185,106.175,2.3012626880711378,85.12892158608221,0.0452687048367812,0.0008210288916231
2015-04,DE,1.631270745416935,0.4885869647724028,66.626,8.270931483495808,105.49147653852008,0.0313620542770244,0.00147416202931
2015-04,ES,2.353165332041179,-0.37932798351484887,100.056,0.298490112879968,124.75897216796876,0.0879376184826043,0.0018074278310196
2015-04,FI,0.9748695777354821,0.8397976800234963,62.82,-0.28332464713786,,0.0082986536107711,0.0
2015-04,FR,1.241631000496729,0.2924463048169068,98.065,-0.15776398657129426,211.13492266079632,0.0228557123320218,0.0
2015-04,GR,2.812791748506205,-0.14330566652914767,162.365,1.290786405843695,167.36526515488464,0.0345206506107071,0.0
2015-04,IE,3.7187732896205636,0.5277240000000294,104.908,4.86539585736243,91.35674007711914,0.0179675626921462,0.0
2015-04,IT,0.639629381877943,0.20723262185736724,132.867,2.5943060535740647,54.12687796693405,0.1066663859958469,0.0
2015-04,NL,1.559412764245971,0.10432751635252313,65.564,10.346379087381349,58.691355639354775,0.0183730796141775,0.0
2015-04,PT,1.5884172008571562,0.7957041505456564,124.321,1.32225265597328,79.22576180883912,0.0710103663587483,0.0
2015-05,AT,1.0919695744459723,1.2416666666665188,87.08216666666667,1.8632486132369133,,0.0394635613963353,0.0
2015-05,BE,1.3950833052311262,0.34525359675445794,106.17433333333334,2.3145977146433503,96.900851531469,0.0469967017411738,0.004389187041971
2015-05,DE,1.635020768731573,0.5811012931430678,66.89200000000001,8.227464551484637,113.3971945758986,0.0310798428485364,0.0
2015-05,ES,2.3191485431596286,-0.2615717467383908,99.84883333333332,0.3072655126581717,124.71321868896484,0.0879301881385377,0.0024635636073426
2015-05,FI,1.0244816926047249,0.9270885593172462,63.016666666666666,-0.28944120931240336,,0.0081721375049515,0.0
2015-05,FR,1.2688382088460313,0.3521765477411639,98.06083333333333,-0.17419277376937797,197.79857959569756,0.0229043326518231,0.0024687954024218
2015-05,GR,2.909748215494057,-0.09107422203889676,169.73516666666666,1.2694064507256033,140.7592143087228,0.0350327498372084,0.0
2015-05,IE,3.669688931205095,0.6345973333333681,103.41266666666667,4.863198141165636,96.67625999616956,0.0176004776996922,0.0010545142163397
2015-05,IT,0.6903499694234169,0.27553940432517954,132.76916666666665,2.5834443399791533,146.4051790740865,0.1070057926381255,0.0
2015-05,NL,1.559452147613194,0.1873158140907642,65.57749999999999,10.3215778599168,44.9153377821082,0.0183745331673483,0.0024093080119154
2015-05,PT,1.5833373737383916,0.8518017614474054,124.43516666666667,1.28783246642068,93.91761678340032,0.0715420663172019,0.0
2015-06,AT,1.1510396885344498,1.2739583333332747,86.77733333333333,1.8586645637651165,,0.0400903522469935,0.0
2015-06,BE,1.4086905145580586,0.4169537272285972,106.17366666666666,2.3279327412155624,115.18060524048056,0.0500368135086767,0.0033126525468502
2015-06,DE,1.6387707920462107,0.6736156215137327,67.158,8.183997619473466,212.8246818215994,0.0316892370268616,0.0
2015-06,ES,2.2851317542780785,-0.14381550996193282,99.64166666666667,0.31604091243637533,122.6560516357422,0.0882056140561364,0.0
2015-06,FI,1.0740938074739672,1.014379438610996,63.21333333333333,-0.2955577714869466,,0.0085444008721821,0.0
2015-06,FR,1.2960454171953333,0.4119067906654209,98.05666666666667,-0.19062156096746175,303.5277321321968,0.0234094537403108,0.0035747170812637
2015-06,GR,3.006704682481909,-0.0388427775486459,177.10533333333336,1.2480264956075118,170.30899765896362,0.0348966657894947,0.0
2015-06,IE,3.620604572789626,0.7414706666667066,101.91733333333333,4.861000424968843,108.9069591113298,0.0173848466495904,0.0
2015-06,IT,0.7410705569688906,0.3438461867929916,132.67133333333334,2.5725826263842415,119.7779877755842,0.105398284001493,0.0
2015-06,NL,1.559491530980417,0.2703041118290052,65.591,10.29677663245225,133.47488259403926,0.0189421858314298,0.0025639686074103
2015-06,PT,1.578257546619627,0.9078993723491542,124.54933333333332,1.25341227686808,89.75852897954736,0.0686305018118064,0.0
2015-07,AT,1.2101098026229273,1.306250000000031,86.4725,1.85408051429332,,0.0384749085911157,0.0034418627706458
2015-07,BE,1.422297723884991,0.4886538577027366,106.173,2.341267767787775,109.61699905012964,0.0489047587195076,0.0056264937324054
2015-07,DE,1.6425208153608484,0.7661299498843976,67.424,8.140530687462295,176.39803864617582,0.0317815761778627,0.0
2015-07,ES,2.251114965396528,-0.02605927318547474,99.4345,0.324816312214579,108.39608001708984,0.0854772005786014,0.0
2015-07,FI,1.12370592234321,1.101670317904746,63.41,-0.30167433366149,,0.0083969324772544,0.0052060614006147
2015-07,FR,1.3232526255446353,0.471637033589678,98.05250000000001,-0.2070503481655455,314.7603681058381,0.0223292684205059,0.0040585811539177
2015-07,GR,3.103661149469761,0.01338866694160501,184.4755,1.22664654048942,110.20633083888616,0.0347007025247554,0.0
2015-07,IE,3.5715202143741576,0.8483440000000453,100.422,4.85880270877205,147.08012204545454,0.0175882625249175,0.0087474462245721
2015-07,IT,0.7917911445143644,0.4121529692608039,132.5735,2.5617209127893297,142.43014946273306,0.106099060492219,0.0
2015-07,NL,1.55953091434764,0.3532924095672463,65.6045,10.2719754049877,54.22926929274309,0.0185667905631777,0.0033063585387128
2015-07,PT,1.5731777195008623,0.9639969832509032,124.6635,1.21899208731548,79.77404306211257,0.076457992597056,0.0
2015-08,AT,1.2691799167114048,1.3385416666667869,86.16766666666668,1.8494964648215233,,0.0385244454088893,0.0016024057605733
2015-08,BE,1.4359049332119234,0.5603539881768759,106.17233333333334,2.3546027943599874,93.79316764457994,0.0506484518346573,0.0040389004519688
2015-08,DE,1.646270838675486,0.8586442782550625,67.69,8.097063755451124,158.68090336065552,0.032410097200317,0.0
2015-08,ES,2.2170981765149773,0.09169696359098323,99.22733333333335,0.33359171199278265,109.48021697998048,0.086221179698948,0.0
2015-08,FI,1.1733180372124525,1.1889611971984957,63.60666666666667,-0.3077908958360333,,0.0080818491062022,0.0041571099409904
2015-08,FR,1.3504598338939373,0.531367276513935,98.04833333333335,-0.22347913536362923,171.73944490131768,0.0233264988269148,0.0055011614244827
2015-08,GR,3.200617616457613,0.06562011143185587,191.8456666666667,1.2052665853713282,121.62327919412172,0.036404777066739,0.0
2015-08,IE,3.5224358559586886,0.9552173333333839,98.92666666666668,4.856604992575257,92.0253550895476,0.0177590027807966,0.0097917138884252
2015-08,IT,0.8425117320598381,0.4804597517286161,132.47566666666668,2.5508591991944183,114.18858695469856,0.105907161569422,0.0040694840784868
2015-08,NL,1.5595702977148629,0.4362807073054873,65.618,10.24717417752315,95.80906091571424,0.0187536269549236,0.005298935100744
2015-08,PT,1.5680978923820974,1.0200945941526522,124.77766666666668,1.18457189776288,56.56386183620938,0.0756095713171601,0.0
2015-09,AT,1.3282500307998826,1.3708333333335434,85.86283333333334,1.844912415349727,,0.0390332991068879,0.0023109057214668
2015-09,BE,1.4495121425388557,0.6320541186510155,106.17166666666668,2.3679378209322,101.5308358284276,0.049125975467827,0.0032071286572623
2015-09,DE,1.650020861990124,0.9511586066257276,67.956,8.053596823439953,165.86696593607695,0.0324378189773362,0.0
2015-09,ES,2.183081387633427,0.20945320036744142,99.02016666666667,0.3423671117709864,147.72125244140625,0.0877931843543848,0.0
2015-09,FI,1.2229301520816953,1.276252076492246,63.803333333333335,-0.3139074580105767,,0.0076866471767346,0.0065831214487856
2015-09,FR,1.3776670422432395,0.5910975194381922,98.04416666666667,-0.239907922561713,263.0301600719088,0.0229792210940614,0.0056478018486921
2015-09,GR,3.2975740834454648,0.11785155592210683,199.21583333333336,1.1838866302532367,108.8193613831158,0.0376690646857223,0.0
2015-09,IE,3.4733514975432205,1.0620906666667227,97.43133333333334,4.854407276378463,99.04100304643558,0.0178822238756111,0.0098523320777544
2015-09,IT,0.893232319605312,0.5487665341964285,132.37783333333334,2.539997485599507,124.55347917761496,0.1053071402283794,0.0046576829993824
2015-09,NL,1.559609681082086,0.5192690050437284,65.6315,10.222372950058599,156.04506565994734,0.0186595961001034,0.0049409133559571
2015-09,PT,1.5630180652633332,1.0761922050544013,124.89183333333332,1.1501517082102801,81.54931862165041,0.0746417117933239,0.0033174681861093
2015-10,AT,1.3821414013959754,1.5149999999998498,85.558,1.651828248439215,,0.0385377030823941,0.0018003130918118
2015-10,BE,1.4238097853521925,0.9820310238250751,106.171,2.09033548291833,93.31519294070452,0.0490591926839216,0.0042174974756716
2015-10,DE,1.5571311189190085,0.906883693478866,68.222,8.12439982696781,187.6360162283874,0.0321559709631071,0.0
2015-10,ES,2.674022650726249,0.5936660993548143,98.813,1.040594002502435,130.8016357421875,0.0876944046998328,0.0
2015-10,FI,0.7465006893353388,0.9735352017398169,64.0,-0.827127508178588,,0.0079033149311311,0.0
2015-10,FR,1.3849989999999535,0.7721584189295638,98.04,-0.33159437385045726,231.9336859050291,0.0222530335341915,0.0032050609519226
2015-10,GR,-1.5392937142721497,-0.07677799555109444,206.586,1.3395639406917683,96.28140197656658,0.0379901320259661,0.0
2015-10,IE,4.081066753839757,1.1382960000003384,95.936,3.0507391859106603,92.8851643811788,0.0175267193652485,0.0033925770409217
2015-10,IT,1.1622832153332652,0.5504541866600099,132.28,2.2227300117453552,95.3836168473452,0.1063701743160279,0.0
2015-10,NL,1.8481036293666542,1.2419807529920723,65.645,9.32959997321669,62.85672916988732,0.0184991212754176,0.0034098658644479
2015-10,PT,1.5482352297177926,1.1502378412246328,125.006,1.35444587014762,102.7064168188832,0.0708809905151295,0.0
2015-11,AT,1.4506223066794204,1.576666666666482,85.27333333333334,1.6523581629358468,,0.0386381552788892,0.0014199629942424
2015-11,BE,1.432985474850579,1.0169962380912057,106.2285,2.0923109369787767,82.58384228959491,0.047108217988967,0.0035474877702796
2015-11,DE,1.562428271173714,0.9896474683814604,67.83133333333333,8.08358024321237,193.5543449320032,0.0321945889332588,0.0020497671676462
2015-11,ES,2.6300059557838282,0.6980515482263066,98.75633333333333,1.0596159458424268,126.88197326660156,0.0869294413489089,0.0023233394456843
2015-11,FI,0.7854985387570901,1.079898613529869,64.37433333333334,-0.8013702473175134,,0.0079107375666793,0.0
2015-11,FR,1.4099989999999472,0.8414389484517708,98.173,-0.34440707160993816,200.97588143856777,0.0220658259336398,0.0024330532224221
2015-11,GR,-1.4584292618264585,-0.04086443950119995,201.955,1.4088338252511823,75.47580838005379,0.0370297744172183,0.0
2015-11,IE,3.996036799969012,1.2479573333337084,94.047,3.037442931321963,96.3221345016781,0.0169376141513143,0.0023598224333823
2015-11,IT,1.202365245123956,0.5893665583579658,132.18516666666667,2.24384804291293,95.95144942505516,0.1061983473156856,0.0005957301741688
2015-11,NL,1.8537482153620943,1.2652832862286023,65.51966666666667,9.29761915716066,48.86781920360859,0.0180391700585564,0.0037701598689426
2015-11,PT,1.5468234864785768,1.207762169512135,125.393,1.428204425102197,109.4445932420231,0.0719009002137492,0.0
2015-12,AT,1.5191032119628651,1.638333333333114,84.98866666666667,1.6528880774324786,,0.039311472684725,0.0017237932126544
2015-12,BE,1.442161164348965,1.0519614523573362,106.286,2.094286391039223,85.52062072121467,0.0496002265522602,0.001954410911994
2015-12,DE,1.5677254234284195,1.072411243284055,67.44066666666666,8.04276065945693,127.08607183657917,0.0326533950946654,0.0018862332778644
2015-12,ES,2.5859892608414072,0.8024369970977986,98.69966666666667,1.0786378891824184,144.32144165039062,0.0857773189461328,0.0022522013938185
2015-12,FI,0.8244963881788414,1.1862620253199212,64.74866666666667,-0.7756129864564385,,0.0086880676198183,0.0
2015-12,FR,1.4349989999999404,0.9107194779739776,98.30600000000001,-0.35721976936941907,206.394849535148,0.0216087176952664,0.0016302417584754
2015-12,GR,-1.3775648093807675,-0.004950883451305489,197.324,1.478103709810596,94.48228991659734,0.0360271920873853,0.0
2015-12,IE,3.9110068460982674,1.3576186666670782,92.15800000000002,3.0241466767332663,78.78829445254304,0.0174026975377308,0.0012161149853322
2015-12,IT,1.242447274914647,0.6282789300559218,132.09033333333335,2.2649660740805047,86.65266933900647,0.1028531175644252,0.000340154638427
2015-12,NL,1.8593928013575345,1.2885858194651323,65.39433333333334,9.265638341104628,68.91003869246298,0.0184288456648973,0.002379550502536
2015-12,PT,1.5454117432393608,1.2652864977996374,125.78,1.5019629800567733,99.86278167965968,0.0709975843520234,0.0
2016-01,AT,1.58758411724631,1.6999999999997462,84.70400000000001,1.65341799192911,,0.0393837441551159,0.0009309096920399
2016-01,BE,1.4513368538473514,1.0869266666234667,106.3435,2.09626184509967,107.0295665402502,0.0464486498083863,0.0024108784004438
2016-01,DE,1.573022575683125,1.1551750181866494,67.05,8.00194107570149,203.99563972683936,0.0319282697838586,0.0011301160558098
2016-01,ES,2.5419725658989867,0.9068224459692908,98.643,1.09765983252241,158.0782470703125,0.0878297760681053,0.0022018878651388
2016-01,FI,0.8634942376005927,1.2926254371099732,65.12299999999999,-0.749855725595364,,0.0085521970874498,0.0
2016-01,FR,1.459998999999934,0.9800000074961845,98.439,-0.3700324671289,241.4245361712679,0.0229319198356498,0.0
2016-01,GR,-1.2967003569350766,0.03096267259858898,192.693,1.54737359437001,106.51759321634069,0.0352671183688762,0.0
2016-01,IE,3.825976892227523,1.4672800000004482,90.269,3.01085042214457,144.8142174475585,0.0177337359133109,0.0026469067372195
2016-01,IT,1.2825293047053377,0.6671913017538778,131.9955,2.28608410524808,96.98987841228664,0.1038269101840986,0.0021773976081542
2016-01,NL,1.8650373873529746,1.3118883527016623,65.269,9.2336575250486,64.78225540300456,0.0182643472169242,0.0
2016-01,PT,1.5440000000001453,1.3228108260871396,126.167,1.57572153501135,83.95310376085008,0.0735455933325602,0.0031895216545225
2016-02,AT,1.5754328438379022,1.7083333333330972,84.41933333333334,1.6549104467577043,,0.0397365491907736,0.0034299755317189
2016-02,BE,1.4524939182148662,1.1083268211769508,106.40100000000001,2.1030450104286365,86.25532956269461,0.0462739210824341,0.0
2016-02,DE,1.567788785967535,1.1839104333377741,66.65933333333334,7.964194441097976,181.860908622358,0.0315478904465785,0.0
2016-02,ES,2.5157104087580224,0.9138160476906151,98.58633333333333,1.1000439870890468,131.8761749267578,0.0881416613269052,0.0024441659538776
2016-02,FI,0.8894608602262396,1.3182399840174774,65.49733333333333,-0.7397694014945644,,0.0080050120543078,0.0047239845743625
2016-02,FR,1.475690749999986,0.9891666720886224,98.572,-0.3694851193607305,324.0465356812679,0.0232041554505251,0.0
2016-02,GR,-0.9636399919643656,0.0450449498820745,188.062,1.5152766445337642,122.51987392869384,0.0353977911945351,0.0079491230956271
2016-02,IE,3.7729551317343053,1.4741805833336914,88.38000000000001,2.9823560841408017,217.9999908702224,0.0171587773961805,0.0
2016-02,IT,1.271568529313229,0.6949253599410714,131.90066666666667,2.2410337735099874,119.48192793729947,0.1054516973638958,0.0025684710597539
2016-02,NL,1.8711775660742263,1.3205233724397323,65.14366666666668,9.212243158968764,54.95427505620712,0.0176968526636945,0.0
2016-02,PT,1.532000000000098,1.3349939682256007,126.55400000000002,1.54366097776348,112.2541813646262,0.0776261074717576,0.0068765437211641
2016-03,AT,1.563281570429494,1.7166666666664478,84.13466666666667,1.6564029015862984,,0.04005924328261,0.0028690620865907
2016-03,BE,1.4536509825823811,1.129726975730435,106.4585,2.1098281757576034,82.46338735345248,0.0453493267862504,0.0
2016-03,DE,1.5625549962519452,1.2126458484888987,66.26866666666666,7.926447806494464,190.58182496052905,0.0316897011233633,0.0
2016-03,ES,2.4894482516170586,0.9208096494119392,98.52966666666667,1.1024281416556834,117.06299591064452,0.0908741290621739,0.002921378488795
2016-03,FI,0.9154274828518864,1.3438545309249816,65.87166666666667,-0.729683077393765,,0.0087762495751154,0.0039623603232306
2016-03,FR,1.491382500000038,0.9983333366810602,98.705,-0.36893777159256097,253.68586333993332,0.0227662886390136,0.0
2016-03,GR,-0.6305796269936549,0.059127227165559994,183.43100000000004,1.4831796946975184,105.37241650401964,0.0348515437014177,0.0055123540017493
2016-03,IE,3.719933371241087,1.4810811666669348,86.49100000000001,2.9538617461370333,214.92822788066425,0.0175215555881537,0.0032269253640123
2016-03,IT,1.2606077539211205,0.7226594181282648,131.80583333333334,2.1959834417718946,104.27644481308872,0.104593883762852,0.0035272249428187
2016-03,NL,1.8773177447954776,1.3291583921778019,65.01833333333333,9.190828792888933,100.05262905729046,0.0176906120618599,0.0
2016-03,PT,1.520000000000051,1.3471771103640617,126.941,1.5116004205156102,96.1351586475173,0.0777531808616142,0.0
2016-04,AT,1.2771030692288632,1.5341625000003356,83.85,3.5555561475408974,,0.0396678849312975,0.0026887024631313
2016-04,BE,1.2177574435397687,1.1442060674227816,106.516,0.4216781017647025,86.14765367947786,0.0451230645305647,0.0
2016-04,DE,1.4978913942692018,0.721727871171185,65.878,8.31312910761638,124.16817823386616,0.0313270430309866,0.0
2016-04,ES,2.5473025088683543,-0.023323829110116767,98.473,1.9275825309715149,113.32276153564452,0.0910123969878815,0.0024048391511454
2016-04,FI,0.9509488102903307,0.6330703427554818,66.246,-0.031639203893607304,,0.0084650930964779,0.0064948994516025
2016-04,FR,1.1808291676982496,0.568568825664012,98.838,0.5257065798975845,216.33028088042596,0.0220026933645834,0.0
2016-04,GR,0.23318999939279106,0.16480408096137267,178.8,-0.2398240501997005,119.40047157999196,0.0349751175589903,0.0068407018487039
2016-04,IE,4.639801182990349,1.0544300000000062,84.602,3.8417397963689126,179.92325609443952,0.0166102826383685,0.0044148560164591
2016-04,IT,1.0031697783550397,0.3002988933815731,131.711,2.1881055457765948,108.33815230084166,0.106108433896803,0.0026213175374579
2016-04,NL,1.852302524371302,0.4157233368242308,64.893,10.5,45.11215837065266,0.0172309937979258,0.0
2016-04,PT,1.36246522306383,0.7827840966627586,127.328,0.806822731517906,102.3380560881437,0.0773001137242339,0.0
2016-05,AT,1.288320366620077,1.5637000000002863,83.82716666666667,3.5541095498480466,,0.039717333364302,0.0022064938615385
2016-05,BE,1.2366601326143718,1.1405825259383753,106.2685,0.39035669970917164,85.9903931541774,0.0449555326488083,0.0038613742308641
2016-05,DE,1.511828491540109,0.801400272129249,65.88966666666667,8.277185801034257,131.4611974991658,0.0309040098305821,0.0024659365371847
2016-05,ES,2.5152070205761934,0.09539655391915447,98.7645,1.935371793464033,111.18634033203124,0.0895654289767294,0.0012065955949364
2016-05,FI,0.9639544870418071,0.7170724949229731,66.09516666666666,-0.03867789246705334,,0.0085587957641105,0.0068460280939621
2016-05,FR,1.1934986280867164,0.6248024930948226,98.66333333333333,0.49589689329514064,241.1156649596476,0.0217025219015983,0.0013858688249216
2016-05,GR,0.5030252502614464,0.21174181160287614,179.7901666666667,-0.246018263985259,139.7266928521151,0.0363014349520098,0.0214167166245324
2016-05,IE,4.528746861579773,1.0940066666666728,82.60150000000002,3.798429437412733,138.81363287321045,0.0162398137914678,0.0042424466992228
2016-05,IT,1.0194662594367778,0.3449754759362822,131.9931666666667,2.1621635734941567,81.41446290035582,0.1072673764381407,0.0032290663086338
2016-05,NL,1.8560242518223191,0.4484185964300706,64.37533333333333,10.466666666666667,51.83904682604828,0.0164822611195024,0.001882125707309
2016-05,PT,1.3510001807541436,0.8245996474816794,127.474,0.7663993551084243,97.93944541905304,0.0785550768240905,0.0
2016-06,AT,1.299537664011291,1.5932375000002366,83.80433333333332,3.5526629521551953,,0.0404439707000044,0.0023916270369086
2016-06,BE,1.2555628216889752,1.1369589844539694,106.02100000000002,0.35903529765364084,111.77144061808896,0.044127902054752,0.0034580037935409
2016-06,DE,1.5257655888110158,0.8810726730873131,65.90133333333333,8.241242494452134,454.0054528738436,0.0300033242477295,0.001549083427582
2016-06,ES,2.4831115322840325,0.2141169369484256,99.05599999999998,1.9431610559565515,138.75936889648438,0.0901194594676387,0.0026913660942249
2016-06,FI,0.9769601637932834,0.8010746470904643,65.94433333333333,-0.04571658104049936,,0.00930272040906,0.0052708053658375
2016-06,FR,1.2061680884751826,0.6810361605256332,98.48866666666666,0.4660872066926968,444.3419826864903,0.021651820324576,0.0021244055217481
2016-06,GR,0.7728605011301014,0.25867954224437956,180.78033333333335,-0.2522124777708175,111.16724044578343,0.0359883943499138,0.0208019524678008
2016-06,IE,4.417692540169195,1.1335833333333398,80.601,3.7551190784565542,349.2160479461808,0.0163225264383246,0.0020747906824335
2016-06,IT,1.0357627405185164,0.38965205849099127,132.27533333333332,2.1362216012117186,197.1590581430322,0.107385289460817,0.0030644499710668
2016-06,NL,1.8597459792733364,0.48111385603591034,63.857666666666674,10.433333333333334,106.9263088214198,0.0165576871910056,0.0007754203037856
2016-06,PT,1.339535138444457,0.8664151983006,127.62,0.7259759786989427,138.3170185778766,0.0764347173347564,0.0
2016-07,AT,1.310754961402505,1.6227750000001873,83.7815,3.551216354462345,,0.0402548718620715,0.0085108330500807
2016-07,BE,1.2744655107635783,1.133335442969563,105.77350000000001,0.32771389559811,89.55832411735452,0.0439538571671343,0.0032256787797475
2016-07,DE,1.539702686081923,0.9607450740453771,65.913,8.20529918787001,331.66817692961786,0.0301911518696278,0.0034814528888665
2016-07,ES,2.4510160439918716,0.33283731997769683,99.3475,1.95095031844907,117.95142364501952,0.0885958401201874,0.0028369468621032
2016-07,FI,0.9899658405447598,0.8850767992579556,65.7935,-0.0527552696139454,,0.0093275731250213,0.0
2016-07,FR,1.2188375488636494,0.7372698279564438,98.314,0.436277520090253,410.0073827933726,0.0203739301807248,0.0025367941548661
2016-07,GR,1.0426957519987567,0.30561727288588303,181.77050000000003,-0.25840669155637597,139.11299290050223,0.0367935434380976,0.011733130199431
2016-07,IE,4.306638218758618,1.1731600000000064,78.60050000000001,3.7118087195003753,414.1556816571308,0.01634109118657,0.0
2016-07,IT,1.0520592216002544,0.43432864104570035,132.5575,2.11027962892928,129.447806194698,0.1079414370175951,0.0
2016-07,NL,1.8634677067243532,0.5138091156417501,63.34,10.399999999999999,61.339536579551655,0.0170223322935924,0.0056448306277568
2016-07,PT,1.3280700961347702,0.9082307491195207,127.766,0.685552602289461,99.63671501253016,0.0769768176807332,0.0
2016-08,AT,1.3219722587937188,1.6523125000001377,83.75866666666667,3.5497697567694937,,0.0403065682301959,0.0088570804058908
2016-08,BE,1.2933681998381814,1.1297119014851567,105.52600000000001,0.2963924935425791,62.37458563323372,0.0439462289907004,0.0026955523596692
2016-08,DE,1.55363978335283,1.0404174750034412,65.92466666666667,8.169355881287887,223.12735555261983,0.0298192950090219,0.0032683479763625
2016-08,ES,2.41892055569971,0.45155770300696796,99.639,1.9587395809415882,110.99262237548828,0.0880965224829629,0.0031359691614313
2016-08,FI,1.0029715172962361,0.9690789514254468,65.64266666666667,-0.05979395818739142,,0.0090892493227473,0.0013287965397356
2016-08,FR,1.2315070092521159,0.7935034953872543,98.13933333333334,0.4064678334878091,178.7202820556164,0.0200171597569185,0.0026453978504867
2016-08,GR,1.3125310028674118,0.35255500352738645,182.76066666666668,-0.2646009053419345,98.17246834311436,0.0368982595313956,0.0164667604721304
2016-08,IE,4.195583897348041,1.212736666666673,76.60000000000001,3.668498360544196,233.27871816225783,0.0163109337845253,0.0
2016-08,IT,1.0683557026819925,0.4790052236004094,132.8396666666667,2.0843376566468415,102.52937405861891,0.1053447289557855,0.0
2016-08,NL,1.8671894341753703,0.5465043752475899,62.82233333333334,10.366666666666665,85.95951612493366,0.0164911441067368,0.0055732036769492
2016-08,PT,1.3166050538250835,0.9500462999384414,127.91200000000002,0.6451292258799792,72.31131798895781,0.0778311332382871,0.0
2016-09,AT,1.3331895561849327,1.6818500000000884,83.73583333333333,3.5483231590766438,,0.0399587774123068,0.007664964781258
2016-09,BE,1.3122708889127848,1.1260883600007507,105.27850000000001,0.2650710914870483,103.02355734919334,0.0409365172059028,0.0020690499713392
2016-09,DE,1.5675768806237371,1.1200898759615052,65.93633333333332,8.133412574705764,219.07736813398148,0.0297866139156964,0.0026506932924843
2016-09,ES,2.3868250674075497,0.5702780860362393,99.9305,1.9665288434341066,107.32561492919922,0.0864849309315604,0.0043929024505608
2016-09,FI,1.0159771940477125,1.0530811035929382,65.49183333333333,-0.06683264676083749,,0.0092964300363787,0.0
2016-09,FR,1.2441764696405826,0.8497371628180651,97.96466666666667,0.37665814688536536,291.6730095164785,0.0193931189880845,0.0
2016-09,GR,1.5823662537360674,0.39949273416889,183.75083333333336,-0.270795119127493,104.63629266371518,0.0359363804919135,0.0161640778860507
2016-09,IE,4.084529575937465,1.25231333333334,74.5995,3.6251880015880174,166.99760540630336,0.0164610310285853,0.0
2016-09,IT,1.084652183763731,0.5236818061551185,133.12183333333334,2.0583956843644033,140.2138283302819,0.1033770328829199,0.0
2016-09,NL,1.8709111616263874,0.5791996348534297,62.30466666666667,10.333333333333334,129.22782028720655,0.0165693881889042,0.0050256201359729
2016-09,PT,1.305140011515397,0.9918618507573622,128.058,0.6047058494704977,94.67170025882176,0.0758799884135455,0.0
2016-10,AT,1.2235249015750294,1.3774306573969608,83.713,2.653048778253978,,0.0403126391525463,0.0049874006808606
2016-10,BE,1.3868274484874044,1.7301818520643997,105.031,0.3297727153155783,105.93236495304292,0.041010509535073,0.0
2016-10,DE,1.5052853086841622,1.2540189261834034,65.948,8.202200222893975,148.26053892774468,0.0292037769006569,0.0022548281257564
2016-10,ES,2.3915901698409012,0.6848060477436413,100.222,1.7813306159159825,107.81566619873048,0.0848781353292547,0.0007455301961227
2016-10,FI,1.0556453263859011,1.0067544731161004,65.341,0.16760122803694458,,0.0095684275558593,0.0
2016-10,FR,1.3432818522832124,0.8397624896895772,97.79,-0.3995967584632333,256.62360697508524,0.0191987395616172,0.0
2016-10,GR,2.0893404146872294,0.42547395818190725,184.741,-0.030460663161135798,99.54699016405864,0.036899084580387,0.0030253703842712
2016-10,IE,3.639766915321574,0.9525027500003391,72.599,9.217154140429326,181.66494672444333,0.0165566260676376,0.0
2016-10,IT,0.8950159492764898,0.33082479373366114,133.404,1.94894549286706,132.1904712086538,0.1031137913144695,0.0
2016-10,NL,1.6301960906156598,0.6757696760307685,61.787,8.40553544106234,29.370680427920668,0.0164494854207118,0.0009548310271354
2016-10,PT,1.065741624136668,1.0309236427521573,128.204,-0.4861380174363436,79.45022222646377,0.0774100832407054,0.0
2016-11,AT,1.2090166010500207,1.4334141996561172,82.81433333333334,2.6553783383881018,,0.0401032988806926,0.0030810220087981
2016-11,BE,1.3803265937983127,1.691762277399056,104.737,0.3525869857330089,90.33004630777204,0.0411610709273453,0.0
2016-11,DE,1.478554856879677,1.3490260060157817,65.28183333333332,8.155176978970939,322.22033506013463,0.0289999878659552,0.0052702535606565
2016-11,ES,2.3178152509657455,0.7968698680037837,99.82783333333333,1.7637187778278884,108.3741226196289,0.0839664612590086,0.0
2016-11,FI,1.0726287394443073,1.0716059240405567,65.19116666666666,0.17700111115832307,,0.0094529568618958,0.0
2016-11,FR,1.3450731665430316,0.894606628307589,97.72066666666667,-0.3925785024803388,448.5950831781073,0.0188533964734876,0.0
2016-11,GR,2.314969686346084,0.4838480025064836,184.19566666666668,-0.029899570132363065,117.1264800233336,0.0376663733362666,0.0065776725567909
2016-11,IE,3.49573408647846,1.021429833333709,72.73916666666668,9.190727781668304,258.5145519983528,0.0168082431724505,0.0
2016-11,IT,0.9103181643873729,0.3731892715851892,133.09683333333334,1.9242273679090365,180.2757391601442,0.1005955129596953,0.0
2016-11,NL,1.623475250713761,0.7394122107066433,61.122166666666665,8.331950854036478,64.73377524947674,0.0168265905947441,0.001416303986682
2016-11,PT,1.0722100059885276,1.0641286797659522,128.0155,-0.5426470778246247,96.34426258173204,0.0799373243970385,0.0
2016-12,AT,1.194508300525012,1.4893977419152733,81.91566666666667,2.6577078985222258,,0.0397310316998353,0.0
2016-12,BE,1.3738257391092208,1.6533427027337122,104.44300000000001,0.3754012561504394,98.44134609002914,0.0404991293095547,0.0
2016-12,DE,1.4518244050751916,1.4440330858481603,64.61566666666667,8.108153735047903,246.8142508082627,0.0290652461810118,0.0020006312396162
2016-12,ES,2.2440403320905893,0.9089336882639262,99.43366666666665,1.7461069397397941,115.9175033569336,0.080152646570401,0.0
2016-12,FI,1.0896121525027131,1.1364573749650126,65.04133333333333,0.1864009942797015,,0.0090464087529623,0.0
2016-12,FR,1.3468644808028507,0.9494507669256006,97.65133333333333,-0.38556024649744436,408.2675469943719,0.0201176585669131,0.002383251277382
2016-12,GR,2.5405989580049377,0.5422220468310599,183.65033333333335,-0.029338477103590332,155.93981268912725,0.0331718379366849,0.0065618580373021
2016-12,IE,3.3517012576353458,1.090356916667079,72.87933333333334,9.164301422907279,252.1373520779221,0.0164769261667088,0.0
2016-12,IT,0.9256203794982562,0.4155537494367173,132.78966666666668,1.8995092429510132,159.45264506945205,0.0985080681223744,0.0
2016-12,NL,1.616754410811862,0.803054745382518,60.45733333333334,8.258366267010613,101.3203284693126,0.0164337690669224,0.0
2016-12,PT,1.0786783878403872,1.0973337167797468,127.827,-0.5991561382129058,76.43854560348655,0.0764562384122918,0.0
2017-01,AT,1.1800000000000033,1.5453812841744297,81.017,2.66003745865635,,0.0386795304401212,0.003034015625823
2017-01,BE,1.3673248844201291,1.6149231280683685,104.149,0.39821552656787,91.3088176948607,0.0407294477423997,0.0022821655783493
2017-01,DE,1.4250939532707063,1.5390401656805386,63.9495,8.06113049112487,335.64149526489643,0.0280942100665352,0.0005875136625288
2017-01,ES,2.170265413215433,1.0209975085240686,99.0395,1.7284951016517,108.23075103759766,0.0804304632937946,0.0
2017-01,FI,1.1065955655611193,1.2013088258894689,64.8915,0.19580087740108,,0.0100212168128906,0.0031535097997821
2017-01,FR,1.3486557950626699,1.0042949055436123,97.582,-0.37854199051455,462.9655655228596,0.0195115599730713,0.0044591662514449
2017-01,GR,2.766228229663792,0.6005960911556363,183.10500000000002,-0.0287773840748176,134.5876787740653,0.0338549140807808,0.0062964647230283
2017-01,IE,3.207668428792232,1.159284000000449,73.0195,9.13787506414626,254.32761011845588,0.0166366101078191,0.0
2017-01,IT,0.9409225946091393,0.4579182272882454,132.48250000000002,1.87479111799299,112.90602380801526,0.1005386107318027,0.0
2017-01,NL,1.6100335709099634,0.8666972800583927,59.792500000000004,8.18478167998475,51.027334065599184,0.0153114999594618,0.0
2017-01,PT,1.0851467696922468,1.1305387537935419,127.6385,-0.655665198601187,104.0945212203919,0.0756962397672519,0.0033556113978668
2017-02,AT,1.1850000000000083,1.562746378453687,80.11833333333334,2.651308755269884,,0.0373579610612474,0.0033085322712192
2017-02,BE,1.3690247263184483,1.625521783076082,103.855,0.4380144082888042,95.58572155331302,0.0408648286174826,0.0103167806476032
2017-02,DE,1.4211317735605153,1.549419292692794,63.28333333333333,8.031600576418494,170.40045431628212,0.0272192113752995,0.0023674488945513
2017-02,ES,2.1513442702235004,1.0240261374707054,98.64533333333334,1.7258103888808942,106.8926239013672,0.0824868466709316,0.0
2017-02,FI,1.1200469558971824,1.2345330903986727,64.74166666666667,0.18752573508316414,,0.0099094772840492,0.0052413371419118
2017-02,FR,1.3677937981377952,1.013233431415376,97.51266666666668,-0.3732555744800875,379.4259535759576,0.0190628438141044,0.0043805452396633
2017-02,GR,2.7915425438584496,0.6338887431827682,182.5596666666667,-0.014521605759344377,136.87836450583197,0.035214095256328,0.0049009056848015
2017-02,IE,3.1990472625793576,1.182332625000354,73.15966666666667,9.11133652027015,210.90214313921783,0.0168237022243041,0.0
2017-02,IT,0.9582623783917074,0.4864250416809139,132.17533333333336,1.8440143494359407,114.10034157680262,0.1014993173931517,0.0
2017-02,NL,1.6271993843758326,0.8884278324884384,59.12766666666667,8.154447563346013,112.53452039838275,0.0149898667984399,0.0017869685708279
2017-02,PT,1.091384538884534,1.155760995402836,127.45,-0.6657418353004201,83.67461253207783,0.0783912292352182,0.0032919657033574
2017-03,AT,1.1900000000000133,1.5801114727329442,79.21966666666667,2.6425800518834186,,0.0366971177845779,0.0040120129843515
2017-03,BE,1.370724568216767,1.6361204380837953,103.561,0.4778132900097384,81.57643545578392,0.0385939137679276,0.0099306983564514
2017-03,DE,1.417169593850324,1.5597984197050496,62.61716666666666,8.002070661712121,222.12302724209624,0.0272380168231729,0.0031003728816546
2017-03,ES,2.1324231272315677,1.027054766417342,98.25116666666666,1.7231256761100884,100.3365249633789,0.080696231775629,0.0
2017-03,FI,1.133498346233245,1.267757354907876,64.59183333333333,0.17925059276524835,,0.0090897829643456,0.0061904051951753
2017-03,FR,1.3869318012129206,1.02217195728714,97.44333333333333,-0.367969158445625,521.564150598696,0.0194902974454834,0.00481214985022
2017-03,GR,2.8168568580531073,0.6671813952098999,182.01433333333333,-0.0002658274438711722,147.39787176265708,0.0344647729965766,0.0068092134570339
2017-03,IE,3.190426096366483,1.2053812500002592,73.29983333333334,9.084797976394045,142.42160536435398,0.0169355958874291,0.0023057870512965
2017-03,IT,0.9756021621742753,0.5149318560735823,131.86816666666667,1.8132375808788916,98.55570801942454,0.1015101613980269,0.0
2017-03,NL,1.6443651978417018,0.9101583849184839,58.462833333333336,8.124113446707275,99.9288422559202,0.01469456656299,0.0023944313188409
2017-03,PT,1.0976223080768213,1.1809832370121305,127.2615,-0.6758184719996532,75.90280086173456,0.0807113921882357,0.0037067822579373
2017-04,AT,1.3769412131570513,2.026765033191208,78.321,2.3796845994471303,,0.0361819097445653,0.0028441666412374
2017-04,BE,1.6008003922395986,1.9320179724115094,103.267,0.900559368334084,80.03384671174484,0.0386739196822579,0.0085073280659049
2017-04,DE,1.6083808292282509,1.9355033336966032,61.951,8.13754552960624,204.8388310158213,0.02669990546303,0.0011682838830624
2017-04,ES,2.4603335561976913,2.1574268711541222,97.857,1.5498087462242949,89.54013061523438,0.0796420273706571,0.0
2017-04,FI,1.3591260824318552,1.480400644678187,64.442,-1.2689408505287125,,0.0090703484097329,0.0044603077188501
2017-04,FR,1.4592888505396362,1.3525689890446002,97.374,-0.8214754639367026,574.6331443928085,0.0191475592222687,0.0
2017-04,GR,2.287138914183667,1.305226871363191,181.469,-0.22147509220989123,106.67183881993982,0.0363946746794186,0.0059502160430918
2017-04,IE,3.4097266700281406,1.0429024560485334,73.44,4.680425261750773,182.0721046597503,0.0170989952013329,0.0031640846021322
2017-04,IT,0.83581710639406,1.2671108809684084,131.561,1.97511637503844,61.858981816280064,0.1024811439572432,0.0
2017-04,NL,2.0680302455253488,1.056633721875927,57.798,9.18139906459236,37.39287538075647,0.0146787322476703,0.0029483304049186
2017-04,PT,1.6693786600667782,1.2529369391691136,127.073,-0.305198007075849,64.40091444418722,0.0834615186507435,0.0050252344459302
2017-05,AT,1.3683921894729334,1.9994073950579283,78.19166666666666,2.3647419416399336,,0.0362148836263277,0.0031749401656962
2017-05,BE,1.5901559026166487,1.9082223582256232,103.19783333333334,0.9169206181755081,89.1237631172688,0.0388104960440808,0.0075212734380141
2017-05,DE,1.5999330603850095,1.9065577813008883,61.9285,8.119081372087592,151.38441269857245,0.0269676304881084,0.0022044735009381
2017-05,ES,2.416930136556964,2.0761088816458364,97.75116666666666,1.5534430251880567,104.64061737060548,0.0789401654273826,0.0
2017-05,FI,1.3637746736025802,1.4972512928900303,64.13149999999999,-1.2668053774968666,,0.0090355062089368,0.0042415926383751
2017-05,FR,1.4804483322258477,1.3343283244710902,97.30933333333333,-0.7805271947839727,288.26044389781725,0.0194654495224027,0.0
2017-05,GR,2.332829419246174,1.315803839185007,181.97233333333332,-0.20099351482942765,89.99797498314005,0.0371121424268867,0.0
2017-05,IE,3.381386145033797,1.0970471244584317,72.49933333333334,4.68546083593574,170.37994335958598,0.0170712506638144,0.0017762857019384
2017-05,IT,0.8334803901111668,1.2706596091299094,131.53766666666667,1.9503629776324298,62.9018305218145,0.1011284088066528,0.0
2017-05,NL,2.0427273789902647,1.0984924960922036,57.20283333333334,9.175442960969177,40.71242742970648,0.014481686444769,0.0039222175185191
2017-05,PT,1.6454245878736375,1.2689364232786473,126.30616666666666,-0.3162781392441544,77.273160744612,0.0841585054377341,0.0080118104589839
2017-06,AT,1.3598431657888155,1.9720497569246487,78.06233333333333,2.349799283832737,,0.0362533726199446,0.0024656826597327
2017-06,BE,1.5795114129936987,1.8844267440397373,103.12866666666666,0.933281868016932,85.26000451642065,0.0367992167670662,0.0042775660244701
2017-06,DE,1.5914852915417685,1.8776122289051733,61.906000000000006,8.100617214568947,192.2242903517328,0.0265786800090449,0.0015567218628178
2017-06,ES,2.3735267169162375,1.994790892137551,97.64533333333333,1.5570773041518184,108.39498138427734,0.0781989593902257,0.0
2017-06,FI,1.3684232647733052,1.5141019411018735,63.821,-1.264669904465021,,0.0094363234783983,0.0017163640042012
2017-06,FR,1.501607813912059,1.3160876598975801,97.24466666666666,-0.7395789256312428,308.56528601007835,0.0192568048668855,0.0
2017-06,GR,2.378519924308681,1.3263808070068235,182.47566666666665,-0.18051193744896407,101.79160895147751,0.0371764552758688,0.0
2017-06,IE,3.3530456200394543,1.1511917928683297,71.55866666666667,4.690496410120708,196.1068293939394,0.0174477944125244,0.0
2017-06,IT,0.8311436738282736,1.2742083372914104,131.51433333333335,1.92560958022642,99.64902035662506,0.0962162355569072,0.0
2017-06,NL,2.017424512455181,1.14035127030848,56.60766666666666,9.169486857345994,85.36813780154385,0.0145459520122808,0.0034881717074184
2017-06,PT,1.6214705156804974,1.2849359073881814,125.53933333333333,-0.32735827141245966,86.33949320458008,0.0882887838422876,0.0052958344359994
2017-07,AT,1.3512941421046976,1.944692118791369,77.93299999999999,2.33485662602554,,0.0361329106515109,0.004246183696861
2017-07,BE,1.5688669233707486,1.8606311298538514,103.0595,0.949643117858356,93.03653061186208,0.0379233266950709,0.0036295408452913
2017-07,DE,1.5830375226985272,1.8486666765094584,61.8835,8.0821530570503,142.7123630373047,0.0262011246922751,0.0014106911168739
2017-07,ES,2.3301232972755104,1.9134729026292652,97.5395,1.56071158311558,101.37307739257812,0.0775768074515976,0.0021052562138256
2017-07,FI,1.3730718559440303,1.5309525893137166,63.51049999999999,-1.262534431433175,,0.0095553178282287,0.0032179846341034
2017-07,FR,1.5227672955982707,1.29784699532407,97.18,-0.698630656478513,176.4695321128575,0.018099421656846,0.0034108906656199
2017-07,GR,2.4242104293711875,1.3369577748286399,182.97899999999998,-0.1600303600685005,70.2253119254391,0.0373641079643862,0.0
2017-07,IE,3.3247050950451107,1.205336461278228,70.618,4.695531984305675,125.02678615434152,0.0174615580112397,0.001700129600124
2017-07,IT,0.8288069575453805,1.2777570654529113,131.49099999999999,1.90085618282041,74.03366096035404,0.097654372486192,0.0
2017-07,NL,1.9921216459200974,1.1822100445247563,56.0125,9.16353075372281,29.4474449809435,0.0139668617750635,0.003528337986406
2017-07,PT,1.5975164434873568,1.300935391497715,124.7725,-0.338438403580765,75.66343369893019,0.085849837951214,0.0051660317545393
2017-08,AT,1.3427451184205794,1.9173344806580892,77.80366666666667,2.3199139682183434,,0.0362601880061453,0.0018785552752725
2017-08,BE,1.5582224337477986,1.8368355156679652,102.99033333333334,0.9660043676997799,81.66545982679352,0.0377679082594268,0.0033730592714547
2017-08,DE,1.5745897538552858,1.8197211241137432,61.861000000000004,8.063688899531652,104.73080715959432,0.0264802864353692,0.0017043243539464
2017-08,ES,2.2867198776347832,1.8321549131209796,97.43366666666667,1.5643458620793416,66.64569854736328,0.0787292081121876,0.0
2017-08,FI,1.377720447114755,1.5478032375255597,63.2,-1.260398958401329,,0.0092482087196771,0.0
2017-08,FR,1.543926777284482,1.27960633075056,97.11533333333334,-0.6576823873257831,164.0532893047378,0.01827868948712,0.0033738719568156
2017-08,GR,2.469900934433694,1.3475347426504563,183.48233333333334,-0.13954878268803692,86.47625565349057,0.0384202177058081,0.0
2017-08,IE,3.296364570050767,1.259481129688126,69.67733333333334,4.700567558490643,155.00043883064396,0.0176242319715425,0.0013482166898396
2017-08,IT,0.8264702412624872,1.281305793614412,131.46766666666667,1.8761027854143997,31.70153458270412,0.0975539038731825,0.0003817659787978
2017-08,NL,1.9668187793850138,1.2240688187410327,55.41733333333333,9.157574650099626,84.36846748853735,0.013929557915054,0.0029354974522569
2017-08,PT,1.5735623712942162,1.3169348756072488,124.00566666666667,-0.34951853574907027,50.10528291536928,0.0882092762884782,0.0048518830664895
2017-09,AT,1.3341960947364617,1.8899768425248098,77.67433333333334,2.304971310411147,,0.035491981557886,0.0020001950749994
2017-09,BE,1.5475779441248487,1.8130399014820795,102.92116666666666,0.982365617541204,79.72939237236302,0.0377483327892552,0.0033182736288684
2017-09,DE,1.5661419850120448,1.7907755717180285,61.8385,8.045224742013007,164.52679069817384,0.0263598283507952,0.0016376143396912
2017-09,ES,2.2433164579940565,1.750836923612694,97.32783333333333,1.5679801410431036,94.9796371459961,0.0790918206951886,0.0027750785111062
2017-09,FI,1.3823690382854803,1.5646538857374033,62.8895,-1.2582634853694834,,0.0080891376897405,0.0034531073262169
2017-09,FR,1.565086258970694,1.26136566617705,97.05066666666667,-0.6167341181730533,256.4782117585065,0.0184991386934282,0.0032342903466029
2017-09,GR,2.515591439496201,1.3581117104722726,183.98566666666667,-0.11906720530757332,93.51073385237449,0.0372713305985396,0.0
2017-09,IE,3.2680240450564244,1.3136257980980246,68.73666666666668,4.705603132675611,156.55413201881538,0.0174863346405924,0.0012066526564062
2017-09,IT,0.8241335249795941,1.2848545217759133,131.44433333333333,1.85134938800839,91.19423542007348,0.096436188361562,0.0012907189407848
2017-09,NL,1.9415159128499302,1.2659275929573093,54.82216666666666,9.151618546476444,117.04280059518108,0.0145935736086537,0.0034964329823545
2017-09,PT,1.549608299101076,1.3329343597167829,123.23883333333333,-0.3605986679173757,94.64385691565522,0.083804159459982,0.0052613009329829
2017-10,AT,1.9599608687151548,1.7756344697362314,77.545,2.135410042665605,,0.0350693479281887,0.0031063290050479
2017-10,BE,1.6399078320102511,1.6438743980265513,102.852,-0.07403337859653562,94.09780414690576,0.0370135222224559,0.0033788048130878
2017-10,DE,1.8950532530394915,1.5324834255979414,61.816,7.82696351504358,142.697508187072,0.0261999124676146,0.0009535707486613
2017-10,ES,2.6500384526784106,1.5916948335038705,97.222,1.95752027678236,177.32598876953125,0.0769657342046523,0.0019612392512092
2017-10,FI,2.4439999999999906,1.0786818081662874,62.579,0.36755467210849,,0.008012858240467,0.0032575924366029
2017-10,FR,1.7133274801082288,1.260019301730242,96.986,-0.861782995524569,227.0053871297821,0.0173446932516,0.0
2017-10,GR,2.418962139433006,1.2803183685857145,184.489,-0.12369789089438415,85.44595698263616,0.0392787946769999,0.0086984185618909
2017-10,IE,3.5700059522920435,1.2064725614222394,67.796,3.42855500909553,170.01172489601169,0.0157279519981886,0.0008393756672463
2017-10,IT,1.2200931408146598,1.2165412495716232,131.421,2.4263618598078973,66.27056626573693,0.0926698319343218,0.0021518525283843
2017-10,NL,2.7048913801253294,1.392475248339764,54.227,9.997900664994296,66.89835536734373,0.0139812999613826,0.0033079462776132
2017-10,PT,2.133617638850666,1.9033769732619832,122.472,0.3483484193583263,80.92546974944959,0.0871085523576318,0.0024225684667548
2017-11,AT,1.923307245810102,1.7942273788156198,76.61516666666667,2.14068957914377,,0.0351559677225099,0.0026382249418201
2017-11,BE,1.63906185685034,1.5798727608811958,102.2225,-0.04903538179237135,81.17051309681707,0.0365668414173422,0.0026512117673584
2017-11,DE,1.8778524603264422,1.5297655542968247,60.80433333333333,7.79607420336457,189.63558793958364,0.0260814443853352,0.0016448101473056
2017-11,ES,2.6029044099000496,1.550468113570754,96.87133333333333,1.96849259579676,130.8123016357422,0.0760337462943033,0.0009858784505318
2017-11,FI,2.409333333333323,1.1058685845363663,62.07516666666666,0.36764293496440204,,0.0083064969047834,0.0029848397752479
2017-11,FR,1.7293191554808833,1.2710732568528358,96.85583333333334,-0.8327447106104067,251.36940607972903,0.0181360683760683,0.0
2017-11,GR,2.4927057581972853,1.2853698568446537,184.03783333333334,-0.11033788193580515,68.6557954111242,0.039287977418054,0.0019407939504926
2017-11,IE,3.512045933599617,1.292268048370012,67.30633333333334,3.4361541740369534,129.60331181575435,0.0157701492651007,0.0011816964138325
2017-11,IT,1.188255784062061,1.1952417919419034,130.76983333333334,2.3904286907111016,63.299969300003845,0.088504178595956,0.0
2017-11,NL,2.664973282930568,1.4061043955005146,53.67333333333333,9.997749560152178,77.70645029342256,0.0143237505178499,0.0031230466652017
2017-11,PT,2.094053807946853,1.939220837939848,121.65066666666667,0.3404605731449515,84.9899636631579,0.084743149579754,0.0017959964427223
2017-12,AT,1.886653622905049,1.812820287895008,75.68533333333333,2.1459691156219347,,0.0356673221013053,0.0011206666801015
2017-12,BE,1.6382158816904282,1.5158711237358402,101.593,-0.02403738498820709,86.06214734270493,0.0373547158637432,0.000829649596986
2017-12,DE,1.8606516676133924,1.527047682995708,59.792666666666676,7.76518489168556,110.69768979829732,0.0255956483092248,0.0006524496445305
2017-12,ES,2.555770367121688,1.5092413936376372,96.52066666666666,1.97946491481116,126.7371597290039,0.0735283641194861,0.002320922736515
2017-12,FI,2.3746666666666547,1.1330553609064449,61.57133333333333,0.367731197820314,,0.0080374431547849,0.001778577387912
2017-12,FR,1.7453108308535377,1.2821272119754292,96.72566666666665,-0.8037064256962443,194.6321282486645,0.0184470933071864,0.0
2017-12,GR,2.5664493769615637,1.2904213451035929,183.58666666666667,-0.09697787297722617,56.45729871397638,0.0399985403203333,0.0107412297269986
2017-12,IE,3.45408591490719,1.3780635353177841,66.81666666666666,3.4437533389783765,138.06004272352365,0.0156356426915078,0.0031232218737809
2017-12,IT,1.1564184273094615,1.1739423343121833,130.11866666666666,2.3544955216143055,62.125211795591085,0.0900468679917634,0.0
2017-12,NL,2.6250551857358064,1.4197335426612647,53.11966666666666,9.997598455310058,72.122928693361,0.0146679288944987,0.0023137679832598
2017-12,PT,2.054489977043041,1.9750647026177126,120.82933333333332,0.33257272693157675,92.17464643970727,0.0826543158631699,0.0018464580183746
2018-01,AT,1.849999999999996,1.8314131969743963,74.7555,2.1512486521001,,0.0329205006847175,0.0
2018-01,BE,1.637369906530517,1.4518694865904846,100.96350000000001,0.000960611815957173,101.06343991887756,0.0373532083164187,0.0033410122841698
2018-01,DE,1.843450874900343,1.5243298116945914,58.781000000000006,7.73429558000655,150.03557921859544,0.0248150159866202,0.0024832445725779
2018-01,ES,2.5086363243433274,1.4680146737045208,96.16999999999999,1.99043723382556,112.77650451660156,0.0751633272234279,0.0015631112165438
2018-01,FI,2.3399999999999865,1.1602421372765237,61.067499999999995,0.367819460676226,,0.0086730305521449,0.0
2018-01,FR,1.7613025062261922,1.293181167098023,96.5955,-0.774668140782082,221.1375688482796,0.0189691072256988,0.0
2018-01,GR,2.640192995725843,1.295472833362532,183.1355,-0.0836178640186472,77.42102553198542,0.0423104262224725,0.0117379967244944
2018-01,IE,3.3961258962147634,1.4638590222655568,66.327,3.4513525039198,120.54375398147668,0.0161462183099267,0.0022795510645003
2018-01,IT,1.1245810705568626,1.1526428766824637,129.4675,2.31856235251751,102.9585200968542,0.0924083039788111,0.0
2018-01,NL,2.585137088541045,1.4333626898220153,52.566,9.99744735046794,90.45828831706376,0.0140016872072045,0.0
2018-01,PT,2.0149261461392287,2.0109085672955773,120.008,0.324684880718202,96.215929776769,0.0886773778564656,0.0
2018-02,AT,1.8208333333333253,1.8559541598372622,73.82566666666666,2.1632393804503,,0.0329076444335846,0.0
2018-02,BE,1.626382838358616,1.4782272533590342,100.334,0.008459499322221512,83.31673307763354,0.0382665314618135,0.0
2018-02,DE,1.8111958157423946,1.5630100304290833,57.76933333333334,7.711578796471499,97.52896620458873,0.0244844955573693,0.0025468216597491
2018-02,ES,2.4674488297881694,1.4832427453062753,95.81933333333333,1.9883355541467258,105.40119171142578,0.0787167264893768,0.0
2018-02,FI,2.2971883966028765,1.2052219591701347,60.56366666666666,0.37625310853488386,,0.0079868100768991,0.0
2018-02,FR,1.7727135090245094,1.3180915527320831,96.46533333333333,-0.7496055764884889,192.03058706445088,0.0176560111335159,0.0016175609974779
2018-02,GR,2.577875498323027,1.301289414165561,182.68433333333334,-0.08912878145652518,83.76718802934623,0.0408627015899961,0.0081242350345843
2018-02,IE,3.3648724733074733,1.4824461749059752,65.83733333333333,3.463008180487336,94.50709579999146,0.016171970579914,0.0
2018-02,IT,1.1058659813437879,1.1699226369589513,128.81633333333335,2.2961792735622297,79.05917063891805,0.0941311424216191,0.0
2018-02,NL,2.5249232742714254,1.4389157990035335,52.01233333333334,9.96791205052228,39.14427362902778,0.0138815499554198,0.0
2018-02,PT,1.9886823006276293,2.0183328533542912,119.18666666666667,0.2921326492468563,95.29112274471412,0.0902286981080978,0.0
2018-03,AT,1.7916666666666543,1.8804951227001285,72.89583333333333,2.1752301088005,,0.0330334748127353,0.0
2018-03,BE,1.6153957701867154,1.5045850201275839,99.7045,0.01595838682848584,84.41018371499527,0.0353320611868894,0.0
2018-03,DE,1.7789407565844462,1.601690249163575,56.75766666666667,7.688862012936446,113.25939882505742,0.0242909560133776,0.001608462556123
2018-03,ES,2.4262613352330114,1.49847081690803,95.46866666666666,1.9862338744678918,93.32933044433594,0.0761879976944698,0.0008573442146832
2018-03,FI,2.2543767932057666,1.2502017810637458,60.05983333333334,0.38468675639354166,,0.0074500728104847,0.0
2018-03,FR,1.7841245118228266,1.3430019383661433,96.33516666666667,-0.7245430121948958,195.5721391603209,0.0183189416721514,0.0013048588326881
2018-03,GR,2.515558000920211,1.3071059949685901,182.23316666666668,-0.09463969889440316,86.57256107986827,0.0380434046357885,0.0093180224434912
2018-03,IE,3.3336190504001832,1.5010333275463936,65.34766666666667,3.4746638570548716,95.93837123931289,0.0158642042430451,0.0
2018-03,IT,1.0871508921307134,1.187202397235439,128.16516666666666,2.27379619460695,77.47655549025647,0.0935189919438841,0.0
2018-03,NL,2.4647094600018056,1.444468908185052,51.458666666666666,9.938376750576618,101.93078212924716,0.0142511544618434,0.0
2018-03,PT,1.9624384551160299,2.025757139413005,118.36533333333333,0.2595804177755106,78.57786748329093,0.0868814843895754,0.0
2018-04,AT,2.4676676717164447,2.184883202279914,71.966,2.3766513275449075,,0.0324247658703823,0.0
2018-04,BE,1.8368358267966456,1.6302933906096995,99.075,0.31958143776077924,68.68395512729738,0.0346676334396016,0.0
2018-04,DE,2.408706100409791,1.6357773666087205,55.746,8.235867264092228,127.53606101961677,0.0237505135817554,0.0
2018-04,ES,2.609777009597575,1.7018483305937138,95.118,1.5945434660083624,103.66265869140624,0.0723781465831966,0.0013019712973225
2018-04,FI,2.4292150385073152,1.3599542376030893,59.556,1.5409605010619525,,0.0072407540078189,0.0
2018-04,FR,2.059665935869448,1.538275324399968,96.205,-1.2190561639784272,187.3611054188672,0.0180505990694515,0.0014732728826717
2018-04,GR,1.9755141783892927,0.8051667752559555,181.782,-0.719297076722782,93.00212063064428,0.0393659801179856,0.0093801601099085
2018-04,IE,4.378908606723287,1.0451701288865411,64.858,9.512304098571871,119.1428205869104,0.0160988004399863,0.0
2018-04,IT,1.4395797666063526,1.1462579182020538,127.514,2.4907859026858326,77.24937571837192,0.0941252799240999,0.0
2018-04,NL,2.9899805956313807,2.045076485305153,50.905,9.406084957987732,22.688664608388105,0.0140234790229039,0.0
2018-04,PT,2.2500000000000018,1.6000167943126808,117.544,0.13549064364831326,98.8874920415223,0.0875470816034149,0.0
2018-05,AT,2.4101490415257296,2.186562846471037,71.85866666666666,2.3318931536949234,,0.0322762473387354,0.0
2018-05,BE,1.8200845757944561,1.6471305249968835,99.207,0.31072996768188066,91.65734786103364,0.0339640195548389,0.0
2018-05,DE,2.364518775482405,1.63919436363383,55.78333333333334,8.23671739569992,178.8854475498668,0.0232650155914955,0.0014631688301577
2018-05,ES,2.562954826829215,1.6897476240228673,95.22966666666666,1.6014496676876566,140.21331787109375,0.0744381887158249,0.0020829072685416
2018-05,FI,2.3762870419331117,1.3969589399345599,59.68266666666667,1.5779919097068,,0.0074666789265369,0.0
2018-05,FR,2.055735809898381,1.5461645628503198,96.25133333333333,-1.180225196756653,303.0539079496316,0.0170910449035056,0.0
2018-05,GR,1.9592441256568671,0.8416612617716239,180.973,-0.7050803728869947,116.71194165388115,0.0369127970218429,0.0076413242285607
2018-05,IE,4.3381000866755155,1.0785156087819234,64.74466666666667,9.419462838526433,78.55734966393166,0.0163863997864155,0.0
2018-05,IT,1.4057972711001288,1.1643137050683983,127.7125,2.4633887221693866,135.1813257844383,0.0965036201300252,0.0
2018-05,NL,2.924634835802853,2.0585849403248035,50.73116666666667,9.348682853284076,66.26487939424234,0.0135216423791437,0.0
2018-05,PT,2.200000000000002,1.6000149282779264,117.49183333333333,0.10518294617511298,87.93807302148949,0.0903309896320534,0.0015120184160669
2018-06,AT,2.352630411335014,2.1882424906621605,71.75133333333333,2.2871349798449394,,0.0326157521304388,0.0019418890171525
2018-06,BE,1.8033333247922667,1.6639676593840673,99.339,0.3018784976029821,87.0907231620299,0.0322687203518408,0.0
2018-06,DE,2.3203314505550185,1.6426113606589392,55.82066666666667,8.237567527307611,209.0020525803935,0.0231426558350445,0.0
2018-06,ES,2.516132644060855,1.6776469174520212,95.34133333333332,1.6083558693669509,132.8039093017578,0.074543955157256,0.0011633438875443
2018-06,FI,2.323359045358908,1.4339636422660302,59.80933333333333,1.6150233183516476,,0.0079764957264957,0.0005404004430026
2018-06,FR,2.0518056839273138,1.5540538013006717,96.29766666666666,-1.1413942295348787,331.2620752633589,0.0170796762550789,0.0
2018-06,GR,1.9429740729244416,0.8781557482872921,180.16400000000002,-0.6908636690512073,94.57866319285756,0.0378451722991841,0.0039395935834296
2018-06,IE,4.297291566627744,1.1118610886773053,64.63133333333333,9.326621578480996,108.45583083926203,0.0163866919283027,0.0
2018-06,IT,1.372014775593905,1.1823694919347427,127.911,2.4359915416529407,129.37375720618235,0.1014705003287704,0.0086566776553145
2018-06,NL,2.859289075974325,2.0720933953444542,50.55733333333333,9.29128074858042,54.44018181493611,0.0135619346601303,0.0
2018-06,PT,2.1500000000000017,1.6000130622431719,117.43966666666665,0.07487524870191276,89.50953529886412,0.0876161703029283,0.0
2018-07,AT,2.295111781144299,2.189922134853284,71.644,2.242376805994955,,0.0318382418087646,0.0046926801981023
2018-07,BE,1.7865820737900773,1.6808047937712511,99.471,0.2930270275240835,85.11122620816494,0.0328112676274691,0.0
2018-07,DE,2.2761441256276327,1.6460283576840484,55.858000000000004,8.238417658915305,219.13716355950783,0.0230292307719977,0.0018074599794987
2018-07,ES,2.4693104612924954,1.6655462108811747,95.453,1.6152620710462449,96.50473022460938,0.0734230694495778,0.0014826639822803
2018-07,FI,2.2704310487847046,1.4709683445975008,59.936,1.6520547269964951,,0.0082417003929231,0.0
2018-07,FR,2.047875557956247,1.5619430397510237,96.344,-1.1025632623131045,239.72984200414407,0.0165325083609803,0.0
2018-07,GR,1.926704020192016,0.9146502348029606,179.35500000000002,-0.67664696521542,76.72701666073046,0.0390514179851861,0.0045638216553024
2018-07,IE,4.256483046579973,1.1452065685726875,64.518,9.23378031843556,131.92929161673257,0.0164927101216937,0.0004107494344703
2018-07,IT,1.3382322800876811,1.2004252788010872,128.1095,2.408594361136495,101.33782814702596,0.1028745845435017,0.0061373695578677
2018-07,NL,2.793943316145797,2.085601850364105,50.3835,9.233878643876764,40.84577189762559,0.0124903177021252,0.0022606281889482
2018-07,PT,2.100000000000002,1.6000111962084174,117.38749999999999,0.044567551228712504,89.78582378296186,0.0892345911073362,0.0
2018-08,AT,2.2375931509535834,2.191601779044407,71.53666666666668,2.1976186321449704,,0.0316603512785681,0.0039822597944163
2018-08,BE,1.7698308227878878,1.697641928158435,99.60300000000001,0.28417555744518486,72.59481547817683,0.0329666019493636,0.0
2018-08,DE,2.231956800700247,1.6494453547091577,55.89533333333334,8.239267790522996,174.67610179730138,0.0227079046650731,0.0022900362552044
2018-08,ES,2.4224882785241357,1.6534455043103282,95.56466666666667,1.622168272725539,78.21145629882812,0.0737237897735604,0.0
2018-08,FI,2.217503052210501,1.5079730469289712,60.06266666666667,1.6890861356413425,,0.0076708851532569,0.0012605009425892
2018-08,FR,2.0439454319851795,1.5698322782013756,96.39033333333334,-1.0637322950913304,184.521165261246,0.0166224028223553,0.0
2018-08,GR,1.9104339674595905,0.9511447213186289,178.54600000000002,-0.6624302613796327,130.15444552304606,0.0379491950736674,0.0043944178249923
2018-08,IE,4.215674526532202,1.1785520484680696,64.40466666666667,9.140939058390124,120.24804407615522,0.0169038578205461,0.0036869107483828
2018-08,IT,1.3044497845814573,1.2184810656674316,128.30800000000002,2.381197180620049,87.70552867565826,0.1007321425593302,0.0079397003394977
2018-08,NL,2.7285975563172693,2.0991103053837556,50.20966666666667,9.176476539173109,82.9484565133495,0.0122215597292159,0.0024124553156899
2018-08,PT,2.0500000000000016,1.6000093301736626,117.33533333333334,0.014259853755512267,58.32399429784792,0.0887037845518522,0.0
2018-09,AT,2.1800745207628687,2.193281423235531,71.42933333333333,2.152860458294987,,0.0319237012693557,0.0032057673538725
2018-09,BE,1.7530795717856986,1.714479062545619,99.73500000000001,0.27532408736628633,95.89111311807848,0.0317204963580422,0.0
2018-09,DE,2.1877694757728605,1.6528623517342673,55.93266666666666,8.24011792213069,231.35667424143253,0.0227250524299039,0.002400692479846
2018-09,ES,2.375666095755776,1.6413447977394822,95.67633333333333,1.6290744744048333,109.8480987548828,0.074505245227425,0.0
2018-09,FI,2.1645750556362975,1.544977749260442,60.18933333333334,1.72611754428619,,0.0069692523273835,0.0021666451536698
2018-09,FR,2.040015306014113,1.5777215166517276,96.43666666666667,-1.0249013278695562,230.68047445655253,0.0163280190580489,0.0
2018-09,GR,1.894163914727165,0.9876392078342974,177.737,-0.6482135575438454,118.81090114080088,0.0386620598700388,0.0046864332122906
2018-09,IE,4.1748660064844305,1.2118975283634519,64.29133333333334,9.048097798344688,137.3025184582744,0.0167594080483778,0.0040529126360874
2018-09,IT,1.2706672890752335,1.236536852533776,128.50650000000002,2.353800000103603,109.44738459303052,0.1011840585367887,0.0113876008331149
2018-09,NL,2.6632517964887414,2.1126187604034063,50.035833333333336,9.119074434469454,139.32354015917133,0.0113370192662215,0.0026561786386823
2018-09,PT,2.0000000000000018,1.6000074641389086,117.28316666666666,-0.016047843717688012,72.44317618232999,0.0880124852395932,0.0
2018-10,AT,2.318600627660339,2.0374419011151943,71.322,1.8887601967429553,,0.0303345045694733,0.0065522888247097
2018-10,BE,1.5338567527471259,1.8890441897135235,99.867,-0.028696031143216498,85.8561955225875,0.0323544394948616,0.0
2018-10,DE,1.87151825816404,1.7849512539489965,55.97,7.923043366691547,193.9070564556089,0.0219884700841551,0.0023113952633379
2018-10,ES,2.314669924878976,1.7862325493436193,95.788,1.16754080705961,149.11904907226562,0.0730337206290639,0.0
2018-10,FI,1.9836871172030535,1.5461015891983065,60.316,0.9141297585973447,,0.0060819518598861,0.0012479117205605
2018-10,FR,1.6088463703377909,1.8481714660095683,96.483,-0.7545297497610248,302.29285278472776,0.0159313946854231,0.0
2018-10,GR,2.275497775057639,1.0760987252710574,176.928,-0.5263517231203383,130.8627919866207,0.0405240905396925,0.0029465790094186
2018-10,IE,4.183835097800498,1.1116406285913316,64.178,6.858198934407688,152.92821007903237,0.0157135813459136,0.0042286564053614
2018-10,IT,1.0628735806995249,1.398566536108603,128.705,1.6884787409105124,148.8724419623668,0.1027771568345076,0.0099500044582234
2018-10,NL,2.650904186828651,1.5916678318671384,49.862,9.71757741463722,39.81754072923573,0.0110112207877049,0.0028223642799548
2018-10,PT,1.925023191842179,1.6608791136538625,117.231,-0.2007313931548576,107.8766783984849,0.089193503116389,0.0
2018-11,AT,2.2624004184402287,2.0465908024291455,70.83416666666666,1.8519814447425267,,0.0301419126913378,0.0061451296330632
2018-11,BE,1.535528528386872,1.8557549974858516,99.56483333333334,-0.0380362476269449,101.61870737079288,0.0324025398346711,0.0
2018-11,DE,1.8670900194346731,1.7824871702930345,55.6115,7.901846357880118,148.17275410161267,0.0218570692824433,0.0
2018-11,ES,2.277121254509984,1.7836914518649476,95.6465,1.1691133940481002,138.01336669921875,0.0727736966891476,0.0
2018-11,FI,1.910013644006281,1.5830961054817776,60.089166666666664,0.9150798303814278,,0.0056308236256822,0.0
2018-11,FR,1.613836831309475,1.8472909584641168,96.84916666666666,-0.736535373763372,274.4578971469461,0.015925941721909,0.0
2018-11,GR,2.3006649225062126,1.1163747748526243,175.31766666666667,-0.49988313813418583,101.84838772481302,0.0401646333915578,0.0026493609128669
2018-11,IE,4.124935745017618,1.1570577486045102,63.2915,6.801405082808742,152.14034552603542,0.0159580996801092,0.0
2018-11,IT,1.0505387672137527,1.4042776907390235,129.60933333333332,1.6560170547380082,139.26294795344006,0.1052012351023499,0.0
2018-11,NL,2.6333285646088207,1.6078084899935046,49.86416666666667,9.700033215797937,48.43592402680731,0.0111642002400309,0.0
2018-11,PT,1.883355989414152,1.6510590501824907,117.23783333333333,-0.22496882785006808,118.7160328559728,0.088822399087463,0.0017066544177005
2018-12,AT,2.2062002092201176,2.0557397037430962,70.34633333333333,1.8152026927420983,,0.0305118579146458,0.0047960812912091
2018-12,BE,1.5372003040266184,1.8224658052581795,99.26266666666668,-0.0473764641106733,145.09138510451314,0.0344861315864858,0.0009484238339547
2018-12,DE,1.8626617807053065,1.7800230866370723,55.253,7.880649349068689,225.8979086724893,0.0218986822647602,0.0
2018-12,ES,2.2395725841409915,1.7811503543862757,95.505,1.17068598103659,127.73059844970705,0.0731379801541816,0.0
2018-12,FI,1.8363401708095084,1.6200906217652484,59.86233333333334,0.9160299021655108,,0.0055704766329563,0.0033657195265558
2018-12,FR,1.6188272922811588,1.8464104509186656,97.21533333333335,-0.7185409977657189,339.57651506767587,0.0156951054380112,0.002170145635826
2018-12,GR,2.325832069954786,1.156650824434191,173.70733333333334,-0.4734145531480334,93.47175763678622,0.039959671217895,0.0024010498132344
2018-12,IE,4.066036392234738,1.2024748686176885,62.405,6.744611231209796,206.25234400044263,0.0152676882030246,0.0
2018-12,IT,1.0382039537279804,1.4099888453694438,130.51366666666667,1.6235553685655042,187.6355452827597,0.1029611605237466,0.0
2018-12,NL,2.6157529423889896,1.6239491481198705,49.86633333333333,9.682489016958652,93.51911015707635,0.0113900907933258,0.0
2018-12,PT,1.841688786986125,1.6412389867111186,117.24466666666666,-0.24920626254527853,105.8087461733369,0.0879123921454804,0.0
2019-01,AT,2.1500000000000075,2.064888605057047,69.85849999999999,1.77842394074167,,0.0291192851089193,0.0041810743929512
2019-01,BE,1.5388720796663646,1.7891766130305076,98.9605,-0.0567166805944017,102.70365950458084,0.0326570875879392,0.0013859899063846
2019-01,DE,1.85823354197594,1.7775590029811106,54.8945,7.85945234025726,168.08723034264537,0.0215567101252176,0.0
2019-01,ES,2.202023913772,1.778609256907604,95.36349999999999,1.17225856802508,131.0411834716797,0.0737285416817994,0.0
2019-01,FI,1.7626666976127359,1.6570851380487195,59.6355,0.916979973949594,,0.0058172346429346,0.0019136660901494
2019-01,FR,1.623817753252843,1.8455299433732142,97.5815,-0.700546621768066,363.04773960850827,0.0168276845537128,0.0021096507580101
2019-01,GR,2.35099921740336,1.196926874015758,172.09699999999998,-0.446945968161881,115.79874619585124,0.0406706581861273,0.0031005878340945
2019-01,IE,4.007137039451858,1.247891988630867,61.5185,6.68781737961085,219.83753362095533,0.0159101716687656,0.0
2019-01,IT,1.0258691402422082,1.4156999999998643,131.418,1.591093682393,169.99783581953128,0.1060093694396901,0.0
2019-01,NL,2.5981773201691594,1.6400898062462366,49.8685,9.66494481811937,111.39161362393556,0.0107117959445263,0.0
2019-01,PT,1.800021584558098,1.631418923239747,117.2515,-0.273443697240489,108.1126848070739,0.0909819041410913,0.0
2019-02,AT,2.100000000000007,2.0678145546356106,69.37066666666666,1.80240494406428,,0.0300024982715446,0.0048933428919025
2019-02,BE,1.5330313787110361,1.789400034379383,98.65833333333335,-0.03934132325885288,89.26459308657554,0.0324156078577331,0.0015786881213395
2019-02,DE,1.835599760951636,1.802899778289313,54.53600000000001,7.846623909339126,155.94647320824075,0.0212512136556979,0.0008463126998503
2019-02,ES,2.172824988722425,1.7854448649896215,95.22200000000001,1.1843520259942402,132.00209045410156,0.0761306274996866,0.0
2019-02,FI,1.7479980437498082,1.6739947098779924,59.40866666666667,0.9312305601540378,,0.006191723338542,0.0016988015905934
2019-02,FR,1.620304475077063,1.83779938121084,97.94766666666668,-0.6867977791988548,267.5836014720959,0.0170298749801899,0.0014922276769913
2019-02,GR,2.335016175276668,1.2228948960514758,170.48666666666668,-0.4372340780407304,108.66235787710755,0.0525518993509318,0.00176086028878
2019-02,IE,3.9617323651382246,1.2704497807272674,60.632000000000005,6.639461999853153,180.71277793980764,0.0164176627128815,0.0
2019-02,IT,1.0127473793686947,1.4206416666665684,132.32233333333335,1.5780970258748475,158.5883195406726,0.1071818958918471,0.0
2019-02,NL,2.570645830709558,1.656756472912944,49.87066666666667,9.62941269499951,175.38558412437132,0.0107552471335445,0.0011956041697309
2019-02,PT,1.7750197858448926,1.644862485581914,117.25833333333334,-0.29768690788149244,100.5848523044355,0.0920978211384108,0.0
2019-03,AT,2.0500000000000074,2.0707405042141747,68.88283333333334,1.82638594738689,,0.0277923305648111,0.0010616840068571
2019-03,BE,1.5271906777557076,1.7896234557282582,98.35616666666667,-0.02196596592330409,94.35193750229227,0.0295724881220065,0.0041848115510227
2019-03,DE,1.8129659799273314,1.8282405535975155,54.1775,7.833795478420992,248.3747163251072,0.0206506739718713,0.0013904270289169
2019-03,ES,2.1436260636728504,1.792280473071639,95.0805,1.1964454839634,116.68341064453124,0.0768883995655602,0.0008346649857231
2019-03,FI,1.7333293898868802,1.6909042817072655,59.18183333333334,0.9454811463584817,,0.0064352369635118,0.0031445548210562
2019-03,FR,1.6167911969012831,1.8300688190484655,98.31383333333335,-0.6730489366296437,238.6893466179392,0.0161067097848554,0.0015675374899982
2019-03,GR,2.319033133149976,1.248862918087194,168.87633333333332,-0.4275221879195798,80.90393129893388,0.0528144084318902,0.0
2019-03,IE,3.916327690824591,1.2930075728236679,59.74550000000001,6.591106620095456,198.6357568538847,0.0161018479769168,0.0010958369965936
2019-03,IT,0.9996256184951813,1.4255833333332728,133.2266666666667,1.565100369356695,107.760829001195,0.1059701136849568,0.0025637565085604
2019-03,NL,2.5431143412499564,1.6734231395796513,49.87283333333333,9.593880571879653,104.59422756942992,0.0104913391334906,0.0010091464706967
2019-03,PT,1.7500179871316877,1.6583060479240816,117.26516666666667,-0.3219301185224958,113.3910407201223,0.0894391787398846,0.0
2019-04,AT,1.906764640505687,1.8187801581888818,68.395,2.00535072598298,,0.0274415827523883,0.0015211607094943
2019-04,BE,1.3158131766367598,1.8483307668808235,98.054,0.37218562518620424,96.16569207216816,0.0278106575159347,0.0043416546171155
2019-04,DE,0.92540661161572,1.4245423425087556,53.819,6.985891895561609,198.25048660580097,0.0200429109918212,0.0
2019-04,ES,2.067141889537721,1.3147561185891277,94.939,0.8252260850775693,130.68490600585938,0.0736660747362758,0.0
2019-04,FI,1.890342160870756,1.3715057081584103,58.955,0.17365441098244108,,0.0062125741783152,0.0018204074445506
2019-04,FR,1.3261186706900074,1.3791604280407321,98.68,-0.2822537880831706,206.5038806207943,0.0155773013547509,0.0011443807087279
2019-04,GR,2.342287915820335,1.1518917411313445,167.266,-2.657228104060385,96.84319571175212,0.0546013082834707,0.0
2019-04,IE,3.9720149091698405,1.2749999999999984,58.859,8.93002555987057,158.256801276034,0.0160937603460833,0.0028610422743988
2019-04,IT,0.29215009308615203,0.8663000000000143,134.131,2.8291687463095725,145.0856423888163,0.1079037561544216,0.0
2019-04,NL,1.7791403600578237,2.1363210461502193,49.875,9.221639027758364,82.9145621461472,0.0103604044944006,0.0017508912283408
2019-04,PT,1.6328711936599738,1.1750385330969393,117.272,-0.4360782708074875,91.25864063116758,0.0916122743807982,0.0
2019-05,AT,1.8837907915606096,1.8375421873280489,68.28483333333332,1.9960259986696034,,0.0273980458476843,0.001530700552063
2019-05,BE,1.3240349788253614,1.8212165805961447,98.345,0.38615934479009933,110.77348199998823,0.0289018369684634,0.0041220120420129
2019-05,DE,0.9825852155360767,1.4521621881657953,54.13316666666667,6.963416115476759,145.92435505316325,0.0198230677118982,0.0
2019-05,ES,2.045848089965293,1.349216554556043,94.98383333333332,0.8259743906151034,123.73332214355467,0.0737702800019323,0.0
2019-05,FI,1.8726911696061481,1.386396124519118,58.979,0.20078355723523245,,0.0063693323392214,0.0
2019-05,FR,1.3357319359127797,1.397772213265299,98.76983333333334,-0.25300208200993973,159.84600990325475,0.0161807912299778,0.0012080333705042
2019-05,GR,2.321768350306293,1.184226878148135,167.95366666666666,-2.6557609125063335,98.05873646731077,0.0554656669981186,0.0
2019-05,IE,3.9137807749444935,1.2999999999999976,58.6595,8.860515665524026,160.89604090152704,0.0161614350721596,0.0025016374554707
2019-05,IT,0.36066409167488567,0.902500000000021,134.06333333333333,2.8034009903453034,163.96968899462195,0.1066503868806127,0.0
2019-05,NL,1.7691286638851444,2.0809831324341146,49.43866666666666,9.189886680641495,43.24650142154884,0.0102132511495875,0.0013858378944119
2019-05,PT,1.6181112770683532,1.2333792401177712,116.85983333333334,-0.44712910464202305,87.20819900525879,0.0938069604325042,0.0014723429886026
2019-06,AT,1.8608169426155323,1.8563042164672157,68.17466666666667,1.9867012713562269,,0.0263811689161563,0.0
2019-06,BE,1.332256781013963,1.7941023943114662,98.636,0.40013306439399443,90.6950018426333,0.0283513812875892,0.0017037283611328
2019-06,DE,1.0397638194564331,1.479782033822835,54.44733333333333,6.940940335391909,171.3699038756233,0.0197661805471857,0.0
2019-06,ES,2.024554290392864,1.3836769905229584,95.02866666666667,0.8267226961526375,116.38347625732422,0.071251542056629,0.0
2019-06,FI,1.85504017834154,1.4012865408798258,59.003,0.22791270348802373,,0.0062681522558178,0.0
2019-06,FR,1.3453452011355522,1.4163839984898656,98.85966666666667,-0.2237503759367089,244.02554738596825,0.0153430409638085,0.0
2019-06,GR,2.301248784792252,1.2165620151649255,168.6413333333333,-2.654293720952282,91.8929853227121,0.0543309344840695,0.0
2019-06,IE,3.8555466407191465,1.3249999999999966,58.46000000000001,8.791005771177485,188.146416454938,0.0148267925374136,0.0
2019-06,IT,0.4291780902636192,0.9387000000000275,133.99566666666666,2.7776332343810344,114.65299591661471,0.1056168631658712,0.0
2019-06,NL,1.759116967712465,2.0256452187180103,49.00233333333333,9.158134333524625,86.01531510980875,0.0099477743903066,0.0
2019-06,PT,1.6033513604767329,1.2917199471386032,116.44766666666666,-0.4581799384765585,95.05222292246826,0.0873897876650701,0.0
2019-07,AT,1.8378430936704548,1.8750662456063827,68.0645,1.97737654404285,,0.0257685626970141,0.0
2019-07,BE,1.3404785832025645,1.7669882080267874,98.92699999999999,0.41410678399788947,75.06629144330634,0.0280868590054668,0.0
2019-07,DE,1.09694242337679,1.507401879479875,54.7615,6.918464555307059,246.24190134168197,0.0196523914066549,0.0
2019-07,ES,2.0032604908204354,1.4181374264898738,95.0735,0.8274710016901715,132.63291931152344,0.0702193504125637,0.0
2019-07,FI,1.837389187076932,1.4161769572405336,59.027,0.25504184974081506,,0.0066949715676877,0.0
2019-07,FR,1.3549584663583247,1.4349957837144323,98.9495,-0.19449866986347808,269.49666850731074,0.0154376788305443,0.0
2019-07,GR,2.2807292192782103,1.248897152181716,169.329,-2.6528265293982303,81.96214983300641,0.0562530937696496,0.0030175889767347
2019-07,IE,3.7973125064937996,1.3499999999999956,58.2605,8.72149587683094,187.4071242994576,0.0143934339218905,0.0
2019-07,IT,0.49769208885235283,0.9749000000000341,133.928,2.7518654784167653,88.91676064420454,0.1078937389704497,0.0
2019-07,NL,1.749105271539786,1.970307305001906,48.566,9.126381986407756,37.1121048086492,0.0093304221134195,0.0
2019-07,PT,1.5885914438851123,1.350060654159435,116.03550000000001,-0.469230772311094,88.56120276394569,0.0880920192681222,0.0
2019-08,AT,1.8148692447253774,1.8938282747455495,67.95433333333332,1.9680518167294734,,0.0261880090675298,0.0
2019-08,BE,1.348700385391166,1.7398740217421085,99.21800000000002,0.42808050360178457,86.210763991606,0.0284337802869912,0.0007409417145486
2019-08,DE,1.1541210272971465,1.5350217251369145,55.07566666666667,6.895988775222209,314.2581449845674,0.019333103695086,0.0
2019-08,ES,1.9819666912480067,1.4525978624567892,95.11833333333334,0.8282193072277055,128.254638671875,0.0687661931696416,0.0
2019-08,FI,1.819738195812324,1.4310673736012414,59.051,0.28217099599360634,,0.0065562568911991,0.0
2019-08,FR,1.3645717315810972,1.453607568938999,99.03933333333333,-0.16524696379024728,287.8340353913769,0.0149708808406496,0.0017710571456855
2019-08,GR,2.2602096537641687,1.2812322891985064,170.01666666666665,-2.6513593378441787,93.94854721205046,0.0571574338676385,0.0033548754521729
2019-08,IE,3.7390783722684526,1.3749999999999947,58.06100000000001,8.651985982484398,260.2668566771007,0.0139713832711898,0.0
2019-08,IT,0.5662060874410864,1.0111000000000407,133.86033333333333,2.726097722452496,112.59803082900297,0.1074196593022936,0.0
2019-08,NL,1.7390935753671064,1.9149693912858017,48.129666666666665,9.094629639290886,88.4917687069292,0.0090076871600671,0.0
2019-08,PT,1.5738315272934917,1.408401361180267,115.62333333333335,-0.4802816061456295,97.16415367393192,0.0870942312898132,0.0
2019-09,AT,1.7918953957803,1.9125903038847167,67.84416666666667,1.9587270894160969,,0.0260503480663299,0.0029054957168123
2019-09,BE,1.3569221875797677,1.71275983545743,99.509,0.44205422320567966,100.27780590631514,0.0269941559332538,0.0023314308729597
2019-09,DE,1.2112996312175033,1.5626415707939547,55.389833333333335,6.873512995137361,207.23431333344317,0.019632779346572,0.001162245320223
2019-09,ES,1.9606728916755785,1.4870582984237046,95.16316666666667,0.8289676127652397,164.8262176513672,0.0692098359669907,0.0057662129545925
2019-09,FI,1.8020872045477163,1.4459577899619491,59.075,0.3093001422463978,,0.0070751713971235,0.0010830938031744
2019-09,FR,1.3741849968038697,1.4722193541635658,99.12916666666666,-0.13599525771701645,275.04957630281075,0.0153589167183298,0.0034812873471432
2019-09,GR,2.2396900882501276,1.3135674262152972,170.70433333333335,-2.649892146290127,59.98455853755951,0.0559256263113987,0.0039864693318758
2019-09,IE,3.6808442380431057,1.399999999999994,57.86150000000001,8.582476088137854,297.0796589786712,0.0140477925070372,0.0006577760113811
2019-09,IT,0.6347200860298201,1.0473000000000474,133.79266666666666,2.7003299664882268,111.84922127195816,0.1069784924740318,0.0
2019-09,NL,1.7290818791944276,1.8596314775696974,47.693333333333335,9.062877292174019,176.2214265078955,0.0089835030860127,0.0026736616952051
2019-09,PT,1.5590716107018714,1.466742068201099,115.21116666666667,-0.491332439980165,99.6379417153827,0.0844820203451146,0.0
2019-10,AT,1.6763235532411824,1.7789776697544502,67.734,1.7929975186834726,,0.0249025857815324,0.0
2019-10,BE,1.2786173351681862,1.3187802140888771,99.8,-0.9023038387062403,95.63372664786354,0.027043489316,0.0
2019-10,DE,1.0714379833915377,1.621207216667181,55.704,6.656467988078855,210.185051727089,0.0193220864779613,0.0
2019-10,ES,1.9289799702106092,0.9577555044864461,95.208,1.0105615907281584,157.70330810546875,0.0667861996972391,0.005086965487007
2019-10,FI,1.409580776128988,1.2409376879212397,59.099,-0.5593413736138433,,0.0063751789948544,0.0
2019-10,FR,1.2595961935360667,1.2907970627643484,99.219,-0.49866196342379027,267.7097095919494,0.0152355465726205,0.0
2019-10,GR,2.16007439041922,0.8656948150521815,171.392,-3.230923387829413,37.69572072139725,0.0580651668888909,0.0056689515737658
2019-10,IE,3.6889390041558165,1.424201228943256,57.662,9.929949398761044,276.7766561725033,0.0125274853604711,0.0
2019-10,IT,0.4052587557858367,0.9619999999996853,133.725,2.90842914732364,95.26595263668904,0.1054387978837168,0.0
2019-10,NL,1.6708671966009059,1.8292111443177939,47.257,9.559696212765843,54.239193753903486,0.0092096160845492,0.0
2019-10,PT,1.6783714157416363,1.1528907944720834,114.799,-0.6828029083052702,118.0701733004302,0.080836754855519,0.0
2019-11,AT,1.684215702160785,1.8059986460796171,69.08196666666666,1.8093467924399418,,0.0244204814185392,0.0
2019-11,BE,1.285807212469751,1.2970916344268688,101.50308333333334,-0.8811657380116925,98.7186247471874,0.0273390019291805,0.0035374391572793
2019-11,DE,1.1300514342578654,1.63624831959663,58.392583333333334,6.62201918499833,181.5048062392904,0.0190147706718835,0.001821418491822
2019-11,ES,1.9016333528064422,0.9881954796852795,98.28421666666667,1.0208409745679359,164.8609619140625,0.0660893355544033,0.0063013536506856
2019-11,FI,1.4280266736058533,1.2468782188852945,60.850049999999996,-0.5468513662884702,,0.0056210577995851,0.0016122137753213
2019-11,FR,1.2607719783483777,1.304548816453699,101.33128333333333,-0.4976676136021882,246.5949417538,0.0146823686442445,0.0027212182254062
2019-11,GR,2.180020726503451,0.8916429943794676,173.25331666666668,-3.2558098891126317,44.20294498695373,0.0561098429739627,0.0053458877938671
2019-11,IE,3.626172960764029,1.4494674859622043,59.16845,9.833723140537318,145.32727118684133,0.0123482964416959,0.0016886172869095
2019-11,IT,0.44911726850156064,0.9866999999996519,137.04138333333333,2.9128800773926464,89.52109454425756,0.1036797268290943,0.0
2019-11,NL,1.6603836138782098,1.7546787492529061,48.98116666666667,9.527515681049572,80.74448303009567,0.0094909957476526,0.0035377489936231
2019-11,PT,1.6522500130779791,1.1813736375054784,116.3983,-0.6928620446934864,96.22477290022844,0.0816761626615028,0.0036791813993991
2019-12,AT,1.6921078510803877,1.8330196224047837,70.42993333333332,1.8256960661964108,,0.0244595062470049,0.0
2019-12,BE,1.2929970897713157,1.27540305476486,103.20616666666666,-0.8600276373171447,94.5899780696814,0.0286584341520208,0.003835798411594
2019-12,DE,1.1886648851241928,1.6512894225260792,61.08116666666666,6.587570381917805,207.2461318748473,0.0194076758605172,0.0
2019-12,ES,1.874286735402275,1.0186354548841128,101.36043333333333,1.0311203584077129,144.70758056640625,0.0662606742059929,0.0055266135038838
2019-12,FI,1.4464725710827187,1.2528187498493493,62.6011,-0.5343613589630971,,0.0047312566499759,0.0013342738020791
2019-12,FR,1.2619477631606886,1.3183005701430495,103.44356666666667,-0.49667326378058607,244.3881081194694,0.0156196627410188,0.0024434266270745
2019-12,GR,2.199967062587682,0.9175911737067536,175.11463333333333,-3.2806963903958506,41.967523780416,0.0564687793738109,0.0043863571039976
2019-12,IE,3.563406917372242,1.474733742981153,60.6749,9.737496882313588,160.3109103167924,0.0122064692769645,0.0018527314615559
2019-12,IT,0.49297578121728447,1.0113999999996182,140.35776666666666,2.9173310074616534,149.83251519551408,0.103350975987775,0.0
2019-12,NL,1.6499000311555139,1.6801463541880186,50.70533333333333,9.4953351493333,92.69401601462668,0.0098196853344486,0.0
2019-12,PT,1.6261286104143216,1.2098564805388734,117.9976,-0.7029211810817027,87.38264249224085,0.0802199209502869,0.002583937631128
2020-01,AT,1.6999999999999904,1.8600405987299506,71.77789999999999,1.84204533995288,,0.0240198948383823,0.0006934777442501
2020-01,BE,1.3001869670728805,1.2537144751028517,104.90925,-0.838889536622597,98.25665797208902,0.0273672955324429,0.0031856280402761
2020-01,DE,1.2472783359905204,1.6663305254555283,63.76975,6.55312157883728,131.50760851445185,0.0188045018191687,0.0020979764049656
2020-01,ES,1.8469401179981082,1.0490754300829463,104.43665,1.04139974224749,142.4266357421875,0.0622038106818826,0.0030540965770441
2020-01,FI,1.464918468559584,1.258759280813404,64.35215,-0.521871351637724,,0.0052274213582517,0.0028147343869897
2020-01,FR,1.2631235479729996,1.3320523238324,105.55584999999999,-0.495678913958984,254.2695921323031,0.0154305845218444,0.0
2020-01,GR,2.2199133986719133,0.9435393530340397,176.97595,-3.30558289167907,67.1252441687311,0.0585845682166581,0.0066970176142573
2020-01,IE,3.500640873980454,1.5000000000001013,62.181349999999995,9.64127062408986,193.42043447073476,0.0122948428212532,0.0023352008687135
2020-01,IT,0.5368342939330084,1.0360999999995846,143.67415,2.92178193753066,127.87341148074616,0.1035442872554209,0.0
2020-01,NL,1.6394164484328178,1.605613959123131,52.4295,9.46315461761703,52.074055541559936,0.0088180440818891,0.0
2020-01,PT,1.6000072077506644,1.2383393235722684,119.5969,-0.712980317469919,92.52711012424984,0.0794872312748774,0.0
2020-02,AT,1.6874999999999825,1.8633705488358003,73.12586666666667,1.837172306409125,,0.0237323487755999,0.0
2020-02,BE,1.3006249710062534,1.2764707516812135,106.61233333333334,-0.8557017729342906,104.50353700516806,0.0283441733294668,0.0031194312442441
2020-02,DE,1.2632835975411334,1.6686949041804253,66.45833333333334,6.526046512518461,304.0949654794223,0.0184044917450534,0.0
2020-02,ES,1.8348746051955744,1.080545859923765,107.51286666666667,1.042013053796345,136.22872924804688,0.0619990459692571,0.002398484343165
2020-02,FI,1.465636060128167,1.274696007412307,66.1032,-0.5160566537351476,,0.0047816809634965,0.0016700191408216
2020-02,FR,1.2693612195062913,1.3399204567518606,107.66813333333334,-0.49049955560958036,238.5234311185185,0.0156784576380877,0.0
2020-02,GR,2.177210487606873,0.9698479102963639,178.83726666666666,-3.3314680694892767,72.25363513575242,0.0600963830909981,0.0
2020-02,IE,3.4714033662087105,1.5166666666667883,63.6878,9.554290966633951,138.30179949422393,0.0122032715714396,0.0007968558980307
2020-02,IT,0.5566176243804214,1.0446685995851153,146.99053333333333,2.913933701054746,106.60549120564356,0.1038300897538434,0.0
2020-02,NL,1.6300038767401641,1.6139472924564489,54.153666666666666,9.446928379641896,44.3674750399684,0.0083645231359692,0.0
2020-02,PT,1.5916732737714194,1.246255147194214,121.19620000000002,-0.7143199259062972,95.406300636552,0.0798151735390711,0.0
2020-03,AT,1.6749999999999747,1.8667004989416498,74.47383333333333,1.83229927286537,,0.0236946997909389,0.0038997050417298
2020-03,BE,1.3010629749396263,1.2992270282595753,108.31541666666666,-0.8725140092459841,324.3136748807723,0.0304647621323975,0.004598528934086
2020-03,DE,1.2792888590917466,1.671059282905322,69.14691666666667,6.498971446199642,498.0574394160713,0.0188120952577677,0.0
2020-03,ES,1.8228090923930407,1.1120162897645836,110.58908333333333,1.0426263653452001,251.9421539306641,0.0661527456198443,0.005600627393243
2020-03,FI,1.4663536516967501,1.29063273401121,67.85425000000001,-0.5102419558325711,,0.0055841248124344,0.0029791534237439
2020-03,FR,1.2755988910395828,1.3477885896713206,109.78041666666667,-0.4853201972601767,367.15702042734057,0.0155420534618279,0.0041637563575965
2020-03,GR,2.134507576541833,0.9961564675586879,180.69858333333335,-3.357353247299483,78.46657618910848,0.0651508285862247,0.0
2020-03,IE,3.442165858436967,1.5333333333334753,65.19425,9.467311309178044,281.4963098610491,0.0126872158588275,0.0
2020-03,IT,0.5764009548278345,1.0532371991706462,150.30691666666667,2.9060854645788314,225.07434688035408,0.106259696663954,0.0087399134861361
2020-03,NL,1.6205913050475103,1.6222806257897662,55.87783333333333,9.430702141666762,306.32440103653335,0.0081783539382374,0.0
2020-03,PT,1.5833393397921742,1.2541709708161597,122.7955,-0.7156595343426756,183.7585259767664,0.0796120787380402,0.0006914185173078
2020-04,AT,-4.12050772799927,0.7549693112254452,75.8218,1.9183004463652673,,0.0251153338831152,0.0404906671384379
2020-04,BE,-4.052049263813756,0.4617700087508281,110.0185,-0.796057153982584,465.3524987187034,0.030888517243967,0.0050565096370991
2020-04,DE,-3.9261689745990314,0.5373013844777008,71.8355,6.60026541887121,374.9469419584081,0.0190487135717591,0.0051501804846198
2020-04,ES,-4.930978909401565,-0.06207343770644469,113.6653,2.231072183037735,253.05889892578125,0.0682820349417951,0.006022212441472
2020-04,FI,-3.748938074976726,1.124351935410467,69.6053,-3.3525315416019428,,0.0055384970152511,0.0067615624109946
2020-04,FR,-4.267674552497241,0.3908376164071026,111.8927,-0.6930627848477762,320.16271113798314,0.0182737882773232,0.0038763971072311
2020-04,GR,-6.263722494588849,-0.08837656627457002,182.5599,-5.7201278206860025,73.43985002889252,0.0633791200076134,0.0074940044438763
2020-04,IE,-3.517110173170903,0.72500000000007,66.7007,6.025892243558937,336.1286934907619,0.0119272138351788,0.0
2020-04,IT,-5.642760349512499,0.3435739863958953,153.6233,3.0506771707840574,211.4661273954298,0.1109961597528274,0.0093003402959944
2020-04,NL,-4.8741822499602065,0.6599642277497486,57.602,9.100346965229436,136.97269583569758,0.0087407833947614,0.0036834584554697
2020-04,PT,-4.750000000000004,0.18925107474886405,124.3948,0.12272414314779302,215.8433204615019,0.0827163462971331,0.0019537258903975
2020-05,AT,-3.161595300431747,0.8598627997056982,77.23166666666665,1.9250730051999398,,0.0249054344572346,0.0300642295158342
2020-05,BE,-3.0947187351826257,0.5315250852660307,111.19341666666666,-0.8274268446618314,425.1502726432817,0.0310074422219881,0.0034837595068979
2020-05,DE,-2.9176326868251814,0.6090937879247527,71.89725,6.607151480625136,397.7159929275786,0.01983769788485,0.0058683596016237
2020-05,ES,-3.9079718792020874,0.017544328598543657,114.93941666666667,2.24868574070765,261.6097412109375,0.0712525625052386,0.0047496771856586
2020-05,FI,-2.988375461784453,1.185673519387202,69.43608333333333,-3.31051533430056,,0.0052175916096686,0.0062708260523903
2020-05,FR,-3.2967821757369524,0.42508485577848665,113.00608333333334,-0.6825717065606566,305.83698185179964,0.0202764619538557,0.0037772012169948
2020-05,GR,-5.005084839202159,0.03425835596778304,185.55541666666664,-5.46080513158746,75.03775803986774,0.0678370834804949,0.0047556171921223
2020-05,IE,-2.429182676653714,0.833333333333323,65.79291666666667,5.9462872326688165,374.2920985152915,0.0132799880493687,0.0
2020-05,IT,-4.479175140233208,0.37818501585586234,154.40358333333333,3.0505556146841064,174.28109207331573,0.1136292184424477,0.0082581517656106
2020-05,NL,-4.001124747103219,0.7149032700126383,58.19166666666666,9.131913333963002,194.56233163475676,0.0087740903942972,0.0068012540307131
2020-05,PT,-3.666666666666669,0.3182300900850921,125.33683333333333,0.06950811880098698,191.6523993343796,0.0859766782162546,0.0
2020-06,AT,-2.202682872864227,0.9647562881859508,78.64153333333334,1.9318455640346124,,0.0238337921639978,0.0303055087484269
2020-06,BE,-2.1373882065514955,0.6012801617812331,112.36833333333334,-0.8587965353410787,347.2854426539352,0.0302237425871884,0.0043606444794952
2020-06,DE,-1.9090963990513319,0.6808861913718045,71.959,6.614037542379063,278.8722048200364,0.0194168981683808,0.0045929621549249
2020-06,ES,-2.884964849002612,0.09716209490353195,116.21353333333334,2.266299298377565,202.88333129882807,0.0705281589787436,0.0062923421891546
2020-06,FI,-2.2278128485921815,1.2469951033639366,69.26686666666666,-3.2684991269991777,,0.0053582257765273,0.0060341575452239
2020-06,FR,-2.3258897989766645,0.4593320951498706,114.11946666666668,-0.6720806282735371,321.6908454394942,0.0203964214616362,0.0038292476618547
2020-06,GR,-3.7464471838154703,0.156893278210136,188.55093333333332,-5.201482442488917,65.72205365546051,0.0729255394118404,0.0015979375333782
2020-06,IE,-1.341255180136526,0.9416666666665758,64.88513333333333,5.866682221778696,291.8308154870849,0.0145213745897033,0.0
2020-06,IT,-3.3155899309539185,0.41279604531582936,155.18386666666666,3.050434058584156,156.4717519851585,0.1118364642113703,0.0073826985248616
2020-06,NL,-3.1280672442462336,0.7698423122755278,58.78133333333333,9.163479702696568,211.8213398710544,0.0093138074267124,0.0053797284362699
2020-06,PT,-2.5833333333333366,0.4472091054213201,126.27886666666667,0.016292094454181033,159.8154926032356,0.0838844769678063,0.0
2020-07,AT,-1.2437704452967044,1.0696497766662039,80.0514,1.938618122869285,,0.0201870605206202,0.0303924504350493
2020-07,BE,-1.1800576779203653,0.6710352382964357,113.54325,-0.890166226020326,249.5071962566433,0.0301643071290954,0.0049629188739955
2020-07,DE,-0.9005601112774819,0.7526785948188564,72.02074999999999,6.62092360413299,312.9316010066206,0.0187739469516167,0.0039587726058258
2020-07,ES,-1.861957818803134,0.1767798612085203,117.48765,2.28391285604748,181.4896240234375,0.0706686817883208,0.0070375427216864
2020-07,FI,-1.4672502353999084,1.3083166873406715,69.09765,-3.226482919697795,,0.0049961257054301,0.0062003485334787
2020-07,FR,-1.3549974222163752,0.4935793345212547,115.23285,-0.6615895499864175,242.34147139316,0.0191430168718641,0.0035118321418477
2020-07,GR,-2.4878095284287802,0.27952820045248905,191.54645,-4.942159753390375,72.79184881701546,0.0700394108113603,0.0023393135809665
2020-07,IE,-0.25332768361933633,1.0499999999998288,63.97735,5.787077210888575,207.1177721277382,0.0144338349843839,0.0
2020-07,IT,-2.1520047216746274,0.44740707477579633,155.96415000000002,3.0503125024842053,150.8663795489694,0.1179405181356958,0.0083582404350437
2020-07,NL,-2.2550097413892467,0.8247813545384175,59.370999999999995,9.195046071430134,84.62897991498478,0.0085860886325253,0.0058554829998603
2020-07,PT,-1.5000000000000013,0.5761881207575481,127.2209,-0.036923929892624996,154.7829525958821,0.0830894348676015,0.0043824301347153
2020-08,AT,-0.2848580177291833,1.1745432651464567,81.46126666666667,1.9453906817039572,,0.0200715079581437,0.0308353548055294
2020-08,BE,-0.22272714928923554,0.7407903148116383,114.71816666666668,-0.9215359166995734,222.62720226684556,0.0298694022573587,0.005579407068809
2020-08,DE,0.10797617649636759,0.8244709982659082,72.08250000000001,6.627809665886916,215.73821906767637,0.0190464065157224,0.0041879866066861
2020-08,ES,-0.8389507886036576,0.2563976275135086,118.76176666666669,2.301526413717395,175.0711669921875,0.0720879941427747,0.0054703849523242
2020-08,FI,-0.7066876222076361,1.3696382713174062,68.92843333333334,-3.1844667123964125,,0.0056596671599341,0.0067248452551198
2020-08,FR,-0.3841050454560868,0.5278265738926387,116.34623333333334,-0.6510984716992978,202.95086660733247,0.0199675043873434,0.0023952424316383
2020-08,GR,-1.229171873042091,0.402163122694842,194.54196666666667,-4.682837064291832,52.91562561675709,0.0687883313450865,0.0074778908901293
2020-08,IE,0.834599812897852,1.1583333333330816,63.069566666666674,5.707472199998454,189.14096369000052,0.0149422005911233,0.0041788536946013
2020-08,IT,-0.9884195123953372,0.4820181042357633,156.74443333333335,3.0501909463842543,160.26182113782582,0.1198854767976469,0.0025839865770948
2020-08,NL,-1.3819522385322602,0.879720396801307,59.96066666666667,9.226612440163699,136.54986127961104,0.0083372894905403,0.0058162871336616
2020-08,PT,-0.41666666666666785,0.705167136093776,128.16293333333334,-0.09013995423943097,116.6998710108789,0.0840033565824739,0.0031539521323817
2020-09,AT,0.6740544098383396,1.27943675362671,82.87113333333335,1.95216324053863,,0.0201942428813324,0.0
2020-09,BE,0.7346033793418956,0.8105453913268409,115.89308333333334,-0.9529056073788207,208.7302985328226,0.028979992460721,0.0030026958528956
2020-09,DE,1.116512464270218,0.8962634017129602,72.14425,6.634695727640843,295.318503721311,0.0187446852666578,0.0
2020-09,ES,0.18405624159582068,0.336015393818497,120.03588333333333,2.31913997138731,179.4755401611328,0.0719163149567497,0.00382332519168
2020-09,FI,0.05387499098463744,1.4309598552941414,68.75921666666667,-3.14245050509503,,0.004857825967313,0.0034588035202823
2020-09,FR,0.5867873313042025,0.5620738132640228,117.45961666666668,-0.6406073934121783,432.6912614688123,0.0207593375591405,0.0026335361269935
2020-09,GR,0.029465782344599845,0.5247980449371952,197.5374833333333,-4.423514375193291,79.5655087534552,0.0705577226697387,0.0042884964620431
2020-09,IE,1.9225273094150426,1.2666666666663349,62.16178333333333,5.627867189108334,182.84788477393985,0.0153354511330987,0.0037898370143657
2020-09,IT,0.1751656968839539,0.5166291336957304,157.52471666666668,3.0500693902843032,169.11854068448324,0.1189165711712109,0.0040992170815596
2020-09,NL,-0.5088947356752724,0.9346594390641969,60.550333333333334,9.258178808897267,284.6159338730295,0.0080489717661772,0.0034490697568199
2020-09,PT,0.6666666666666679,0.8341461514300043,129.10496666666666,-0.14335597858623705,120.2057315689124,0.0828015642190023,0.0012268969888772
2020-10,AT,1.8045871929972561,1.6271330058758415,84.281,2.4843616207695125,,0.0197145057766367,0.0023057836901204
2020-10,BE,1.9483248133121691,1.092726188991494,117.068,-0.6073042288142704,222.78629678055887,0.0282792158231022,0.0032718051389374
2020-10,DE,1.6426046489032315,0.9330687550023087,72.206,6.560315024740158,443.7424307221221,0.0189612130652158,0.0
2020-10,ES,2.1581282059757316,0.5361382045141777,121.31,0.8297116488646155,223.81822204589844,0.0703368493632491,0.0036803549368899
2020-10,FI,1.6842201582956209,1.128283465795099,68.59,-0.9749267992147156,,0.0052788753228914,0.0035690776230057
2020-10,FR,2.0802387485558653,0.5891979747645992,118.573,-1.8093554501535247,358.2684074868852,0.0190838664020967,0.0027943947538282
2020-10,GR,0.7120305575659485,0.3715182864245353,200.533,-5.285119327988228,81.10953935113298,0.0723149501700534,0.0043699938188345
2020-10,IE,2.9561641635891283,0.40000000000008085,61.254,5.3384787933407045,247.785153825714,0.0142752835496413,0.003114116104805
2020-10,IT,1.268883189841946,0.4880541745229505,158.305,3.0516784702370225,173.7636249251571,0.1156008549694449,0.0035042167159296
2020-10,NL,1.6855455623654925,1.4107787526374815,61.14,8.610126619613677,93.24370190398794,0.0075008111443655,0.0034909135488098
2020-10,PT,2.374416646874575,0.7951434483868536,130.047,-3.43727139642066,164.6157400604996,0.0824803304420782,0.0028382662911714
2020-11,AT,2.7517247953314654,1.6701162096504112,84.52466666666668,2.488890093160112,,0.0197372125858646,0.0033878311426162
2020-11,BE,3.0828033693051573,1.1434058147655117,116.929,-0.6797123318829535,230.0348676635909,0.0276802724441711,0.0034056457226554
2020-11,DE,2.4898739090344852,0.9817195933309468,71.38566666666668,6.649850211050438,387.4944814884392,0.0190827773473689,0.000855697526572
2020-11,ES,3.8234757844174796,0.6208064759842572,120.6455,0.8620466447662344,175.0206756591797,0.0692958033925323,0.003421852222109
2020-11,FI,2.3134699165202517,1.1733855515214073,68.684,-0.8802709595149618,,0.0049593043690032,0.0039874184488547
2020-11,FR,3.395515062246182,0.6037469915551208,117.85566666666666,-1.79740672551553,403.8862927472291,0.0185750890921163,0.0035401942726801
2020-11,GR,1.8471767372806631,0.47641811145887436,200.5258333333333,-5.012600154653465,76.34927372148363,0.0737093019501011,0.0033006875501094
2020-11,IE,3.618432999654167,0.46666666666672074,61.57233333333333,5.37916868764564,175.9062170680368,0.0141437703493331,0.0019597077365018
2020-11,IT,2.5926201268261178,0.5278422978780969,157.83916666666667,3.0322300478571655,279.38913293818945,0.1111806510164321,0.0033164754592615
2020-11,NL,2.4728419051834836,1.4368835877431319,60.3,8.727144248939368,85.92613413266062,0.0070489564036251,0.0042368173526193
2020-11,PT,3.749611097916515,0.883928285764842,129.29816666666667,-3.470400886699516,165.5570446226191,0.0806746266921006,0.0032789125771531
2020-12,AT,3.698862397665674,1.7130994134249806,84.76833333333335,2.493418565550711,,0.0198939514999325,0.0023637345545112
2020-12,BE,4.2172819252981455,1.1940854405395291,116.78999999999999,-0.7521204349516367,200.2588236420262,0.0283220528124093,0.0029041594180855
2020-12,DE,3.3371431691657376,1.0303704316595848,70.56533333333334,6.739385397360719,227.9440037170105,0.0179282093393337,0.0016674377173464
2020-12,ES,5.488823362859227,0.7054747474543368,119.981,0.8943816406678531,177.6051483154297,0.0676851698861157,0.001988528579641
2020-12,FI,2.942719674744882,1.2184876372477151,68.778,-0.7856151198152078,,0.0041903219020168,0.0018830948851092
2020-12,FR,4.7107913759364966,0.6182960083456424,117.13833333333334,-1.785458000877535,257.26733611001026,0.0188458079358747,0.0025293804631315
2020-12,GR,2.982322916995377,0.5813179364932132,200.51866666666666,-4.740080981318702,61.99056494167042,0.0752270705592198,0.0064948552249854
2020-12,IE,4.280701835719203,0.5333333333333606,61.89066666666667,5.419858581950575,181.51159851888303,0.0139528072964605,0.0011702808941799
2020-12,IT,3.9163570638102883,0.5676304212332431,157.37333333333333,3.0127816254773077,141.72860467210816,0.1089732559886426,0.0018806041098485
2020-12,NL,3.2601382480014744,1.4629884228487822,59.46,8.844161878265059,80.83937156661538,0.0070964054692979,0.0027894741987265
2020-12,PT,5.124805548958454,0.9727131231428302,128.54933333333332,-3.503530376978373,129.759003199227,0.0798187032468964,0.002533467875954
2021-01,AT,4.645999999999884,1.7560826171995503,85.012,2.49794703794131,,0.019706041235257,0.0022070091088832
2021-01,BE,5.351760481291135,1.2447650663135468,116.651,-0.82452853802032,210.6362134846252,0.0265787316709918,0.0032057918603941
2021-01,DE,4.184412429296991,1.079021269988223,69.745,6.828920583671,210.2320971145913,0.0175398736318642,0.0017697208789843
2021-01,ES,7.154170941300975,0.7901430189244163,119.31649999999999,0.926716636569472,152.2834930419922,0.0663507076009447,0.002917054411351
2021-01,FI,3.571969432969513,1.2635897229740234,68.872,-0.690959280115454,,0.0045720462757068,0.0020364360196142
2021-01,FR,6.026067689626813,0.6328450251361639,116.42099999999999,-1.77350927623954,276.3722743736475,0.0191860142844289,0.0023550438336802
2021-01,GR,4.117469096710091,0.6862177615275522,200.5115,-4.46756180798394,53.63250324460932,0.0815096031686719,0.0030803276802907
2021-01,IE,4.942970671784241,0.6000000000000005,62.209,5.46054847625551,163.97907691657986,0.0141886098982393,0.0014197879779258
2021-01,IT,5.24009400079446,0.6074185445883895,156.9075,2.99333320309745,247.12470893831093,0.1108242705484335,0.0036371604379503
2021-01,NL,4.047434590819465,1.4890932579544325,58.620000000000005,8.96117950759075,80.83937156661538,0.0064613368943926,0.0028596039243468
2021-01,PT,6.500000000000394,1.0614979605208186,127.8005,-3.53665986725723,118.829223629279,0.0749670323901238,0.0046696747543244
2021-02,AT,4.43765833333324,1.7607732296583225,85.25566666666667,2.4789897105997554,,0.019792060452443,0.0018033371578846
2021-02,BE,5.128089986775933,1.256812077535054,116.512,-0.8788753316230709,175.59828069597384,0.0264124050313753,0.0021584518876867
2021-02,DE,4.0909247010847825,1.0990745626265601,68.92466666666667,6.850540300675425,223.4536292757388,0.0177844778603227,0.0017662815988331
2021-02,ES,6.929993433348115,0.8400297823423257,118.652,0.955597174938171,148.29005432128906,0.0679062108951436,0.0023828803594486
2021-02,FI,3.4412835359900082,1.2832905793928742,68.96600000000001,-0.6571471656244796,,0.0044040700428496,0.0017601078114572
2021-02,FR,5.762422601670469,0.6614240666745855,115.70366666666668,-1.7508711868216476,226.43034071822743,0.0196876557876633,0.0030292519112487
2021-02,GR,4.23922330924729,0.7021035942180083,200.50433333333336,-4.374657882161494,89.41066253531694,0.0784266926890576,0.0
2021-02,IE,4.886989628260455,0.7083333333333054,62.52733333333334,5.453747594462794,178.94884443195713,0.0141960361186404,0.0013680289630007
2021-02,IT,5.022586167394941,0.6336193681091747,156.44166666666666,3.0027924139746167,136.7891216502725,0.1130085527484309,0.0039706200033671
2021-02,NL,3.878174588059641,1.4890932579543787,57.78,8.950323054986022,80.83937156661538,0.0063243798620284,0.0019479500930557
2021-02,PT,6.358333333333667,1.07512607763063,127.05166666666668,-3.5272665171461823,138.905852426846,0.0763712176721657,0.0050719751844009
2021-03,AT,4.229316666666597,1.7654638421170952,85.49933333333334,2.4600323832582003,,0.0195758299914768,0.0029914834493948
2021-03,BE,4.9044194922607325,1.2688590887565614,116.37299999999999,-0.9332221252258216,196.34498263319355,0.0265889393493673,0.0026529914211633
2021-03,DE,3.997436972872574,1.1191278552648973,68.10433333333334,6.87216001767985,263.6632024677517,0.0178055450885294,0.00204564674848
2021-03,ES,6.705815925395257,0.8899165457602349,117.9875,0.98447771330687,153.3734588623047,0.0776768019058768,0.0024824122498223
2021-03,FI,3.310597639010504,1.3029914358117254,69.06,-0.6233350511335053,,0.0044491982573863,0.0
2021-03,FR,5.498777513714126,0.6900031082130073,114.98633333333333,-1.728233097403755,258.4463581759861,0.0195539442621006,0.0036850650290101
2021-03,GR,4.360977521784489,0.7179894269084646,200.4971666666667,-4.281753956339048,57.59138038128594,0.083880364015898,0.0100070263063922
2021-03,IE,4.83100858473667,0.81666666666661,62.84566666666667,5.446946712670076,114.32948758189178,0.0140965193067451,0.0037990894256968
2021-03,IT,4.805078333995423,0.6598201916299599,155.97583333333333,3.0122516248517837,175.08766129905771,0.1091370759526453,0.0058226146533722
2021-03,NL,3.708914585299816,1.4890932579543252,56.94,8.939466602381293,80.83937156661538,0.0057794090198439,0.0002617742755083
2021-03,PT,6.21666666666694,1.0887541947404415,126.30283333333334,-3.517873167035135,146.1039183783031,0.0721826193150073,0.004953490062119
2021-04,AT,3.6081986887284034,1.6884167824182283,85.743,2.4270203299838826,,0.0193319460433305,0.0027269601435189
2021-04,BE,3.8052270737760243,1.7677701862413353,116.234,-1.0696275011401695,164.87347766514063,0.0261110814520392,0.0018302870362823
2021-04,DE,3.5578909279209037,1.9600167811037184,67.284,7.423118809423228,236.37901706429952,0.0170551273049904,0.0017439555724727
2021-04,ES,5.956723666121583,1.0874292499698734,117.323,1.2048968206843234,139.83242797851562,0.0765184056624445,0.0
2021-04,FI,2.334598508579855,1.4401912284905949,69.154,1.4802707540676852,,0.0035704602100301,0.0006688753897917
2021-04,FR,5.413597394908997,1.1024274602559225,114.269,-2.0146051891954073,186.4050473062269,0.0180832647838406,0.0028305106944921
2021-04,GR,4.068915749547414,0.32573605660797256,200.49,-5.805118993080662,70.3155455856046,0.0892530099250429,0.0102801861683746
2021-04,IE,4.385933368443201,1.6749999999999987,63.164,6.945850432630105,112.61013514405944,0.0138212430354147,0.0034038454138881
2021-04,IT,4.013782871335153,0.7902397119227522,155.51,3.460140708777968,133.86842941008666,0.1089433762388502,0.0032881439147476
2021-04,NL,3.3748002664404475,1.403657597853103,56.1,8.962159720134904,80.83937156661538,0.0058053563663855,0.0
2021-04,PT,4.12499999999999,0.9548820378511957,125.554,-0.37191940046127325,137.1508867118445,0.0726694743590911,0.0025502855879425
2021-05,AT,3.6517321677585812,1.7021888273479537,84.961,2.43189287653885,,0.0197408864031261,0.0013842306411143
2021-05,BE,3.7258467479550346,1.7835055072306614,115.67049999999999,-1.118550321811824,145.97546120211825,0.0261450893691013,0.0018540463621672
2021-05,DE,3.5430492040570956,1.864321973655018,67.70533333333334,7.373901055740393,168.61250667375324,0.0171117863253169,0.00074832893508
2021-05,ES,5.817155508683033,1.1088450443577167,117.17633333333333,1.2859853641153176,140.44772338867188,0.0766085192586599,0.0
2021-05,FI,2.3540229048175063,1.44683664754716,69.65433333333333,1.4663325680662531,,0.0039311440314796,0.0
2021-05,FR,5.280687094256131,1.1095784236900754,114.13283333333334,-1.9862230487714632,210.55606779907308,0.0181213968632313,0.0018098955349952
2021-05,GR,4.172389735225386,0.3822594027514059,200.31483333333335,-5.546181243208826,51.885369860040754,0.091398785286676,0.0
2021-05,IE,4.436440167251472,1.699999999999998,62.42866666666667,6.93554537928887,78.43488041819455,0.0135210738841631,0.0024483836255165
2021-05,IT,3.968242404031508,0.8004462513075072,154.66,3.44825052408608,59.52795540003586,0.1094458300380144,0.0
2021-05,NL,3.332157484334812,1.4119375289727953,56.1245,8.95516220458607,80.83937156661538,0.0057036995790699,0.0
2021-05,PT,4.199999999999989,0.9780906394061928,125.58366666666667,-0.30216823322745934,121.3447009090122,0.0719876648687393,0.0
2021-06,AT,3.6952656467887595,1.7159608722776793,84.179,2.436765423093817,,0.020176811600072,0.0037379719746941
2021-06,BE,3.6464664221340444,1.799240828219987,115.107,-1.1674731424834786,148.84588657583382,0.0262451955411553,0.0034616102494978
2021-06,DE,3.528207480193287,1.7686271662063175,68.12666666666667,7.32468330205756,192.49767374743104,0.0163688745302584,0.0024092031765236
2021-06,ES,5.677587351244482,1.1302608387455595,117.02966666666666,1.3670739075463114,138.34951782226562,0.0746764074153037,0.002307026280218
2021-06,FI,2.3734473010551573,1.4534820666037247,70.15466666666667,1.4523943820648215,,0.0040741461102402,0.0036978641048585
2021-06,FR,5.147776793603265,1.1167293871242285,113.99666666666667,-1.957840908347519,219.50012853823208,0.0177091084000686,0.0034441606153938
2021-06,GR,4.275863720903359,0.43878274889483926,200.13966666666667,-5.287243493336991,70.76922263739841,0.0887586313818559,0.0
2021-06,IE,4.486946966059744,1.724999999999997,61.693333333333335,6.925240325947635,133.21815254355465,0.0126443203515815,0.0040904932224155
2021-06,IT,3.9227019367278624,0.8106527906922623,153.81,3.436360339394193,104.80567408669692,0.107046423094235,0.0027734589969314
2021-06,NL,3.2895147022291757,1.4202174600924877,56.149,8.948164689037235,80.83937156661538,0.0056202826326762,0.0021791884987384
2021-06,PT,4.274999999999988,1.0012992409611898,125.61333333333333,-0.23241706599364545,121.042971791177,0.0708284782410826,0.0044942984413524
2021-07,AT,3.738799125818937,1.729732917207405,83.39699999999999,2.441637969648785,,0.0195856023849538,0.0043659177018481
2021-07,BE,3.5670860963130546,1.814976149209313,114.5435,-1.2163959631551329,131.85174273353647,0.025493623849337,0.0042761002340031
2021-07,DE,3.5133657563294785,1.6729323587576173,68.548,7.275465548374725,346.43418222767167,0.0161612631301613,0.0034304137100988
2021-07,ES,5.5380191938059316,1.1516766331334027,116.883,1.4481624509773057,154.5065460205078,0.0726964190561715,0.0026541571824989
2021-07,FI,2.392871697292809,1.4601274856602897,70.655,1.43845619606339,,0.0037954705844614,0.0040508652897733
2021-07,FR,5.014866492950398,1.1238803505583816,113.8605,-1.9294587679235748,251.8014247965771,0.0167832521928262,0.0043097270817821
2021-07,GR,4.379337706581332,0.4953060950382726,199.9645,-5.028305743465155,74.57849800753041,0.0910176736290053,0.002002794005336
2021-07,IE,4.537453764868015,1.749999999999996,60.958,6.9149352726063995,145.927913444249,0.0126417099501112,0.0039826584200595
2021-07,IT,3.8771614694242174,0.8208593300770173,152.95999999999998,3.424470154702305,61.54016565086076,0.1076261257613021,0.0042207221091244
2021-07,NL,3.2468719201235396,1.4284973912121801,56.173500000000004,8.941167173488399,80.83937156661538,0.0049355164213084,0.0033237236055688
2021-07,PT,4.349999999999987,1.0245078425161869,125.643,-0.1626658987598315,127.6804496557008,0.0665751225860391,0.0041008820996363
2021-08,AT,3.7823326048491146,1.7435049621371304,82.61500000000001,2.4465105162037526,,0.0196387546542026,0.003098554016444
2021-08,BE,3.487705770492065,1.8307114701986387,113.98,-1.2653187838267874,96.37221503656949,0.0250828605134543,0.0007777725732247
2021-08,DE,3.49852403246567,1.577237551308917,68.96933333333334,7.226247794691891,364.0997807917158,0.0161741293121273,0.001204716343895
2021-08,ES,5.398451036367382,1.1730924275212458,116.73633333333333,1.5292509944082995,116.8482666015625,0.0715534931561309,0.0018327589746526
2021-08,FI,2.41229609353046,1.4667729047168545,71.15533333333335,1.4245180100619583,,0.0042620120206031,0.0029856612303139
2021-08,FR,4.881956192297531,1.1310313139925348,113.72433333333333,-1.9010766274996305,231.69912169473648,0.0173161322172036,0.0027791885763968
2021-08,GR,4.482811692259305,0.551829441181706,199.78933333333333,-4.769367993593319,40.869890013414654,0.0914097446010293,0.0026372400158798
2021-08,IE,4.587960563676287,1.774999999999995,60.22266666666667,6.904630219265164,113.33228582269614,0.0126543525579445,0.0025492340326061
2021-08,IT,3.831621002120572,0.8310658694617723,152.11,3.412579970010418,41.30713649174652,0.1083970937563411,0.0026421420009536
2021-08,NL,3.2042291380179035,1.4367773223318725,56.19800000000001,8.934169657939565,80.83937156661538,0.0053875785843937,0.0021787652250217
2021-08,PT,4.4249999999999865,1.0477164440711837,125.67266666666667,-0.09291473152601762,84.58192444463616,0.0661523568991027,0.003267577656918
2021-09,AT,3.8258660838792924,1.7572770070668562,81.833,2.45138306275872,,0.0181018244009083,0.0017505140950056
2021-09,BE,3.408325444671075,1.8464467911879652,113.4165,-1.314241604498442,169.18976247015738,0.0228297142469459,0.0
2021-09,DE,3.483682308601862,1.4815427438602167,69.39066666666668,7.177030041009057,361.9670645905408,0.0165057148571272,0.0
2021-09,ES,5.258882878928832,1.194508221909089,116.58966666666666,1.610339537839294,120.61072540283205,0.0696072394385554,0.0024840454660938
2021-09,FI,2.4317204897681117,1.4734183237734197,71.65566666666668,1.4105798240605267,,0.0044122131465379,0.0040579839435301
2021-09,FR,4.749045891644666,1.1381822774266879,113.58816666666667,-1.8726944870756868,236.94298770083844,0.016925821603494,0.002913222097697
2021-09,GR,4.586285677937278,0.6083527873251393,199.61416666666665,-4.510430243721483,63.73371125365071,0.0912098843310062,0.0
2021-09,IE,4.638467362484559,1.7999999999999945,59.48733333333333,6.894325165923931,131.82725927334786,0.0119205889749504,0.003156382816695
2021-09,IT,3.7860805348169273,0.8412724088465273,151.26,3.40068978531853,102.89989592077028,0.1070558847998996,0.0030783975923086
2021-09,NL,3.161586355912268,1.4450572534515649,56.222500000000004,8.92717214239073,80.83937156661538,0.0053979648283225,0.0026824927889687
2021-09,PT,4.499999999999986,1.070925045626181,125.70233333333334,-0.023163564292203648,98.17804912557742,0.0652785124361943,0.0029700064019996
2021-10,AT,4.35459718245203,2.448497567984159,81.051,1.9024227931452624,,0.0177416390314103,0.0026940543696049
2021-10,BE,3.739338596663644,2.263743982369848,112.853,-0.46571003021078033,141.09734960449484,0.0225850569466197,0.0021983774659044
2021-10,DE,4.183014019631814,1.8508519717133298,69.812,6.91129063656338,304.225758845386,0.0154572266613929,0.0011036097541682
2021-10,ES,6.223148339365819,1.793660543894282,116.443,1.1639960925985187,147.5626983642578,0.0699439021033,0.0034738056575084
2021-10,FI,2.9654379233185035,1.6810430433942258,72.156,0.24296261753460976,,0.00384009515643,0.0049289669959255
2021-10,FR,4.521943212531799,1.7058536787927292,113.452,-1.475447503145285,270.2298428559805,0.0155921279529065,0.0033804686538375
2021-10,GR,5.078482094247744,0.24667204025079492,199.439,-5.7031400975755595,40.488585127740336,0.0883159996570014,0.0
2021-10,IE,5.912409572215765,1.8999999999999906,58.752,9.402283467266498,94.66420250839744,0.0115980855335126,0.0044273067516491
2021-10,IT,4.617624523262509,1.7557798370583744,150.41,3.5972667059822374,70.72097480192369,0.106140739173842,0.0037440703229237
2021-10,NL,3.3114304159631733,1.7631340669432949,56.247,8.474843630206257,80.83937156661538,0.0052688864242151,0.0034905213583108
2021-10,PT,4.935414469037841,1.2554985227172466,125.732,-2.015113180226,128.439440364485,0.0651526081749379,0.001670232586497
2021-11,AT,4.403064788301351,2.4483238876195044,80.31266666666667,1.9350082184218316,,0.0177772765828091,0.0043990464802034
2021-11,BE,3.5286519203678792,2.252816591932305,112.19566666666667,-0.5158756461449079,130.07711343147218,0.0223454725587456,0.0034940169084501
2021-11,DE,4.308817704975139,1.7364466171720347,69.4625,6.923865099908047,395.5716354974096,0.0156487201848712,0.0
2021-11,ES,6.277115576453914,1.7442993567680753,116.34949999999999,1.2473902782215993,155.97068786621094,0.0656704927882826,0.0038584225055421
2021-11,FI,2.9645445821795477,1.6576189311449774,71.33250000000001,0.2811917280298782,,0.0039860352745338,0.0056711386202704
2021-11,FR,4.325104750994717,1.677349018297869,113.363,-1.45427422617966,310.0813528559587,0.0163157264017579,0.0035672343887976
2021-11,GR,4.921236856453859,0.2867178167318185,195.98433333333332,-5.513905897472767,81.92070438025698,0.0878640630187426,0.0022842711020134
2021-11,IE,5.120921443959684,1.8999999999999906,57.34883333333333,9.212840407889276,93.60881033050208,0.0113860545551378,0.0050046501126971
2021-11,IT,4.489530742114045,1.766564188351146,150.13299999999998,3.583918943846978,102.596142037795,0.104610941724731,0.0055385658906529
2021-11,NL,3.2608050980939254,1.7434618372239807,56.0015,8.538862287019885,80.83937156661538,0.0051852642179133,0.0046667066702807
2021-11,PT,4.990276312692033,1.2622973278629452,124.42233333333333,-2.0523856689193134,117.2050489942439,0.0642651588845655,0.0035640427442283
2021-12,AT,4.4515323941506715,2.4481502072548493,79.57433333333333,1.9675936436984005,,0.0179071046447677,0.0040093122421732
2021-12,BE,3.3179652440721146,2.241889201494762,111.53833333333333,-0.5660412620790355,161.05200531815046,0.0237102446720196,0.0028987966255294
2021-12,DE,4.434621390318464,1.6220412626307392,69.113,6.936439563252713,597.9361967866644,0.0159485861619742,0.0
2021-12,ES,6.331082813542008,1.6949381696418686,116.256,1.3307844638446795,159.57528686523438,0.0660946715612362,0.0035462927333609
2021-12,FI,2.9636512410405915,1.6341948188957287,70.509,0.31942083852514663,,0.0036512912166549,0.0054644850046028
2021-12,FR,4.128266289457635,1.6488443578030088,113.274,-1.433100949214035,331.3154815344752,0.0163229510496793,0.0029592668310532
2021-12,GR,4.763991618659974,0.3267635932128421,192.52966666666666,-5.324671697369974,65.1715789369912,0.0851630782349179,0.003158618333598
2021-12,IE,4.329433315703604,1.8999999999999906,55.94566666666667,9.023397348512052,153.99800099646777,0.0117353849717579,0.0058168946313006
2021-12,IT,4.361436960965581,1.7773485396439173,149.856,3.570571181711719,128.32329926757942,0.1030231667744142,0.0055060769372187
2021-12,NL,3.2101797802246774,1.7237896075046664,55.756,8.602880943833512,80.83937156661538,0.005303767777871,0.004505385068541
2021-12,PT,5.045138156346224,1.269096133008644,123.11266666666666,-2.0896581576126265,125.45787641994,0.064071546795583,0.004232986713883
2022-01,AT,4.499999999999993,2.4479765268901943,78.836,2.00017906897497,,0.0171983179220296,0.0036062681268905
2022-01,BE,3.1072785677763504,2.2309618110572194,110.881,-0.616206878013163,152.56917611985477,0.0221944298023146,0.0012743412297014
2022-01,DE,4.560425075661789,1.5076359080894441,68.7635,6.94901402659738,478.2045264190199,0.0147834274564738,0.0
2022-01,ES,6.385050050630103,1.6455769825156619,116.1625,1.41417864946776,124.22967529296876,0.065756594939828,0.0039093567461507
2022-01,FI,2.9627578999016357,1.6107707066464805,69.6855,0.357649949020415,,0.0035192974170118,0.0046176529508905
2022-01,FR,3.931427827920553,1.6203396973081485,113.185,-1.41192767224841,313.78810575904663,0.0158471167112213,0.0
2022-01,GR,4.606746380866089,0.3668093696938657,189.075,-5.13543749726718,37.78620818452351,0.0811285420440241,0.0
2022-01,IE,3.537945187447522,1.8999999999999906,54.542500000000004,8.83395428913483,125.09799643229042,0.0113352125687443,0.0046054032337717
2022-01,IT,4.233343179817117,1.788132890936689,149.579,3.55722341957646,123.7361361084206,0.1044371724719256,0.0062137139243225
2022-01,NL,3.1595544623554295,1.7041173777853524,55.5105,8.66689960064714,80.83937156661538,0.005584323392894,0.0022799982543028
2022-01,PT,5.100000000000415,1.2758949381543427,121.803,-2.12693064630594,111.8589338658007,0.0655729141441274,0.0058190884343123
2022-02,AT,4.299999999999992,2.410645149649345,78.09766666666667,1.9820233628427006,,0.0169433350575033,0.0040636579118906
2022-02,BE,2.996259547569456,2.199639387505499,110.22366666666667,-0.6176351157932215,173.8482325033553,0.0229336167103908,0.0009600007887691
2022-02,DE,4.312869186453251,1.4941569396778838,68.414,6.970353940827339,394.1190974611163,0.0142376376647048,0.0
2022-02,ES,6.071583108903128,1.6235323719524704,116.06900000000002,1.4113782643930217,133.50860595703125,0.0674094292953688,0.0035293940822301
2022-02,FI,2.844894253710128,1.6098731477592443,68.86200000000001,0.35894336122340564,,0.0033224139686106,0.0037280761012444
2022-02,FR,3.755741689420918,1.5826013847215104,113.096,-1.3818019412477207,298.9066037728061,0.0165878084558185,0.0013718615687036
2022-02,GR,4.442386867735024,0.42579123290096654,185.62033333333335,-5.114475547735279,51.651686472486574,0.0781019401472133,0.0
2022-02,IE,3.5708818736661896,1.908333333333325,53.13933333333334,8.748100171165479,115.77239188658288,0.0108541150738666,0.0049466510518092
2022-02,IT,4.01528833772012,1.7352446502431729,149.302,3.5570234775250844,119.77629193859694,0.1068159640625984,0.0062829107081164
2022-02,NL,3.068422544019021,1.7121075963032824,55.265,8.670317490937467,80.83937156661538,0.0051057289973926,0.0016037035493988
2022-02,PT,4.883333333333716,1.2830848939400656,120.49333333333334,-2.0726057127363733,112.4908990861983,0.0653684281583752,0.0056992008628836
2022-03,AT,4.0999999999999925,2.3733137724084954,77.35933333333334,1.9638676567104316,,0.0175460673444778,0.0042914357084611
2022-03,BE,2.885240527362561,2.1683169639537794,109.56633333333335,-0.6190633535732799,183.0218816121333,0.0221490676170451,0.0023272422865787
2022-03,DE,4.065313297244714,1.4806779712663236,68.06450000000001,6.991693855057297,785.0256071701574,0.0145284259324747,0.001339483647863
2022-03,ES,5.758116167176153,1.601487761389279,115.97550000000001,1.4085778793182833,169.82452392578125,0.0667963056850989,0.004008971332924
2022-03,FI,2.7270306075186213,1.608975588872008,68.0385,0.36023677342639615,,0.0035023365787221,0.0035079832514578
2022-03,FR,3.5800555509212835,1.5448630721348722,113.007,-1.3516762102470317,429.9355675349817,0.0157300394021237,0.0011752387188935
2022-03,GR,4.27802735460396,0.4847730961080672,182.16566666666668,-5.093513598203378,87.66351408363126,0.0792124896636945,0.0
2022-03,IE,3.603818559884856,1.916666666666659,51.73616666666667,8.662246053196128,173.03884424522815,0.009394341366974,0.0047458403891239
2022-03,IT,3.7972334956231237,1.6823564095496568,149.025,3.556823535473708,139.12014865643766,0.1060522407596039,0.0058657503091942
2022-03,NL,2.9772906256826124,1.7200978148212125,55.0195,8.673735381227797,80.83937156661538,0.0052096530541662,0.0018672441919179
2022-03,PT,4.666666666667015,1.2902748497257883,119.18366666666667,-2.018280779166807,135.9655774298339,0.0657098427217642,0.0064835849161887
2022-04,AT,2.685517926528669,4.74049412954704,76.621,-0.26164875995302395,,0.0159099016074535,0.0
2022-04,BE,1.8994686116017845,6.348430091492186,108.909,0.6099764599940112,186.54400695089944,0.0216374817669554,0.0
2022-04,DE,2.2560619411556795,4.823232541760381,67.715,6.117263060016393,707.8743991515854,0.0132941061670569,0.0
2022-04,ES,4.453625624598468,4.298243283747416,115.882,0.3314483705006077,164.84947204589844,0.0660488971203102,0.0
2022-04,FI,1.6431942169479907,3.5530689649895866,67.215,0.31098456318001133,,0.003571066420858,0.0
2022-04,FR,2.543694432431515,3.5024555083353617,112.918,-1.795040387140615,322.84143605889113,0.015102413459059,0.0
2022-04,GR,3.291165282323627,3.713958195019562,178.711,-6.263997781092344,66.31639547742537,0.0766150282499724,0.0
2022-04,IE,5.149724469573197,4.922646041995771,50.333,9.752031570712521,128.65974025237696,0.0083413824996909,0.0
2022-04,IT,2.121296243400572,4.596937975279669,148.748,1.9388372997211825,129.17140713574705,0.1040812727930476,0.0
2022-04,NL,2.737394186628417,4.455135180951848,54.774,7.370782254090495,80.83937156661538,0.0046259708978908,0.0
2022-04,PT,3.5250000000000004,3.390699759656096,117.874,-2.345807150005285,135.2360162545519,0.0634364443173876,0.0
2022-05,AT,2.720460379136602,4.459329702916093,76.72583333333333,-0.1482171231479616,,0.0167734851308506,0.0
2022-05,BE,1.8390421403101136,5.791864511668206,108.267,0.6451774596337541,192.5962176628041,0.0214254831302991,0.0
2022-05,DE,2.3077531199424905,4.609494173739052,67.81616666666667,6.200529066039154,616.0472681952526,0.0134345773274309,0.0
2022-05,ES,4.327112405175071,3.962884637297237,115.25983333333333,0.342616569849026,151.87469482421875,0.0672236596234008,0.0
2022-05,FI,1.6547705501647119,3.4557727468059074,67.247,0.27547195996552776,,0.003989783422212,0.0
2022-05,FR,2.411755367063728,3.3114477433467218,112.85283333333334,-1.7802245366538831,380.590572642894,0.017115647518144,0.0
2022-05,GR,3.2104371912166454,3.4466853667635577,177.23383333333334,-6.24763258579816,58.76403735384518,0.0780625024789253,0.0014485944906458
2022-05,IE,5.132965959430928,4.675685370662852,49.0815,9.60270876095003,152.37077391759323,0.0084324529279276,0.0
2022-05,IT,2.070397552980071,4.36367563705368,148.4685,1.9921557957749434,132.8385195338322,0.1026091681321149,0.0
2022-05,NL,2.6595576977974136,4.214190654587005,53.374833333333335,7.360889008081317,80.83937156661538,0.0046112979947321,0.0
2022-05,PT,3.366666666666666,3.177841134189907,116.75883333333334,-2.2452787304473665,142.2533634916719,0.0628885096958194,0.0
2022-06,AT,2.7554028317445356,4.178165276285145,76.83066666666666,-0.03478548634289941,,0.0166780178272626,0.0
2022-06,BE,1.7786156690184425,5.235298931844227,107.625,0.6803784592734967,191.9791060229989,0.0209172024849514,0.0
2022-06,DE,2.3594442987293016,4.395755805717723,67.91733333333333,6.283795072061913,589.1642295241047,0.0129578225461192,0.0
2022-06,ES,4.200599185751674,3.6275259908470585,114.63766666666666,0.3537847691974442,166.84375,0.0664995161714099,0.0
2022-06,FI,1.6663468833814328,3.3584765286222282,67.279,0.23995935675104424,,0.004136389734345,0.0
2022-06,FR,2.2798163016959414,3.1204399783580823,112.78766666666667,-1.7654086861671516,420.5877253989568,0.0167678235699632,0.0
2022-06,GR,3.129709100109664,3.179412538507554,175.7566666666667,-6.231267390503975,59.63572679068958,0.0779092524011682,0.0029775978889537
2022-06,IE,5.116207449288659,4.428724699329933,47.83,9.453385951187537,183.48345234319623,0.0083623144819623,0.0
2022-06,IT,2.019498862559569,4.130413298827692,148.189,2.045474291828704,137.63568185516743,0.102724495464723,0.0
2022-06,NL,2.5817212089664108,3.973246128222165,51.97566666666667,7.350995762072138,80.83937156661538,0.0045981378524279,0.0
2022-06,PT,3.2083333333333317,2.9649825087237183,115.64366666666666,-2.1447503108894486,139.4880075702087,0.0614647665742495,0.0
2022-07,AT,2.790345284352469,3.8970008496541975,76.93549999999999,0.078646150462163,,0.0168823086308016,0.0
2022-07,BE,1.7181891977267716,4.678733352020248,106.983,0.7155794589132395,178.49042997582958,0.0217236182473519,0.0
2022-07,DE,2.411135477516113,4.182017437696395,68.0185,6.367061078084674,765.0222113927308,0.0131074460906969,0.0
2022-07,ES,4.074085966328278,3.292167344396879,114.0155,0.36495296854586246,175.80950927734375,0.068261583777593,0.0
2022-07,FI,1.677923216598154,3.2611803104385495,67.311,0.20444675353656067,,0.0038239960758993,0.0
2022-07,FR,2.147877236328155,2.929432213369443,112.7225,-1.7505928356804201,495.3164519219072,0.015940438260846,0.0
2022-07,GR,3.0489810090026825,2.912139710251549,174.2795,-6.21490219520979,63.82614075633237,0.0827607522279065,0.0
2022-07,IE,5.09944893914639,4.181764027997015,46.5785,9.304063141425043,194.71706638157093,0.0081211093342419,0.0
2022-07,IT,1.9686001721390678,3.897150960601703,147.90949999999998,2.098792787882465,125.29542795683584,0.1031542714221151,0.0
2022-07,NL,2.5038847201354075,3.732301601857324,50.576499999999996,7.341102516062961,80.83937156661538,0.0036673766366939,0.0
2022-07,PT,3.049999999999997,2.752123883257529,114.52850000000001,-2.0442218913315298,126.8292706452455,0.0599988898228578,0.0
2022-08,AT,2.8252877369604024,3.6158364230232496,77.04033333333334,0.19207778726722524,,0.0164530514353323,0.0
2022-08,BE,1.6577627264351005,4.122167772196269,106.34100000000001,0.7507804585529821,158.72885021125234,0.0219073584489975,0.0
2022-08,DE,2.462826656302924,3.968279069675066,68.11966666666667,6.450327084107435,742.7387055404228,0.0123754928542905,0.0
2022-08,ES,3.947572746904881,2.9568086979467,113.39333333333335,0.37612116789428074,141.78741455078125,0.0681486234322373,0.0
2022-08,FI,1.6894995498148748,3.1638840922548703,67.343,0.16893415032207712,,0.0034676864745672,0.0
2022-08,FR,2.0159381709603683,2.738424448380803,112.65733333333336,-1.7357769851936884,231.0219656497317,0.0156310973976986,0.0
2022-08,GR,2.968252917895701,2.6448668819955445,172.80233333333337,-6.198536999915605,58.61327453279112,0.0778368165549631,0.0
2022-08,IE,5.08269042900412,3.934803356664096,45.327,9.154740331662552,121.47299668495984,0.0078691248362462,0.0
2022-08,IT,1.9177014817185662,3.6638886223757146,147.63,2.1521112839362257,116.8359431545154,0.1001054606646076,0.0
2022-08,NL,2.4260482313044043,3.491357075492483,49.17733333333334,7.331209270053781,80.83937156661538,0.003812644316935,0.0
2022-08,PT,2.891666666666663,2.5392652577913397,113.41333333333334,-1.9436934717736116,93.44688130717329,0.0596723735079487,0.0
2022-09,AT,2.860230189568336,3.334671996392302,77.14516666666667,0.30550942407228776,,0.0163305680238146,0.0
2022-09,BE,1.5973362551434298,3.5656021923722894,105.699,0.785981458192725,253.380586301884,0.0188580867072519,0.0
2022-09,DE,2.5145178350897357,3.7545407016537378,68.22083333333333,6.533593090130197,844.8547214451755,0.0115607680537618,0.0
2022-09,ES,3.821059527481485,2.621450051496521,112.77116666666667,0.387289367242699,151.26394653320312,0.0681168368982236,0.0
2022-09,FI,1.7010758830315962,3.0665878740711916,67.375,0.13342154710759355,,0.0034691193276425,0.0
2022-09,FR,1.883999105592582,2.547416683392164,112.59216666666667,-1.7209611347069567,255.8242756078417,0.0163638712424788,0.0
2022-09,GR,2.8875248267887197,2.37759405373954,171.3251666666667,-6.1821718046214205,78.95252152989556,0.0750404226932558,0.0
2022-09,IE,5.0659319188618515,3.6878426853311774,44.0755,9.00541752190006,192.52357174547797,0.0076048660506547,0.0
2022-09,IT,1.866802791298065,3.4306262841497253,147.3505,2.205429779989987,173.1296179194699,0.0957605668763814,0.0
2022-09,NL,2.3482117424734015,3.250412549127642,47.778166666666664,7.321316024044604,80.83937156661538,0.0034947725182118,0.0
2022-09,PT,2.733333333333328,2.326406632325151,112.29816666666667,-1.8431650522156935,125.0415169457425,0.0586650002777461,0.0
2022-10,AT,1.924084089886846,5.771072028475583,77.25,-2.2135045106150426,,0.0157879021061662,0.0
2022-10,BE,0.8862028736824901,6.053316059822222,105.057,-1.2068487964808987,238.2722172599653,0.0195987083532098,0.0
2022-10,DE,0.16655231525953829,7.503870796465378,68.322,4.988885927933158,753.2297470852086,0.0119890484199464,0.0
2022-10,ES,1.9900491640946705,5.848274136477361,112.149,-0.22919518162722474,177.71066284179688,0.0684228556426748,0.0
2022-10,FI,0.8856261632492091,4.269804608559946,67.407,-0.3796631724100395,,0.0035400165634929,0.0
2022-10,FR,1.1230335585414475,4.905123141924,112.527,-1.44717542691627,372.27650760470925,0.0153958984155194,0.0
2022-10,GR,2.6580375810431156,4.6919029821826825,169.848,-6.430074438100238,52.18105791143538,0.0759546430028318,0.0
2022-10,IE,5.249892994400856,6.974999999999754,42.824,10.411042475255146,175.57965922234092,0.0068246449974348,0.0
2022-10,IT,0.6652599696356148,6.095105186875827,147.071,0.17114087635848624,96.82188727147393,0.0979507760498201,0.0
2022-10,NL,1.7349597278341011,8.99420926355235,46.379,7.635797264239038,80.83937156661538,0.0036246372562905,0.0
2022-10,PT,2.0473426805279358,5.477101294109149,111.183,-0.5604961340015975,148.2029997621533,0.0573521703696329,0.0
2022-11,AT,1.6160560599245644,5.552984068078681,76.4765,-2.168126831919972,,0.0147493399735989,0.0
2022-11,BE,0.7176787348214513,5.673575176178192,105.5915,-1.0954153618976807,199.7142053649737,0.0197498071499168,0.0
2022-11,DE,0.013121791298590701,7.398226307655257,68.01383333333334,5.078106297884802,767.6569781640336,0.0118944157037162,0.0
2022-11,ES,1.7304786340357963,5.516633711749405,111.51333333333334,-0.23535183736572085,171.2546844482422,0.0700067198418133,0.0
2022-11,FI,0.7460468418577874,4.016643877362913,68.82483333333333,-0.33583172616134765,,0.0036624762886233,0.0
2022-11,FR,0.96800460407932,4.804732721361338,112.50733333333334,-1.4676206551007667,302.9760681644704,0.0167749910303597,0.0
2022-11,GR,2.3758474991958005,4.194370609071352,168.28966666666668,-6.3979511215785925,54.01414872793472,0.0805324795886791,0.0
2022-11,IE,4.833214438223173,6.816666666666396,41.6965,10.210501257385818,172.11000958243494,0.0070633931053192,0.0
2022-11,IT,0.3859121162014681,5.800792117169285,145.89866666666666,0.20849437886249486,86.18983891013858,0.0975079973633055,0.0
2022-11,NL,1.4227459078542761,8.662600843575364,46.537,7.654628457337582,80.83937156661538,0.0038233501412977,0.0
2022-11,PT,1.5815811874181018,5.208239284984806,110.75716666666666,-0.497885354920815,137.7814336681875,0.0575342472577873,0.0
2022-12,AT,1.3080280299622826,5.33489610768178,75.703,-2.1227491532249005,,0.0147556295699194,0.0
2022-12,BE,0.5491545959604123,5.293834292534161,106.126,-0.9839819273144629,213.2925918532397,0.0207539881833346,0.0
2022-12,DE,-0.14030873266235683,7.292581818845136,67.70566666666667,5.167326667836447,584.1854527093091,0.0122155435115207,0.0
2022-12,ES,1.4709081039769218,5.184993287021448,110.87766666666667,-0.24150849310421693,147.88681030273438,0.0722528764929735,0.0
2022-12,FI,0.6064675204663657,3.7634831461658798,70.24266666666666,-0.2920002799126558,,0.0033084458810686,0.0
2022-12,FR,0.8129756496171925,4.704342300798674,112.48766666666668,-1.4880658832852633,261.9671025478257,0.0171301006756653,0.0
2022-12,GR,2.093657417348486,3.6968382359600205,166.73133333333334,-6.365827805056945,32.980127289077366,0.0808292370164565,0.0
2022-12,IE,4.41653588204549,6.65833333333304,40.568999999999996,10.009960039516487,203.3306330854828,0.0070438648205095,0.0
2022-12,IT,0.1065642627673215,5.506479047462742,144.72633333333334,0.24584788136650343,78.63340850481583,0.0951229874190381,0.0
2022-12,NL,1.1105320878744513,8.330992423598376,46.695,7.673459650436126,80.83937156661538,0.0039291088446748,0.0
2022-12,PT,1.1158196943082674,4.939377275860462,110.33133333333333,-0.4352745758400325,117.6508989971158,0.0560714680871948,0.0
2023-01,AT,1.0000000000000009,5.116808147284879,74.92949999999999,-2.07737147452983,,0.0149027460225939,0.0
2023-01,BE,0.3806304570993735,4.91409340889013,106.6605,-0.872548492731245,173.42652936937526,0.0183558755035008,0.0
2023-01,DE,-0.29373925662330436,7.186937330035015,67.39750000000001,5.25654703778809,520.1256510070332,0.0116817309535792,0.0
2023-01,ES,1.2113375739180476,4.853352862293492,110.24199999999999,-0.247665148842713,155.27496337890625,0.0727712641033412,0.0
2023-01,FI,0.46688819907494405,3.5103224149688472,71.6605,-0.248168833663964,,0.0033801400826089,0.0
2023-01,FR,0.657946695155065,4.603951880236012,112.468,-1.50851111146976,296.3216650794208,0.017306298141116,0.0
2023-01,GR,1.8114673355011712,3.1993058628486892,165.173,-6.3337044885353,86.95958998134046,0.0864119193144527,0.0
2023-01,IE,3.999857325867806,6.499999999999684,39.4415,9.80941882164716,147.12390892311024,0.0073853797746136,0.0
2023-01,IT,-0.17278359066682514,5.2121659777562,143.554,0.283201383870512,100.37407363713608,0.0976855368845402,0.0
2023-01,NL,0.7983182678946266,7.99938400362139,46.852999999999994,7.69229084353467,80.83937156661538,0.0037532504818199,0.0
2023-01,PT,0.6500582011984335,4.670515266736119,109.9055,-0.37266379675925,114.9422550623077,0.0569364296495118,0.0
2023-02,AT,1.0750000000000055,4.898740801677809,74.156,-1.9239555822541723,,0.0149926094756676,0.0
2023-02,BE,0.4663844611871896,4.655190020514303,107.195,-0.8080785681344386,166.42610830055875,0.0187274134201314,0.0023737590262208
2023-02,DE,-0.14401068450723783,6.882301946606192,67.08933333333334,5.3429168841873445,472.1092352175696,0.0121873273441813,0.0
2023-02,ES,1.3260918700841635,4.737438256301124,109.60633333333334,-0.23536536063831076,138.87986755371094,0.0739976445960975,0.0008552624260186
2023-02,FI,0.5205232346890742,3.3677955470548007,73.07833333333333,-0.24072318431851966,,0.0032323008208077,0.0
2023-02,FR,0.7329857741628532,4.4235419989107125,112.44833333333335,-1.480531624928466,327.7979585568867,0.0174930531065528,0.0033798513766957
2023-02,GR,1.8417840982508447,3.0680245230353935,163.61466666666666,-6.315063866219788,62.290593904655125,0.0867096057121627,0.0
2023-02,IE,4.000665568603719,6.2083333333330435,38.314,9.783460802807062,106.86616247011268,0.0073172595373678,0.0046083546308225
2023-02,IT,-0.04700364699030765,4.922739319436181,142.3816666666667,0.3312241876672757,117.90849826230964,0.0988802705424515,0.0048629288180052
2023-02,NL,0.8735273285793155,7.5580788674387165,47.011,7.695550398098713,80.83937156661538,0.0034758674910629,0.0017029958998192
2023-02,PT,0.7958866844318846,4.493900179592834,109.47966666666667,-0.3934733962117064,120.0529210298894,0.0579768804270169,0.0033738361247478
2023-03,AT,1.1500000000000103,4.680673456070738,73.3825,-1.7705396899785153,,0.0153888138806699,0.0057981624927775
2023-03,BE,0.5521384652750057,4.396286632138477,107.7295,-0.7436086435376322,178.7324602756992,0.0190645657128578,0.0072837729317927
2023-03,DE,0.00571788760882852,6.5776665631773685,66.78116666666668,5.429286730586597,572.4735414236495,0.0120809166033591,0.0069078959943002
2023-03,ES,1.4408461662502796,4.621523650308756,108.97066666666666,-0.2230655724339085,149.40985107421875,0.0750649570442362,0.0059765958973297
2023-03,FI,0.5741582703032044,3.2252686791407545,74.49616666666667,-0.23327753497307532,,0.0034152506886205,0.0073941982196077
2023-03,FR,0.8080248531706413,4.243132117585413,112.42866666666669,-1.4525521383871716,382.9259322582567,0.0175378024584754,0.0066430358175038
2023-03,GR,1.8721008610005176,2.936743183222098,162.05633333333333,-6.296423243904275,91.6656365253479,0.0890535466056119,0.0
2023-03,IE,4.001473811339633,5.916666666666403,37.186499999999995,9.757502783966965,136.97517036682316,0.0065645315623922,0.0079017789660214
2023-03,IT,0.07877629668620964,4.633312661116163,141.20933333333335,0.37924699146403934,128.9745521302426,0.100070006420647,0.0054554913561911
2023-03,NL,0.9487363892640044,7.1167737312560435,47.169,7.698809952662755,80.83937156661538,0.0031536979397234,0.0073237943662676
2023-03,PT,0.9417151676653357,4.3172850924495485,109.05383333333334,-0.4142829956641628,106.9521556801852,0.0576323350410236,0.0072485498684528
2023-04,AT,0.5994127328950549,6.881742003528346,72.609,1.026910073166733,,0.0145581482522725,0.0072243333602299
2023-04,BE,0.8012404394085015,4.045094956022959,108.264,-2.3999249027314775,150.70566690077555,0.0185111132708605,0.0084954281449483
2023-04,DE,0.1923307267357871,5.41382033148522,66.473,4.782945798386588,403.1335937199061,0.0117438943604384,0.0069646173242625
2023-04,ES,1.6250448390140726,4.016180696994809,108.335,0.875566247339863,137.8336181640625,0.0731193335463513,0.0078165242449311
2023-04,FI,0.3560180764119458,4.585636133549698,75.914,-3.0775729774666125,,0.0036196795866673,0.0082750469338763
2023-04,FR,0.8390675017590665,4.3995187664072795,112.409,-1.0929941529471827,269.8401491848095,0.0178605166955855,0.0075268929250174
2023-04,GR,2.325603091469347,3.71023708327341,160.498,-7.527127213418592,73.34492340076115,0.0900733343735372,0.0013747344346854
2023-04,IE,5.189066719302598,4.550000000000004,36.059,8.016564405224706,102.58504576974588,0.0067223512016705,0.0088001442009899
2023-04,IT,0.6840382819452595,3.981531462341048,140.037,0.8007706079791133,156.72842110023004,0.0991903697327536,0.0071185705031354
2023-04,NL,1.0824242428206676,3.9398828413773455,47.327,6.305569179225633,80.83937156661538,0.0037007748838561,0.008287547420668
2023-04,PT,1.1692777134379773,5.05508375783258,108.628,-0.7588442464666451,110.274327784078,0.0571999880562644,0.0078130422757414
2023-05,AT,0.6526941902969652,6.4514176138866715,72.84066666666666,0.9823960493569707,,0.0153444341811022,0.0058228105006459
2023-05,BE,0.8363178419451852,3.8330258313526615,108.01433333333333,-2.2917133546990267,156.73539471287836,0.0187536096962886,0.006872176075924
2023-05,DE,0.29291696617851737,5.1541839501834925,66.06666666666666,4.8211021000368905,439.0830414704354,0.0113179332361953,0.0041486954975756
2023-05,ES,1.6632970511678633,3.920192368880615,107.73066666666666,0.868813686534189,140.4842071533203,0.0711730973886312,0.0053111379343882
2023-05,FI,0.45923336010837246,4.349018391835531,76.01083333333334,-2.9789110373753167,,0.0035067336814555,0.0056554231512786
2023-05,FR,0.8851531601744197,4.184391287711323,112.09100000000001,-1.048896715037777,295.3102094479652,0.0174422418998121,0.0047577294082449
2023-05,GR,2.234137455292462,3.6175299307288946,160.45016666666666,-7.361121122779113,78.80708595174727,0.0910316610203268,0.0075163329535128
2023-05,IE,5.0600159267174245,4.400000000000004,36.5485,7.958141258377551,83.93475921220127,0.0064424562471105,0.0095902150018954
2023-05,IT,0.6946514299244793,3.824816005689409,140.56633333333332,0.8218254270709391,115.4877875823241,0.0972595731780488,0.003862127186811
2023-05,NL,1.098594854354477,3.9650643873217373,47.541666666666664,6.3087730677420435,80.83937156661538,0.0034641148645148,0.0063707246620131
2023-05,PT,1.2244212816957238,4.832424780607385,107.86283333333334,-0.7558281043906743,126.6044910342522,0.0568249314648975,0.0040996662840076
2023-06,AT,0.7059756476988754,6.021093224244996,73.07233333333332,0.9378820255472085,,0.0163638629817382,0.0054721074939648
2023-06,BE,0.8713952444818688,3.620956706682364,107.76466666666667,-2.183501806666576,154.90664871315397,0.0191479165767676,0.0058344700427407
2023-06,DE,0.3935032056212474,4.894547568881765,65.66033333333333,4.8592584016871925,481.6574552705528,0.0117825801973834,0.0037443023049848
2023-06,ES,1.7015492633216538,3.8242040407664213,107.12633333333333,0.862061125728515,133.39378356933594,0.0715482068854476,0.0044017113293329
2023-06,FI,0.5624486438047989,4.112400650121366,76.10766666666667,-2.880249097284021,,0.0039696669453303,0.0057088686761495
2023-06,FR,0.9312388185897729,3.9692638090153682,111.77300000000001,-1.0047992771283714,214.01936472039787,0.0180140345957998,0.0042024756923719
2023-06,GR,2.142671819115577,3.5248227781843795,160.40233333333333,-7.195115032139634,83.69058866471498,0.0944353544820574,0.0079783080590376
2023-06,IE,4.93096513413225,4.2500000000000036,37.038,7.899718111530396,98.0830291381346,0.0065753242621287,0.0067872923564304
2023-06,IT,0.7052645779036988,3.6681005490377707,141.09566666666666,0.8428802461627647,96.5310354033851,0.09881228254512,0.0020820314065111
2023-06,NL,1.1147654658882864,3.990245933266129,47.75633333333333,6.311976956258454,80.83937156661538,0.0036423985704788,0.0051108059624918
2023-06,PT,1.2795648499534702,4.6097658033821896,107.09766666666667,-0.7528119623147036,128.5423021961283,0.0567756549272025,0.0029477187582177
2023-07,AT,0.7592571051007857,5.590768834603321,73.304,0.893368001737446,,0.0160601106444964,0.0042854883062795
2023-07,BE,0.9064726470185525,3.4088875820120657,107.515,-2.075290258634125,163.26876523559258,0.0190880217176083,0.0052407600402758
2023-07,DE,0.4940894450639777,4.6349111875800375,65.25399999999999,4.897414703337495,520.2620456118738,0.0115603825013715,0.0033578858057912
2023-07,ES,1.7398014754754443,3.7282157126522275,106.52199999999999,0.8553085649228409,151.34080505371094,0.0708201369216162,0.0046888686647181
2023-07,FI,0.6656639275012255,3.8757829084071993,76.2045,-2.7815871571927246,,0.0040000617968993,0.0052887375145545
2023-07,FR,0.9773244770051259,3.754136330319413,111.45500000000001,-0.9607018392189655,236.53628761213605,0.0170939458823633,0.0037229860736755
2023-07,GR,2.051206182938692,3.4321156256398644,160.3545,-7.029108941500155,47.52584099284199,0.0939117126596202,0.0086125705817068
2023-07,IE,4.801914341547075,4.100000000000003,37.5275,7.84129496468324,90.3178574607482,0.0067368870266914,0.006844767699613
2023-07,IT,0.7158777258829185,3.5113850923861323,141.625,0.8639350652545905,105.49304729035246,0.0992884687507758,0.0027046238819826
2023-07,NL,1.1309360774220956,4.015427479210521,47.971000000000004,6.315180844774865,80.83937156661538,0.0029146651388447,0.0045690831908091
2023-07,PT,1.3347084182112168,4.3871068261569945,106.33250000000001,-0.7497958202387329,107.4755546233699,0.0570956531388693,0.0037292391294668
2023-08,AT,0.8125385625026958,5.160444444961646,73.53566666666666,0.8488539779276836,,0.0163272498959986,0.0030256295348911
2023-08,BE,0.941550049555236,3.1968184573417675,107.26533333333334,-1.967078710601674,127.83536420560404,0.0195503940022211,0.0036051971098503
2023-08,DE,0.5946756845067078,4.37527480627831,64.84766666666667,4.935571004987797,661.2609142893353,0.0119509734430474,0.001106736560637
2023-08,ES,1.7780536876292348,3.6322273845380337,105.91766666666668,0.8485560041171669,108.43668365478516,0.0709980039852667,0.0034200692643646
2023-08,FI,0.7688792111976519,3.639165166693033,76.30133333333335,-2.6829252171014293,,0.003961085259438,0.0036719891335757
2023-08,FR,1.023410135420479,3.539008851623458,111.13700000000001,-0.9166044013095598,152.6554562031025,0.0180576249334761,0.0031934254876625
2023-08,GR,1.9597405467618068,3.3394084730953493,160.30666666666667,-6.863102850860676,97.70743980166677,0.0920521749619861,0.0076614503681879
2023-08,IE,4.672863548961901,3.9500000000000033,38.017,7.782871817836085,120.58635312885406,0.0066339281855186,0.0054289631774771
2023-08,IT,0.7264908738621382,3.354669635734494,142.15433333333334,0.8849898843464162,119.72513391711146,0.0988949160975311,0.0029878551287441
2023-08,NL,1.1471066889559047,4.040609025154912,48.18566666666667,6.318384733291275,80.83937156661538,0.0029422205417521,0.0025205535865438
2023-08,PT,1.3898519864689631,4.1644478489317995,105.56733333333335,-0.7467796781627623,68.91836674873748,0.056652736477653,0.0012211400243152
2023-09,AT,0.8658200199046063,4.730120055319972,73.76733333333333,0.8043399541179214,,0.0170332325342145,0.0
2023-09,BE,0.9766274520919198,2.98474933267147,107.01566666666668,-1.8588671625692235,145.4238602696616,0.0193632901246843,0.0028053943222961
2023-09,DE,0.6952619239494381,4.1156384249765825,64.44133333333333,4.973727306638101,737.6819316801059,0.0116648629083104,0.0014864149516323
2023-09,ES,1.8163058997830257,3.53623905642384,105.31333333333333,0.841803443311493,120.3502426147461,0.0721351041483601,0.002417245569614
2023-09,FI,0.8720944948940788,3.4025474249788674,76.39816666666667,-2.584263277010133,,0.0053429881831828,0.00258494337266
2023-09,FR,1.0694957938358323,3.3238813729275023,110.81900000000002,-0.8725069634001541,243.3477561054296,0.0180517614241848,0.0016858556686167
2023-09,GR,1.8682749105849217,3.246701320550834,160.25883333333334,-6.697096760221196,89.18316358905095,0.0922751316075838,0.0087034874733768
2023-09,IE,4.543812756376727,3.8000000000000034,38.5065,7.724448670988931,97.83198427987531,0.0064802949573975,0.0083955742561296
2023-09,IT,0.7371040218413579,3.1979541790828554,142.68366666666668,0.9060447034382422,108.98336439855198,0.0953926381345435,0.0
2023-09,NL,1.1632773004897143,4.0657905710993045,48.400333333333336,6.321588621807687,80.83937156661538,0.0031446024362372,0.0013265844526582
2023-09,PT,1.44499555472671,3.9417888717066054,104.80216666666666,-0.7437635360867917,119.3064861559558,0.0584861037030744,0.0027934426568375
2023-10,AT,0.5985448361012058,4.733660708535564,73.999,0.04037359577097843,,0.0147010366522022,0.0
2023-10,BE,0.8892057197099679,3.868275099639212,106.766,-2.1333503221975127,151.99188943670828,0.0191264247150569,0.0022515617896316
2023-10,DE,0.5524073904418308,4.2300645736822515,64.035,6.430764808038975,669.5651699907498,0.0115963222107722,0.0013980593179459
2023-10,ES,1.8583612285142548,3.819786227698585,104.709,2.031759472302798,147.13681030273438,0.0716277726033723,0.0022085921484133
2023-10,FI,0.7543186647854111,2.5074859550586135,76.495,-1.137222068283199,,0.0057117943205624,0.0018636454104235
2023-10,FR,1.2471004286215004,3.2535065365033145,110.501,-1.2778232674568226,261.8244872155622,0.0180191055874578,0.0003393869435101
2023-10,GR,2.096184881254853,3.1551593843942904,160.211,-6.20780052822225,141.69386341890447,0.0939110166673528,0.0045053258922788
2023-10,IE,3.013127327074316,3.5395000000000008,38.996,7.361551931799025,128.32060788923394,0.0065586455924939,0.0016425461764641
2023-10,IT,0.6595231568721105,3.452960316924342,143.213,0.8233644853839337,119.67225210110932,0.0940449441148169,0.0
2023-10,NL,1.0004446134540546,4.182672100737678,48.615,7.582189681839645,80.83937156661538,0.0033206023097437,0.0010996603911019
2023-10,PT,1.7029829175136346,3.8845259590701895,104.037,1.17848939032022,124.5469791613844,0.0566518840055419,0.0035805811739425
2023-11,AT,0.6545490585400215,4.388521341443322,74.2375,0.03659487189947062,,0.0156261624452292,0.0041504339450166
2023-11,BE,0.8768145754832793,4.018651582601111,106.8195,-2.069726547564115,148.3744301824028,0.0195612412242993,0.0072077441765856
2023-11,DE,0.6732262383855029,3.9973790273223084,63.745999999999995,6.4790467955643605,626.1370390599931,0.0120335703397762,0.0048553778572411
2023-11,ES,1.7922844134901714,3.856118485049372,104.749,2.0246888010671085,145.526611328125,0.0703988126095192,0.0054763214144302
2023-11,FI,0.8524532853966464,2.289376493432375,77.50783333333334,-1.07283415056984,,0.0047752465049949,0.0043080284976096
2023-11,FR,1.2799923871115135,2.9890043576690077,110.885,-1.2831252651599518,282.45585540805524,0.0184620947931517,0.004581553603438
2023-11,GR,2.0554905685677194,3.0482188630511406,158.85066666666668,-6.127216101359197,139.9654770065618,0.0967054331286472,0.0060129302948483
2023-11,IE,3.1251327037616834,3.3596666666666684,38.92933333333333,7.318302279623824,117.30066608545783,0.0066291801940741,0.0040860646594597
2023-11,IT,0.6580574613954301,3.1714649741173364,142.74099999999999,0.8372992797740292,155.81360604028364,0.093035603146951,0.0058460892928869
2023-11,NL,1.0502464017276614,4.20143000916956,48.546,7.580101318591804,80.83937156661538,0.0031518128357965,0.0052104390932156
2023-11,PT,1.6386410007362184,3.72651861638695,101.8225,1.1636436509360735,154.2433006009717,0.0561391963464526,0.0036601153235698
2023-12,AT,0.7105532809788373,4.043381974351081,74.476,0.03281614802796281,,0.0158931681903465,0.0037117341457803
2023-12,BE,0.8644234312565909,4.169028065563009,106.87300000000002,-2.0061027729307175,181.3586951349118,0.0203581278608039,0.0050313578379228
2023-12,DE,0.794045086329175,3.764693480962365,63.457,6.527328783089745,672.5178656476172,0.012120651647396,0.0040829895973288
2023-12,ES,1.7262075984660876,3.8924507424001593,104.789,2.017618129831419,140.71475219726562,0.0703754126985969,0.0011048258112229
2023-12,FI,0.9505879060078816,2.071267031806136,78.52066666666667,-1.008446232856481,,0.0042232591728467,0.0
2023-12,FR,1.3128843456015262,2.7245021788347015,111.269,-1.288427262863081,321.28587054361736,0.0186846262237068,0.0
2023-12,GR,2.014796255880585,2.9412783417079904,157.49033333333335,-6.046631674496143,123.94688548984404,0.1004437184043797,0.0056103519646945
2023-12,IE,3.23713808044905,3.179833333333335,38.86266666666667,7.275052627448622,116.57550837377168,0.0068353222675166,0.0
2023-12,IT,0.6565917659187496,2.8899696313103314,142.269,0.8512340741641246,70.54053463092664,0.0952887541198624,0.0
2023-12,NL,1.1000481900012682,4.220187917601442,48.477000000000004,7.578012955343962,80.83937156661538,0.0038621253756449,0.0
2023-12,PT,1.5742990839588022,3.56851127370371,99.608,1.1487979115519267,127.4839823284322,0.0511230637559353,0.0022825134785789
2024-01,AT,0.766557503417653,3.6982426072588392,74.7145,0.029037424156455,,0.0157463348965896,0.0
2024-01,BE,0.8520322870299024,4.319404548524908,106.9265,-1.94247899829732,175.89732994249653,0.0202092308781472,0.0086567145178603
2024-01,DE,0.9148639342728471,3.5320079346024214,63.168,6.57561077061513,729.8969081284516,0.0122253138466855,0.0068897125090427
2024-01,ES,1.6601307834420043,3.928782999750946,104.82900000000001,2.01054745859573,129.10496520996094,0.0704494091113461,0.0
2024-01,FI,1.048722526619117,1.8531575701798975,79.5335,-0.944058315143122,,0.0039860275681847,0.0057551955069752
2024-01,FR,1.3457763040915394,2.460000000000395,111.653,-1.29372926056621,274.0296115792719,0.018891224601209,0.0041682455630703
2024-01,GR,1.9741019431934514,2.8343378203648406,156.13,-5.96604724763309,100.9803115682449,0.0996324823455173,0.004950892506094
2024-01,IE,3.3491434571364165,3.0000000000000027,38.796,7.23180297527342,102.83408897210012,0.0067390046048437,0.0062395127086406
2024-01,IT,0.6551260704420692,2.6084742885033263,141.797,0.86516886855422,105.67805968575728,0.0930019051151721,0.0059130321946895
2024-01,NL,1.149849978274875,4.238945826033325,48.408,7.57592459209612,80.83937156661538,0.0030589333888885,0.0
2024-01,PT,1.509957167181386,3.41050393102047,97.3935,1.13395217216778,122.8908615779391,0.0529929915334942,0.0094937070900098
2024-02,AT,0.8431477289766361,3.5960450966208515,74.953,0.05480005216193018,,0.0163883823962263,0.0
2024-02,BE,0.8829390636311681,4.130650950014266,106.98000000000002,-1.87915399324781,159.95186533593022,0.0197625120225649,0.0089275498121226
2024-02,DE,1.0047381089467864,3.4208543702806535,62.879000000000005,6.568824113091514,596.1153388473107,0.0122419767824969,0.0060802751063273
2024-02,ES,1.69510754848185,3.7731441353801354,104.869,2.000780658400672,120.03656005859376,0.0716721372165974,0.0
2024-02,FI,1.0733835860358958,1.865394439331573,80.54633333333334,-0.9284609861568074,,0.0041107160918759,0.0058553492733858
2024-02,FR,1.3845485260611061,2.417973536519963,112.037,-1.2602151906598913,243.0189781437097,0.0196212213298621,0.0030750304413868
2024-02,GR,1.9277956673577048,2.782208075462755,154.7696666666667,-5.878467773720506,77.69812472609925,0.1031153372162266,0.0048190986893908
2024-02,IE,3.333554606050304,2.9500000000000024,38.72933333333334,7.220454218027428,130.53644113741422,0.0067248722526324,0.0055669994849835
2024-02,IT,0.6875392428477012,2.5712564316415243,141.32500000000002,0.8951489106803026,84.47016718956965,0.0928756080728332,0.0071572491021378
2024-02,NL,1.181394085359642,4.067401198875078,48.339000000000006,7.570037531238383,80.83937156661538,0.0033617982457065,0.0
2024-02,PT,1.5632940699162583,3.324773888119707,95.179,1.1196664117081616,129.213258043397,0.0528519159843764,0.0091530292255002
2024-03,AT,0.9197379545356191,3.493847585982864,75.1915,0.08056268016740532,,0.0172216573462125,0.0
2024-03,BE,0.9138458402324338,3.9418973515036244,107.0335,-1.8158289881983,176.84352037531943,0.0201198933574045,0.0088264399398755
2024-03,DE,1.0946122836207253,3.3097008059588857,62.59,6.562037455567896,550.2747062923032,0.0121789798157362,0.0061083292848169
2024-03,ES,1.730084313521696,3.6175052710093247,104.90899999999999,1.9910138582056134,146.37762451171875,0.0723065118926812,0.0
2024-03,FI,1.0980446454526747,1.877631308483248,81.55916666666667,-0.9128636571704927,,0.0036799605582317,0.0064095664246005
2024-03,FR,1.4233207480306727,2.3759470730395305,112.421,-1.2267011207535723,187.7619968104459,0.0198898506780363,0.0036486082561376
2024-03,GR,1.8814893915219586,2.73007833056067,153.40933333333334,-5.790888299807923,81.94731662168982,0.1020733397632841,0.0044753528761757
2024-03,IE,3.3179657549641917,2.9000000000000026,38.66266666666667,7.209105460781435,131.27098806601325,0.006593688182239,0.0063667599345755
2024-03,IT,0.7199524152533332,2.5340385747797214,140.853,0.925128952806385,68.5842066496307,0.0939662230908207,0.0075425925270099
2024-03,NL,1.2129381924444091,3.895856571716831,48.27,7.564150470380645,80.83937156661538,0.0035866884236298,0.0
2024-03,PT,1.6166309726511303,3.2390438452189434,92.9645,1.1053806512485431,142.9583820394387,0.0531045861951957,0.0097932301959759
2024-04,AT,0.7225862502896419,3.6354971877160525,75.43,2.0956653987803904,,0.0168062747994392,0.0
2024-04,BE,1.1667173576953238,3.2154747192689905,107.087,-0.4812019147026313,176.5186072875001,0.0205161298752394,0.007174665079768
2024-04,DE,0.44406482719573925,2.3091464547212337,62.301,6.979526479228104,640.3742379331374,0.0118846189023122,0.0048160482885955
2024-04,ES,1.9432460580757926,2.595969315843999,104.949,2.4872047043458974,141.76150512695312,0.0735834041498186,0.0
2024-04,FI,0.7800249999999675,1.3927125318857425,82.572,-0.5535422507557469,,0.0044560043934586,0.0021675595490769
2024-04,FR,0.9182449896090183,2.260894962686466,112.805,-0.571008577020457,169.7721174751592,0.0203560964138933,0.0022489822065795
2024-04,GR,2.0113386982980765,2.5855010101064724,152.049,-6.228748266435708,119.67415959729726,0.10036659541946,0.0052903679759059
2024-04,IE,1.712533780612252,2.2849999999999424,38.596,10.197707457408999,88.20213461549382,0.006506578119642,0.0043753171879307
2024-04,IT,0.7102151069781404,1.7546241931408801,140.381,0.9163444103348519,112.375302460402,0.0932174137001467,0.006541989166379
2024-04,NL,0.7977069928498393,2.5203443704213626,48.201,9.052037655948032,80.83937156661538,0.0037257535111085,0.0
2024-04,PT,1.81577440438766,2.187215803868481,90.75,1.5564187979894273,112.5254773518681,0.0530803570459669,0.0087074406456085
2024-05,AT,0.8183345658172803,3.540752987118364,76.125,2.0958705038285035,,0.0171892168233426,0.0063207140679301
2024-05,BE,1.169712654922428,3.079602347537761,107.08633333333334,-0.46910687168656295,177.86305989925827,0.0205679179601609,0.0049429450848108
2024-05,DE,0.5420767954793737,2.2769467549055955,62.26716666666667,6.970179092415487,637.0412866058894,0.012143210366447,0.0035284160446812
2024-05,ES,1.9586413724888452,2.569822795824739,104.24083333333333,2.47236334986071,187.38909912109372,0.0740286512789902,0.0039221187366413
2024-05,FI,0.8993999999999578,1.4528097089859582,82.713,-0.5367295863875766,,0.0043013308351557,0.0045368556754458
2024-05,FR,0.9764648831392868,2.208832592312563,113.21683333333334,-0.5686759473606917,304.4462741408888,0.0206477213934126,0.0034900819776329
2024-05,GR,2.002572697064594,2.531140898964098,152.18516666666667,-6.128343495093533,71.17110783899328,0.1018705282386969,0.0067050161107416
2024-05,IE,1.7948581313312673,2.2533333333333445,38.94,10.135896871464464,103.14709857733176,0.0064683430678774,0.0049030532466001
2024-05,IT,0.7106872812515505,1.7819198645116905,140.094,0.9609497990314007,82.44744248933272,0.09424747991172,0.0061994756539792
2024-05,NL,0.853021370204347,2.4739542022002903,47.685833333333335,9.02853214419907,80.83937156661538,0.0041774420916429,0.0087686534334556
2024-05,PT,1.8435692682534421,2.167011412448342,90.598,1.5522035081257866,124.3528091527395,0.0551454810042822,0.00748450665058
2024-06,AT,0.9140828813449187,3.446008786520675,76.82000000000001,2.0960756088766166,,0.0180528816863652,0.0052624377850651
2024-06,BE,1.172707952149532,2.9437299758065323,107.08566666666667,-0.4570118286704947,172.14601962217145,0.020204606363033,0.0047731869051968
2024-06,DE,0.6400887637630082,2.2447470550899573,62.233333333333334,6.960831705602868,667.6673353050004,0.0126421309248357,0.0052636897253885
2024-06,ES,1.974036686901898,2.5436762758054785,103.53266666666667,2.4575219953755223,151.7812042236328,0.0742961564761103,0.005487456677511
2024-06,FI,1.0187749999999476,1.5129068860861739,82.85400000000001,-0.5199169220194063,,0.0040509104333135,0.0059489323807356
2024-06,FR,1.0346847766695553,2.1567702219386606,113.62866666666667,-0.5663433177009263,409.2720613986144,0.0211471190326222,0.0048338263611755
2024-06,GR,1.9938066958311111,2.476780787821723,152.32133333333334,-6.027938723751358,153.22135898578424,0.1014362371730478,0.0070518036077756
2024-06,IE,1.8771824820502825,2.2216666666667457,39.284,10.074086285519929,145.26431806958473,0.0063029544080868,0.0019347703935888
2024-06,IT,0.7111594555249604,1.8092155358825006,139.80700000000002,1.0055551877279494,106.16297380930013,0.0958022728593616,0.0055408583537273
2024-06,NL,0.9083357475588546,2.427564033979218,47.17066666666667,9.005026632450107,80.83937156661538,0.0043208987976308,0.0067782234032969
2024-06,PT,1.8713641321192243,2.146807021028204,90.446,1.5479882182621458,119.8054974011223,0.0558379040516129,0.0046767709618467
2024-07,AT,1.009831196872557,3.351264585922986,77.515,2.09628071392473,,0.0171422607606606,0.0050201477130465
2024-07,BE,1.1757032493766362,2.8078576040753034,107.08500000000001,-0.4449167856544265,146.8267441721448,0.0200666683923368,0.0045858192226946
2024-07,DE,0.7381007320466426,2.212547355274319,62.1995,6.95148431879025,849.163955661392,0.0129790414292586,0.0069748454392787
2024-07,ES,1.9894320013149502,2.5175297557862186,102.8245,2.4426806408903348,128.46844482421875,0.0743989529186606,0.0028647960874821
2024-07,FI,1.1381499999999378,1.5730040631863895,82.995,-0.503104257651236,,0.0046205729884011,0.0047767003790771
2024-07,FR,1.0929046701998235,2.1047078515647577,114.04050000000001,-0.5640106880411611,543.932556384764,0.0211425638209689,0.0046221626420049
2024-07,GR,1.9850406945976284,2.422420676679349,152.4575,-5.927533952409185,88.35135518413225,0.102260324390182,0.0089912703786376
2024-07,IE,1.9595068327692977,2.1900000000001474,39.628,10.012275699575396,104.7224690533508,0.0063790849986833,0.0019925457240859
2024-07,IT,0.7116316297983705,1.8365112072533107,139.51999999999998,1.050160576424498,98.66045319367774,0.0939178545237521,0.0050574888229919
2024-07,NL,0.9636501249133622,2.381173865758146,46.6555,8.981521120701146,80.83937156661538,0.0033047410773052,0.0066203890868574
2024-07,PT,1.8991589959850064,2.1266026296080653,90.294,1.5437729283985049,109.4327434825348,0.0542671177268903,0.00297286202599
2024-08,AT,1.1055795124001953,3.256520385325297,78.21000000000001,2.0964858189728433,,0.0173682285270993,0.0027921047542245
2024-08,BE,1.1786985466037403,2.671985232344074,107.08433333333335,-0.43282174263835826,136.7185891154238,0.0207028942272312,0.0033260456249235
2024-08,DE,0.836112700330277,2.180347655458681,62.16566666666667,6.942136931977631,554.4402043088905,0.0134527820400003,0.0060287632089183
2024-08,ES,2.0048273157280025,2.4913832357669587,102.11633333333333,2.4278392864051472,159.06077575683594,0.0747424858878383,0.0
2024-08,FI,1.2575249999999276,1.6331012402866052,83.13600000000001,-0.4862915932830656,,0.0047395046114932,0.0
2024-08,FR,1.1511245637300918,2.052645481190855,114.45233333333334,-0.5616780583813956,370.78547045325695,0.021225468756567,0.0033228615134148
2024-08,GR,1.9762746933641457,2.3680605655369744,152.59366666666668,-5.82712918106701,80.11196204446806,0.1009818335552344,0.008071557799045
2024-08,IE,2.0418311834883127,2.158333333333549,39.972,9.950465113630862,81.81815137714736,0.0063405813228218,0.0019963718279956
2024-08,IT,0.7121038040717804,1.8638068786241209,139.233,1.0947659651210466,70.59877059833366,0.0944503090366305,0.0041268830828538
2024-08,NL,1.0189645022678697,2.334783697537074,46.14033333333334,8.95801560895218,80.83937156661538,0.003450532557683,0.0046992111416738
2024-08,PT,1.9269538598507885,2.1063982381879267,90.142,1.539557638534864,63.51366843346987,0.0547027031122264,0.0
2024-09,AT,1.201327827927834,3.161776184727609,78.905,2.0966909240209572,,0.0183741304469216,0.0025578518773545
2024-09,BE,1.1816938438308444,2.5361128606128456,107.08366666666666,-0.42072669962229003,155.1021277557938,0.0198475062573365,0.0024078829528858
2024-09,DE,0.9341246686139116,2.1481479556430427,62.13183333333333,6.932789545165013,699.7664184168108,0.0135426598315235,0.0046321303406866
2024-09,ES,2.0202226301410553,2.4652367157476984,101.40816666666667,2.41299793191996,148.1016387939453,0.0754032008797701,0.0019797607337984
2024-09,FI,1.3768999999999183,1.6931984173868209,83.27700000000002,-0.46947892891489534,,0.0045856196308059,0.0
2024-09,FR,1.2093444572603604,2.0005831108169523,114.86416666666666,-0.5593454287216304,436.4055807995177,0.0215090995799225,0.005119014250392
2024-09,GR,1.9675086921306635,2.3137004543946,152.72983333333335,-5.726724409724836,120.22240999398394,0.1012221049764064,0.0073979033288459
2024-09,IE,2.124155534207328,2.1266666666669507,40.316,9.888654527686327,103.4269333537217,0.0062713386406697,0.0
2024-09,IT,0.7125759783451906,1.8911025499949312,138.946,1.1393713538175954,110.57981659915444,0.0947102191429882,0.004944740181077
2024-09,NL,1.0742788796223777,2.288393529316002,45.62516666666667,8.934510097203221,80.83937156661538,0.0035011319828354,0.0018207179962262
2024-09,PT,1.9547487237165706,2.0861938467677885,89.99,1.5353423486712234,122.685227884358,0.053997038780149,0.0025442967233858
2024-10,AT,0.6447193799192452,2.621665154839908,79.6,2.4827620873769023,,0.0172328217185569,0.0031162100010672
2024-10,BE,1.1639323360291887,2.6432512528709817,107.083,-0.1030662881601096,145.21332707387674,0.02068461420265,0.0023003322174069
2024-10,DE,0.5911555257792356,2.114474770021885,62.098,6.431015218008258,871.0199016224581,0.0129789066909502,0.0020965336318423
2024-10,ES,2.325841693944936,2.107467665626733,100.7,3.250538876484173,156.1649169921875,0.0756115626823232,0.0024212636330642
2024-10,FI,1.4678857657203865,1.7039757133927746,83.418,-1.170801507582855,,0.0049745144254788,0.0024902658579637
2024-10,FR,1.0664032658452616,1.808235852460205,115.276,-0.06745645261059918,322.2892414152573,0.0214117998221405,0.0034419041441579
2024-10,GR,2.0396003008420536,2.2993694773965343,152.866,-5.5844918565476425,97.91749559415356,0.1027443221735308,0.0015546864611996
2024-10,IE,1.6416507594324337,1.796421729281178,40.66,11.40275260915795,101.8768054450554,0.0062001514314829,0.0012093805277849
2024-10,IT,0.7398198594942507,1.9232024285725624,138.659,1.3382317517341675,100.4980010541432,0.0943415076044682,0.0040695786418201
2024-10,NL,1.377248641641965,2.54773188142835,45.11,10.04242598409205,80.83937156661538,0.0035353584951718,0.0014731539335603
2024-10,PT,2.242236090513022,2.1662552893172204,89.838,2.2072168936686176,143.8574552978897,0.0547850233534988,0.0004202736503735
2024-11,AT,0.7816447541619217,2.574803543339925,80.36383333333333,2.4687880088742284,,0.0189580780654788,0.0017556235459776
2024-11,BE,1.1663704601875233,2.4570939522211637,107.56116666666667,-0.07846026958604599,176.09975539122817,0.0216286490958515,0.0010681968365494
2024-11,DE,0.6560596532218965,2.0856671998635354,62.911,6.410218751840725,1095.932766013948,0.0128948660554124,0.0031028364809658
2024-11,ES,2.2614235171756683,2.0358081606376683,100.4195,3.2383406391519056,180.67481994628903,0.0755426855127707,0.0010150750942792
2024-11,FI,1.6547779092992045,1.7558673614799274,84.18350000000001,-1.1724735611728165,,0.0054360248447204,0.0018110953893945
2024-11,FR,1.0628857736973751,1.752152771889722,115.917,-0.08503315357275111,486.84426373762193,0.0214914103151028,0.0035432660942534
2024-11,GR,2.0128987392217432,2.2316700320395713,150.376,-5.480630411196572,189.992828511765,0.1041752381188072,0.0045041465283704
2024-11,IE,1.8438476008368974,1.8119639243765064,39.60766666666667,11.337023268090066,198.785940317978,0.0059196280607814,0.0
2024-11,IT,0.7473428122137361,1.9962974260906023,138.62916666666666,1.3666320426230152,124.80652873457198,0.0966854038983577,0.0018830145157231
2024-11,NL,1.4603785391819613,2.4784967801180593,44.989333333333335,10.046884170201935,80.83937156661538,0.0039728893359358,0.0
2024-11,PT,2.2773709083626894,2.128622999399199,89.52149999999999,2.230487725302695,136.5452190449719,0.052873464720131,0.0
2024-12,AT,0.9185701284045981,2.5279419318399405,81.12766666666667,2.454813930371554,,0.019356743258677,0.0
2024-12,BE,1.1688085843458575,2.270936651571346,108.03933333333333,-0.05385425101198239,180.63298510439415,0.0215564502312831,0.0
2024-12,DE,0.7209637806645575,2.056859629705186,63.724000000000004,6.389422285673193,984.3660226257172,0.0125235029089982,0.0010753912116951
2024-12,ES,2.197005340406401,1.9641486556486027,100.139,3.2261424018196374,180.9776306152344,0.0758562400168461,0.0
2024-12,FI,1.841670052878022,1.80775900956708,84.94900000000001,-1.1741456147627782,,0.0056325731918416,0.0
2024-12,FR,1.0593682815494887,1.6960696913192388,116.55799999999999,-0.10260985453490305,567.7088524134978,0.0219436982070314,0.0034694549249863
2024-12,GR,1.9861971776014322,2.163970586682608,147.886,-5.376768965845501,144.73410795716467,0.1043733212154789,0.0011815950583938
2024-12,IE,2.046044442241361,1.8275061194718352,38.55533333333333,11.271293927022182,259.9354145133217,0.0059895646807971,0.0
2024-12,IT,0.7548657649332212,2.069392423608642,138.59933333333333,1.3950323335118624,133.7399421612094,0.0938736128708467,0.0014826489780662
2024-12,NL,1.5435084367219576,2.4092616788077685,44.86866666666667,10.051342356311816,80.83937156661538,0.004216618174852,0.0
2024-12,PT,2.3125057262123567,2.0909907094811775,89.205,2.253758556936772,130.1162082189792,0.0515381235106375,0.0
2025-01,AT,1.0554955026472745,2.4810803203399567,81.89150000000001,2.44083985186888,,0.0195239055313043,0.0
2025-01,BE,1.1712467085041922,2.0847793509215284,108.5175,-0.0292482324379188,214.68136638497515,0.0238446567228384,0.0
2025-01,DE,0.7858679081072184,2.0280520595468365,64.537,6.36862581950566,1009.0558767499436,0.0127939667733188,0.0
2025-01,ES,2.132587163637134,1.8924891506595376,99.85849999999999,3.21394416448737,191.9088897705078,0.0764414612360932,0.0025557604819799
2025-01,FI,2.02856219645684,1.8596506576542327,85.7145,-1.17581766835274,,0.0056420433528717,0.003104962732146
2025-01,FR,1.0558507894016023,1.639986610748756,117.199,-0.120186555497055,563.1389438046733,0.0233177920297147,0.0049736550392989
2025-01,GR,1.9594956159811217,2.096271141325645,145.39600000000002,-5.27290752049443,84.80376760005542,0.1070507903373866,0.0030189578955705
2025-01,IE,2.2482412836458243,1.843048314567164,37.503,11.2055645859543,226.77176078032164,0.0061438382878403,0.0
2025-01,IT,0.7623887176527067,2.142487421126682,138.5695,1.42343262440071,98.46124610687107,0.096238176101035,0.0027055724134221
2025-01,NL,1.626638334261954,2.340026577497478,44.748000000000005,10.0558005424217,80.83937156661538,0.0046925411846648,0.0
2025-01,PT,2.347640544062024,2.053358419563156,88.8885,2.27702938857085,123.6355394084361,0.0514354969850529,0.0
2025-02,AT,1.1111973959341697,2.4697568115663464,82.65533333333335,2.428431332457594,,0.0209001107154164,0.0
2025-02,BE,1.1797526389401791,2.075202184059764,108.99566666666668,-0.003989968663343391,223.3288637182309,0.0240950368413353,0.0
2025-02,DE,0.8366013439238467,2.0218059041614778,65.35000000000001,6.336418762213849,838.8655006212477,0.0137734902865453,0.0
2025-02,ES,2.1074395698379416,1.9032999559205583,99.578,3.19290806410525,147.65110778808594,0.0767804055384044,0.0
2025-02,FI,2.013306097787602,1.8713464361830912,86.48,-1.1681967636304034,,0.0058149509803921,0.0
2025-02,FR,1.080233738393116,1.6506996318645235,117.84,-0.13958942438199776,382.71304270809446,0.0233606883722344,0.0025529880057258
2025-02,GR,1.9355475424695419,2.08762175380886,142.906,-5.226393041014136,99.75922884231464,0.1061191280032171,0.0012670347242871
2025-02,IE,2.2567691221501858,1.851960955019949,36.45066666666666,11.132880186083558,253.20302135973915,0.0059382498596007,0.0
2025-02,IT,0.7571866182820648,2.130613469366118,138.53966666666668,1.4381664188799501,107.0415316489998,0.0980053472472873,0.0009617192312997
2025-02,NL,1.6331509812843148,2.31169102937272,44.62733333333334,10.055343382631383,80.83937156661538,0.0048805316454657,0.0
2025-02,PT,2.3186704987235016,2.0485522448895677,88.572,2.2680571870138913,111.6662740914453,0.0503738673955856,0.0
2025-03,AT,1.1668992892210648,2.458433302792736,83.41916666666667,2.4160228130463084,,0.0224624756786806,0.0
2025-03,BE,1.188258569376166,2.0656250171979993,109.47383333333333,0.02126829511123199,223.3288637182309,0.0255471997259059,0.0
2025-03,DE,0.8873347797404747,2.015559748776119,66.163,6.304211704922035,1083.1016291378576,0.0141450038562463,0.0
2025-03,ES,2.082291976038749,1.9141107611815793,99.2975,3.17187196372313,174.8711395263672,0.0799470910941138,0.0
2025-03,FI,1.998049999118364,1.8830422147119497,87.2455,-1.1605758589080666,,0.0058239783747097,0.0
2025-03,FR,1.1046166873846297,1.6614126529802913,118.481,-0.15899229326694048,536.6605136677182,0.0233979230732581,0.0014439626428882
2025-03,GR,1.9115994689579623,2.0789723662920756,140.416,-5.179878561533842,294.84968214589344,0.1046560487548283,0.0
2025-03,IE,2.2652969606545468,1.860873595472734,35.39833333333333,11.060195786212816,353.6006380929067,0.0059327343316933,0.0
2025-03,IT,0.7519845189114231,2.1187395176055537,138.50983333333332,1.4529002133591902,201.14896143292088,0.0990274795727779,0.0
2025-03,NL,1.6396636283066757,2.2833554812479617,44.50666666666667,10.054886222841066,80.83937156661538,0.0054631907360832,0.0
2025-03,PT,2.2897004533849796,2.0437460702159793,88.2555,2.259084985456933,173.7493556344183,0.0468158079575996,0.0
2025-04,AT,-0.001893469274050208,2.8103940455903254,84.183,2.665281494274525,,0.0216062319659584,0.0
2025-04,BE,0.8713966318374511,2.932718057728101,109.952,-1.1335275763597876,223.3288637182309,0.0256250391799333,0.0
2025-04,DE,0.19330043702228128,2.050997246424907,66.976,5.17797538578309,1502.1833651824622,0.0141849120758405,0.0
2025-04,ES,2.3301704984678984,2.152288594259455,99.017,2.371785062494218,212.14144897460935,0.0793284417692008,0.0
2025-04,FI,1.0713243662590854,1.98065426840503,88.011,-0.5178310801376278,,0.006559556320152,0.0
2025-04,FR,0.7343727926337584,1.3845515417834409,119.122,0.09642534489862625,619.7481366737525,0.0237206805199554,0.0
2025-04,GR,1.9612433975167542,2.349609081211951,137.926,-6.37908460355294,72.44648324341841,0.105478267950316,0.007100864244549
2025-04,IE,2.22398239338088,1.8465217337309658,34.346,11.459150561397825,582.7876936221146,0.0059316629037499,0.0
2025-04,IT,0.5388273257246112,1.770393808302806,138.48,0.9007297277435593,246.47596118518496,0.0994229295261773,0.0010922648050406
2025-04,NL,1.4136257500442895,2.657799932410853,44.386,10.3806526842279,80.83937156661538,0.0054141036264798,0.0
2025-04,PT,1.8866944480435854,1.982217583755641,87.939,1.6610114467090824,172.3524537306005,0.0465435756269057,0.0
2025-05,AT,0.08446775834368336,2.6863033384238717,84.183,2.6767141554036367,,0.0221544327213773,0.0
2025-05,BE,0.8822000338640557,2.842707482887663,109.952,-1.1525097760997667,223.3288637182309,0.0258247309585271,0.0034346409316478
2025-05,DE,0.27423907581224743,2.0393768229939324,66.976,5.155035469319033,1203.980635504152,0.0145584872726185,0.0
2025-05,ES,2.273168221892119,2.1306868023193593,99.017,2.3559410331914434,183.73509216308597,0.0783069248181438,0.0
2025-05,FI,1.1084129223937127,1.9828037941377552,88.011,-0.5222246697457683,,0.0067443990652764,0.0
2025-05,FR,0.7655135410528388,1.413041269532056,119.122,0.06539981514939831,424.8509658125711,0.0238685863768856,0.0
2025-05,GR,1.9383590793315233,2.319391920472199,137.926,-6.32611594638645,35.37679880833099,0.1050789554303326,0.0054598573804221
2025-05,IE,2.211654257072711,1.8260173616260718,34.346,11.412780727841433,344.7938611006965,0.00620189172673,0.0031437740473954
2025-05,IT,0.571769504033659,1.7913899608853256,138.48,0.898663871737536,170.06896266502548,0.0992987203967405,0.0032939210176535
2025-05,NL,1.4138841779252436,2.622981994084387,44.386,10.3894415696995,80.83937156661538,0.0051734783284601,0.0
2025-05,PT,1.8622592640581193,1.9934419584261307,87.939,1.64822252287217,135.5032028248617,0.0462105605066462,0.0019236922516136
2025-06,AT,0.17082898596141682,2.5622126312574176,84.183,2.6881468165327482,,0.0235552536886371,0.0
2025-06,BE,0.8930034358906602,2.752696908047225,109.952,-1.171491975839746,223.3288637182309,0.025564122776765,0.0017850458800908
2025-06,DE,0.35517771460221353,2.027756399562958,66.976,5.1320955528549765,929.5540082363603,0.0146385923369595,0.0
2025-06,ES,2.2161659453163396,2.1090850103792635,99.017,2.340097003888669,176.31060791015625,0.0773906008136821,0.0022228100734033
2025-06,FI,1.1455014785283397,1.9849533198704805,88.011,-0.5266182593539089,,0.0064281497158622,0.0
2025-06,FR,0.796654289471919,1.4415309972806711,119.122,0.03437428540017043,445.0442099445227,0.0239965223909327,0.0
2025-06,GR,1.9154747611462928,2.2891747597324468,137.926,-6.27314728921996,66.85456666834204,0.1032040513306767,0.0053009166357833
2025-06,IE,2.1993261207645425,1.805512989521178,34.346,11.366410894285043,396.4968032676217,0.0063601266678892,0.0048190171711509
2025-06,IT,0.6047116823427068,1.8123861134678454,138.48,0.8965980157315128,165.36132160037,0.0981788546515842,0.003827179541231
2025-06,NL,1.4141426058061974,2.588164055757921,44.386,10.398230455171099,80.83937156661538,0.0055015450047072,0.0
2025-06,PT,1.8378240800726529,2.00466633309662,87.939,1.6354335990352575,158.6979916145912,0.0481812884039421,0.0034585453772255
2025-07,AT,0.2571902135791504,2.4381219240909635,84.183,2.6995794776618602,,0.0235235832613407,0.0039493914875033
2025-07,BE,0.9038068379172648,2.6626863332067874,109.952,-1.190474175579725,223.3288637182309,0.026630678508112,0.0041400258893528
2025-07,DE,0.4361163533921797,2.016135976131983,66.976,5.10915563639092,1371.900380590249,0.0153339190704755,0.0
2025-07,ES,2.15916366874056,2.087483218439168,99.017,2.324252974585895,178.84962463378906,0.07664780243896,0.0052980000134204
2025-07,FI,1.182590034662967,1.9871028456032058,88.011,-0.5310118489620494,,0.0067803047566959,0.0
2025-07,FR,0.8277950378909993,1.4700207250292863,119.122,0.003348755650942503,467.3990825240985,0.024392786945637,0.0041207810443271
2025-07,GR,1.8925904429610618,2.2589575989926947,137.926,-6.22017863205347,48.76548829885407,0.1037046082456916,0.003995159546213
2025-07,IE,2.1869979844563736,1.7850086174162838,34.346,11.32004106072865,473.40782061398033,0.0065572496492225,0.0056533280315766
2025-07,IT,0.6376538606517546,1.8333822660503651,138.48,0.8945321597254895,164.04752876480254,0.0980914720599874,0.0048876330012547
2025-07,NL,1.4144010336871515,2.5533461174314542,44.386,10.4070193406427,80.83937156661538,0.00577693214463,0.0035462035543839
2025-07,PT,1.813388896087187,2.0158907077671095,87.939,1.622644675198345,141.0207011277799,0.0481939769157414,0.0029550349632928
2025-08,AT,0.34355144119688386,2.3140312169245094,84.183,2.711012138790972,,0.0240336139254426,0.0045098869637338
2025-08,BE,0.9146102399438693,2.5726757583663495,109.952,-1.209456375319704,223.3288637182309,0.0264397858346,0.0040133679984214
2025-08,DE,0.5170549921821458,2.004515552701008,66.976,5.086215719926862,990.4965748445388,0.0144219193361312,0.0016738909133393
2025-08,ES,2.102161392164781,2.065881426499072,99.017,2.308408945283121,152.01951599121094,0.0767772412111248,0.0045824658286821
2025-08,FI,1.219678590797594,1.989252371335931,88.011,-0.5354054385701901,,0.0063312831087567,0.0
2025-08,FR,0.8589357863100795,1.4985104527779014,119.122,-0.027676774098285395,268.2351022857622,0.0241308311756432,0.0040153285324149
2025-08,GR,1.8697061247758309,2.2287404382529425,137.926,-6.16720997488698,41.280312553530216,0.1019909546154499,0.0061600545817671
2025-08,IE,2.1746698481482047,1.7645042453113897,34.346,11.273671227172258,245.32282904878903,0.0064658238815542,0.0047540010699746
2025-08,IT,0.6705960389608023,1.8543784186328847,138.48,0.8924663037194662,98.72050782516874,0.0987437996334144,0.005478500938679
2025-08,NL,1.4146594615681054,2.5185281791049876,44.386,10.415808226114299,80.83937156661538,0.0055991390222017,0.0040667793451553
2025-08,PT,1.7889537121017205,2.0271150824375987,87.939,1.6098557513614322,104.3658842180002,0.0481296457203722,0.0033591774997401
2025-09,AT,0.42991266881461754,2.1899405097580558,84.183,2.7224447999200834,,0.0255012064515443,0.0045882304123174
2025-09,BE,0.925413641970474,2.4826651835259117,109.952,-1.2284385750596836,223.3288637182309,0.0258021619913358,0.0044225774901922
2025-09,DE,0.597993630972112,1.9928951292700336,66.976,5.0632758034628065,967.0261778338612,0.0151461220623149,0.001775189560627
2025-09,ES,2.0451591155890014,2.0442796345589764,99.017,2.292564915980347,163.81045532226562,0.0774483781943833,0.0048976893065908
2025-09,FI,1.2567671469322215,1.9914018970686564,88.011,-0.5397990281783307,,0.0064456749656552,0.0019617752281434
2025-09,FR,0.8900765347291599,1.5270001805265165,119.122,-0.05870230384751335,550.3257080452677,0.0248576785038547,0.0041355889610752
2025-09,GR,1.8468218065906004,2.198523277513191,137.926,-6.11424131772049,47.34978557594391,0.1024409220859117,0.0016890091937284
2025-09,IE,2.1623417118400363,1.7439998732064959,34.346,11.227301393615868,247.787073963602,0.0067248621144252,0.004262932591745
2025-09,IT,0.7035382172698501,1.8753745712154049,138.48,0.8904004477134431,135.7908849673233,0.0982043629158384,0.004352191141977
2025-09,NL,1.4149178894490597,2.4837102407785214,44.386,10.4245971115859,80.83937156661538,0.0056049074672532,0.0041729368112239
2025-09,PT,1.7645185281162548,2.038339457108089,87.939,1.5970668275245201,145.2213247465907,0.0473897541387172,0.0034416134820322
2025-10,AT,0.6400604192991932,2.636797402587465,,2.0661206278926,,0.0240549537747853,0.0040926466190685
2025-10,BE,1.000953522308512,1.5927065743294222,,-0.923632161352457,223.3288637182309,0.0259997374943908,0.0040802462051305
2025-10,DE,0.7559319482216331,1.8456403526121434,,5.174106889333542,979.0170728199251,0.0152259561941097,0.0010443004933408
2025-10,ES,2.19511921370249,2.1074962536898836,,2.6419235957266674,186.8289337158203,0.0755738493723209,0.0043312654869808
2025-10,FI,1.1103332422846446,1.9117459476564402,,-0.0200331194155038,,0.0066389418529583,0.000488417357386
2025-10,FR,0.8511935949178706,1.4303219677186618,,-0.14578015696789903,517.7585555600701,0.0250556770431979,0.0039912316152949
2025-10,GR,2.0234078628009575,2.6229776041253317,,-5.3923328779080775,101.23470970570014,0.1025446673559168,0.0035177119463892
2025-10,IE,3.229187246003146,1.661093546511816,,11.41145020260075,300.34198166534645,0.0067598816057223,0.0033953611382258
2025-10,IT,0.7054237874080216,1.9244358732764477,,0.9556032841991585,125.49232475326228,0.1005352895756724,0.0033732261853334
2025-10,NL,1.2749986391282775,2.5560411220154453,,9.344429061242163,80.83937156661538,0.0056234045739724,0.0036996895692729
2025-10,PT,2.0575086483258955,2.1345248550315556,,1.8990248054587653,160.3053774612186,0.0444560514108308,0.0033211027154787
2025-11,AT,0.6812071693208374,2.5340018978987486,,2.0964608830156104,,0.0247079297348751,0.0022107271281096
2025-11,BE,0.9938103049239218,1.4839522338259101,,-0.9252164856239493,223.3288637182309,0.0266084060506467,0.003589687921429
2025-11,DE,0.8187360040094719,1.8157766300893756,,5.146871708198848,848.5237483737576,0.0147833386627443,0.0015158212198185
2025-11,ES,2.1159281229078544,2.0795261474102307,,2.640716546859692,184.40093994140625,0.0749395587745174,0.0034574405396145
2025-11,FI,1.1773739986183696,1.9198430310132095,,-0.036972124227992,,0.0064263559653439,0.0012109215986538
2025-11,FR,0.8711763293161664,1.4622270388426006,,-0.15351956130343902,462.3048989567683,0.0251570871617782,0.0032579854628912
2025-11,GR,2.0299721417165224,2.5694433669254613,,-5.351160293125045,97.94386810495422,0.1013336045614182,0.0028433677981771
2025-11,IE,2.57541916922216,1.6600946743478597,,11.444477514240033,247.13327273466183,0.006757770276017,0.0024283484176468
2025-11,IT,0.7231913365677449,1.954199352713848,,0.9539686235554433,141.68063780033432,0.0988055700590486,0.0040201549947415
2025-11,NL,1.2574678421230465,2.520517058144523,,9.323694469052759,80.83937156661538,0.0058821741446002,0.0025450706141367
2025-11,PT,2.078342598584922,2.131412922996001,,1.9086448754472936,160.3053774612186,0.0435615003214,0.0028390177163666
2025-12,AT,0.7223539193424814,2.4312063932100316,,2.12680113813862,,0.024773949315269,0.0005753038367635
2025-12,BE,0.9866670875393316,1.3751978933223976,,-0.9268008098954417,223.3288637182309,0.0267321901815201,0.0032487499480305
2025-12,DE,0.8815400597973108,1.7859129075666076,,5.119636527064154,848.5237483737576,0.0146040770128348,0.0
2025-12,ES,2.036737032113219,2.0515560411305773,,2.639509497992716,184.40093994140625,0.0773061822916921,0.0011078201149256
2025-12,FI,1.2444147549520945,1.9279401143699784,,-0.053911129040480205,,0.0075599780492315,0.0012833219715004
2025-12,FR,0.8911590637144621,1.4941321099665394,,-0.161258965638979,462.3048989567683,0.0245513084594404,0.0016959312734332
2025-12,GR,2.0365364206320864,2.515909129725591,,-5.309987708342012,97.94386810495422,0.0974811134534024,0.0027329117882808
2025-12,IE,1.9216510924411732,1.6590958021839037,,11.477504825879317,247.13327273466183,0.0068965553579106,0.0032347888855948
2025-12,IT,0.740958885727468,1.9839628321512481,,0.9523339629117282,141.68063780033432,0.0987944917047311,0.0028277012211714
2025-12,NL,1.239937045117815,2.484992994273599,,9.302959876863355,80.83937156661538,0.0057794812724545,0.0016516452081872
2025-12,PT,2.099176548843949,2.1283009909604464,,1.9182649454358218,160.3053774612186,0.0435312433596964,0.0025541028895779
2026-01,AT,0.7635006693641255,2.328410888521315,,2.15714139326163,,0.0253545289367992,0.0012617914248962
2026-01,BE,0.9795238701547415,1.2664435528188855,,-0.928385134166934,223.3288637182309,0.0267944052414197,0.003494155498814
2026-01,DE,0.9443441155851495,1.7560491850438398,,5.09240134592946,848.5237483737576,0.0142560446123299,0.0005041340133599
2026-01,ES,1.9575459413185836,2.0235859348509244,,2.63830244912574,184.40093994140625,0.0763309371838828,0.0012894961423199
2026-01,FI,1.3114555112858195,1.9360371977267476,,-0.0708501338529684,,0.007215127132855,0.0010422518716894
2026-01,FR,0.9111417981127579,1.5260371810904783,,-0.168998369974519,462.3048989567683,0.0246241163933761,0.0028795072590372
2026-01,GR,2.043100699547651,2.4623748925257205,,-5.26881512355898,97.94386810495422,0.0989208845440914,0.0031119531126016
2026-01,IE,1.2678830156601872,1.6580969300199477,,11.5105321375186,247.13327273466183,0.0069495836421102,0.0033152307181646
2026-01,IT,0.7587264348871914,2.0137263115886483,,0.950699302268013,141.68063780033432,0.097391145071399,0.0025849628107978
2026-01,NL,1.2224062481125841,2.449468930402676,,9.28222528467395,80.83937156661538,0.0058750424052696,0.001605083148831
2026-01,PT,2.1200104991029756,2.1251890589248923,,1.92788501542435,160.3053774612186,0.044761774952625,0.0026909820989616
2026-02,AT,0.8298378292303196,2.3151580218404333,,2.162808412269126,,0.0261343742408885,0.0029352178252567
2026-02,BE,1.003012439284745,1.3176615445199307,,-0.9288141443302216,223.3288637182309,0.0271763452610076,0.0
2026-02,DE,0.9883591265558711,1.7773349837841197,,5.067837670507013,848.5237483737576,0.0145934481584304,0.0
2026-02,ES,1.9386972492786925,2.0632871069466616,,2.634241592638437,184.40093994140625,0.0768033286446818,0.0
2026-02,FI,1.3119326908003919,1.9413674312495244,,-0.08359321464109354,,0.0070542229492274,0.0
2026-02,FR,0.9339518654657097,1.5595410341186704,,-0.17674259885149052,462.3048989567683,0.0240425902521226,0.0
2026-02,GR,1.9956949844785723,2.4746343715295422,,-5.212103261725966,97.94386810495422,0.0964169928467335,0.0033233583566252
2026-02,IE,1.3735367716977993,1.6725053788921012,,11.47718765100991,247.13327273466183,0.0069727220709571,0.0021471595149143
2026-02,IT,0.7428226742805355,2.0125824522895854,,0.9883212067814953,141.68063780033432,0.1009426119533214,0.0016321253609074
2026-02,NL,1.2356725325494866,2.442157935312043,,9.279326806651197,80.83937156661538,0.0063754807152007,0.0
2026-02,PT,2.0654262908443908,2.1339084884006025,,1.8977976514715542,160.3053774612186,0.0426132738385958,0.0020901676613239
2026-03,AT,0.8961749890965135,2.3019051551595524,,2.168475431276622,,0.0255964834102461,0.0069084264892267
2026-03,BE,1.0265010084147486,1.3688795362209756,,-0.9292431544935091,223.3288637182309,0.0271558637988201,0.0
2026-03,DE,1.0323741375265927,1.7986207825243998,,5.043273995084567,848.5237483737576,0.0145822892888943,0.0004905468038409
2026-03,ES,1.9198485572388013,2.102988279042399,,2.6301807361511336,184.40093994140625,0.080110440133772,0.0
2026-03,FI,1.312409870314964,1.946697664772301,,-0.09633629542921865,,0.008455590623527,0.0
2026-03,FR,0.9567619328186616,1.5930448871468623,,-0.184486827728462,462.3048989567683,0.0240808896168539,0.0
2026-03,GR,1.9482892694094942,2.4868938505333635,,-5.155391399892954,97.94386810495422,0.0965410845336447,0.004864912326445
2026-03,IE,1.4791905277354116,1.6869138277642544,,11.443843164501216,247.13327273466183,0.0070556868130899,0.0
2026-03,IT,0.7269189136738796,2.011438592990522,,1.0259431112949775,141.68063780033432,0.1008042313896782,0.0
2026-03,NL,1.248938816986389,2.43484694022141,,9.276428328628441,80.83937156661538,0.0069574400826701,0.0
2026-03,PT,2.0108420825858064,2.142627917876313,,1.8677102875187586,160.3053774612186,0.0455172684131912,0.0
2026-04,AT,0.7623348635040367,2.4784849982994426,,0.5122369597940942,,0.0262770820178531,0.0090875075836813
2026-04,BE,0.760562173462715,2.6906436812977024,,-1.984234077501365,223.3288637182309,0.0279197617812551,0.0065201378754429
2026-04,DE,0.8886741008856338,2.562348020480335,,3.8724393794497773,848.5237483737576,0.0148229167574394,0.0039061120454387
2026-04,ES,2.0221202837074226,2.8468138299660923,,2.1451431017445897,184.40093994140625,0.079287782332681,0.0065251691648079
2026-04,FI,1.1615556510359326,2.430295374576005,,0.2034453896442355,,0.0086242785646468,0.0061424783401362
2026-04,FR,0.8626324670367895,1.81319383570094,,-0.30211562488794474,462.3048989567683,0.0243280325672567,0.0052639908567676
2026-04,GR,1.7667209750839374,3.2808628667305273,,-6.224428243976556,97.94386810495422,0.0970109239094205,0.0050522019201711
2026-04,IE,2.4746550256428375,2.939517595948238,,8.075006384285977,247.13327273466183,0.0072766453110018,0.0032729689661674
2026-04,IT,0.5155780650450356,2.5666782878899226,,0.746970760093985,141.68063780033432,0.1001860681760887,0.0083940832627124
2026-04,NL,1.280101525844755,2.62393814735382,,8.774503701635878,80.83937156661538,0.0068748295841296,0.0053695146506345
2026-04,PT,1.897510596588835,2.9028201193729526,,0.5560792959147545,160.3053774612186,0.0451976266231856,0.0038466116218954
2026-05,AT,0.7891915665972926,2.4876828288266504,,0.5369745246573427,,0.0262770820178531,0.0089549610652072
2026-05,BE,0.7937251137342967,2.63944682233624,,-1.9782364998065565,223.3288637182309,0.0279197617812551,0.0063736560642634
2026-05,DE,0.9213581031630933,2.5326660036580266,,3.868839791461923,848.5237483737576,0.0148229167574394,0.0043780451943234
2026-05,ES,1.99959998878668,2.7815091589591594,,2.12328952052213,184.40093994140625,0.079287782332681,0.006725735001542
2026-05,FI,1.19983248836808,2.4051936135676737,,0.22349368342525935,,0.0086242785646468,0.006368897235072
2026-05,FR,0.8641297661418497,1.8029630392078468,,-0.29117295958359196,462.3048989567683,0.0243280325672567,0.0053314348423983
2026-05,GR,1.7549130049853567,3.218824975756703,,-6.167857279604764,97.94386810495422,0.0970109239094205,0.0034125951795635
2026-05,IE,2.4609298917335267,2.874742587785163,,8.075532906648963,247.13327273466183,0.0072766453110018,0.0042728497026226
2026-05,IT,0.513832105472897,2.5433760627886,,0.7899551440145067,141.68063780033432,0.1001860681760887,0.0086654546708414
2026-05,NL,1.29591379894647,2.5950752222330933,,8.76762285482434,80.83937156661538,0.0068748295841296,0.0054603239868752
2026-05,PT,1.8866784467615767,2.8330295531668734,,0.5687726868411487,160.3053774612186,0.0451976266231856,0.0041383557562813
2026-06,AT,0.8160482696905486,2.4968806593538577,,0.561712089520591,,0.0262770820178531,0.0090744139177118
2026-06,BE,0.8268880540058783,2.5882499633747775,,-1.9722389221117482,223.3288637182309,0.0279197617812551,0.0072023366609532
2026-06,DE,0.954042105440553,2.5029839868357184,,3.8652402034740687,848.5237483737576,0.0148229167574394,0.0064263741603134
2026-06,ES,1.9770796938659374,2.7162044879522274,,2.10143593929967,184.40093994140625,0.079287782332681,0.0066480639357996
2026-06,FI,1.2381093257002274,2.3800918525593415,,0.24354197720628318,,0.0086242785646468,0.0071439268124454
2026-06,FR,0.8656270652469098,1.7927322427147534,,-0.28023029427923923,462.3048989567683,0.0243280325672567,0.0066337897576795
2026-06,GR,1.743105034886776,3.1567870847828794,,-6.111286315232972,97.94386810495422,0.0970109239094205,0.0035169300704323
2026-06,IE,2.447204757824216,2.8099675796220893,,8.076059429011949,247.13327273466183,0.0072766453110018,0.0044504087017741
2026-06,IT,0.5120861459007585,2.5200738376872778,,0.8329395279350282,141.68063780033432,0.1001860681760887,0.0094809156719421
2026-06,NL,1.311726072048185,2.566212297112367,,8.760742008012802,80.83937156661538,0.0068748295841296,0.0065183399116025
2026-06,PT,1.8758462969343186,2.7632389869607943,,0.5814660777675429,160.3053774612186,0.0451976266231856,0.0051133085285182
2026-07,AT,0.8429049727838045,2.506078489881065,,0.5864496543838396,,0.0262770820178531,0.0090744139177118
2026-07,BE,0.86005099427746,2.537053104413315,,-1.96624134441694,223.3288637182309,0.0279197617812551,0.0072023366609532
2026-07,DE,0.9867261077180125,2.4733019700134102,,3.861640615486215,848.5237483737576,0.0148229167574394,0.0064263741603134
2026-07,ES,1.9545593989451948,2.650899816945295,,2.07958235807721,184.40093994140625,0.079287782332681,0.0066480639357996
2026-07,FI,1.2763861630323752,2.3549900915510102,,0.26359027098730703,,0.0086242785646468,0.0071439268124454
2026-07,FR,0.8671243643519699,1.78250144622166,,-0.2692876289748865,462.3048989567683,0.0243280325672567,0.0066337897576795
2026-07,GR,1.731297064788195,3.094749193809055,,-6.05471535086118,97.94386810495422,0.0970109239094205,0.0035169300704323
2026-07,IE,2.433479623914905,2.745192571459015,,8.076585951374934,247.13327273466183,0.0072766453110018,0.0044504087017741
2026-07,IT,0.51034018632862,2.496771612585955,,0.87592391185555,141.68063780033432,0.1001860681760887,0.0094809156719421
2026-07,NL,1.3275383451498999,2.53734937199164,,8.753861161201264,80.83937156661538,0.0068748295841296,0.0065183399116025
2026-07,PT,1.86501414710706,2.693448420754715,,0.594159468693937,160.3053774612186,0.0451976266231856,0.0051133085285182
2026-08,AT,0.8697616758770603,2.5152763204082724,,0.6111872192470879,,0.0262770820178531,0.0090744139177118
2026-08,BE,0.8932139345490416,2.4858562454518527,,-1.9602437667221317,223.3288637182309,0.0279197617812551,0.0072023366609532
2026-08,DE,1.019410109995472,2.4436199531911016,,3.85804102749836,848.5237483737576,0.0148229167574394,0.0064263741603134
2026-08,ES,1.9320391040244522,2.5855951459383624,,2.05772877685475,184.40093994140625,0.079287782332681,0.0066480639357996
2026-08,FI,1.3146630003645225,2.329888330542678,,0.2836385647683308,,0.0086242785646468,0.0071439268124454
2026-08,FR,0.8686216634570301,1.7722706497285665,,-0.2583449636705337,462.3048989567683,0.0243280325672567,0.0066337897576795
2026-08,GR,1.7194890946896142,3.0327113028352306,,-5.998144386489388,97.94386810495422,0.0970109239094205,0.0035169300704323
2026-08,IE,2.419754490005594,2.680417563295941,,8.07711247373792,247.13327273466183,0.0072766453110018,0.0044504087017741
2026-08,IT,0.5085942267564815,2.4734693874846325,,0.9189082957760716,141.68063780033432,0.1001860681760887,0.0094809156719421
2026-08,NL,1.3433506182516148,2.508486446870913,,8.746980314389727,80.83937156661538,0.0068748295841296,0.0065183399116025
2026-08,PT,1.8541819972798015,2.623657854548636,,0.6068528596203311,160.3053774612186,0.0451976266231856,0.0051133085285182
2026-09,AT,0.8966183789703163,2.52447415093548,,0.6359247841103364,,0.0262770820178531,0.0090744139177118
2026-09,BE,0.9263768748206234,2.4346593864903903,,-1.9542461890273235,223.3288637182309,0.0279197617812551,0.0072023366609532
2026-09,DE,1.0520941122729317,2.4139379363687934,,3.8544414395105067,848.5237483737576,0.0148229167574394,0.0064263741603134
2026-09,ES,1.90951880910371,2.52029047493143,,2.03587519563229,184.40093994140625,0.079287782332681,0.0066480639357996
2026-09,FI,1.3529398376966701,2.304786569534347,,0.30368685854935473,,0.0086242785646468,0.0071439268124454
2026-09,FR,0.8701189625620903,1.7620398532354735,,-0.247402298366181,462.3048989567683,0.0243280325672567,0.0066337897576795
2026-09,GR,1.7076811245910335,2.970673411861407,,-5.941573422117597,97.94386810495422,0.0970109239094205,0.0035169300704323
2026-09,IE,2.4060293560962833,2.615642555132867,,8.077638996100907,247.13327273466183,0.0072766453110018,0.0044504087017741
2026-09,IT,0.5068482671843431,2.45016716238331,,0.9618926796965933,141.68063780033432,0.1001860681760887,0.0094809156719421
2026-09,NL,1.3591628913533302,2.479623521750187,,8.74009946757819,80.83937156661538,0.0068748295841296,0.0065183399116025
2026-09,PT,1.8433498474525436,2.553867288342557,,0.6195462505467254,160.3053774612186,0.0451976266231856,0.0051133085285182
2026-10,AT,0.9234750820635722,2.5336719814626876,,0.6606623489735848,,0.0262770820178531,0.0090744139177118
2026-10,BE,0.9595398150922051,2.383462527528928,,-1.948248611332515,223.3288637182309,0.0279197617812551,0.0072023366609532
2026-10,DE,1.0847781145503914,2.384255919546485,,3.8508418515226523,848.5237483737576,0.0148229167574394,0.0064263741603134
2026-10,ES,1.8869985141829675,2.4549858039244974,,2.01402161440983,184.40093994140625,0.079287782332681,0.0066480639357996
2026-10,FI,1.3912166750288177,2.279684808526015,,0.32373515233037853,,0.0086242785646468,0.0071439268124454
2026-10,FR,0.8716162616671506,1.7518090567423799,,-0.23645963306182827,462.3048989567683,0.0243280325672567,0.0066337897576795
2026-10,GR,1.6958731544924526,2.9086355208875827,,-5.885002457745804,97.94386810495422,0.0970109239094205,0.0035169300704323
2026-10,IE,2.392304222186972,2.5508675469697923,,8.07816551846389,247.13327273466183,0.0072766453110018,0.0044504087017741
2026-10,IT,0.5051023076122045,2.4268649372819873,,1.004877063617115,141.68063780033432,0.1001860681760887,0.0094809156719421
2026-10,NL,1.374975164455045,2.45076059662946,,8.733218620766653,80.83937156661538,0.0068748295841296,0.0065183399116025
2026-10,PT,1.832517697625285,2.4840767221364777,,0.6322396414731195,160.3053774612186,0.0451976266231856,0.0051133085285182
2026-11,AT,0.9503317851568281,2.5428698119898954,,0.6853999138368332,,0.0262770820178531,0.0090744139177118
2026-11,BE,0.9927027553637868,2.3322656685674654,,-1.9422510336377068,223.3288637182309,0.0279197617812551,0.0072023366609532
2026-11,DE,1.117462116827851,2.354573902724177,,3.847242263534798,848.5237483737576,0.0148229167574394,0.0064263741603134
2026-11,ES,1.864478219262225,2.389681132917565,,1.9921680331873701,184.40093994140625,0.079287782332681,0.0066480639357996
2026-11,FI,1.4294935123609651,2.2545830475176833,,0.3437834461114024,,0.0086242785646468,0.0071439268124454
2026-11,FR,0.8731135607722107,1.7415782602492866,,-0.22551696775747548,462.3048989567683,0.0243280325672567,0.0066337897576795
2026-11,GR,1.6840651843938717,2.8465976299137585,,-5.828431493374014,97.94386810495422,0.0970109239094205,0.0035169300704323
2026-11,IE,2.378579088277662,2.4860925388067185,,8.078692040826878,247.13327273466183,0.0072766453110018,0.0044504087017741
2026-11,IT,0.503356348040066,2.403562712180665,,1.0478614475376367,141.68063780033432,0.1001860681760887,0.0094809156719421
2026-11,NL,1.3907874375567602,2.4218976715087335,,8.726337773955116,80.83937156661538,0.0068748295841296,0.0065183399116025
2026-11,PT,1.8216855477980267,2.4142861559303985,,0.6449330323995137,160.3053774612186,0.0451976266231856,0.0051133085285182
2026-12,AT,0.977188488250084,2.5520676425171023,,0.7101374787000816,,0.0262770820178531,0.0090744139177118
2026-12,BE,1.0258656956353684,2.2810688096060026,,-1.9362534559428983,223.3288637182309,0.0279197617812551,0.0072023366609532
2026-12,DE,1.1501461191053106,2.3248918859018683,,3.8436426755469437,848.5237483737576,0.0148229167574394,0.0064263741603134
2026-12,ES,1.8419579243414823,2.3243764619106324,,1.97031445196491,184.40093994140625,0.079287782332681,0.0066480639357996
2026-12,FI,1.4677703496931125,2.229481286509351,,0.3638317398924262,,0.0086242785646468,0.0071439268124454
2026-12,FR,0.8746108598772708,1.7313474637561932,,-0.21457430245312276,462.3048989567683,0.0243280325672567,0.0066337897576795
2026-12,GR,1.6722572142952907,2.7845597389399344,,-5.771860529002222,97.94386810495422,0.0970109239094205,0.0035169300704323
2026-12,IE,2.3648539543683507,2.421317530643644,,8.079218563189864,247.13327273466183,0.0072766453110018,0.0044504087017741
2026-12,IT,0.5016103884679275,2.3802604870793425,,1.0908458314581582,141.68063780033432,0.1001860681760887,0.0094809156719421
2026-12,NL,1.406599710658475,2.393034746388007,,8.719456927143577,80.83937156661538,0.0068748295841296,0.0065183399116025
2026-12,PT,1.8108533979707684,2.3444955897243194,,0.6576264233259079,160.3053774612186,0.0451976266231856,0.0051133085285182
2027-01,AT,1.00404519134334,2.56126547304431,,0.73487504356333,,0.0262770820178531,0.0090744139177118
2027-01,BE,1.05902863590695,2.22987195064454,,-1.93025587824809,223.3288637182309,0.0279197617812551,0.0072023366609532
2027-01,DE,1.18283012138277,2.29520986907956,,3.84004308755909,848.5237483737576,0.0148229167574394,0.0064263741603134
2027-01,ES,1.81943762942074,2.2590717909037,,1.94846087074245,184.40093994140625,0.079287782332681,0.0066480639357996
2027-01,FI,1.50604718702526,2.20437952550102,,0.38388003367345,,0.0086242785646468,0.0071439268124454
2027-01,FR,0.876108158982331,1.7211166672631,,-0.20363163714877,462.3048989567683,0.0243280325672567,0.0066337897576795
2027-01,GR,1.66044924419671,2.72252184796611,,-5.71528956463043,97.94386810495422,0.0970109239094205,0.0035169300704323
2027-01,IE,2.35112882045904,2.35654252248057,,8.07974508555285,247.13327273466183,0.0072766453110018,0.0044504087017741
2027-01,IT,0.499864428895789,2.35695826197802,,1.13383021537868,141.68063780033432,0.1001860681760887,0.0094809156719421
2027-01,NL,1.42241198376019,2.36417182126728,,8.71257608033204,80.83937156661538,0.0068748295841296,0.0065183399116025
2027-01,PT,1.80002124814351,2.27470502351824,,0.670319814252302,160.3053774612186,0.0451976266231856,0.0051133085285182
2027-02,AT,1.0303009981347473,2.5224346257366874,,0.8078202327209933,,0.0262770820178531,0.0090744139177118
2027-02,BE,1.06606807580025,2.217636747846038,,-1.8779400101737342,223.3288637182309,0.0279197617812551,0.0072023366609532
2027-02,DE,1.1839497348940484,2.267728303081666,,3.83984646628108,848.5237483737576,0.0148229167574394,0.0064263741603134
2027-02,ES,1.819915178440365,2.279149141661705,,1.9264676811822192,184.40093994140625,0.079287782332681,0.0066480639357996
2027-02,FI,1.4955770333431384,2.1873478983759522,,0.39605633104167925,,0.0086242785646468,0.0071439268124454
2027-02,FR,0.9044957707643893,1.7322963335028632,,-0.16814872786349258,462.3048989567683,0.0243280325672567,0.0066337897576795
2027-02,GR,1.6551695381370508,2.701076464771171,,-5.654845032272638,97.94386810495422,0.0970109239094205,0.0035169300704323
2027-02,IE,2.368563174993101,2.315793386856464,,8.070711644499857,247.13327273466183,0.0072766453110018,0.0044504087017741
2027-02,IT,0.5278032890515378,2.3522117401464797,,1.1609742928735507,141.68063780033432,0.1001860681760887,0.0094809156719421
2027-02,NL,1.4186405544960559,2.3596575028283535,,8.711639891077276,80.83937156661538,0.0068748295841296,0.0065183399116025
2027-02,PT,1.7966861441315694,2.284774343507001,,0.6770804345953135,160.3053774612186,0.0451976266231856,0.0051133085285182
2027-03,AT,1.056556804926155,2.483603778429065,,0.8807654218786567,,0.0262770820178531,0.0090744139177118
2027-03,BE,1.0731075156935501,2.205401545047537,,-1.8256241420993784,223.3288637182309,0.0279197617812551,0.0072023366609532
2027-03,DE,1.1850693484053267,2.2402467370837718,,3.83964984500307,848.5237483737576,0.0148229167574394,0.0064263741603134
2027-03,ES,1.8203927274599898,2.29922649241971,,1.9044744916219885,184.40093994140625,0.079287782332681,0.0066480639357996
2027-03,FI,1.4851068796610167,2.170316271250885,,0.40823262840990854,,0.0086242785646468,0.0071439268124454
2027-03,FR,0.9328833825464475,1.7434759997426266,,-0.1326658185782152,462.3048989567683,0.0243280325672567,0.0066337897576795
2027-03,GR,1.6498898320773918,2.6796310815762316,,-5.594400499914846,97.94386810495422,0.0970109239094205,0.0035169300704323
2027-03,IE,2.3859975295271614,2.2750442512323583,,8.061678203446865,247.13327273466183,0.0072766453110018,0.0044504087017741
2027-03,IT,0.5557421492072865,2.34746521831494,,1.1881183703684215,141.68063780033432,0.1001860681760887,0.0094809156719421
2027-03,NL,1.4148691252319217,2.355143184389427,,8.710703701822514,80.83937156661538,0.0068748295841296,0.0065183399116025
2027-03,PT,1.7933510401196282,2.294843663495762,,0.683841054938325,160.3053774612186,0.0451976266231856,0.0051133085285182
2027-04,AT,1.0828126117175625,2.4447729311214426,,0.95371061103632,,0.0262770820178531,0.0090744139177118
2027-04,BE,1.0801469555868501,2.193166342249035,,-1.7733082740250226,223.3288637182309,0.0279197617812551,0.0072023366609532
2027-04,DE,1.186188961916605,2.2127651710858776,,3.8394532237250596,848.5237483737576,0.0148229167574394,0.0064263741603134
2027-04,ES,1.820870276479615,2.319303843177715,,1.8824813020617577,184.40093994140625,0.079287782332681,0.0066480639357996
2027-04,FI,1.474636725978895,2.1532846441258173,,0.42040892577813777,,0.0086242785646468,0.0071439268124454
2027-04,FR,0.9612709943285058,1.75465566598239,,-0.09718290929293776,462.3048989567683,0.0243280325672567,0.0066337897576795
2027-04,GR,1.6446101260177326,2.658185698381293,,-5.533955967557052,97.94386810495422,0.0970109239094205,0.0035169300704323
2027-04,IE,2.4034318840612223,2.2342951156082527,,8.052644762393873,247.13327273466183,0.0072766453110018,0.0044504087017741
2027-04,IT,0.5836810093630354,2.3427186964834,,1.2152624478632923,141.68063780033432,0.1001860681760887,0.0094809156719421
2027-04,NL,1.4110976959677877,2.3506288659505,,8.70976751256775,80.83937156661538,0.0068748295841296,0.0065183399116025
2027-04,PT,1.7900159361076875,2.3049129834845226,,0.6906016752813364,160.3053774612186,0.0451976266231856,0.0051133085285182
