date,spread_stdev,spread_skew,spread_kurt,gdp_growth_stdev,gdp_growth_skew,gdp_growth_kurt,inflation_stdev,inflation_skew,inflation_kurt,debt_gdp_stdev,debt_gdp_skew,debt_gdp_kurt,current_account_stdev,current_account_skew,current_account_kurt,policy_uncertainty_stdev,policy_uncertainty_skew,policy_uncertainty_kurt,bank_nexus_stdev,bank_nexus_skew,bank_nexus_kurt,bid_ask_stdev,bid_ask_skew,bid_ask_kurt,vstoxx
1990-04-01,,,,0.7848310796067179,-1.1720291557279883,4.23130749929902,3.1908659006815396,1.2907827007139923,3.5131448871730595,,,,2.771113493687919,0.20965719555696039,2.119786085285482,,,,,,,,,,
1990-05-01,,,,0.7621819565769984,-0.9680344014086203,3.5578308196594657,2.9650096765672282,1.2192954824071762,3.269620901319439,,,,2.780025652954247,0.21044647655255586,2.1177439443245416,,,,,,,,,,
1990-06-01,,,,0.7463723349580311,-0.8065402054213845,3.186139622449871,2.753461753475369,1.1806320325332123,3.243882537217164,,,,2.7892120196695225,0.21136505299165195,2.1157788762649044,,,,,,,,,,
1990-07-01,,,,0.7378419924984831,-0.7032195750956358,3.1491626830100095,2.559772047131398,1.1934452669460407,3.52467691266617,,,,2.798669893655738,0.21240515736220109,2.1138896258990023,,,,,,,,,,
1990-08-01,,,,0.736843786322329,-0.6641467398571786,3.4042854730344922,2.3882894084277453,1.2762696736113703,4.171817126178198,,,,2.8083965318383974,0.2135590411536758,2.1120752439768875,,,,,,,,,,
1990-09-01,,,,0.7434080582249478,-0.6832466883503113,3.842570299120983,2.2441104525513667,1.4372794299244007,5.150719044224015,,,,2.8183891515952317,0.21481899723215175,2.110335068163976,,,,,,,,,,
1990-10-01,,,,0.9700977031679359,-1.0512102339859453,3.6105861081079778,3.339422576327297,1.3184771413757508,3.5868856829745583,,,,2.7787722771270245,-0.18615095504208307,1.6151040859153274,,,,,,,,,,
1990-11-01,,,,0.9746699150511763,-1.0020031578430584,3.698093098498802,3.144806548403806,1.247937719412927,3.293177915140458,,,,2.7701660441251326,-0.18988546091411876,1.604193759177091,,,,,,,,,,
1990-12-01,,,,0.9808621126045638,-0.9476325903023214,3.8122135204833225,2.9595873443163856,1.1922264727840755,3.1064946709523986,,,,2.76192620039672,-0.19363277394156406,1.59401702543977,,,,,,,,,,
1991-01-01,,,,0.9886438568075799,-0.8886010300309947,3.950501295964035,2.785639999811029,1.1603047055414568,3.074602581112565,,,,2.75405603453736,-0.19739658453168288,1.5845962613686178,,,,,,,,,,
1991-02-01,,,,0.9773048295903499,-0.8649430039546873,3.894595157928858,2.727858950158145,1.162666833049946,3.105042637048058,,,,2.749852018163657,-0.18864523422312818,1.5794855828339458,,,,,,,,,,
1991-03-01,,,,0.966292717959122,-0.8403737332359166,3.8380092431282993,2.6704249020657245,1.1660510962352568,3.1421657180621207,,,,2.745740611501043,-0.18005446156255292,1.5749292755841167,,,,,,,,,,
1991-04-01,,,,0.9287823528860953,0.34888356103728607,3.413637389698135,2.5826380293916253,1.1890959146772242,3.2422488469845803,,,,2.5731688380218896,0.15224037831002432,2.294204464571264,,,,,,,,,,
1991-05-01,,,,0.9171018320505147,0.3895509561851905,3.448744989652716,2.524016903558447,1.1860954614079666,3.2631209418101585,,,,2.56617690878622,0.13996129132515125,2.241329936908984,,,,,,,,,,
1991-06-01,,,,0.9067077285876777,0.42701554933423197,3.467690993592204,2.46604278699672,1.1838011995116564,3.29073636014694,,,,2.5594870165582138,0.1278854206888855,2.189937955340853,,,,,,,,,,
1991-07-01,,,,0.8976447310730891,0.4601093255948832,3.4689712415758263,2.408762396835598,1.1823074281119474,3.3256274942019086,,,,2.5531015356217868,0.1160356031552135,2.140121714747524,,,,,,,,,,
1991-08-01,,,,0.889953507088077,0.48765969601607506,3.451742404663137,2.352226413587913,1.1817139941019876,3.36830194100938,,,,2.5470227554893135,0.10443468682510018,2.091972082666686,,,,,,,,,,
1991-09-01,,,,0.8836698759977587,0.5085411092922588,3.415957803935499,2.2964898163094456,1.1821249251000223,3.4192191104241965,,,,2.5412528770841,0.09310545372961768,2.045577187387218,,,,,,,,,,
1991-10-01,,,,1.2439215022566101,-0.4105891553986918,3.6800371928994693,3.594977832856795,1.8773603561928685,6.418337716287148,,,,2.569217633211495,0.057008750802272155,2.5558992684904487,,,,,,,,,,
1991-11-01,,,,1.1754709443806077,-0.20831415874686424,3.386946611623686,3.4891844053567356,1.816647583791586,6.15183898081738,,,,2.5740609110091794,0.0320682943342074,2.523697221799335,,,,,,,,,,
1991-12-01,,,,1.1128079302843026,-0.00233425517672218,3.1327705379704045,3.385127731544462,1.750265507042369,5.8688143989646395,,,,2.5794618003003005,0.007636380517980255,2.4929403977849898,,,,,,,,,,
1992-01-01,,,,1.0569623217684387,0.192783340360517,2.9382167593107695,3.28297295931476,1.6777927467613907,5.569840458941803,,,,2.5854168065660246,-0.01621653027741298,2.463766851297256,,,,,,,,,,
1992-02-01,,,,1.0154596912107907,0.28633640347562034,3.0059136004849916,3.1599105975037713,1.6151662485308043,5.256157189530239,,,,2.597726924330145,-0.029550735136490945,2.471406088684903,,,,,,,,,,
1992-03-01,,,,0.9745760359157724,0.3884547550854807,3.097032374127779,3.0384369766114534,1.548896299345876,4.928656791571732,,,,2.610180164529196,-0.04300494155675825,2.48015699482724,,,,,,,,,,
1992-04-01,,,,0.8419787203484841,0.24908014816661095,1.8499418411440418,3.140295453404617,1.5586852241083837,4.30983840002719,,,,2.775193671477584,0.3747621287135992,3.605457557606292,,,,,,,,,,
1992-05-01,,,,0.8003874838567978,0.2878967103374647,1.7958952662701566,3.0291672497424678,1.5282562345963164,4.160048363062768,,,,2.798005288121833,0.375489341392088,3.634358693914289,,,,,,,,,,
1992-06-01,,,,0.7595867369446101,0.3266801597177734,1.7428259798587182,2.920763642284317,1.5016176302068884,4.041809762412862,,,,2.820930267716289,0.3759672815626788,3.6629256804224073,,,,,,,,,,
1992-07-01,,,,0.7197109318346525,0.3641510049375612,1.6931202374733232,2.815399370641133,1.4801806938177102,3.9649269625730312,,,,2.8439658688334664,0.37620940958114635,3.691139869051885,,,,,,,,,,
1992-08-01,,,,0.6809225856843393,0.39842257398868003,1.650213089675209,2.713428516335375,1.4656037533886332,3.9404922219450054,,,,2.8671094251306717,0.37622861409072483,3.718984739646603,,,,,,,,,,
1992-09-01,,,,0.643418400281176,0.4268021769813651,1.618858122596464,2.6152480466021677,1.4597726884627646,3.980500298538236,,,,2.8903583433664792,0.37603722873843076,3.7464457588480564,,,,,,,,,,
1992-10-01,,,,0.602326994796487,0.38404909271319054,2.8294914720930606,2.913267014847916,2.294004283525743,8.810557570293145,,,,2.63343694526578,-0.17797430208536777,3.410045546302414,,,,,,,,,,
1992-11-01,,,,0.5782827070445038,0.2551476043587131,3.1581851693561043,2.8294003664143537,2.313905353838142,8.940495537839915,,,,2.642822575706684,-0.21573069221888208,3.5145254641456387,,,,,,,,,,
1992-12-01,,,,0.569060710373703,0.006426239890993702,3.3090616949051515,2.745990619089683,2.3343163155554945,9.074437689165647,,,,2.653374103706076,-0.2547135249411416,3.616847197720923,,,,,,,,,,
1993-01-01,,,,0.5753741540367274,-0.2568483496068472,3.152826291218659,2.6630807047082645,2.3551676418044156,9.21199531983958,,,,2.6650776812975083,-0.2946667496579102,3.71638993697705,42.7144182048209,0.4637622268611768,1.5000000000000002,,,,,,,
1993-02-01,,,,0.5756703756549201,-0.18694348965797045,3.1419936278255154,2.5614928512621304,2.2513831598235376,8.631352155302075,,,,2.6620597905967656,-0.3301289955314027,3.7868245913171226,28.634254592929672,1.2086217320021526,1.4999999999999996,,,,,,,
1993-03-01,,,,0.5766654662072955,-0.11908150003859752,3.147648521222103,2.4653639432886756,2.135980868521873,7.977648616479464,,,,2.6598483403716697,-0.36642351478807156,3.856577416639424,22.532291035776797,-1.699444314041122,1.4999999999999991,,,,,,,
1993-04-01,,,,0.7389101453335968,0.03325543896821325,2.6114142019025968,2.960470263404974,2.1690452446179367,8.27728704347404,,,,2.7959520954420545,1.2701003785397238,3.948203049283737,51.495437009666425,1.221252285964108,1.4999999999999998,,,,,,,
1993-05-01,,,,0.6644416658937573,0.03892117921435245,2.808645164080054,2.8738687971527748,2.1616998701915815,8.20116545208234,,,,2.792105230940116,1.2905977171450045,4.004692764019577,43.09394022192705,-0.042195954741035574,1.5,,,,,,,
1993-06-01,,,,0.5916826940708965,0.0401290931327555,3.0769429537197257,2.789008312429207,2.1487503330588456,8.099801465794904,,,,2.7889421791416873,1.3092288707169562,4.060098653812124,32.74569218086892,-0.09663891538038832,1.5000000000000002,,,,,,,
1993-07-01,,,,0.5213494529956698,0.03401266528525559,3.431654115915266,2.7060526031763974,2.1291929784640677,7.969866894530165,,,,2.7864652687345792,1.3259848095310718,4.114021146567298,9.070538091308215,-1.4808489398579034,1.4999999999999978,,,,,,,
1993-08-01,,,,0.4545693042907126,0.0176390094100416,3.86573425993021,2.6251822482113445,2.1019061781830177,7.80797549827743,,,,2.7846763306439457,1.3408642517553695,4.166070746845403,29.685698210805803,-0.22951915186320873,1.4999999999999998,,,,,,,
1993-09-01,,,,0.39315698042431924,-0.0075526576814738565,4.292064991849358,2.546595924424966,2.0656567635609107,7.610842313459154,,,,2.783576691300108,1.353873690421859,4.215871633268955,60.73056303410222,1.0586045618286788,1.4999999999999996,,,,,,,
1993-10-01,,,,0.6119086968779363,1.9337770363322422,7.184611918399538,2.411862710537001,2.323452764558296,9.020340443111971,,,,2.7592435927084153,1.585854004624915,5.542465909246076,8.09824207829146,-1.725092500131236,1.5000000000000038,,,,,,,
1993-11-01,,,,0.5473143521180016,2.046552818545778,7.7345640884100515,2.29987614006087,2.257995835365063,8.705666473459278,,,,2.7838745674953187,1.6240111333374563,5.72026899369366,24.635545225261428,1.0075639134379586,1.4999999999999993,,,,,,,
1993-12-01,,,,0.48978608555887665,2.06839790554289,8.002460047001941,2.1912277433984517,2.1740412948097005,8.317121685417911,,,,2.8095778632465027,1.6593007028514886,5.891527806023132,33.17436123414417,-0.35755371625333304,1.5,,,,,,,
1994-01-01,,,,0.44209103364926106,1.9179651200695622,7.624158190157246,2.086439077934523,2.0680421215175007,7.845625038886401,,,,2.8363243273989416,1.6917822505298437,6.055558079567433,23.756528892745187,0.9758564053397274,1.5000000000000002,,,,,,,
1994-02-01,,,,0.4392007353433079,1.920611828199567,7.865622197172666,2.0699423491196924,2.103842166644587,7.9651282835517145,,,,2.8322073573155424,1.6984234089782835,6.1055064744223095,25.355093483045838,-0.9498427693510185,1.4999999999999993,,,,,,,
1994-03-01,,,,0.4503723834308821,1.6939436100943894,7.184621419394268,2.054141770067247,2.1379293116779414,8.076824341191026,,,,2.8283145090276376,1.7044595851957547,6.154194161618728,18.67455492185808,1.1610263295895986,1.5000000000000002,,,,,,,
1994-04-01,,,,0.8637226346880624,1.9809931421350908,8.44537772030683,2.4929428130742903,2.5241715199068513,9.883002673200517,,,,2.2953055367217585,0.91727630503114,3.6798884259105034,26.443276348622145,1.7320444531984938,1.5000000000000007,,,,,,,
1994-05-01,,,,0.8530866587759703,1.6252043799213884,7.1982492464825185,2.446192469098084,2.5235490154643543,9.86271988441724,,,,2.30198156200001,0.8947308391669481,3.586702354174195,18.779104890988073,-1.3413584697895742,1.5000000000000002,,,,,,,
1994-06-01,,,,0.8494934990770835,1.254313975879016,5.98332398024108,2.4002306665568973,2.519979553435804,9.828302972315562,,,,2.3090405238399305,0.8719157499899292,3.494187410656152,29.034569938742994,-1.4141441655425488,1.4999999999999996,,,,,,,
1994-07-01,,,,0.853032157922855,0.8981577970842577,4.922860478557444,2.3551035730266103,2.513145898776327,9.778240104049402,,,,2.31647892149842,0.8488658162735987,3.402594423832579,10.642188361109351,-1.7299781397070966,1.5000000000000064,,,,,,,
1994-08-01,,,,0.8636149719698217,0.5836785519343728,4.106571631350487,2.310860090286692,2.5027146747894227,9.710959748616956,,,,2.32429311207139,0.8256155210936225,3.312164252134023,27.142756832205603,-1.7320319995526179,1.4999999999999998,,,,,,,
1994-09-01,,,,0.8809881253762543,0.32980337478835725,3.573241638168132,2.267551940810064,2.4883391912673534,9.624851398465879,,,,2.3324793186570947,0.8021989207930785,3.2231267790177633,25.884339977332807,-0.5571685652675722,1.5000000000000002,,,,,,,
1994-10-01,,,,1.2124143907191038,0.7267795756165458,4.178287436117758,2.2791219544502876,2.6554844166257507,10.57718794952747,,,,2.791902815974989,0.8533380524321299,3.0358050566190147,62.36257972906489,0.5854584873030353,1.5000000000000002,,,,,,,
1994-11-01,,,,1.2193794407229965,0.6249866701155322,3.9503796529916473,2.2390025113238994,2.688049117527623,10.734911818278984,,,,2.781401917353383,0.8382179230228455,3.0162842503454548,12.984069141833555,0.714766014324237,1.4999999999999991,,,,,,,
1994-12-01,,,,1.2298969363205543,0.5323150845496425,3.7316778574800242,2.2002633021842564,2.714999586204737,10.873048034619053,,,,2.771207259653503,0.8231015296405535,2.996489797524518,7.791654890140403,-1.5802113148047174,1.4999999999999962,,,,,,,
1995-01-01,,,,1.2438767685591081,0.4516218046795207,3.528817019154085,2.162978488781019,2.735680100446597,10.987510238733487,,,,2.7613222347539765,0.8080032754976006,2.9764219180121043,48.42211954947216,-0.28908380819356494,1.5,,,,,,,
1995-02-01,,,,1.2247978918473719,0.37401125837783455,3.4769404738292056,2.1319969588992937,2.7405624623842058,11.013546536703533,,,,2.7522635447986596,0.8054238680835788,2.9886930947266777,39.50265477058522,0.6579793033438488,1.5000000000000002,,,,,,,
1995-03-01,,,,1.2072531995668112,0.2933880290222472,3.415716445734008,2.101188088398466,2.7446926701616183,11.036703445804733,,,,2.7433491046637637,0.8028687962862445,3.001106580997975,26.237641161026335,-0.08876014215178565,1.5,,,,,,,
1995-04-01,,,,1.1124035593843105,1.3401805453855606,4.6670364442429,1.898955664789115,1.915571155578547,6.891016050500108,,,,3.008397361740422,0.9077028356186903,2.75575514278595,8.057814205879595,1.618351718498978,1.499999999999998,,,,,,,
1995-05-01,,,,1.0832876649824639,1.2946629410981618,4.43026078890309,1.8591045023752057,1.9328075128569144,6.990780078021453,,,,3.0127631414249705,0.9035429108860236,2.7448363617280305,34.21749292159275,-0.0777191989899016,1.5,,,,,,,
1995-06-01,,,,1.0554933343850774,1.2460928899971968,4.172676878368334,1.8194832420992595,1.9500841954182282,7.092723240433348,,,,3.0173609391888254,0.8990507037754357,2.734074849047852,28.747123014304204,-0.9837739210031267,1.4999999999999993,,,,,,,
1995-07-01,,,,1.0291276502044793,1.1953775498838202,3.8973570855967026,1.7801072353708016,1.9673411993040812,7.196630638720791,,,,3.022189696092484,0.8942351961163761,2.7234682152242993,20.266041808807937,-1.717575107103346,1.5,,,,,,,
1995-08-01,,,,1.0043031362867245,1.1437502833512214,3.609201115888692,1.7409931229531332,1.9845076476020027,7.302221842554184,,,,3.0272483069289473,0.8891056455632155,2.713013975827544,27.618380350168394,-0.5623218089717101,1.5000000000000002,,,,,,,
1995-09-01,,,,0.9811367826919974,1.0927942659644143,3.3152246480260295,1.7021589592432034,2.001500203948317,7.409138476744513,,,,3.03253562143172,0.8836715618789812,2.7027095659236884,28.124879575836044,0.9102295976925586,1.5000000000000002,,,,,,,
1995-10-01,,,,0.9597848946480432,1.6235797464158293,4.655959206987652,1.7804953958570833,2.0494655106678823,7.703882043916208,,,,2.90144675882608,1.022903892529322,3.051738340493694,55.1007555558082,0.1405810966630346,1.4999999999999998,,,,,,,
1995-11-01,,,,0.9307162922921816,1.5906369069704762,4.506666792022047,1.7206419161364686,2.0854082982973607,7.905727642277458,,,,2.8978144927680085,1.0309114875269991,3.071045861637879,27.800413862022754,0.9072784828598348,1.4999999999999993,,,,,,,
1995-12-01,,,,0.9030095557703656,1.546260191923583,4.334055457391594,1.6616488586454898,2.1204433982560715,8.110255203225487,,,,2.8946279757876456,1.0382535416270644,3.088797543804073,43.46881414422383,1.6264132082823397,1.5000000000000007,,,,,,,
1996-01-01,,,,0.8767937997146298,1.4888764800205292,4.139327862495596,1.6036111848838286,2.1539754875042423,8.314538458905535,,,,2.8918886813725884,1.0449026967592832,3.1049494684747185,15.021448588461617,-1.7273817092282806,1.500000000000002,,,,,,,
1996-02-01,,,,0.8573114777228051,1.4527144711847682,4.074534831207709,1.5513425262909475,2.1367520977055423,8.244640180680491,,,,2.8943209788516446,1.0483410851896298,3.1175534400614575,50.8765477972551,-1.2764034475565857,1.5,,,,,,,
1996-03-01,,,,0.8383241572203738,1.4122954572928017,4.000853873824773,1.499390867521406,2.1164100814768294,8.163916216132368,,,,2.8968527530894566,1.0516178510069891,3.1298247551856275,32.207437238928,0.9532785439846966,1.4999999999999998,,,,,,,
1996-04-01,,,,1.1445437219641887,2.1151751215400005,8.624482100009647,1.5908991690175576,1.8753872648029308,6.773182681910064,,,,2.9573159295314513,0.4830023082843633,2.0416586105877186,12.277604508017365,0.44594043603468225,1.4999999999999996,,,,,,,
1996-05-01,,,,1.0779299969105194,2.1363645461574037,8.77812407094522,1.548575226474622,1.8418384140421065,6.621637878755968,,,,2.951203259756444,0.48816529698171174,2.0395743637219,37.22953946289251,0.32376375238516353,1.5000000000000002,,,,,,,
1996-06-01,,,,1.01323929635199,2.138076255624575,8.905620277066685,1.5065711560244,1.8054279990242477,6.4593312418714515,,,,2.9452916114974914,0.4932408873185007,2.0377260790775478,41.291842903061486,-1.232420457164848,1.5000000000000002,,,,,,,
1996-07-01,,,,0.9508641920825125,2.111283804257053,8.989929324224331,1.4649144733813189,1.7659201192189236,6.285550151945852,,,,2.9395821975481082,0.4982260157293839,2.036112571326485,40.054773311703556,-1.3178424457164604,1.4999999999999993,,,,,,,
1996-08-01,,,,0.8912909730150262,2.0441825716704862,9.008558401696462,1.4236356733810223,1.723068202799951,6.099584620297465,,,,2.934076198490742,0.5031176757808561,2.034732199964621,3.943807429729918,-0.8066535844195818,1.5,,,,,,,
1996-09-01,,,,0.8351194717236001,1.9222226246246645,8.934013852597761,1.3827685984168154,1.676618315886058,5.900748146831738,,,,2.9287747615652955,0.5079129243993153,2.0335828657846835,11.778364780380256,1.7297875217071461,1.5000000000000016,,,,,,,
1996-10-01,,,,1.2571645987051132,1.6828701082746889,7.269643833934264,1.5321503948978035,2.427584202400074,9.7896071164196,,,,2.448935418679883,0.5386466161066765,2.689937798929544,11.48332098134081,0.3655284457875421,1.4999999999999998,,,,,,,
1996-11-01,,,,1.2154608602559969,1.5390586093382534,6.830618222970533,1.484896245594437,2.42012080961668,9.776987995354915,,,,2.4395782376725226,0.5532777575383527,2.7608207547625483,39.95977552399481,-1.0845869723800063,1.4999999999999993,,,,,,,
1996-12-01,,,,1.1759602261197932,1.3818439702684693,6.38365594698006,1.4386742071400211,2.4049907968642787,9.736873178477058,,,,2.4308128314582262,0.5679376192655938,2.8328910289091644,30.835034338023906,1.6750860573461073,1.5000000000000004,,,,,,,
1997-01-01,,,,1.1388919527513526,1.212510020324311,5.943868014243326,1.3935869814669037,2.3808533391136852,9.664049611299715,,,,2.422645623370158,0.582570720100668,2.90580592481036,40.27478058643116,0.6393213110118513,4.008310031241722,,,,,,,
1997-02-01,,,,1.0927261424690835,1.2867091768079197,6.072521311726417,1.357373160696073,2.3536563224329328,9.541578208260768,,,,2.421257726385246,0.5945980529840307,2.9206384517235997,52.706623731414574,1.7342696458381879,6.284080107226602,,,,,,,
1997-03-01,,,,1.04735989014066,1.3631017561275893,6.208488884640282,1.321315232856863,2.324213705139222,9.409146451579284,,,,2.4199632382084637,0.6067261398091142,2.9355415276070524,49.20584086267552,1.5671856753071056,5.137675461730938,,,,,,,
1997-04-01,,,,1.2587300952064693,1.5014762398682358,6.251139155278427,1.4321590602802279,2.8835898757304164,11.991583962669893,,,,2.623293211855588,0.12824623978324132,1.5646230944978043,37.379602737119406,0.2044656791843657,2.585236072338797,,,,,,,
1997-05-01,,,,1.2114697919336936,1.5797485770403987,6.539964572792833,1.4078805047575025,2.905920996309916,12.08986975023782,,,,2.6159379578893764,0.13263187613133834,1.569444726502075,24.524046651728472,1.0535213986418028,2.4800230664889056,,,,,,,
1997-06-01,,,,1.165389667759297,1.6609109808096503,6.847217544656498,1.383727315839618,2.928106621485044,12.187755182593031,,,,2.6086541715149103,0.13700962486280618,1.5741843756312155,24.799621657888174,1.7147880479435318,5.847964551169184,,,,,,,
1997-07-01,,,,1.1206353177707982,1.7438426030136207,7.1701088549710175,1.3597061744053995,2.9500666719449633,12.284893230638998,,,,2.601442453039219,0.14137651030102472,1.5788393537433136,10.106339473301654,-0.8479769505404918,3.611957939643724,,,,,,,
1997-08-01,,,,1.0773719737923708,1.826876077218636,7.503799862547764,1.3358242040113661,2.9717099356998085,12.380887401139928,,,,2.594303403471564,0.14572947807224276,1.5834070795311392,36.274662806554865,-0.07320055104897724,0.6926394980286412,,,,,,,
1997-09-01,,,,1.0357864843461502,1.9076482860897055,7.840734460561476,1.3120890040389839,2.9929327651766187,12.475286090379596,,,,2.5872376243651147,0.15006539552953113,1.5878850871899033,20.57333338862375,0.9931657670779329,1.3190775862111639,0.04845111467145101,0.944194536475565,3.5914432097935665,,,,
1997-10-01,,,,1.1445709626842964,1.7284364024656702,7.339308376031662,0.9525034303068671,2.6313309176067916,11.120647125892194,,,,3.2564454228189965,-0.3479760206959213,2.6042481991068778,22.432196824917085,1.0606324873822157,2.5141667777608028,0.04833185208638867,0.9033660851829047,3.431349743876401,,,,
1997-11-01,,,,1.0883791889405314,1.7423475164245432,7.451457120905546,0.9228655480421472,2.577012297966309,10.93253378100161,,,,3.27340628109155,-0.35224983885841415,2.6498399546312235,20.256715392492183,0.5664238819837827,3.317464096156519,0.04692269616216948,0.853810880721795,3.259758790322005,,,,
1997-12-01,,,,1.033272802311308,1.7536769196501936,7.544725132359259,0.8939284351130212,2.5118706804578856,10.701387270617165,,,,3.2907606977913306,-0.35671720025588377,2.694886794036064,23.838282221450726,0.41774417727395974,1.494622794092188,0.0476874225899285,0.9995255573100269,3.994931591729247,,,,
1998-01-01,,,,0.9794350227821651,1.7606213979803524,7.607850583863885,0.8657623616026493,2.434843589292549,10.422181209495236,,,,3.3085024798108025,-0.3613708612902657,2.7393285486528742,30.416715385803002,1.0377815955225342,3.735779963988282,0.048406950429811954,0.903212478502544,3.7040124551140514,,,,
1998-02-01,,,,0.9577816396275789,1.8935708422188016,8.089964761737358,0.8330499844157272,2.440146341165633,10.431215174174213,,,,3.3049119566615492,-0.35940456358585127,2.775853687690566,24.503834926247702,0.14634610177913587,0.6773500544022353,0.0483074768396096,0.9245794132449267,3.7297377027144734,,,,
1998-03-01,,,,0.9375086137779736,2.0264822029091656,8.577263115192109,0.8006242527297059,2.442821892723207,10.42574655889165,,,,3.3015005966996767,-0.357475223615294,2.8126536626435725,29.389114888458117,0.636898168168114,3.9670682089301588,0.06887662896101976,1.294986079692862,4.471297895463869,,,,
1998-04-01,,,,1.4989338447042864,2.797163260875439,11.591645877900877,0.8964728123439978,2.6598103483933033,10.960060602030396,,,,3.059503113012021,0.270480835139685,1.6654327651237841,30.610039534049264,0.3424761155332537,0.49401430312958583,0.06768887555626138,1.2219937321177978,4.163244765714122,,,,
1998-05-01,,,,1.4620104623929913,2.815622958982399,11.676097265265344,0.8615679331852095,2.6234100632517277,10.786809260581904,,,,3.0555879553557825,0.2869860118975661,1.67088362103431,25.052422785531217,1.1224754190102746,3.2056911093662306,0.06819531142942405,1.304250245570534,4.442882642531446,,,,
1998-06-01,,,,1.425356655743855,2.8333935930559715,11.755869289149784,0.8269470650424527,2.581154666128127,10.586482470756298,,,,3.051842481523914,0.3034667532767404,1.676933421017152,16.32707084846242,0.47050322294089036,2.0113599743054147,0.06826465706262115,1.2620340247212358,4.225253193207669,,,,
1998-07-01,,,,1.388993766213579,2.850239041023795,11.829652730096312,0.7926474234739149,2.5320779956194097,10.354868203838901,,,,3.048267316999342,0.31991455917914735,1.6835883561329321,27.538799484653467,0.6686387078068851,3.174245576033612,0.06918894147111936,1.2293626421030728,3.9875062650985384,,,,
1998-08-01,,,,1.3529452508018203,2.8658784553388807,11.895916886511253,0.7587125754629095,2.475058607544715,10.087185130033475,,,,3.0448630616946173,0.33632087340584793,1.6908539097048878,40.40365318305064,-0.34160014148065154,2.582167915988234,0.06754098949507972,1.207389249672731,3.847445813496913,,,,
1998-09-01,,,,1.3172369199708756,2.879978786590846,11.95287968815043,0.7251937334667908,2.408805531612971,9.778087171548833,,,,3.0416302894651572,0.3526770952411873,1.6987348344718014,52.194114641189095,1.3951360529020371,5.4117277018706265,0.06976751443043616,1.2150701188165953,3.8709982336736988,,,,
1998-10-01,,,,1.4081223398643776,2.4348961247388847,9.855834036567183,0.8348357483036455,1.4256786815481113,5.689101749089879,,,,2.989480421670497,0.14643697549899495,1.6457026005494955,39.471953617962896,0.6800111453011239,1.4068241385380338,0.06903668189944463,1.1826529301341235,3.7779092838868413,,,,
1998-11-01,,,,1.3697916456633223,2.461027013066625,9.976296164641397,0.8009143219779774,1.3462574763867035,5.442677431147397,,,,2.9915143630181404,0.15273125310589575,1.6454385096953006,26.72372614093887,-0.13070558841788055,1.2812340569721428,0.06828244710557248,1.321270772260643,4.25884645483137,,,,
1998-12-01,,,,1.3326062828652498,2.482539691973562,10.067986937499459,0.7675110302680662,1.2577136811999023,5.173644251869603,,,,2.9937044997596938,0.1590487517556877,1.6453671505222203,26.22655268952414,-0.2915353530205305,1.252818034440574,0.07039905083089132,1.3657079992809527,4.269887017256417,,,,
1999-01-01,,,,1.2966647916226646,2.498190451402329,10.123997123831266,0.7346965482066886,1.1591430559254092,4.881241439388848,,,,2.9960504893549516,0.1653871828716912,1.6454898405309826,36.275581709244406,0.8159860288899997,3.812881880146336,0.07051561239402841,1.3899462571754688,4.524609150666333,,,,36.124485
1999-02-01,,,,1.2772982727662994,2.5410870540438415,10.3163128891423,0.712510488328498,1.1288754733512738,4.78409221824342,,,,3.0071832034107535,0.16463286636043561,1.647695961871224,31.90154940346011,0.672328032945741,2.5245727100300828,0.0700828288261903,1.2821547802397104,4.0612665947545885,,,,36.063985
1999-03-01,,,,1.2582521794026196,2.5831725586156087,10.506686992508467,0.6904663018367523,1.0958170440303043,4.6810172565808195,,,,3.0184106112692484,0.16387213029870143,1.6500975002286709,29.637027337178157,0.49754902123583644,1.3286493661683485,0.07024473499610492,1.3411791983823227,4.253108293414095,,,,28.619191304347822
1999-04-01,,,,1.3865661210309015,2.1897958807894202,8.788416118623449,0.6184904563241,0.03605784636110455,2.190432501645758,,,,3.247766741552316,-0.05924038249775263,1.6363922240222115,23.950611735564422,0.4386350073566919,0.6570973772177671,0.06986276223703915,1.305349339263722,4.13262627336662,,,,25.11225
1999-05-01,,,,1.3566238546403548,2.227131960653136,8.937073794670319,0.608417783199766,0.06119408251274303,2.2504883545086787,,,,3.251243244396764,-0.05945058410513589,1.641495781055596,34.46164671084326,-0.1380636113360037,2.1175922642909697,0.07087376913743003,1.3843657343269562,4.465258979076918,,,,26.70734736842105
1999-06-01,,,,1.327141949266432,2.262698679952065,9.083651309334213,0.5990245951998078,0.09313796576120707,2.3225916484330345,,,,3.2547914545455217,-0.059531009299587094,1.6469674786793904,40.94592215030648,-0.24333901685931628,1.1988447907140432,0.07136538945246558,1.526408060759635,5.1332047577170545,,,,22.86401818181818
1999-07-01,,,,1.2981517706189176,2.296064078688681,9.226499765659867,0.5903433278912549,0.13206349230284015,2.4061074984315587,,,,3.2584111377440084,-0.059482833410953555,1.6528013948030134,36.25458275037878,-0.36362364101896283,1.9474807398773777,0.07181000162146992,1.5649417917539814,5.2671387662518185,,,,22.996136363636364
1999-08-01,,,,1.2696870012543375,2.326744755860235,9.363673926009184,0.5824058175430618,0.1779807268749289,2.4999287582784246,,,,3.262102056069148,-0.059307272139375665,1.6589915062720577,34.41902926834155,-0.40619744028734805,3.491474236555925,0.07052074661850462,1.5027814187405988,5.008208557352631,,,,27.386036363636364
1999-09-01,,,,1.2417837727568792,2.3542042905272647,9.492904372347589,0.5752428532551576,0.23070623060671108,2.602450651768383,,,,3.265863968001672,-0.05900558029721699,1.665531694628786,29.84057473227743,0.06814010996359189,1.3196381947721605,0.06863918676617874,1.475446627466402,4.852100176941947,,,,24.655254545454547
1999-10-01,,,,1.429817462536486,2.4032795117262213,9.659751614718207,0.597425819033608,-0.5161753037762976,1.2907874251363949,,,,3.8709876258482554,-0.661642137944616,3.644853074598487,30.62342307207549,-0.10076584296971729,2.6382984830086955,0.06982791194390062,1.554362694148897,5.214646480917805,,,,24.924047619047617
1999-11-01,,,,1.3963197976997082,2.4463657617192327,9.832770097653238,0.5860899385791044,-0.5147673853265964,1.2585003326776933,,,,3.875537958635096,-0.6575248691214852,3.6348910863114585,36.81729297056107,0.854857734881595,1.8855050854954079,0.06687972267455435,1.607548933909794,5.471877779429468,,,,21.706045454545457
1999-12-01,,,,1.3634903922744033,2.486419535632362,9.998562271612574,0.576068308094102,-0.499492062498852,1.2395642959081556,,,,3.880132006436214,-0.6534205563060538,3.6248401221261313,20.374278500915615,-0.3398674294788663,3.2087809480752063,0.0641177223610881,1.3874550665467227,4.386225465924643,,,,27.191528571428574
2000-01-01,,,,1.3313786814064714,2.522612677427569,10.154365469347248,0.5674305664204266,-0.46757084034788493,1.2444636204627344,,,,3.8847696141622134,-0.6493296699803767,3.6147022147506664,33.5911006252919,-0.008148007766891101,2.519792204092473,0.06566565628678417,1.5425793622995017,5.13740675456333,,,,28.94837619047619
2000-02-01,,,,1.30510554386148,2.529514963317076,10.186192274686148,0.5705649620146211,-0.4306838971695611,1.2270339029427808,,,,3.881015257542488,-0.6477486941053613,3.617295204467963,27.747112767764225,-0.7885011409502439,2.220718997092436,0.06337930010579315,1.5008288638503582,4.975571733492178,,,,30.04859047619048
2000-03-01,,,,1.2789771350136208,2.5354204728067073,10.215053459275701,0.5741980157440112,-0.3892343281993834,1.2175577791091197,,,,3.877329577120496,-0.6461688546193367,3.619651817863036,20.29992964688558,0.02670802260055128,1.9662849144308907,0.06212629424225575,1.5085891017559387,5.043454099007226,,,,28.536865217391306
2000-04-01,,,,1.2577749353249694,2.86945916248472,11.910984963528497,0.6858931631776989,0.3256424975067539,2.8424730844479864,,,,4.38527027707896,-0.8614196197374978,4.442453347021571,25.50955021459573,-1.748559271100945,6.917718441459412,0.06400891157137469,1.5509820528141325,5.262937658741617,,,,28.53848333333333
2000-05-01,,,,1.2524736101459233,2.9187225328194857,12.13078170490726,0.6934692529765318,0.2670181790149739,2.503664861655144,,,,4.391465209704888,-0.8620356942895918,4.4408438509166395,25.724078167950527,1.7506911652533204,6.528334746578883,0.06420702706410039,1.6189857691153304,5.629130274574997,,,,27.94932727272727
2000-06-01,,,,1.2477520575943901,2.963337823724496,12.33280251435291,0.703398410883396,0.22895216479482625,2.212889253102012,,,,4.397869404851656,-0.8626326744091932,4.4383585834561865,17.973311212511213,-0.35875353546556765,2.7232745716330164,0.0638322929313257,1.6448681685557864,5.714089493302635,,,,23.37425909090909
2000-07-01,,,,1.243616881233504,3.0030593583113214,12.515255637242385,0.7155826927213115,0.21224281784438342,1.9844241625398118,,,,4.404481949705067,-0.8632103656540085,4.435004929896742,17.756954443105087,0.03026136934295265,1.17295138131944,0.06502529253583984,1.7003098615033139,5.910226007114517,,,,21.096709523809523
2000-08-01,,,,1.2400739471038407,3.037671874594079,12.67647053977329,0.72990917372699,0.21630175421324183,1.8267193007683422,,,,4.411301907316125,-0.8637685760305623,4.4307911968415015,18.075009796746528,-0.41537060710578033,2.3848833591769685,0.06479266654879579,1.7150716283856235,5.991689112324089,,,,20.803608695652173
2000-09-01,,,,1.2371283434718052,3.0669940992936984,12.814927676443155,0.7462544872487469,0.2394360136657336,1.742448892099086,,,,4.4183283172224375,-0.8643071164318373,4.4257265834591255,22.658763866909204,-0.16948541816555565,2.2712831345050284,0.06500123979976744,1.7026446326038966,5.883622655818696,,,,21.37119047619048
2000-10-01,,,,1.2327787570415683,2.8465621179342153,11.706808916285564,0.777805660437257,0.49508049978659324,2.9366539030790335,,,,4.991979526139843,-0.7707969658065967,3.631474529161361,11.604225616612167,-0.9483914732822364,3.235903766147634,0.06378645101362677,1.6803592336221183,5.742943424340854,,,,26.1049
2000-11-01,,,,1.1945156608426286,2.8254898871097454,11.634560256493568,0.7856792932050304,0.39321514988838663,2.553111705906875,,,,5.000396742549047,-0.7731705301128728,3.631348703692753,25.228481151482043,0.8634286899877766,4.842989028372671,0.06448739498031157,1.7025202644255728,5.765450039641864,,,,25.50878181818182
2000-12-01,,,,1.1575927887889108,2.7912609885431205,11.503062379142907,0.7973004800096518,0.32624857260378026,2.3060668685315866,,,,5.008927913998666,-0.7753991768579225,3.6310632130871534,31.741654321489445,0.5627515680346452,3.2877927053882474,0.06170702426444862,1.7125417098842637,5.77587529210059,,,,25.966673684210527
2001-01-01,,,,1.1221424445168755,2.741860739425669,11.303351983733226,0.8125084346427628,0.2939618658528573,2.1938238032438195,,,,5.01757245922957,-0.7774842182047144,3.630618486021815,24.746032767240873,-0.26474140574618527,2.2398384733872443,0.06218516924339502,1.6722338593302637,5.634109861241372,,,,24.375222727272728
2001-02-01,,,,1.0952261439236592,2.723757765302,11.212399313453048,0.7957744696548457,0.28498081339507025,2.1434550335993645,,,,5.0148836766102205,-0.7864816311514842,3.643086096991402,34.586193459891234,0.3718834906576754,2.694178105366697,0.06598524077144056,1.799044449675412,6.2881340299665816,,,,21.53522
2001-03-01,,,,1.068943466200562,2.698276875729477,11.091417103829233,0.7802168358564825,0.2843211001220345,2.1209407042356316,,,,5.012388508793474,-0.7953128503293114,3.6554863104755992,42.268854242386254,1.5998161848083823,6.373495419111364,0.06397227882800373,1.8236652097803157,6.437759648045992,,,,26.064145454545454
2001-04-01,,,,1.3932280354029343,2.159981405515538,8.102685784229664,0.8396461014853194,0.16365455419213124,1.3108660315190028,,,,5.075909959124625,-0.18274838295336202,2.6687807363285025,19.72248990580796,-1.031995404919462,4.385811000976396,0.06640929308581957,1.8559904052957776,6.632825519870614,,,,26.82713157894737
2001-05-01,,,,1.3622169803152293,2.1711104322011794,8.132128000635982,0.8199408456854582,0.1761400571536926,1.3013029604440454,,,,5.072049622134869,-0.1758250190326017,2.667362488241753,11.288241337624708,-0.8222435250654312,2.703298214439774,0.06841613490374901,1.9761942418056377,7.25735415993266,,,,21.263277272727272
2001-06-01,,,,1.3314365161669237,2.181051816352574,8.157667112106466,0.8020724283403143,0.19652816826156275,1.315737222491249,,,,5.068321385063923,-0.16886062012647826,2.665877954925565,22.027586040225888,-0.8521560734122737,3.3752060803944897,0.06805645764510984,2.027380745458072,7.556884654649506,,,,21.66623333333333
2001-07-01,,,,1.300903010990226,2.1895728983512757,8.178587086888765,0.786166105464061,0.2254103474316761,1.357212195107141,,,,5.064725539635295,-0.16185766737349988,2.664327115146029,17.30755524313825,-0.20992147181719795,2.057357679771812,0.06765401237728248,1.9831815271103737,7.29428941932797,,,,24.733745454545453
2001-08-01,,,,1.2706342682775829,2.1964075850916824,8.194077111341109,0.7723431139421029,0.26301952169859955,1.4275641156211005,,,,5.061262368027534,-0.15481867657832774,2.6627100064039095,19.825896760989902,-0.718757003180544,1.9663354439002887,0.061897386533955615,1.8196872703263884,6.582750883259398,,,,25.237413043478263
2001-09-01,,,,1.240649666802168,2.201252284620004,8.203222374395573,0.760717030914581,0.3091182640928962,1.5269266118938813,,,,5.057932142766375,-0.14774619667149286,2.661026725562479,53.04791173186991,1.010375668004939,3.5295455099240787,0.0627069003523464,1.870243709178022,6.80497867143829,,,,43.04567
2001-10-01,,,,1.0999898306824534,1.7901092840535784,6.018608105625905,0.7219435895848025,0.005395528270090203,1.4772564405776885,,,,4.684283543286187,-0.36209098082703634,2.4333199498691522,60.904002222089495,1.2001877332147013,4.7272273572117065,0.061775982357813314,1.8813415100211144,6.907471663243282,,,,41.34496086956521
2001-11-01,,,,1.0517971425144672,1.7506170687383638,5.881939339252144,0.7073514912540352,0.031216815101116752,1.6229923923181824,,,,4.669206993095425,-0.35762108812730653,2.4142349624659576,44.76118313997134,0.5691323829021144,1.1334008265584516,0.060233926474063594,1.8686223883210096,6.8703968217716245,,,,33.31541818181818
2001-12-01,,,,1.0046188952187396,1.6996258522312662,5.7129031076110515,0.6961692314829231,0.08098319051168491,1.807990706044068,,,,4.654396964429749,-0.35312252495141855,2.394889060518805,34.20868969855379,0.6696745772277192,4.0058575591651575,0.056611885669788975,1.7320644413565431,6.106893808242025,,,,28.39369411764706
2002-01-01,,,,0.9586048792341816,1.634885098410639,5.5065481360046,0.6885629576118941,0.15267523156187218,2.015772625603134,,,,4.6398560094324806,-0.34860252437283085,2.3753021635532026,14.872955080557293,1.168206974883149,4.9362641241965015,0.05837192448477451,1.7931487285600989,6.486455792882669,,,,27.150140909090908
2002-02-01,,,,0.9481566057572909,1.7053799992548486,5.837460740658505,0.6833994278076623,0.17648475411151845,2.0110533799937342,,,,4.633427282771883,-0.34393519947998274,2.3683312767404914,18.032862907505883,-0.27823569656302016,3.0586831956549068,0.0588982361564671,1.8159134092431732,6.548424883445344,,,,27.2034
2002-03-01,,,,0.9391670888565025,1.7731655245631561,6.177683617360234,0.6784616023201882,0.19964835861309124,2.0066205915153494,,,,4.627176742865441,-0.33918906579798397,2.3612766084817327,10.275366051396928,0.07636968055959671,1.3966826198958928,0.061092753254070285,1.8467301861159249,6.648232463214274,,,,22.82304
2002-04-01,,,,0.8569943669547871,1.4107713915044018,4.4241252341326875,0.9146760561441696,0.7230491542847756,2.632746310245686,,,,4.46502472455205,-0.7681560483649738,3.2244417899800735,16.950172067772247,-0.1885596952550843,1.9645679703998327,0.05859401699668407,1.8036887819086869,6.431477661415425,,,,22.95556666666667
2002-05-01,,,,0.8591359798676964,1.575866752310641,5.3951679953640586,0.8789223155099426,0.7069518852488947,2.5769784917683722,,,,4.453597993949325,-0.7680767117609362,3.22215193226436,19.76112347619999,0.845096969998784,3.6505021026134052,0.05793152686254436,1.7491671287051318,6.183067119910799,,,,25.36361363636364
2002-06-01,,,,0.8673435464526359,1.7699458276572395,6.537310108666697,0.8435892411702036,0.6888008551353093,2.51480783404803,,,,4.442230519447018,-0.767936541511974,3.2197803311144657,28.392272909590638,0.8062722580926985,3.836244619093833,0.057411888596960545,1.8302750712273346,6.644429785809459,,,,32.887265
2002-07-01,,,,0.8814476342935312,1.975821304982361,7.732016945867023,0.8087319710718346,0.6683793361867549,2.4457827552704945,,,,4.430922757107412,-0.7677346809554252,3.2173262203355444,21.449030240442394,-0.11393235495924346,1.144400171628437,0.05602891382310802,1.8451633481266558,6.722418181574358,,,,48.07999565217391
2002-08-01,,,,0.9011714294123554,2.1761249656589983,8.864890362620336,0.7744147573156152,0.6454762646861989,2.3695914975671233,,,,4.419675165252183,-0.7674702750805085,3.214788844264427,31.27890019979213,0.5622596928020855,3.1873541421464116,0.05497266758980194,1.8024604571053966,6.526815967123481,,,,46.74839090909091
2002-09-01,,,,0.9261559626409427,2.356192356798229,9.846827716152848,0.7407126661273763,0.6199052008987666,2.2861733074790154,,,,4.408488204429068,-0.767142471011795,3.212167458423954,44.3301150259849,-0.17966560255110817,1.3348101707705933,0.05638042348168045,1.860151832736696,6.818572401015155,,,,54.26891904761905
2002-10-01,,,,1.0308408317249924,1.8151951521188652,6.651309523330413,0.8063134679377953,0.23661894201117284,1.5149419734610199,,,,4.3876271053480185,-0.15108120850154472,2.8809068877664084,29.353817052949974,0.12070354699079291,1.0210079903796285,0.05517115999753613,1.7812114341027478,6.371519111730322,,,,52.72982608695652
2002-11-01,,,,1.0177193371954039,1.9029924410266839,7.230514588823303,0.7819187041084046,0.24057040787928427,1.5843775818318837,,,,4.3834346913390085,-0.13912206909363592,2.8783501087171106,30.145524952734053,-0.12513560363367826,0.755078153926191,0.055107063646993575,1.8115546789172652,6.508811794264689,,,,41.0115
2002-12-01,,,,1.007417870610738,1.991878029475985,7.797675429518787,0.7584186292177194,0.2511868251927013,1.6755067084225093,,,,4.379359625909514,-0.12715398886002813,2.8763461696607333,29.718642824075463,2.0961125954423294,7.692346233590291,0.05457142468784217,1.8202059602957175,6.489557088132677,,,,44.63130555555556
2003-01-01,,,,1.0000235849842445,2.078028521174027,8.32515145365543,0.7358989608007535,0.2695972360915443,1.7910875381751303,,,,4.375402236940128,-0.115179551226149,2.87489806242306,39.594739808175724,1.0477817800371798,3.210354160010336,0.054303497321352485,1.7405285810877742,6.168379309025697,,,,45.16631363636364
2003-02-01,,,,0.9716537964370261,2.1802631533723202,8.740315409923188,0.7226292851272954,0.28291933544225945,1.8152823957482807,,,,4.373750039149892,-0.1067340468017569,2.8686398758358047,47.930577881690496,0.6147541719505244,2.198683937484041,0.050720974518559864,1.5453944433783418,5.278115604983457,,,,44.39293
2003-03-01,,,,0.9448647641012423,2.27730639055776,9.146676133869429,0.7095685219660319,0.2965727435571373,1.841253359074614,,,,4.372226488637432,-0.09826021291666573,2.8622976878762074,51.41803744974948,0.41205878637331134,1.5929674313674933,0.050396551489346866,1.5886899081572963,5.54630688979746,,,,47.46984285714286
2003-04-01,,,,1.0843134514981074,0.5640314146868126,2.6575460688196375,0.9956449203565958,0.37610571246350744,2.2511251231406986,,,,4.105340497349502,-0.6037099525301285,2.9363480276240423,27.90823005521984,0.07486947547571675,1.568117296762069,0.047310220974868554,1.4342853985063562,4.842864793608728,,,,36.9559
2003-05-01,,,,1.052202112807538,0.614199665655845,2.6730211438401392,0.9708135627967066,0.36355834202804815,2.245238326830053,,,,4.100050312083023,-0.595890978197554,2.9315845717751134,19.97484002556944,0.03876700241939358,3.0471018128050287,0.046058176381238214,1.3968767901774968,4.695692697728662,,,,32.040166666666664
2003-06-01,,,,1.0209516636161045,0.6711680853550195,2.7184398070076714,0.9463982034780413,0.35014813716608956,2.239182688987815,,,,4.094888133305284,-0.5879134040809085,2.9266921517788678,34.57818628109513,2.531058584763602,9.74826705803743,0.04489888281009203,1.2690313529452033,4.15814898730579,,,,27.84754285714286
2003-07-01,,,,0.9906435791096966,0.7356658696908464,2.8003893954306096,0.9224318755014813,0.33583040260239005,2.2330092253776126,,,,4.089854445722349,-0.5797787035063717,2.9216701661702706,14.96288035761907,-0.1344391674990619,5.1383255501375,0.04478116380991911,1.2405574062139235,3.9120485488520518,,,,26.776278260869564
2003-08-01,,,,0.9613669904718922,0.8084085387192584,2.926111815260971,0.8989504935724681,0.3205640025190586,2.2267810842744455,,,,4.084949724334853,-0.5714884531694464,2.9165180866364286,18.347453210207718,-1.0824787382252195,2.864467802033688,0.045963558043146086,1.2092409440966247,3.7116669171994445,,,,25.901271428571427
2003-09-01,,,,0.9332189818331127,0.8900527117091571,3.1032809213175505,0.8759930561399876,0.3043133851071573,2.220574045422969,,,,4.080174434228275,-0.5630443331800156,2.9112354599921866,17.362812516535744,1.4510836332143346,5.796117256962658,0.044690152145193444,1.1789270423433968,3.6395820096201277,,,,27.29710909090909
2003-10-01,,,,0.954165602770669,1.0789077556241677,3.2813965287242985,0.7774325448372728,-0.1308844583430319,2.3109845323365175,,,,3.779941436381803,-0.24765642130132695,2.4207153124812972,10.91869690073912,-1.2394300509682663,6.577968813009624,0.044600531349681144,1.2090490344584008,3.758505162983524,,,,26.764617391304345
2003-11-01,,,,0.9285511148277937,1.0666682427912175,3.0126521595362044,0.7548492634382402,-0.15623544250235982,2.4651701030507267,,,,3.7654607030173604,-0.2527226933839251,2.4368120196769048,18.05543056077704,0.37836369320730256,2.183019410171464,0.0448056312672213,1.1485593442407005,3.438837008812127,,,,23.88348
2003-12-01,,,,0.9075205931289843,1.07228322618565,2.849108895283235,0.7333723241097782,-0.18017473718365087,2.638828788919033,,,,3.7512089519951926,-0.2577529432808156,2.453251937761276,11.981415379280163,-0.5990969866251198,2.2415776766275637,0.04247350770273293,1.1938025759048345,3.7190921499085396,,,,20.80296842105263
2004-01-01,,,,0.8913985415213825,1.1007583503688187,2.839293586700655,0.7131016950918921,-0.20212689269183887,2.8304060050204103,,,,3.7371888029853078,-0.2627422021248769,2.4700309558985065,17.474874520853813,-0.035504689345533746,1.4567454200156187,0.0414786344838353,1.1753101311381164,3.6305324891880186,,,,19.505061904761902
2004-02-01,,,,0.8514894744466057,1.1125247659297128,2.8859457609659214,0.6981804242614579,-0.16867701553802492,2.722588376581482,,,,3.7258693987787486,-0.2663444701193324,2.4816205814900547,22.401574280445047,-0.9191670701274596,2.4731915745758934,0.03990716607229728,1.1073392694902453,3.3451036922992023,,,,18.983875
2004-03-01,,,,0.8154728857444155,1.1523861260619463,3.1081827224853567,0.6834915137989004,-0.13559838344736994,2.615265786141132,,,,3.714719411677968,-0.27005273123073686,2.4929795579438303,35.388813704017295,0.735111287980152,2.4399443037807567,0.037934432550758755,0.9537506260006939,2.8478335951317977,,,,23.150447826086957
2004-04-01,,,,0.9529571492429079,0.8179317310577947,2.2071632333772113,0.7842468551644326,0.4530291787864152,2.2793945566274614,,,,3.577942012725493,0.2131384748375041,1.9228397838913134,38.90348663711215,1.1460409782218801,4.8758142319408035,0.038887339160536695,1.0860205383116381,3.333352168070665,,,,20.285415
2004-05-01,,,,0.919659264572524,0.8768450659033715,2.368874940161681,0.7788546654428923,0.469672464379353,2.2592982414553826,,,,3.5645974138851004,0.2197498898709517,1.9438337461601947,36.62326322639811,1.1791760352973317,4.053234727531442,0.039940595628158417,1.1528570799900792,3.6766607602711883,,,,23.20029523809524
2004-06-01,,,,0.8896466749020582,0.9531075661430348,2.6457135547460737,0.7736475450273412,0.4847656297994268,2.2419477368053555,,,,3.551539705214149,0.22633131389089287,1.9652197125600617,24.193282332605175,-0.08690682877599053,3.4684360764269284,0.039238796027179675,1.1435718483244948,3.6578755897622455,,,,18.935586363636364
2004-07-01,,,,0.8632621027496845,1.0475387860278895,3.0486758440950066,0.7686292552130184,0.4982210954640821,2.2273876617727777,,,,3.5387720625006236,0.23287938891071602,1.9869695672395318,38.259405125227936,1.5070630440249004,5.815495300044278,0.03782416456100761,1.1247622864645925,3.5568112749017464,,,,18.837090909090907
2004-08-01,,,,0.8408471433932752,1.1593400173477273,3.576681679425167,0.7638035179348299,0.5099549091656517,2.21564790178895,,,,3.5262976364656584,0.23939073908920255,2.009053639257809,18.525555861484488,0.2139696263226988,2.0154959670685795,0.03791896741798005,1.1253677967818827,3.6155725766526237,,,,19.908363636363635
2004-09-01,,,,0.8227263139651978,1.2855350570266972,4.211725183183672,0.7591740051185497,0.5198876621230296,2.2067425938686447,,,,3.5141195496934534,0.2458619776270326,2.0314407407493835,30.7978280570559,0.58332590435,2.5341746834111,0.03903935083528986,1.184689790707805,3.8458351168438414,,,,16.687177272727272
2004-10-01,,,,0.941595651021409,1.889658165505881,7.304736425050692,0.6999281973425037,0.6149343047947342,3.2453827864460902,,,,4.2220413419764515,0.03328050924785791,1.8133782673196253,22.652077029891274,0.2479322879270482,1.4251252387328022,0.0373840233699114,1.2127276481608784,3.899935106949012,,,,17.256842857142857
2004-11-01,,,,0.9314690371947565,2.0003196424638605,7.8187630437851485,0.6932489464915058,0.729095283710508,3.3516909509535537,,,,4.2315476104767,0.03398829271953156,1.8130378694169857,42.1958012564405,1.662020419163913,5.631429341865971,0.036878520016561105,1.2399019907509166,4.070151707474883,,,,15.535031818181816
2004-12-01,,,,0.9234813363002355,2.101449994424427,8.302130462854795,0.6884821784819498,0.8207319858622888,3.4976629635544914,,,,4.241100267745751,0.03464090954966299,1.8128033824597225,27.680361158970154,0.16154298771298506,1.3943042877730947,0.0344153214201905,1.1360864349383004,3.6646713694924538,,,,14.473638095238094
2005-01-01,,,,0.9176884023182701,2.1900614837654038,8.737470513163348,0.6856677812630058,0.8885617464486176,3.6660015041590857,,,,4.2506990010331664,0.03523911152575699,1.812672555177707,24.212546294610252,0.4471274664161793,3.067294228890979,0.03356977981254821,1.1226432458078675,3.6924497745934213,,,,13.610166666666666
2005-02-01,,,,0.891522950525422,2.259728827251008,8.991833762061152,0.6760336457015869,0.9645396509180633,3.7770993964189232,,,,4.249865813351669,0.036525142046416006,1.8045812688145533,20.558321024248954,0.23524070877838993,1.7481050721808615,0.034544753657064296,1.1569941852021306,3.7691303843458277,,,,12.642285
2005-03-01,,,,0.8661684724436811,2.326180770289183,9.23596694001019,0.6673411895353094,1.0314832527689715,3.8936437174985343,,,,4.249188351994941,0.037946307251996186,1.7967338186601391,26.930886633337572,-0.43119865343292535,2.546024576143674,0.033447407800352734,1.1673832499077639,3.881083827448383,,,,12.901777272727273
2005-04-01,,,,1.015731339065219,1.1993064365097035,5.071864620988972,0.6068848841742468,0.6652271949211873,2.886170710473598,25.2047722753955,0.3779177242529251,2.376000196593513,4.048671325155278,-0.1619332502247693,1.8829677256205366,28.08187571375926,0.17124816008234398,1.8561947478760161,0.03304973582097205,1.2275383500321626,4.108734203818864,,,,14.490957142857145
2005-05-01,,,,0.9847639338198381,1.2808674742866875,5.2948175840325575,0.6039972144308232,0.6688986780803677,2.907252340548623,25.277874003590856,0.3763484017426943,2.37845992024421,4.049826993873165,-0.1653357313912974,1.885193507191998,30.13016438671176,1.0121732619844166,5.048622833379971,0.0321110914315956,1.2217902366294358,4.1516335180919075,,,,14.184077272727272
2005-06-01,,,,0.9542262130752547,1.36647501969614,5.538395850888252,0.6015601506589333,0.6687370880830391,2.9386331587307524,25.353749747574348,0.37446272190441215,2.380205593250495,4.051156986401428,-0.1687500813067683,1.8878146083960698,12.873538335770464,0.6886364478758674,3.5931551426566575,0.03356318326508416,1.3640082828799425,4.717448520195656,0.0,,,12.762018181818185
2005-07-01,,,,0.9241607729513737,1.4560461982871091,5.803890835315504,0.5995791875148794,0.6647744840290944,2.97945095441262,25.432374679101084,0.3722750321696841,2.3812393633609914,4.052661131112575,-0.17217666679332053,1.890833693877338,20.99723921950358,-0.5423400556498338,4.20239467019753,0.034126371715237115,1.4432104171670785,4.980718755290477,0.0,,,13.124571428571429
2005-08-01,,,,0.894615230687886,1.5493803224676437,6.092353607107752,0.5980588572714286,0.6570953618431593,3.0286440239083166,25.513723381899418,0.36979982888074864,2.3815658472655055,4.0543392341771805,-0.1756158389862471,1.8942530290857387,23.93753046993662,0.8603680971466187,3.583342198308781,0.03011401129099905,1.0605680064131087,3.3815766444336526,0.0,,,15.012421739130437
2005-09-01,0.123797835466907,1.2032487092602442,3.6169966527261845,0.8656428223406686,1.6461212184093794,6.404433686865556,0.5970026790896428,0.645836445114295,3.0849749432522273,25.59776988786959,0.3670517074923596,2.3811920162772156,4.056191079688229,-0.17906793267087381,1.8980744771183855,50.842018198169214,0.590318085724042,1.6581425357676645,0.030976465241059455,1.2225725619528618,4.0128285457377135,0.0,,,14.867713636363636
2005-10-01,0.10178454200838445,0.6845827203331566,2.1370721232087018,1.165198639591727,1.2303131255759083,4.583800103999643,1.2852207409218739,-2.035282652678603,8.759769610493459,25.684487713227007,0.3640453144729783,2.380127074097465,4.54328666076793,-0.2364753335932093,1.8688706904044168,17.76937623004646,-0.2024439846797255,2.0054463989416935,0.032649083751999965,1.3128057703961136,4.36900747432362,5.873496683345077e-05,2.8284271247461903,11.000000000000002,16.922128571428573
2005-11-01,0.08809025658966577,1.1124399437906984,3.686868451509895,1.1380684730157764,1.2384479003212117,4.638729472762785,1.3692153060300252,-2.209812308479624,9.396798480691183,25.673299811912045,0.3566757498644897,2.3860914896340764,4.554923261184649,-0.225516294350013,1.8495686410650878,23.07692520464139,1.5406666255070962,5.646597055211335,0.03282601630615477,1.345871181282019,4.526316597476176,0.0,,,14.809136363636362
2005-12-01,0.09943419585102292,0.9843696114776274,2.1784405304108847,1.1128493860033617,1.2424438844409793,4.673517786987152,1.4552201010513468,-2.355952179178526,9.946413993149816,25.665235694073083,0.3493465136903092,2.3916993802020334,4.566922622185446,-0.21473463780641827,1.831958455901578,27.133928563525803,1.6755778517406232,6.414093668453376,0.03222343295865055,1.4144100616618298,4.846103050981811,0.0,,,13.091619047619046
2006-01-01,0.12204225311613849,1.1244989320533847,2.4297797558957397,1.0896740749752685,1.2419771360139538,4.685077924689638,1.542898997863036,-2.478211526688988,10.417346023261373,25.66029830479196,0.3420590328530453,2.3969171674887013,4.5792818920826885,-0.20413173412257785,1.8160260019543821,12.547908695607774,0.2155354536717299,2.30542340350493,0.031980518243056665,1.4402851301231447,4.864583917405821,0.0,,,14.834413636363635
2006-02-01,0.12459189544453994,1.121146476416844,2.4457697741154405,1.065490375596085,1.27287768120566,4.899051482482085,1.4400506813542047,-2.379219791975637,10.04203841093845,25.658489449070863,0.3348145920194949,2.401712858031718,4.579166537040563,-0.20495623079618297,1.8140212807306355,19.71868191529102,-0.3957739209799774,1.6575455015206857,0.03165954851910795,1.3788063886965183,4.543981812411388,0.0,,,15.386525
2006-03-01,0.1293088839017765,1.0956677824955816,2.222431894862793,1.0424933971436203,1.3038893062463486,5.111239556326041,1.338122032656427,-2.259859714841467,9.60086580216397,25.659809788535817,0.3276143334244228,2.406056193993039,4.579247812894295,-0.20596155136410815,1.812901744886797,15.85044954596655,-0.06909659704802429,3.7641825845977155,0.03147974624933607,1.4103125857482748,4.7817684356245245,0.00021570894954394329,3.162277660168379,13.000000000000002,14.273847826086955
2006-04-01,0.1279218170830347,1.3976558456112325,3.5204356752049364,1.190940501858513,0.8354477323627323,3.87672828584805,0.6610019443283728,0.5874731922054811,3.0312031762174834,25.664258840227237,0.32045925740434156,2.4099187937231434,5.618873337346412,-0.2201714353387316,1.8060406591840554,16.35545462555237,1.4189043778027266,3.842362265458103,0.03204847380875889,1.496658644132592,5.06757054899002,0.0,,,14.654288888888887
2006-05-01,0.12645920525907411,1.5862565646449092,4.275436387325646,1.1820623566022455,0.889443904101761,4.044122702842932,0.647152388214846,0.582972341640535,3.051801191105617,25.636331739359765,0.3254524528882352,2.3942932152838585,5.639431515653793,-0.21197386705713492,1.8070576473132869,14.96677960926053,-0.7094891179339124,2.3824504222171266,0.03105673820114243,1.5050115935723507,5.230480576177669,0.0009907735980043309,1.2072502592254535,7.144607037400673,18.76244090909091
2006-06-01,0.12397234260953326,1.7242341014672118,4.61045655262844,1.173947195365012,0.9426049520695272,4.218956449993437,0.6343662463912704,0.5750319192606683,3.0466820151210876,25.610142798145702,0.3303712343800386,2.3785282282519247,5.660143089866517,-0.20375376039529997,1.8083644041448956,17.80856920767631,0.3236912523271781,2.5787827336969893,0.032042979629254925,1.5070128904374327,5.0907624294266896,0.0023862632375011164,0.8516673635764548,1.8433597327751534,22.38036363636364
2006-07-01,0.11966840172142476,1.7973881287820839,4.802565394275799,1.1666109406288703,0.994511246265446,4.3996341424995,0.6227090278541035,0.563670103058704,3.0122793360949993,25.58569735400833,0.3352105526202431,2.3626515884959636,5.681006382251805,-0.19551409988484145,1.8099552814463402,18.89383816497783,0.3570936327305189,1.9096994894062167,0.03038816536929668,1.4125829586816625,4.676568123555317,0.00256484172564216,1.0466276284997706,2.075914969260152,19.49147142857143
2006-08-01,0.11323346667389497,1.549879564970456,4.015211785592392,1.1600683698665588,1.0447313858510276,4.5843603999899685,0.612245220482395,0.5490495831845217,2.946080073359122,25.563000408774208,0.339965396988258,2.3466916321054745,5.702019727431274,-0.18725779671631543,1.8118245413957224,32.82681284820719,1.1877292046085586,3.500848857079262,0.030979754566009307,1.4919015333189964,5.008075990544191,0.0017137403636595676,1.2516397701115622,2.5612114113762323,17.901304347826088
2006-09-01,0.11901411127436422,1.2296977993031608,2.6487707874623743,1.1543329785703123,1.092829348884324,4.771167330789337,0.6030369511548628,0.5314963972758712,2.8471072652519536,25.542056623648314,0.34463080508311345,2.330677213057809,5.723181472594833,-0.17898768860211878,1.8139663679012175,16.771374199837094,-0.2984947183403575,4.19054235990183,0.029811746952351875,1.4069403965129055,4.570720790152864,0.0005481664280666737,3.316624790355401,14.000000000000009,16.4235
2006-10-01,0.10823813370131864,1.3916923766355793,3.507184890059403,1.2249824924620354,1.5401090530133403,6.352205540887228,0.6671415384560174,1.01824963908617,3.198689258294168,25.522870314502427,0.3492018723062423,2.3146376382955314,5.8595283619981995,-0.2102529665161062,1.8339948245993176,17.69365623743775,1.0760138960126062,5.000104179240786,0.02924809350145455,1.3686115821811555,4.330849327465882,0.00040777535278073364,3.3166247903554,13.999999999999996,15.34896818181818
2006-11-01,0.11613871244745623,1.1603986450491872,2.3609110432614773,1.2267460769781182,1.5680394416905383,6.412721563275863,0.6643000818486192,1.0131867076614274,3.1370956676659643,25.070665783506488,0.3160580650814899,2.3596352507057543,5.860712599784691,-0.20917517765471416,1.8391010684776126,18.676858293860832,-1.187723086312315,3.740767322076886,0.028197406170195463,1.3230488416724846,4.206255413574988,0.0007400385219860469,1.1895744214409767,2.2371277038422352,14.157786363636363
2006-12-01,0.11884505966782175,1.098955415845382,2.383670282782168,1.2293481415091203,1.5907741897783265,6.459068342512909,0.6624770115648245,1.0052251464980122,3.058439599039803,24.65355056691745,0.29142232678190727,2.4404780816322367,5.861992372741762,-0.20807403792420276,1.8443742329955295,9.542010947263902,0.11057663043044613,2.1487042748818475,0.02742119743643727,1.4155339953252841,4.659188071429392,0.0014480153499897893,-0.7146703755452798,1.9444369466760298,14.572242105263156
2007-01-01,0.09048062243598763,1.4138632756316618,3.639976672369273,1.2327833766686975,1.6082386093158831,6.490770212085002,0.6616807452667764,0.9949928822491327,2.9654519461703592,24.273333666242205,0.2758919088642553,2.5542498213373404,5.863367618313212,-0.2069498112621298,1.8498135105899265,21.969441517439577,0.48759032641150896,3.1575037675673276,0.025531714029677455,1.206315906153946,3.7680642946718907,0.0012727684613351926,0.5504221331051927,1.5419996361602009,15.64834090909091
2007-02-01,0.09459966981810636,1.080894152631271,2.2566047466062886,1.2103006658980857,1.6240400648695874,6.544972436863496,0.651961403850777,1.0480307395396191,3.10997568025896,23.931773815991956,0.2698009662371401,2.6962525862778666,5.851202915899683,-0.20555417975920307,1.8611531248763133,18.85311709292164,1.3670331771171802,5.644520217782684,0.025041778196334945,1.1304565748812239,3.4255404298660372,0.0011688575413454287,0.503497517288836,2.458290588155066,14.558089999999998
2007-03-01,0.1361457554538855,1.6687162916476983,5.19893942292486,1.1881241438559065,1.6390889714672066,6.5948898148179165,0.6429085604608984,1.1029390883773307,3.2521456335423062,23.63054734187864,0.2731553520861623,2.860040547805182,5.839174569992861,-0.20419858654698805,1.8727593139226089,13.404555858303457,1.4363341510252468,6.975589369287201,0.023452197054355764,1.0622140004498124,3.1682294353523535,0.001112977662383939,-1.316723310021713,3.6780470680349158,19.52135
2007-04-01,0.10925795550156094,1.3545638125111767,3.640421420440136,0.9138272310501423,0.8951200079968351,3.185935842920682,0.504843729761028,1.0431947777905415,3.650082503743287,23.371213840184605,0.2855789195187589,3.0376228728217374,6.21833798909423,-0.11434968847911631,1.5716450727190059,17.48346621602835,-0.4900091565418704,5.147650333274337,0.02257114081997985,1.0024629464732269,2.924633641425617,0.0015500345140533837,0.005126749642713949,1.8502942659427093,17.3246
2007-05-01,0.08736046823694499,1.0539233906512393,2.357091326438864,0.8855466249421472,0.8653960837441436,3.0486088045876607,0.5021296563539814,1.0917589705765967,3.7500954472742163,23.593908540172404,0.2704844559694307,2.876340850830021,6.209997998303636,-0.11787448231165622,1.5812434173336662,25.947711476311824,0.422050209476218,3.6304451911099616,0.022270221262868515,0.9583709679247233,2.8091605315115546,0.0019414029872054793,0.7477033724952945,2.210305496167437,16.9661
2007-06-01,0.07623894349657374,1.4086957747246953,4.3377438815215505,0.8577500542361605,0.8334110629578775,2.90847674990839,0.49993641684637063,1.136027805343478,3.8401207221549387,23.84172092290439,0.2570665427762065,2.7217524068304746,6.201924232916506,-0.12158356689761975,1.590946797908429,12.527825614293945,-0.8634130054367056,2.157005842228352,0.02229351169077738,1.0216461426488634,3.0315367658876653,0.002196804736167952,1.176799649688597,2.681850226116614,17.485990476190477
2007-07-01,0.08381470362150438,1.3752252395356137,4.440334824258937,0.830486122699167,0.7991202485578727,2.766840823879819,0.4982708889510686,1.175364075054355,3.9187133359520256,24.11387661605959,0.24549515373527211,2.576942306357312,6.194117733972931,-0.12547404174311416,1.6007456431815474,12.471449236700959,0.08730407932401289,1.883766261830334,0.021604081611157514,0.986905882225417,2.9513919898621785,0.001329352635502956,1.4929051043292607,4.529172132126488,19.50789090909091
2007-08-01,0.10028958225620159,0.8228053931872283,2.6774635141706415,0.8038090309941197,0.7625288897286941,2.625391673459409,0.49713837656216714,1.2091933424081842,3.9846406927708298,24.40956138214464,0.23588321929196887,2.4444706932301066,6.186579513218757,-0.12954281465922282,1.6106304080079157,34.68807088653613,1.108827098527204,3.810718025291249,0.020356042901828228,0.9082594010478036,2.7116445092166663,0.0006735484347852547,1.9241001596009546,5.046975123707759,27.178926086956523
2007-09-01,0.10790071612651622,0.6648089278055173,2.701101360707817,0.7777791656232292,0.7237112840557026,2.4862618048513494,0.4965425267925452,1.237022248408178,4.036930885360961,24.72793118738567,0.2282902949740548,2.326342742726268,6.179310552482152,-0.13378660301611323,1.6205915914187101,64.8619044711141,1.7132760211676534,5.587824473675527,0.019046127799149003,0.7498152030462376,2.226862854648914,0.0006984147406211979,1.9362572734918746,5.134330493443416,24.32909
2007-10-01,0.09032968863064207,0.9324102056345331,3.8305459620743676,0.7321613690775308,0.12995720181390188,1.769736486478259,0.45210526521482775,1.2996143445969643,4.010021233644883,25.06812173404157,0.2227277957894271,2.224008612402223,6.347028559128726,-0.2969647867538552,1.4902457426957503,39.10988638146401,0.5123722614202562,2.1180327262172587,0.01889143274801733,0.8437872428846269,2.57607023987802,0.001383102980977433,2.5324094910619936,9.683946633560623,19.83728260869565
2007-11-01,0.11012694143246667,0.20234723291106,2.5343324056335024,0.7068938258501345,0.1477985856209401,1.9640078235540617,0.4546585324097903,1.350255721951081,4.113017466699273,24.949504863409476,0.2485150589107163,2.2103900343855454,6.336091693348071,-0.3050388937497918,1.49620962306291,25.337429040767617,-1.7936454430613773,7.681790065121755,0.018672518819051815,0.7901755728034834,2.394825438589394,0.0021844397314331613,0.29643467625177555,1.4209738106479328,23.93940909090909
2007-12-01,0.09488619509865603,0.15670349524819996,3.496068948925007,0.6835786879240401,0.17840199000698834,2.2182181036500053,0.4579889604404357,1.390384752877012,4.194029953545227,24.836017752002387,0.2731317306006466,2.1997036646521293,6.325350896785503,-0.3131659828336765,1.5022869215084076,29.100352907921486,-0.6542658183472099,2.7886655272747256,0.0190773172290182,0.995388784984347,3.149929333863895,0.0019621605275217547,0.7585672903986698,1.9668771794139452,19.30538823529412
2008-01-01,0.1156614901667581,0.17497977554317215,2.5454335339931475,0.6624221426297737,0.22378068116056152,2.535103427228562,0.46207974551134534,1.4195156344282656,4.252288189574488,24.727731028506874,0.296506046325445,2.191937414973994,6.314807169918015,-0.32134259306935237,1.5084726397094044,46.28406977714024,1.522215744062066,4.289908639517884,0.01878739630082902,0.9071707997071682,2.7454784381010486,0.0025352894837985668,-0.37623549926353295,2.851884776033886,27.157122727272725
2008-02-01,0.15105709546914894,0.24918649600187523,2.199451010162296,0.6481775046555937,0.21401669573328141,2.512114253180403,0.4557539413695425,1.4530704372389915,4.402776715774882,24.624713298848885,0.3185687854032362,2.1870630327849163,6.293021609350392,-0.32559084720015224,1.5081933918803014,24.238661908404705,0.4934275015940817,3.200865593962118,0.018315839564413287,0.8120460344483074,2.4590270011539803,0.002424429036321583,-0.6253399619530648,3.927030840673569,28.688647619047615
2008-03-01,0.22339275239991307,0.31793194938182145,2.730704445197485,0.6361695546823132,0.21808331183111415,2.4950712594240105,0.4496073156306984,1.4859273275105658,4.556992985969962,24.52703095514717,0.33925381062529847,2.185035726517757,6.27127515529626,-0.3298500249414866,1.5080026771692585,36.953525234776976,1.9384959354653029,7.907107662456882,0.01826809227705372,0.86848673682696,2.6438913503750268,0.0029885298101674095,-0.14550279521566697,3.0836703080413232,30.32215263157895
2008-04-01,0.18269687829912826,0.1447918720153658,3.059807981444636,0.809182987447987,0.514084962423279,5.129278570317033,0.4918403140870469,1.3136028905438015,4.113733278585896,24.434747985009157,0.3584986100391344,2.1857939530973036,6.828232671590478,-0.5939696917618839,2.0110890690851333,19.262250357559065,1.0361963750914625,2.6597100365482484,0.018790162358214096,0.9653905896219126,2.97076069894103,0.0019551897326224327,0.601084887934962,2.2735948160870896,23.20884090909091
2008-05-01,0.16609268612820016,-0.12690775656813602,2.618221942170697,0.8089974152919568,0.5005438919641754,4.99774122553869,0.48238572814403724,1.3788211693869756,4.298788230534943,24.275767316150464,0.3546079868248538,2.1657891390957933,6.823243435076925,-0.5984741905825998,2.0180062530489833,19.28249461541748,-0.6015339313826773,4.573797579704748,0.018032506819478846,0.8300962169346519,2.6147291276388236,0.0013011354043067612,3.3166247903553985,13.999999999999993,20.152966666666668
2008-06-01,0.17983239509054738,0.5988536080186718,3.838359196269253,0.8107542188455948,0.4915362146654707,4.825214696696049,0.47361722703378817,1.4390785838502724,4.476926684708485,24.125262755673834,0.3490976130235995,2.1491748291244552,6.818294985140829,-0.602980898794585,2.0249981732419746,43.6466573286236,2.2249528928403195,8.610104458151255,0.018601733780508892,0.9108261274730415,2.8175975878860573,0.001617608858195929,1.9672549026233643,5.3565301172720865,23.214685714285714
2008-07-01,0.1858038494388267,0.3596857408752333,3.4725156057009374,0.8144408287014111,0.48882698706570776,4.623382970408462,0.465573577041922,1.4928925608481358,4.642479015670809,23.983393876142337,0.34190292802515243,2.1365301765915317,6.8133874106500265,-0.6074895429243855,2.0320646239232776,36.15463155475726,0.8501282915520451,3.851791737207564,0.01862528702516804,0.9338455863996006,2.88477444717722,0.0024331368531052945,-0.34596860655482076,1.567695389275239,25.919521739130435
2008-08-01,0.18872326178365828,0.16537568907811276,3.3468780925620703,0.8200312178135646,0.49382536268589383,4.405791429914268,0.45829294605782395,1.5387440738688791,4.7892385620147255,23.85031478097334,0.3329670854993464,2.128440981030538,6.808520799993449,-0.6119998474213356,2.0392053870544293,25.542685113139203,0.9205067533768387,4.4723874520255595,0.01789038324611835,0.8378968009253109,2.5300315026268487,0.001929589951559951,1.2642853899979736,2.6228882406087095,22.699161904761905
2008-09-01,0.21532931440431446,0.08859974021665461,3.732240602115171,0.8274868020547524,0.507505821556933,4.186637271309797,0.451812222104961,1.5751462903695144,4.91073958410066,23.726173375205338,0.3222421000924416,2.1254917352070537,6.803695241074082,-0.6165115346862031,2.0464202322355187,47.546650230433336,0.806748903445473,2.198535231852181,0.017409317602738568,0.9171553837776801,2.812910026976493,0.002327904212423984,0.07560392901441904,0.882849628361595,30.91322272727273
2008-10-01,0.28544712779211306,0.22197909524485085,3.6256624536797064,0.9184134872208023,0.33423814987324757,2.8601794854828047,0.5123017350240655,-0.045618654494930085,2.3516971995244402,23.611110635769453,0.30968995074385997,2.12825694817177,6.926727204333724,-0.415950052131686,2.196261487265816,59.92925789582396,0.45776100167514316,1.0461684086531098,0.01703114147374296,0.8583941313888599,2.6447400868373268,0.0022360475405179686,-0.7755895345380114,2.4351888462197144,63.27197826086957
2008-11-01,0.41613543323372254,0.45024495406518594,3.645577519443063,0.8817031519831686,0.5329805034164878,2.76698003604375,0.5135669671359405,-0.16227734841822614,2.4186463858830844,23.07011392615253,0.3252892440059997,2.206630795175692,6.900017544447338,-0.4292076696759625,2.236146160502207,39.743123764938126,-0.11476358195240549,1.586299812617006,0.017547671932398236,0.8745746064687012,2.68933301174526,0.0022545090747193935,-0.05110537620937109,3.962938442124795,60.59942
2008-12-01,0.5716156370571313,0.31168209295756977,2.973357135023684,0.8491450635350958,0.7162755017951062,2.725358069596809,0.5175018733024255,-0.26596186002939226,2.464122652001037,22.582515807633573,0.32202406875763084,2.3175872971908977,6.874061889906105,-0.44303529056002783,2.2769593040342846,64.8280985825707,-0.14346146246454894,0.9990779905127041,0.017006739417987863,0.6812117203753784,2.110733478111629,0.0029165281320550004,-0.15821346235854988,2.1859492299563015,49.987147368421056
2009-01-01,0.7206804949219525,0.5292922825065005,3.2267016107062676,0.8212332224380456,0.8698830862268627,2.737291096117834,0.5240463196355852,-0.3504362016230987,2.488913978777517,22.151842730654177,0.2987627580370305,2.454796412400861,6.848868813241506,-0.4574213993367941,2.318620708853261,42.8774244097285,0.17303942860963806,2.0676495299033646,0.018175108531335683,0.7350958581689416,2.1722132321911185,0.003084453057496958,0.6371089309965368,1.5258362284013545,46.52352857142857
2009-02-01,0.7782994397431677,0.7079500852800416,3.3421414911690994,0.78138936200834,0.9345457142337363,2.7645986570861982,0.5007429106296596,-0.3480060525604302,2.6549154968378508,21.781471599745164,0.2553600779665642,2.6094163697370965,6.827803468365622,-0.45830567833163893,2.323361932997192,56.190611290742254,1.0984281152527884,2.923318357538535,0.019592387942524943,0.8609876791214537,2.6517734789387197,0.0033519045805345503,0.8229377342919961,1.9805739360748373,45.124615
2009-03-01,0.8658864239719596,0.9282629050334331,3.502279167303714,0.7452633665116937,0.9625405372995068,2.8149864202876103,0.47787776444749624,-0.3425131223015359,2.8459804662386565,21.474522724908837,0.19289240096822197,2.7706858110630086,6.806821925543733,-0.4591733700972651,2.328259100732806,34.4481771275094,1.5367267129714572,5.654394953659899,0.0228670742769804,1.234931594683694,4.105246528084182,0.004192097285943538,0.8773978196430648,2.229880858807927,44.18716363636364
2009-04-01,0.7063815278587061,0.8571080686536223,3.4011197263042683,1.6374087969978923,-0.4864127111155656,4.7703466493008015,0.5135228269535451,0.7637466118144527,4.60632351192908,21.23374672543685,0.11379797316938704,2.9269660565563282,4.9227430850958465,-1.133014322348559,3.8468185439989044,37.05938535573176,1.2273209042596513,4.300215478458478,0.02349752872041281,1.2415619761279149,4.169427903722143,0.0024001130540720643,3.1283140787366506,12.9764205480422,39.30816
2009-05-01,0.5790341486041483,0.9247607283036742,3.469925191256619,1.5367936344705524,-0.6721823637406855,4.845258354769588,0.5054842978705057,0.8135687738295266,4.800472658055684,21.455555189387397,0.14579480620189617,2.8607048190530904,4.894557786732249,-1.1342999523480373,3.8566101363035616,32.739586626845785,1.7199160797484474,7.565688341384817,0.024323018461125848,1.2960976203919352,4.399088020787417,0.00181786084279339,1.687355660658739,4.970645612481442,34.49126
2009-06-01,0.655087114097255,1.181552997582912,4.064509557927016,1.4394891683320097,-0.8691737184230302,4.983869990253772,0.5016847217319139,0.7871019510894224,5.05913536799004,21.69402515147263,0.18225593552553251,2.80997641139347,4.866690119252387,-1.1353796473954845,3.8655194758409754,45.834901187782634,1.5607695463399516,5.920708767229931,0.023765618698305416,1.1666892565348168,3.906533881673785,0.001602903472992823,0.8928045225094022,1.84034949921966,31.244
2009-07-01,0.5922112518670946,1.2859704319962417,4.6673516651717835,1.346213482651988,-1.0722972540297087,5.199412034310581,0.5022203178676963,0.6807603638718602,5.372616239287101,21.948613540805635,0.22286465126781166,2.7761270703366776,4.839145570176777,-1.1362434678504472,3.873502907291778,27.846637384849437,2.21543124675488,8.524110571844645,0.022910855639597247,1.0614671696558495,3.5383854657299034,0.001636788473246419,1.90340852480372,6.616493062026937,29.364265217391303
2009-08-01,0.46215802288983526,1.2035987230074112,4.264150015846771,1.2578631484925746,-1.2724009490364612,5.499077171260618,0.5070773494974352,0.502461109672593,5.718209162757681,22.218766296929626,0.2672618776315483,2.760051113117898,4.811929688312106,-1.1368812704755296,3.880516389766723,31.18487268158311,0.32558818624330244,1.4300676724478534,0.022812353388209274,1.0010222832672357,3.3832850877135883,0.0017497938183521516,0.7996695470211017,1.9510151189492686,28.212742857142853
2009-09-01,0.4731909385320682,1.1907997601899176,4.175411117522387,1.175549209574042,-1.454801533250398,5.874325371434579,0.5161338315804057,0.2699113851540908,6.0651305772207085,22.503922890343926,0.315058837877752,2.762214371622882,4.785048081735706,-1.137282720139405,3.886515610069642,46.54911284668542,0.3248831959909525,1.479809597215661,0.02156448127144227,0.7630742617818634,2.4758830560590566,0.0022946448311698467,2.2660664582344308,8.093881154301526,27.099190909090908
2009-10-01,0.46683433991487944,1.0381574541837413,3.5078060226080052,1.0123829461474156,-2.2428625063656065,9.217913320171302,0.5586095462573364,-1.2470289096730471,5.864720457743122,22.803520461861705,0.36584887511274816,2.782690184866622,5.096507740604681,-0.375414842083524,2.7278203460421184,29.650401953270297,0.9716903454599013,2.4565498953421763,0.021248497978793548,0.6756121309166979,2.1982929469930634,0.001508070460305874,0.9538318210994193,1.939989309941714,26.76906363636364
2009-11-01,0.5285178229579913,1.1100974202441347,3.3422410975209127,0.9760963326361387,-2.3850250861295854,9.613356333623427,0.5428258489856171,-1.2181900375068773,5.760985651445356,22.701585625215476,0.46743107259061834,2.8041108141909823,5.087244369762439,-0.38797410386482956,2.718305591925581,40.00331156205717,2.0228723760970175,7.460552432208069,0.02118688770802043,0.6575702423277467,2.1265486469718176,0.0013554823393953292,0.35002968272065604,4.41206148243858,27.301514285714287
2009-12-01,0.7016330452875071,1.405956634785482,4.5064831466343955,0.9605337013421763,-2.3324860831574816,9.204472252127069,0.5301753841628205,-1.1760392947591,5.553561461418571,22.63538572387683,0.5699592457197797,2.8565569938582964,5.07892246870478,-0.40008218704071385,2.7077102531902404,30.47498327674804,-0.050924473282149406,1.3458937472746215,0.02154592155504924,0.7043044361134123,2.2856851247225176,0.0024679716520799146,1.5937719845171083,5.807160232144892,24.882125
2010-01-01,0.795544854425584,1.7406426396782473,6.292671374905017,0.9666964632888994,-2.079265615951171,8.037200735593538,0.5208864867757103,-1.1209145096598594,5.249358300072413,22.605234711536095,0.672164360883715,2.94086639808768,5.0715466720072,-0.4116984215061287,2.6960775159957575,29.846959501697125,0.5245912179842677,4.129123477395465,0.022431942625294445,0.9371625061512908,3.0467282781145024,0.0035256563033534446,1.515831846869085,5.914437502433909,23.93327
2010-02-01,0.9407100504608188,1.8729678430790995,7.009708318101568,0.9005594265619723,-1.9985343052331754,7.751582613393915,0.5094983391527922,-1.0559806044426425,4.940128546868552,22.61127679685158,0.7727536053439594,3.056647989155854,5.066185929502695,-0.40556985423986425,2.689374822222741,33.47462385504873,-0.1317236571697785,2.476636146070658,0.023206275314040677,1.0139575950684818,3.386791465601713,0.0021901896216247525,0.3307738665749014,1.9092575102393643,26.81756
2010-03-01,0.9215655213416977,1.7068164321428059,5.981462390157396,0.836347327527187,-1.8866214793810914,7.37168493142783,0.49887473927234915,-0.9908707414782677,4.632030290985963,22.653483019820435,0.8704600067290064,3.2022646017774212,5.061010464153074,-0.399339006222479,2.68235282249462,25.107635623582198,1.8719700308436122,7.016128367350736,0.02338250382111856,0.9460619421761024,3.1215538637319855,0.0012836807999520366,2.856806109061821,11.576308301643124,21.35496956521739
2010-04-01,1.3723258204586861,2.228041554407017,8.427904603661444,1.0790654078629531,-1.367498932401015,4.144993916295551,0.9202776491770079,-2.9114193323586086,12.10816805831803,22.731651941730938,0.9640911231345649,3.374904860900968,5.053377914927139,-0.4176696749678627,2.3036127658354997,32.25264303984575,-1.245525967927544,4.34926071687148,0.02561722020482423,1.1437505574662112,3.9430485783851035,0.0012016845470673027,2.159004317234357,7.639156871810436,23.42415
2010-05-01,1.5362423957198685,1.895420444423533,6.9172176317667695,1.0344400051418947,-1.4456768104053894,4.694295292492219,0.8832498504237212,-2.9301994698868823,12.169018775676824,23.051756229923964,0.9232470040042886,3.381138733251965,5.049350348579521,-0.4132591215738406,2.310310342866557,79.69935982569467,2.444819857834467,9.65451814269423,0.025343623098441636,1.0409871278601255,3.5483998261944794,0.002789907182110694,0.018623425119269267,0.9608774512779963,38.98694285714286
2010-06-01,1.8926230629951157,1.8961150867736547,7.116690335080897,0.9944176133217179,-1.544595184383042,5.347410295516887,0.8470281696338252,-2.9385152385904942,12.191393644956527,23.41313935525706,0.8779523979894723,3.3673609915800986,5.045932193562716,-0.40986463910900794,2.32126691450589,28.76460793434899,0.13243696315083306,2.4390417850173156,0.02325969135072112,0.7710820560728249,2.7416541866491926,0.0073023325285155654,2.4798881841857625,10.143883276719698,32.39198636363636
2010-07-01,2.25107315865696,2.2093431794275573,8.472918970420901,0.9595743591749091,-1.659470212398829,6.060403839170826,0.8117205290085169,-2.9335461253137205,12.162469234928349,23.813922137156357,0.8302417502474623,3.3358347211404498,5.043124689026719,-0.4074919627543983,2.336463212696212,37.20338403495234,0.8000830501783089,2.1627300308890627,0.024626021058532406,0.9073021748279523,3.229688345061551,0.0079068191170736,2.5793024363662544,10.564268435581003,28.75113181818182
2010-08-01,2.4680574022311674,2.1581165299749516,8.089706982139996,0.9304922393778415,-1.7806290144118238,6.763232288692866,0.7774514708040892,-2.91201903136105,12.066729299200363,24.25215133841561,0.7819025225595495,3.2895862589038956,5.04092885526217,-0.40614456140246596,2.355868783384757,31.963416252963448,0.5202479852179138,3.0677234313773503,0.02442589340334381,0.9092687556678704,3.3393873877747122,0.00847533014708728,2.4845453413226855,10.12858702386233,28.20326818181818
2010-09-01,2.7061410535856094,2.018294257532512,7.344937182606324,0.9077251566161538,-1.893136775698202,7.366371207922859,0.7443644516484874,-2.870259137979947,11.885995905298923,24.725835990503796,0.7344372183492209,3.23205171247899,5.0393454918535205,-0.4058236136182158,2.3794420526258944,47.41821996771618,0.9377793952706163,2.837835168412942,0.02462654296603095,0.9628479318757912,3.4793852982049285,0.009494389022154909,2.6362315018995055,10.547435786154313,24.71488181818182
2010-10-01,2.298309483342802,1.5136271995356416,4.7085744729172765,1.474727926616898,-2.311288399323528,9.06100721442451,0.8696701240101721,-1.4833660702081768,7.795091601532849,25.232979416196212,0.6890512653125899,3.1667688918649737,5.22678836085981,-0.2210922185296411,2.262733464599179,66.85289116701682,2.715296511504571,10.74491575909972,0.02489921159244921,0.7831898624092044,3.2412217556402743,0.003585358001730797,-0.5206981348601762,1.0912937507767586,23.017947619047614
2010-11-01,2.8724233507771983,1.571008497394005,4.891434234645268,1.4451545408594462,-2.3021745629937405,8.891209136085411,0.8185251844697072,-1.6923476217973765,7.981827344865275,26.034537391528758,0.7223216873507742,3.255970529979992,5.1907579343249095,-0.2077784535123729,2.2592418862440367,49.02191007764059,1.0565477244948402,6.217116747918438,0.025531974449551423,0.9008085987383678,3.27736891453989,0.004803388298651422,0.35590327404694233,0.9021370064358933,24.68792727272728
2010-12-01,2.868929669204733,1.5872771033445026,5.115985223033329,1.4210387069657635,-2.258900703474236,8.59585318866031,0.7705522712259437,-1.8828733629041712,8.181315269901592,26.886626445581495,0.7573267550598709,3.3361843628893246,5.1557108601143655,-0.19486100427146896,2.2584552157868414,72.42402610262805,1.4619757055385505,5.621161808062341,0.025393189471011476,0.8719614613722644,3.144717291593604,0.0038477134875117085,-0.08007265639753645,0.7099867204514241,21.653547619047615
2011-01-01,2.8170190493624365,1.4583089030744847,4.443758444928673,1.4026619467029586,-2.1778852639536916,8.186411096125646,0.726380134527882,-2.0360244443538975,8.355018037087003,27.78459795494946,0.7930905624410848,3.4069823223551206,5.121667325222536,-0.1823673493844894,2.260386315570709,32.812863594375486,-0.043187019725090446,1.4508799023544832,0.027207437016719606,1.0115561298671716,3.5643607150850403,0.003937137051245423,-0.16481345705853162,0.7742097748313164,22.089171428571422
2011-02-01,2.7989637952774906,1.293502489815113,3.464726189470578,1.315352208156997,-2.1188854834377917,7.895558994097358,0.680048011392335,-2.120064804212856,8.516501810422223,28.724149123563734,0.8288103364190011,3.468483237018753,5.108884429558635,-0.18083362023322588,2.2593083833161574,43.35910078694256,1.8114964888694143,7.231102342892148,0.027488246103390762,1.034335448408202,3.7494548740711857,0.002975310190798093,1.6237280660792321,5.983952341121088,21.437585
2011-03-01,3.1688456225057675,1.3127107170689647,3.4676656578758767,1.2287260027262525,-2.0504085394796743,7.561727747465803,0.6356036730307664,-2.178739685592334,8.643477273486411,29.701334308207073,0.8638572247148403,3.521172222790628,5.096322522081243,-0.17917176898503365,2.258579526101837,58.12656120752211,2.3691351188036114,9.259558580053717,0.026803180338391974,0.9414180327042488,3.3814531639351872,0.004505814461790287,1.9374841111724912,7.9970639795282725,24.98117826086957
2011-04-01,3.534361252249997,1.4455152636040278,4.039278290796502,1.5202825312057484,-1.1848005274672984,3.891037068445569,0.5879235369059217,-2.0142826809518137,8.741177419063405,30.712561501177923,0.8977625789809791,3.565754097111893,5.289549007304029,-0.0586322290161799,2.134016459815027,52.85616165273142,2.2308540570367397,8.981005776674802,0.027235702330548492,0.9435549045790785,3.440621614343623,0.003835926968079366,0.3429198793505632,1.833432021393958,20.22095263157895
2011-05-01,4.238791355211685,1.548305069954005,4.566946240892519,1.424507314074427,-1.1551324634744573,3.7385482367414067,0.5749944049086521,-1.928396493732001,8.356904557346581,31.75258120953605,0.9998023654797545,4.012354101514024,5.271013860647629,-0.053631443217266726,2.14869665514514,36.049008339656304,0.06753191708613644,2.086220321168054,0.02796573828318819,0.9519880327790184,3.4761964398596823,0.003846355049945051,0.6667979248632322,2.079239366611739,21.935695454545456
2011-06-01,4.578855779522412,1.4914760163971887,4.276023738810655,1.3308613341801718,-1.1332052525789187,3.6293016530001125,0.5662714363930399,-1.8082874695706772,7.718583840753127,32.85834844020894,1.1019325318229352,4.4521592071306735,5.252641568321214,-0.04857657263034859,2.1641854609819653,46.68722343752238,1.254651102617749,4.417353285423596,0.028355479198246165,0.968723319036309,3.5080141471570787,0.003854153480824818,1.2989773525014685,3.2145655086717633,23.80556363636364
2011-07-01,4.646314873768493,1.2627431585520246,3.2543310075606877,1.2398271587532759,-1.1242386702645184,3.592714807488076,0.5619505380752954,-1.664815261016382,6.880839861214733,34.02345338459393,1.201764451106835,4.874863574626404,5.234433845127916,-0.04346789480981655,2.180489457603559,52.556624200346,-0.5155657729077355,3.9872228466705013,0.02824269018469415,0.982358202829384,3.4776265196907508,0.004000101451329178,0.7558707154676891,2.1137122537550925,24.8857
2011-08-01,4.512897793251792,1.4000446149835282,4.041131368800364,1.1520241170004737,-1.1356854776866692,3.670274372727031,0.5621332300991347,-1.5124584301999675,5.9394142086700334,35.24201139910356,1.2975670054419999,5.273346624265405,5.216392414344751,-0.03830572804274577,2.197614628768717,63.33391460696867,0.6753665593561036,3.3123827167945024,0.026884160064423616,0.8664473859180212,3.0090510511265314,0.0038677028266085453,0.8327222871414848,2.060009901553739,40.81231739130435
2011-09-01,5.026119449530158,1.6215444936923376,5.204018303938894,1.0682492398880177,-1.1776526385217678,3.9167076722825405,0.566815157781049,-1.366511544821459,5.010354077781286,36.50867053099728,1.3881778626858379,5.643210160504146,5.198519007322612,-0.0330904325273032,2.2155663289706657,90.3451149228108,1.1072125916895343,3.2449415767624314,0.026652423961778287,0.9581217996605256,3.344690943425186,0.007598196329552628,2.1106300351750766,8.222472393514,45.54927272727272
2011-10-01,5.011208223180705,1.6863061007676468,5.4743906803771285,1.6570319562420848,-1.5027870612010368,4.383037890242475,0.5233551434611939,-0.8964164015713479,3.679484127290743,37.81859793372472,1.4728986677189655,5.982231536878833,4.756685416347842,-0.008669455486173733,2.130711970453553,64.69758019729345,1.1110296094643701,4.098691918140782,0.026802773374463615,0.9875177328059528,3.3985450804747597,0.007510053553223925,2.5328992595357436,10.329262437370174,39.37007142857143
2011-11-01,4.972237694623266,1.4724056346502856,4.821174792597818,1.5708822490328618,-1.5035009807456572,4.270671143589962,0.5169063584589881,-0.8174896048736595,3.294690710243007,36.63779738730802,1.3922203173284722,5.681838224880095,4.705812768837029,0.015426155993220014,2.1318795056603665,77.08653175944444,1.0761325833393476,3.1404959642938786,0.026918893696703246,1.011997940826978,3.6011925665188462,0.006194009369321481,-0.7608282555882718,2.575210087838473,40.28689090909091
2011-12-01,5.849094385673654,1.8333211437966008,6.320125492385952,1.4879744725479522,-1.5016856523434117,4.164407469361811,0.5124862877855499,-0.7421851318644059,2.917671454335049,35.485952891050545,1.3035258789343454,5.363788749440511,4.655249120774986,0.039882480660524126,2.134472094380593,65.59192079889668,0.4122348277422216,2.3321740991863873,0.02721083975396965,1.0159075245372495,3.6108121856151145,0.0065004640201451105,-0.4963743395228941,2.1126853848657614,33.260909523809524
2012-01-01,7.130752412371188,2.259123785790823,8.397680695316364,1.4088810723020286,-1.4961934481710262,4.074154514374486,0.5101476663143055,-0.6747028332342546,2.5773871486601063,34.365976128287116,1.2064297312883796,5.029766859032815,4.60500465075511,0.064693468567232,2.13857609528007,60.68794506283533,0.998423322942708,4.098240594367301,0.02596526111251731,0.6487647195606651,2.1027768821877264,0.009623993496573831,-0.06959471658324201,2.4804745997764477,27.786472727272727
2012-02-01,8.032954497061638,2.56809301097442,9.979801843262653,1.3127771124762484,-1.4544768925836429,3.947428343283467,0.486698760296552,-0.66453222515583,2.4659093312657125,33.281084498343176,1.1006901253900152,4.682425080081192,4.574314945826362,0.06986362922248032,2.1375150157742056,58.30554055783704,2.7899058150294986,11.152564863419679,0.027224721631885343,0.5988543979030551,1.923951855588943,0.009733138613909856,0.18881669413559274,3.1138129842200377,24.935571428571432
2012-03-01,5.281086287997114,1.9517024540537375,6.617229443961721,1.217613134547478,-1.4046314986637178,3.794325828555597,0.464006670825899,-0.6513760402037344,2.3620499049164088,32.23482066017173,0.986277146732775,4.3255673470471425,4.543741972661636,0.07506818027448377,2.136423448032448,47.534431722369106,1.0175821698871486,2.7200912766893506,0.024470088703252416,0.3568984089506307,1.5113528372848306,0.01568769821163804,1.7565883973171623,7.479358892624955,22.432954545454542
2012-04-01,5.852109864704868,2.15994484341996,7.969349620588251,1.567903453454713,-0.9578508904411167,2.817118836166007,0.8546807112339447,-2.1890785813202918,9.157613501642732,31.231067033848323,0.8634549197890987,3.964301633299446,4.178944723474529,0.5321593179207051,3.762858265898494,71.89488527644177,1.8730412064678648,6.692862414163255,0.02413375808061711,0.41210757096191386,1.6449878063809493,0.023459955208739426,3.085298121141855,12.841785732859321,27.097952631578945
2012-05-01,7.383640136891899,2.5045161902689443,9.871470017588448,1.4700770005177037,-0.8836050072145232,2.6166185025371274,0.8245678321334667,-2.2918088975997266,9.500824287660222,31.858758228248,0.8983088332457088,4.092767270750183,4.15005297166649,0.5219079358085364,3.7599714592380398,57.565456066495756,1.4988397790244667,5.648310883731163,0.02366843304918746,0.534752118378683,2.007197305504426,0.025402857475940975,2.8656554533842304,11.696284738171176,31.27221818181818
2012-06-01,7.6408606242078925,2.564901335809522,10.234968897299375,1.373944050579768,-0.7987356615428608,2.4000582233855883,0.7956773033298956,-2.385647567821689,9.835359455801234,32.50439682634404,0.9301482818730238,4.212132811602363,4.1212645503822,0.5115066393973504,3.7568262605087437,81.17482127283859,2.1197981481173307,7.615492118250919,0.023973787649038746,0.527044006044352,2.0933566055453565,0.01612602938018835,2.206776580049793,8.010577232733603,30.31832380952381
2012-07-01,7.125071744249346,2.506307825395353,9.954131722105755,1.279886260326459,-0.7020928182461419,2.1712586992642295,0.7681470574639417,-2.4670715702792685,10.144479295293543,33.1669347342829,0.9591653439676925,4.322261511971657,4.092581640194,0.5009552608253771,3.753414645239161,70.0912701944271,0.088438722928065,2.1720225415868972,0.02362542452346337,0.5412308876797665,2.132320975947584,0.010705588509902754,2.3117839970908975,8.742754793003872,24.66534090909091
2012-08-01,6.695391780305553,2.4975763546529137,9.920860127373224,1.188396458761912,-0.5930020740628592,1.9384165287820703,0.7421284945060501,-2.532138012180229,10.406792234416688,33.845379532768895,0.9855533796922367,4.423195221221502,4.064006475128443,0.49025380140647284,3.749728475676458,31.109213074463277,0.243602264094502,0.9417457488244168,0.023881243173614366,0.4175300696664672,1.8798998935673301,0.00576334687962755,1.1267826056695314,4.942476530697761,24.22805652173913
2012-09-01,5.657704570650979,2.463225765518448,9.705160774063522,1.1001155237518265,-0.47190714289972624,1.7166608768926988,0.7177860213435812,-2.5766664883601824,10.596478492632565,34.538793858376316,1.0095033267033682,4.515116999413502,4.035541343975515,0.47940244471841487,3.7457595100775736,55.092203994084116,0.8346377196064331,2.38893938347451,0.024608527743498684,0.41541199784057453,1.8946969060749557,0.0063446296181342175,0.6984667640001053,1.9465250464693584,22.60147
2012-10-01,4.829016006494351,2.3428323826883983,9.09526955810195,1.698511414102656,-1.6179062480632942,5.8598592662833955,0.8713249287081863,-1.7591902218025486,6.642364578789756,35.24629421784521,1.0312008841481914,4.59831799295155,3.4785209938937514,1.15882680269127,3.975447405278821,57.361132513093644,1.8031288666973717,7.181993061333498,0.02505483540639888,0.4849998542679339,2.149221634138183,0.004706392258471424,1.9171624626638164,7.401526007832238,21.844113043478263
2012-11-01,4.6316411546193414,2.322064561528387,9.04544080275835,1.6592116051292396,-1.611462207897726,5.879232063853199,0.9106857188328188,-1.752748495950856,6.615383891115035,34.90283937327544,1.0181998482574053,4.50761047536756,3.4309802048175104,1.1900516727288366,4.029242003695368,72.00792827884737,1.6112688810715248,6.106278228033979,0.025572754103039677,0.4472090105826019,2.001859005408064,0.0053184693078687706,2.2189006035019654,7.7849323736152085,20.131804545454543
2012-12-01,3.5912705531284255,1.91975865306861,7.15038314475142,1.6214016704262426,-1.6001170050188849,5.8830721923575044,0.9518240692397588,-1.7390994611576025,6.546482889047471,34.56524076232618,1.0042138147234578,4.4144619764627215,3.385074769155005,1.2187845011111214,4.084313226749062,53.67063885067246,1.355780676307571,5.1872844941096306,0.02475087956743915,0.5220664553254803,2.0974708033051135,0.0037960113642748405,1.5703321643049615,4.074001657221238,17.19394705882353
2013-01-01,2.8858904215809855,1.7975248264420844,6.544954145906463,1.5851882230932042,-1.5832889944442565,5.869234179219353,0.9945194177503935,-1.7205523854702678,6.448232347490686,34.23367164085144,0.9892075188231347,4.319025306790633,3.3408720995752272,1.244693308042449,4.140076410980736,69.6408743609399,1.7330949016889061,6.670331023908078,0.02608406249618454,0.6797066425072409,2.335772987975477,0.003879994866427036,1.2166072581855343,2.9140807869192265,16.0792
2013-02-01,2.822253637412262,1.7850231663998424,6.482456813233352,1.5038527948059377,-1.539929450836088,5.772391088899127,0.9611206099559207,-1.7464105509407986,6.54817318110935,33.908308885652914,0.9731468354355781,4.221478893265729,3.330873055296766,1.2316354989561495,4.106201101825321,52.759814449544685,0.7368894280307592,3.001118873092928,0.026330633972042706,0.6976342888712475,2.3155516094058335,0.002767696793309203,1.1253613541329996,3.1017936454616,19.901415
2013-03-01,2.9905529720030097,1.8420901914382974,6.806992143801212,1.4232617744809475,-1.4883189972690958,5.657305381620315,0.9287161621235723,-1.7652544477699035,6.6324814928314515,33.58933285093963,0.9559991326639713,4.122028042030826,3.3211711106737276,1.2183351229315305,4.07120234716907,61.863412497132025,0.18457374044240027,1.8121552594001957,0.027103583301198875,0.8006633496099169,2.5682992067276564,0.002623821348322613,1.2379786142717082,2.9333805070555083,19.306195
2013-04-01,3.068316245005904,1.9620139437044093,7.330420836322895,1.3122271756747546,-0.979045004050192,3.555411599516076,0.9386739760899652,-1.4073721336621017,6.1450371570691384,33.27692719697429,0.9377336560079848,4.020906034700783,3.218514449958385,1.2494783780740575,4.016951084715538,79.81592981653633,1.174296678756515,2.7152469320500323,0.027502145678203777,0.9029690369025708,2.77195439090982,0.002655598631255825,0.859089038971871,2.687746298630034,20.38142380952381
2013-05-01,2.4251712302017956,1.5221007859602962,4.996754631202926,1.2143525406566227,-0.8930774108964171,3.374561780224168,0.9120420789331211,-1.4409949906246107,6.325000745847963,33.22707634022578,0.9239152124595238,3.9625681267812185,3.2203231774379266,1.2408164871309675,4.023757931298872,58.748685988033365,1.671321023934585,6.874476232540669,0.029449928056786687,0.9822597871479214,2.8527259483379503,0.0021101391843689962,1.2074898665063614,2.3281212606302404,17.66758181818182
2013-06-01,2.599477002897557,1.6123807151623963,5.554460064246493,1.1175125731133426,-0.7890007232782129,3.1792936290270117,0.8859644594266985,-1.4723026415717373,6.509920412531116,33.178167653540854,0.9101053912167445,3.904516848067656,3.2225450450699267,1.2317757183240732,4.029478080949795,64.44700419593265,1.5967857754552914,6.381455012828243,0.03058288091788824,1.000971352759982,2.809983506131424,0.0021995774922430426,1.3430385154627411,3.4834321813767875,21.90055
2013-07-01,2.726058850338198,1.697655912205908,5.83346274708091,1.0220014358018148,-0.6616649309677795,2.9745757338443983,0.8604915120187551,-1.5005491996345641,6.697604880139517,33.13020530957431,0.8963077760762523,3.846774119886002,3.225179199001726,1.2223734909505226,4.034079803549973,41.585562733466716,0.8594529187614294,3.245758037892048,0.030991438901977118,0.9814632178208919,2.729880041403564,0.002139575254637272,3.0775034230264153,12.72335680311953,19.40465652173913
2013-08-01,2.509038410743101,1.7039979428991152,5.871396862094277,0.9282294135303496,-0.5043684978625979,2.7722663729656296,0.835678532937093,-1.5248725955702054,6.885091323264115,33.08319342420611,0.882525978266337,3.789361865484014,3.228224629986263,1.2126277545429909,4.037534728739827,33.383547469690015,-0.2536278578429048,2.247577192166894,0.031231129639138825,0.9544577546193757,2.681667481809847,0.002332184819141963,1.9674709230078198,5.893139712971694,18.805613636363635
2013-09-01,2.4695871643423892,1.8339232522558522,6.543707608754133,0.8367813807394257,-0.30872780390733656,2.5972199151646285,0.8115860569489529,-1.5442923227213863,7.068502378447442,33.03713605494779,0.8687636339782001,3.732301989134479,3.231680175301128,1.2025569242782934,4.039817956615139,53.24523330438479,0.96410951113563,3.9627339483607518,0.031113339788625655,0.9426586137629179,2.6126842688961327,0.0016545337761813665,1.5202467799667807,3.7223360442760427,18.886714285714284
2013-10-01,2.141960672030611,1.5848617375720166,5.3073293103765415,0.6735016666781922,-0.0897583371289409,1.7378693492126727,0.7431190557865893,-1.552426773298517,7.245776806444523,32.99203719935519,0.8550244018270289,3.6756163549046232,3.7467171214638837,1.5642199435896564,5.7013537317773455,65.4746097101465,1.5884840496023886,5.199002600053403,0.03106510710487946,0.938924885367122,2.6386478663388906,0.001510046668664954,2.95950878123615,11.978971457152412,17.880282608695655
2013-11-01,2.054462284594716,1.5946319641701514,5.450960236862873,0.6076567713582415,0.06969987535499819,1.5924068340887425,0.7264998892489704,-1.5247864460255662,7.381139383256661,32.908691642922996,0.8441938688537121,3.6183695911964033,3.745922073099515,1.5553300046411016,5.693054714191117,36.908130738791755,0.7957584206691736,2.699770457398726,0.030750782394112046,0.9740486268747894,2.7710837395002517,0.002271523604196259,0.6109746963031933,1.516358018507361,15.72684761904762
2013-12-01,2.042175159329968,1.8195609218640747,6.609964918385527,0.5511278600154447,0.14560063700364922,1.7548036070149533,0.7128036749719605,-1.4680748754385442,7.401851692568692,32.83323920057265,0.8316773281471609,3.5598848907292995,3.7455436009330416,1.5459710060266731,5.682313736058551,50.64631973665665,1.193007229842783,4.229562987252333,0.029103620724088376,0.9651675863738036,2.925219109590262,0.0018447488893856025,1.3259055506983082,3.038490140649621,17.03706111111111
2014-01-01,1.8773234063450521,1.9210835920319906,7.160702669690076,0.5070404263383216,0.07507768623229184,2.229996664875203,0.7022014675272696,-1.3845510984603284,7.28873493185539,32.76573440078412,0.817443821597168,3.5005007281283107,3.7455818312432445,1.536158099119923,5.669149267720931,45.219522752805396,1.2034431069508456,6.967857138527558,0.029231364631032028,1.0025697987421716,2.6806171263521796,0.0012135269718680684,1.28639381376775,3.315672478708865,18.152195454545453
2014-02-01,1.7686944266291782,1.909915873887115,7.227268620978423,0.48870803558255516,0.05651543991464192,2.6182741514209504,0.6825794901385688,-1.3358609834695434,7.2030204548500825,32.706226454776335,0.8014687363113856,3.4405721470771713,3.742731352922884,1.5425675628076383,5.704033525692207,28.790886956574838,-0.36987005755893854,1.6429839472436276,0.030163940138493682,0.9756306815508392,2.906181529736079,0.0016161500728065308,1.3630097260901475,4.2057642882296395,18.419215
2014-03-01,1.5468347529875324,1.8785287620031847,7.122662198927716,0.4761026547086942,0.0029787490809149073,3.0172359828148196,0.6635729872932554,-1.281322512655439,7.086523183564261,32.65475908144435,0.7837341455740323,3.380468108338189,3.7401888961676293,1.5487065489859562,5.737438633746001,44.990913055828734,1.4675156711574222,6.471925508219666,0.030343675568423347,0.9749575988328861,3.0049329538619736,0.0018452358910429998,-0.03137754853215388,1.2667467466599398,19.366466666666668
2014-04-01,1.351228566766354,1.837296622090006,7.010634812482738,0.41438901227498987,0.204196054755795,2.4287733178205824,0.5665823249844393,-0.4368325428802438,3.787591985356145,32.61137034978612,0.7642290983602191,3.320568591470561,3.806058631738304,0.9714599379408405,2.827911550946447,36.624057632609635,0.8685135103231227,4.234028259725401,0.03095802397544914,1.0328656636655058,3.1341798122412,0.0017664179720623665,0.33087776606858643,1.864406577552346,17.44451
2014-05-01,1.4421216892821156,1.9654066418034064,7.515594862050826,0.4079192497067149,0.17912095534364833,2.4858810978697274,0.5424751017299938,-0.456535410120858,3.871905360459471,32.67752405868689,0.7588140962404237,3.321495284234335,3.7912671267667615,0.9782985604587046,2.8401033896313583,37.04620554883135,0.8389763626389178,4.951758417024431,0.03151799644528755,1.1186936502043408,3.174802197634448,0.0026072715381487313,0.915805751900908,3.9060058684090486,16.253733333333333
2014-06-01,1.342207493438491,1.9419829498929193,7.265127681232771,0.4092205969973143,0.18738493443511212,2.4065198024924785,0.5185194881121563,-0.47797076452421344,3.9613242855825734,32.75940414598532,0.7534615213643174,3.3183482022912067,3.7766874738767484,0.9848600059096208,2.852058468975667,33.64244861944866,0.5518938085138123,2.831440421969075,0.031105877715852957,1.0709834478914126,3.0411057611386543,0.0032247742927828953,1.5852122165731082,5.861377957500515,14.321261904761906
2014-07-01,1.4458537296572131,1.9851193700396468,7.441450724607119,0.4182205179936649,0.25538443353301116,2.287862253998381,0.4947375078262704,-0.5012857214429127,4.055762144429435,32.85689304046758,0.7480864976862037,3.31090433125764,3.762322135960101,0.9911298327497716,2.863773379544862,29.792299075359235,-0.16688452091910416,4.025546454530843,0.031229198791758752,1.0463629813193411,2.970926743879949,0.002694869974469181,1.7819154654402374,7.519967208878584,15.80365652173913
2014-08-01,1.4944576224929607,2.064613206921506,7.749246267789072,0.43444082252182764,0.3875910453855189,2.2647758105174893,0.4711554544851798,-0.5266155735516784,4.154876575950514,32.969852280898124,0.7426058223351935,3.2990140825891245,3.748173577183403,0.9970934134664123,2.8752454158993412,30.58657915836638,0.5938616989634653,1.9927157370868496,0.03162383086417318,1.0991284250369506,3.1359358799897166,0.0028440507180491873,2.470820659669602,9.617850347027897,18.079638095238096
2014-09-01,1.446562146933346,2.1860794368275007,8.220972446048712,0.4571135272713954,0.567884398483361,2.4230987875573695,0.44780491452758164,-0.5540650614516467,4.257934319903713,33.09812347331108,0.7369391713591379,3.2826016170103167,3.734244261590138,1.0027359539954221,2.886472619703426,53.51955183192508,1.103419720603611,3.728816126648158,0.031311091247933596,1.1267548485466492,3.2764615082782615,0.00324398884652593,2.3863772665350425,9.495875304725727,16.72609090909091
2014-10-01,1.8536311489948414,2.541772409611428,10.08497572508259,0.753317658732924,1.1914056472918422,4.810063891922474,0.47884961283322247,0.2504532308930273,3.137563649875579,33.24152936258553,0.7310102033304007,3.2616634521548145,3.313216504860897,1.5197148597075454,5.076466860643608,44.91613780579346,0.6121042309740427,3.7134958755382663,0.03239061775385713,1.1429658969054786,3.339141547948609,0.004334123388985217,2.620052797404442,10.3948541678115,22.36105652173913
2014-11-01,2.113567606834746,2.7656123433785247,11.23846589777746,0.7400969571296251,1.1271375773240357,4.214520438708073,0.4600543027687265,0.2924467407480322,2.998359722520931,32.77910586710641,0.7122637143470738,3.2376961990632376,3.298669266444201,1.5324320019147761,5.117235938274562,43.45809129995768,0.5963194038924907,2.5310405945299923,0.03160356312628481,1.1202232296788808,3.306347380650801,0.00283820187130594,2.0954132207621132,7.878487884469489,19.7701
2014-12-01,2.243705637716786,2.917705206230845,11.993273833935568,0.7314186064370928,1.0949727186250926,3.747921926844971,0.44245218064372593,0.3297668202924808,2.8357073320001893,32.33467926761288,0.6896060318919407,3.2101145783016096,3.284422027861531,1.5448003366714294,5.156801074111941,49.4055453986623,1.6432689224312302,6.757143313016266,0.031885892710753726,0.9470877309182267,2.7609646088796627,0.0028451745593642466,1.7169251948902577,6.1952434633520355,22.29438421052632
2015-01-01,2.618190876828429,3.032364977181017,12.584032982780686,0.7274451942438,1.1032708530581616,3.488032648378378,0.4261911116994759,0.3608002663171694,2.6514128451553507,31.90900155192746,0.6628802799855177,3.1788449400425782,3.270478709797426,1.5567909196184884,5.195084304934889,47.03973386349798,0.25242470230181674,1.6662799769664267,0.03177130597520705,1.0255346798596534,3.0326670988574156,0.0031420574860038498,1.8880522021936401,6.7119064472613035,26.418638095238094
2015-02-01,2.7212327859714582,3.0197616161562766,12.510215407406088,0.7156068694391854,1.15507924885313,3.5388858333257533,0.4113235694016626,0.40151619990173004,2.5895550287492375,31.50283275439711,0.6319654611609452,3.1438657205251266,3.2546511751867286,1.5543749725189575,5.18603649663082,57.0252808433971,1.0307713239351073,3.7638794104508677,0.032050993358373525,1.0173147294339087,3.1077515916972853,0.0033001511027305947,1.932594772530569,7.442680932275964,22.55293
2015-03-01,2.9968144405040884,3.074215255116467,12.754280270016922,0.7050691863388037,1.2183017485063175,3.654890199295587,0.39675416315811934,0.44223469134445276,2.522393515756149,31.116936833036963,0.5967845583220535,3.1052165261815268,3.2389358148867013,1.5517594887338026,5.176133310785303,36.42726221323469,0.7650586042978132,2.6762308168954214,0.03157133696352354,1.0190876373067195,3.042856028427016,0.002561341084974328,2.628303632460932,10.433204663155355,19.218454545454545
2015-04-01,3.4555361340270476,3.0944741268699847,12.866312941931898,0.9043840886955828,1.2157136420120827,4.168866094483172,0.4561633356149284,0.14736512328180837,2.9022164218762745,30.752076986766276,0.5573127473682914,3.0630067446052727,3.4777165408101,1.338379343767756,3.8854190409117555,51.728620790589574,1.1107054493838395,3.618081578499143,0.03148684203412651,1.0130559054056019,3.0202701092632704,0.0006770452637536942,1.560283048344175,3.980832253003081,20.99377
2015-05-01,3.0066074769454554,3.0854662509021167,12.840211089636787,0.8871423819524925,1.2277698721141848,4.02788300202805,0.4455707449493023,0.11482044243995347,2.6306814727619434,32.213102804933456,0.772172656425724,3.636243352766574,3.469807504212505,1.3358969505091467,3.883116054475069,42.68399739993712,0.31266073856779997,4.16873431091233,0.03164951611914972,0.988846583953654,2.97324076083051,0.0015324918169602262,1.037472708737575,3.0738062109768904,22.015615789473685
2015-06-01,3.0525514207865423,3.0991997393872235,12.928004964312832,0.8716653699479234,1.2472262172995168,3.907402390432872,0.4361791923305967,0.07822930940743408,2.3797908224713105,33.77010665985795,0.9802424222195345,4.24841035668124,3.4619675009003466,1.333317246515655,3.880658924899645,67.37658003347563,1.6668744281673822,5.592472500521748,0.031037210437047925,0.956379084420213,2.943788933318161,0.0014901508494563603,1.2806755049759153,2.6783702808541148,26.15386818181818
2015-07-01,2.8548961438821725,3.069093844112505,12.767479339465282,0.858048549801271,1.2754256737420562,3.8209505505881953,0.42806773524971964,0.038267731443896405,2.1632491335339807,35.410430292371615,1.1768655592452713,4.873164857787385,3.454197000928944,1.3306393981234497,3.878045820342252,75.56693713883648,1.7546025305027706,6.9655298554845855,0.03162289518805996,0.9242333081351181,2.734130052850477,0.0030097708746115847,0.6711680784500437,2.5873970264545836,23.57867826086957
2015-08-01,2.7694666770309313,3.051259006844447,12.666281695585177,0.8463817080993564,1.313523199221083,3.782778194775891,0.4213103169560812,-0.004058399477519844,1.9942698011253042,37.123030605533735,1.359407032514924,5.490244480364801,3.4464964744067803,1.3278625929815444,3.8752749411492626,35.20221758223761,0.396718418461554,3.1325308257409947,0.03148889202786351,0.8878604861997808,2.7071664209991764,0.003146265516647708,0.7644998489711846,3.3479400414160687,25.11059047619048
2015-09-01,2.2531225941065,2.931904755999371,12.064851335516574,0.8367464150707843,1.3623555153867803,3.806697579585567,0.4159729311597091,-0.04743532303862445,1.8838804387059562,38.89836227097019,1.526725095691952,6.085335575597888,3.438866391400772,1.324986041049595,3.8723445219582517,54.648678602589406,1.5943984604217762,6.104203437876779,0.0314914549635432,0.8813504399464893,2.6962368588722896,0.0030951629520217907,0.4821606506597303,3.014453287474515,31.4502
2015-10-01,2.0864071087425615,2.88264668774616,11.782808482330978,1.3458897223963866,-0.4285360657555616,6.16351134474993,0.42557137874032724,-0.9948267788151087,4.765535890968508,40.728222789162274,1.6787026357429788,6.6492078599751965,3.2125387328951587,1.4255562298248836,4.242060715322528,54.05963069390149,1.3698168827092851,4.130748265548838,0.03143013335430125,0.93680280241259,2.91469444725759,0.0017632686860321834,0.5032616306703049,1.1671286825478582,23.65094545454545
2015-11-01,1.97960001227388,2.8054280138610523,11.337960793305951,1.303996541575968,-0.4872350400442292,6.254706818500432,0.430970550881316,-1.1065265181811688,5.03812097748167,39.649542399444584,1.5999404752855388,6.300546629481714,3.1902513418965355,1.4193577778090682,4.24526712540929,51.756776770870644,0.879373322557785,2.8068280997240627,0.0314741028433592,0.9482703034206957,2.9108346154908915,0.0013837111802349458,0.05002111184528284,1.6964541173535135,22.819966666666662
2015-12-01,2.204018556164475,2.8804725265364453,11.710625242023948,1.2624902101651092,-0.5497007140078013,6.349693160565815,0.43854704344770806,-1.1919694482170415,5.233948438654959,38.597003588937376,1.5163968264980796,5.933227518029714,3.168236219548721,1.412433431516025,4.247361225769571,43.17387105289648,1.5958997161343298,5.491615818889445,0.030484624443190333,0.8861708198669298,2.73498782169826,0.0009515537626622178,-0.3530785286635897,1.2337814638365732,23.80016
2016-01-01,2.489058640993614,2.889321962649767,11.756158986323095,1.221410166903073,-0.616058412545744,6.448269188194347,0.4481904496665295,-1.2497574167261705,5.346797863390018,37.57280335882471,1.4281836902649865,5.548866947809842,3.1464990808062856,1.4047645170986591,4.248287985590387,58.39956628455193,0.8354565312025761,2.7808461206051436,0.031104550774889838,0.9261664579491478,2.7188596305983825,0.0012293558586605018,0.10053240054320621,1.235776212067332,29.65048
2016-02-01,2.9462616628079377,2.897420935419011,11.826212485856736,1.1324793071816657,-0.3334179389236353,6.109883443048137,0.4463888157610032,-1.2799935771180253,5.42812125184604,36.57932217899543,1.3355437032256363,5.149887867997937,3.1367538607929197,1.4134636155571607,4.26774241770271,80.98452182451547,1.3224931317455988,4.9004757716425065,0.03200747737773436,0.9051961981885279,2.6164972011565095,0.002930764671942311,0.814588161960551,2.4067192633383496,31.689290476190475
2016-03-01,2.599266665306093,2.78384226241307,11.160251670597479,1.0464654790047077,-0.009025314865357193,5.824252369887152,0.44475075940589087,-1.3091639616520503,5.504793746513626,35.6191305697649,1.238879751884304,4.739653043132378,3.127110556068509,1.4220469043038835,4.286960882504978,62.17581239513586,1.026097259865814,2.4165336191098135,0.03215560957745874,0.9146986332132713,2.537402500398814,0.0020403289905203915,0.25204647929763924,1.5404237066074709,24.542766666666665
2016-04-01,2.5852514167706016,2.7424321754032697,10.929076474329179,1.1548848346349077,1.9952714208266351,7.959138121566913,0.45642604866439734,0.41372811230201356,2.8780648101366393,34.694992529968154,1.13878560449522,4.322581785582564,3.5276617177733622,1.4104224035288861,4.129178781848261,50.136664227117336,0.690968071522098,3.851152335818316,0.032632661937330394,0.9334684238007331,2.6087099058336105,0.0026343995894208363,0.7555882242319155,2.2127778680921,22.69337619047619
2016-05-01,2.194342405415118,2.5363352355527753,9.820084204731504,1.0898404749175992,2.1507510721648146,8.311935106475381,0.4379310414968514,0.4485585390384385,2.8590978874780757,35.115383023928025,1.1545336060080225,4.3462615681539765,3.5218128167888874,1.4099682752783291,4.128984503988757,54.082333666221636,1.3935417728415058,5.979512334998509,0.03286428064810179,0.9299882966227706,2.628652360329631,0.005922513241281521,2.7821146770216534,11.3405700951564,23.628168181818182
2016-06-01,2.309329659192163,2.561963009836379,9.96582799066057,1.0288343402127162,2.276907510048934,8.654410925728804,0.4211365504998195,0.47192598827312154,2.8567863342583837,35.545925016104235,1.1678286093884225,4.365400450444309,3.516041247723331,1.4093798333973557,4.128438051570367,146.3521171007056,0.8751085041185044,1.774525505714416,0.032695901318742844,0.9655693342996562,2.71921571798863,0.005735978023944915,2.975123936522854,12.347928150395049,30.888295454545457
2016-07-01,2.396844363605606,2.579451401601495,9.981675243951443,0.972626597295514,2.3583268869804517,8.925411527423385,0.40625352808376314,0.4800002848054834,2.868217224966313,35.986254148696084,1.1787338032292904,4.380443902622384,3.510347392014614,1.4086561521495526,4.127536107674577,143.26998780455114,0.8526988477209552,1.6718427000260172,0.032670011689980814,0.9683671398197004,2.7565888806940015,0.003845914868329183,1.1654916962024013,3.819572596596541,22.401061904761907
2016-08-01,2.4773168807594037,2.578081063037339,9.906389019170469,0.9220951443673064,2.378646630341733,9.036992537789374,0.3934989222950562,0.46933829130879445,2.885694252208176,36.43601559074885,1.1873241346060897,4.391828180935298,3.504731628426684,1.4077963477211286,4.126275489872558,64.88624942939622,0.8276581880123254,1.9595553121525795,0.03230286780408141,0.9182449448183204,2.581097482935657,0.004913654069974316,1.8968322748027109,6.87307998259519,20.08389565217391
2016-09-01,2.518680462353966,2.556072912801251,9.769331892355035,0.8782203437055388,2.324494093238729,8.884041265537093,0.38308538534833775,0.43770026325905287,2.896262021093793,36.89486439431304,1.1936840451205115,4.399975147933606,3.4991943329434454,1.4067995794743238,4.124653155110572,65.95534746491933,1.4813980224973935,4.649968496454172,0.031545867781776094,0.9486011681633197,2.6386391184187707,0.004948168705726625,1.9422108177409179,7.1371733511523745,19.80924090909091
2016-10-01,2.494466357528393,2.5197744624269314,9.557259651998681,0.7957881553748861,1.7635023881189933,6.341800929047421,0.4132735864723425,0.390367113864176,2.95489933698988,37.362465754964695,1.1979054024974343,4.405288243035888,3.81522506828976,0.9526521965794389,2.0733825634888006,64.83343414601043,0.7666265838014482,4.334113944605688,0.031429851500704514,0.929709116347495,2.589209107894944,0.0016600512369370577,1.6132265524879152,5.002956506750208,19.2167
2016-11-01,2.142997308789273,2.2726806494973015,8.274648297858366,0.7680523902957643,1.5748960031527193,5.379046424486486,0.39710064691081454,0.15477175954365244,2.613871969507307,37.36485244283386,1.1880838267779295,4.3699223280155355,3.796993470181057,0.9509801154319488,2.0780279799716417,130.12091051842532,1.187393663260332,3.528570669037624,0.031105349324095956,0.8769203807732693,2.389637979592414,0.0024135457138594473,1.4543396922746292,3.792255249175769,21.917272727272728
2016-12-01,2.0368676966378088,2.1744163894455353,7.634994781433977,0.7498432195824019,1.4065034171295991,4.379847557187333,0.3840592846860668,-0.06630966605413653,2.4266481147138217,37.36972013804705,1.1778049135030628,4.334030448063148,3.7789207723454536,0.9490955757017887,2.0831087777186856,106.32841834746355,1.3771179771245443,4.717357349272056,0.029929919781321496,0.9123359305770531,2.531451571862428,0.002045694115865403,2.403053468525553,9.018076885044351,17.04694761904762
2017-01-01,2.0597989064665607,2.1359604073927994,7.439148036707,0.7418624720114635,1.3056614126788657,3.631750633446452,0.37447681958362994,-0.25188288711359835,2.4102105666490417,37.377067871283664,1.167074746231408,4.297641595575104,3.761009265463956,0.9469915090540554,2.0886431575792894,137.68532567799502,1.29412984643853,3.7276604639412687,0.030322999739283842,0.9609128398229316,2.665869388751041,0.002160906822463477,0.6010993465583727,2.426605367254587,15.984045454545454
2017-02-01,2.1478797550862265,2.207133550147415,8.105493031076055,0.7383460969082429,1.312758457239989,3.629305642185113,0.36960747194270793,-0.2427787193461889,2.3622900765379233,37.3868941803208,1.1558998928784106,4.260785327192073,3.7464836317080903,0.9482285365641762,2.0924836181610207,92.49262054826481,2.091208690497292,7.669451815946815,0.031160936393620015,0.9531326693217181,2.5545375698193435,0.0030416817776364857,1.1460492481223667,4.98774631006834,15.54403
2017-03-01,2.0319824518154372,2.1910295380048237,8.070652679052962,0.7350581519865832,1.3202824750843014,3.6288764083334346,0.3649636113788594,-0.23347577678178866,2.3077068802741403,37.39919711148674,1.1442873939200697,4.223491703905333,3.7320304687811667,0.9493427525527297,2.096272986367889,140.9549359042809,2.4745554940151613,9.454357529775319,0.03132907083025576,0.9728073414707528,2.5685152181737347,0.0029464631506947105,0.5807256097245168,3.407999091188394,14.994673913043478
2017-04-01,1.9220573156095713,2.151068364128103,7.875411886257636,0.6956109914800204,1.1028387756122917,4.721612197701964,0.40720170074220124,0.4206286506363166,1.4435641569479392,37.41397422159994,1.1322447494935255,4.185791230008746,3.5395533548786715,1.0891314275670516,3.097895329432579,166.6806755966969,2.414370985888878,9.257367073519527,0.03174471417181087,0.9711071621097213,2.561007477072046,0.0027490705349453672,0.5587165209213175,2.7821350269214418,20.23536111111111
2017-05-01,1.6622324918625317,2.0524650263774293,7.285715729101702,0.6884098421214977,1.0882677911731469,4.6746093148823835,0.37382178575338104,0.4246590482542795,1.3133261610368325,37.62575278095891,1.1419370018806232,4.234082060236066,3.530699556836302,1.0933762548897203,3.1058596299986476,75.24395570706771,1.5770356205649967,5.732135027532209,0.031471538245348395,0.9448890265244672,2.491186482114573,0.00292735245696547,0.7841714271746716,2.5397484719808947,14.95128181818182
2017-06-01,1.6472000145050616,2.1127563200265285,7.58315259370366,0.682034429129124,1.0740258935229123,4.612424175039317,0.34137513093262783,0.42995754442872286,1.19363005338295,37.840667933621695,1.1512865393396807,4.281502186544209,3.521929294506403,1.09749203932502,3.1137569022455103,76.84042311734987,1.5642150065221225,4.954464630916368,0.031060358059090822,0.9169926632946278,2.275741404316098,0.0019449313870048847,0.7339897287874892,2.1904450676152822,14.350222727272728
2017-07-01,1.4531079451959517,2.060827791973767,7.406735966229854,0.6765080981267337,1.0606978593217595,4.536827400287286,0.31015477206325137,0.4359136111821072,1.102483056100837,38.05866654312668,1.1602905633093654,4.3280120199362475,3.5132431934905624,1.1014759047911968,3.1215814801281656,43.96494800206215,0.36472693026277303,3.0993688146239586,0.03101344395119699,0.9172282340693254,2.3422613160775967,0.0016805218876453378,-0.31525473164596873,2.1981328245383223,13.973190476190476
2017-08-01,1.532308574492042,2.234306532328895,8.36037105102438,0.6718518018658776,1.0488871037268377,4.450249824919779,0.28057037503425525,0.44043940865851583,1.0682429783989495,38.27969592967905,1.1689470885825881,4.373576074063036,3.504641879559203,1.1053249801268328,3.1293276051134606,44.089535674749925,0.6230683596780359,2.676827302000782,0.03145248143185047,0.9002784950957308,2.273403561100378,0.0016584797699729422,0.45240668791590555,2.1279918436339242,15.585030434782608
2017-09-01,1.5266619864255722,2.3181854752449005,8.86674724366172,0.6680837320543124,1.0391929884969204,4.355728592332307,0.2531960468866656,0.4381694903826628,1.1289071188981459,38.503703899053136,1.177254901467532,4.418162829886149,3.496125978502472,1.1090364014286775,3.1369894292313467,56.846524007673814,1.700529839129465,5.8388348957647995,0.030763201504976675,0.8909435037498233,2.2864836838665226,0.001455554107282301,0.10096833054342981,3.126653255117826,13.271366666666664
2017-10-01,1.5145542114366894,2.4343728241736886,9.520959140516013,0.6407490777880872,0.6384000698609901,3.8840811585008646,0.2637253243836133,0.4071410417196272,2.0304112423651217,38.73063876923188,1.1852135177441454,4.4617445917932885,3.462331522644033,1.4217834265526625,4.242705420135319,57.82144537929461,0.7094678620244917,2.1528831234056063,0.030624409825947083,0.8431936100127772,2.1525160336763376,0.0022803417107396784,1.8471955960526136,7.952355369791198,12.443809090909092
2017-11-01,1.4279788202890504,2.430235858159451,9.491596423195597,0.6309101708794767,0.5637995328347897,3.7920508787394,0.2569834709430534,0.6495574692478989,2.7168584027609524,38.77777703139344,1.184080063273071,4.467499013192853,3.4524421137345906,1.429509189554082,4.268374398666641,63.922431429375514,1.3181640765523817,4.015422349585062,0.029343850179330895,0.8095172170530075,2.0733339219310496,0.0010992848725143339,-0.40831784127872944,2.0750224324529176,13.340145454545455
2017-12-01,1.2232840301543153,2.164124002301064,8.126356841647203,0.623173388628717,0.4883983948261189,3.667662446982813,0.2563401707338204,0.8657844242862555,3.4061656254600683,38.82655493396761,1.1827274238635959,4.4726025858122185,3.442644424454902,1.4371996847258237,4.294189428264045,43.912725252921796,1.0619899088694393,4.022296757272555,0.02898743125202491,0.8050228534222542,2.1616442548755543,0.00298709873194821,2.6693965525687515,10.963093483266173,12.80368947368421
2018-01-01,0.9845649958564126,1.910997975719503,6.90675692048158,0.6176177348601372,0.4173418941419916,3.522773617630704,0.2618403771440856,1.0136750670547425,3.836354302121518,38.876966305314326,1.1811579672297492,4.477061266615495,3.4329392401149934,1.4448512682364942,4.320143865983664,43.41330518279318,1.9056873793566127,6.961015423040665,0.03049970888202101,0.8558893955508957,2.179874492310696,0.0034799029710975214,2.6032241838939463,10.439876967171354,12.171536363636363
2018-02-01,1.0099342975664356,2.223440968034197,8.475833836482973,0.6058171543957722,0.46032484541215146,3.767456086393931,0.2587345348132125,1.0077445700669334,3.6944378595639003,38.929004799620664,1.1793741848030626,4.480881514699198,3.422429118422195,1.4438281191945035,4.312556074410914,40.529827479123036,1.6110807256397115,7.739987427226348,0.03162222436444853,0.8589521584807615,2.1324411509434764,0.002477454457359145,2.7001672205233183,10.646526021345988,21.48082
2018-03-01,1.0781663721735635,2.315324269503186,8.920770787718514,0.5945318348917354,0.5055980085764543,4.025902270077937,0.25623583336147815,0.9893105715056568,3.541312742950107,38.982663900680706,1.177378687311214,4.48407027404531,3.4119977082794906,1.4426256046475514,4.304601523944006,36.54229772455388,2.4729383236323392,9.606285997096343,0.030768234144732905,0.9038261765518731,2.246021692253307,0.0027618184592628505,3.047380285583762,12.63158850405868,17.7979
2018-04-01,1.0155723884991252,2.361714462744581,9.13328627376785,0.7650932118056297,1.6560211866468066,7.080962335563842,0.4104667574553086,-0.12014262651385298,2.736012550981694,39.03793692574163,1.1751742002461432,4.486634955711732,4.032327834804303,0.8895034988307023,2.126888842060507,45.13208651487648,0.34869306316568816,4.630680291239892,0.030642883399245768,0.9304477623609022,2.3801319526264844,0.002800373143669285,3.093981462398388,12.847941451895313,15.236925
2018-05-01,1.1092429529309222,2.170867019644996,8.127578168757395,0.757459492956872,1.7124700217011386,7.349072360697867,0.39948027866851243,-0.07588957406718075,2.7882244609299836,38.889862684914625,1.1539888589505083,4.4080066195145555,4.005511622280967,0.8901298600099671,2.1169389382844894,72.88949643404736,1.8131297889127587,6.718522026576059,0.03184188483774788,0.9812348448172936,2.4166531520366545,0.0022911572674624643,2.673287568348193,10.701370494400647,14.566295454545456
2018-06-01,1.2184687473779812,1.864546252949429,6.302257816528516,0.7502430074399171,1.767348406725554,7.613858070611317,0.3888553358870421,-0.02756257268179839,2.837894918591712,38.7432037698422,1.132726937052212,4.329639971772268,3.9789258075800342,0.8907306350026343,2.1073668554854104,84.53785040196591,1.7937154407961122,6.30612865006319,0.03232317822830438,1.036590305528523,2.6251822574510513,0.002681287577198575,2.314553264890868,8.495530384362006,14.936880952380951
2018-07-01,1.1192903491307227,1.6305736471749648,5.13516963093328,0.7434559052002246,1.8202932400769267,7.872978060425934,0.3786223667245911,0.02482803409076984,2.883444281316311,38.59797631376782,1.111395258440308,4.251575987165111,3.952575039810517,0.891305299538469,2.0982036919931835,66.59012120821198,1.095532490036734,3.1504788884048724,0.03281303516598376,1.0482041692349766,2.68541655760383,0.0022316386555752197,0.8777287093238995,2.358719242367708,13.757354545454543
2018-08-01,1.2514415851323928,1.6041729442735408,4.726340241427922,0.7371100472549962,1.8709324345793752,8.123944076202376,0.36881399926520136,0.08114308764786562,2.923032496392884,38.45419653498842,1.0900008950982738,4.173856410749121,3.926464051223182,0.8918533418255781,2.0894815836974576,45.49242038288841,0.7574321507815693,2.1513104675428814,0.03242904323953269,1.0253927908717504,2.595724943799906,0.0025131508473679935,1.0373862174878137,3.988324700776885,14.271491304347826
2018-09-01,1.1906814177035965,1.6682803541087652,5.179121197594991,0.7312169216956232,1.9188902109206558,8.364156119906035,0.3594649922557239,0.1410789143120927,2.954586857552736,38.31188073237224,1.0685511672261694,4.096523721316599,3.9005976571380687,0.8923742636682525,2.081233675299501,56.29516538487356,1.057974590626507,2.9929966974887994,0.03269001908218494,1.010339904008898,2.5740474535613322,0.0033313033912014127,1.8556945405432022,7.391778878802384,14.717859999999998
2018-10-01,1.2913000367293366,1.5996303918254309,4.621352210589023,0.8042549728416012,1.5730003382186424,6.990804508415268,0.3104913729845952,-0.681300988159351,2.596392205265633,38.17104528065981,1.0470536428895774,4.019621091382911,3.730129590901307,1.1057056292460694,2.654087219284273,73.62265245188142,1.0029025060183108,5.239513857115831,0.033299511976974165,1.0156939083039067,2.639399077958174,0.00318155784115603,1.3285629208027474,4.486058033515116,18.838452173913044
2018-11-01,1.3138676013839186,1.6270619698592805,4.820364960435943,0.7915011094925797,1.5723183832449075,6.96216007505582,0.29314871275045556,-0.6282509641597261,2.6425039754261297,38.048615365739664,1.003045977193405,3.8285514229817306,3.717382476592305,1.114010818136076,2.675749790348293,61.14367062264094,1.347532975030923,6.676400907773996,0.03370957720372243,1.0492273005322637,2.7776696562939063,0.001940862888605808,2.309818381845379,8.407494368645146,18.25607727272727
2018-12-01,1.2590504719593567,1.6941177699529988,5.375464900733373,0.7797821727727986,1.5646040190207722,6.8931189504127595,0.2767630767250194,-0.55183221757689,2.7001878288047405,37.93681195116667,0.9598821525135927,3.642669853107162,3.704753691429997,1.1222737414353818,2.6977238690496472,80.41826342421197,1.2174368062746972,4.424851468289235,0.03318451295730566,0.999777135342074,2.648413395240748,0.0016937551748303302,1.1358287533169749,3.208540456491212,20.732864705882356
2019-01-01,1.2313073779909256,1.7351233480522605,5.732889432983397,0.7691454695174973,1.5492858892956616,6.781841588476958,0.2615144188204708,-0.447506479955505,2.76964296203061,37.8357292400018,0.9176961289088988,3.4626579467211656,3.6922444495974944,1.1304903563560469,2.7200034575213174,83.53636775348123,1.9578413261391465,7.078192354896048,0.03427682561709695,1.050895612231536,2.7356832295252733,0.0014995619026098813,0.9871556596360155,2.8274296013325317,17.426186363636365
2019-02-01,1.1757538882391094,1.622857079340899,5.011684535072596,0.7592092512187714,1.5586926033237065,6.823384179255195,0.2550834939317395,-0.4446717202434086,2.7419435885038177,37.745453362804334,0.8766191557726024,3.289171910392985,3.675573818144778,1.1296154319173692,2.724040166921478,54.36809230122504,1.1030336996039392,4.721352481487708,0.03498207630410257,0.9228955348667638,2.425850648627496,0.0014251891187320787,1.7872683350863523,7.294555879002612,14.44111
2019-03-01,1.1662279043314407,1.732464723454146,5.3590115237551945,0.7494327959651894,1.5671843232520462,6.859984368552836,0.24897584785018628,-0.4374826689729277,2.707118325878299,37.66606202327115,0.8367786853899621,3.1228360466202596,3.6589875299732264,1.1286480285450515,2.7280973642660507,65.03306892036672,0.8966050784179944,1.8773776155471866,0.03475500389800566,0.9282598373875226,2.368595527016769,0.0012879714556855212,0.9207327282460355,3.419004482830512,14.584661904761903
2019-04-01,1.0925166186778454,1.7010666355601147,5.023167117776717,0.928300034877474,1.0585420707471747,6.002233273162583,0.3644720229898864,0.6313513779011233,3.107160859876246,37.5976241730052,0.7982972961863612,2.9642364264403898,4.033421366823973,0.7972850746897963,2.2833151082066383,46.57765026655562,0.5492233315923616,1.7945784306237125,0.035358657597897344,0.9639619778096467,2.48508598198734,0.0014359130628785544,1.0751147350349992,3.7202978116391034,13.055090000000002
2019-05-01,1.116153965135764,1.7512326833572267,5.077725484525375,0.8953471517339584,1.1364576640373145,6.172571077121567,0.33806505451981345,0.5193005899244096,3.0162181597734365,37.74778439665116,0.8079804589016323,3.0116029092110543,4.010859588105351,0.7946324124076739,2.2863921419474145,40.91418123502918,-0.7640874335762532,2.9594218152920826,0.03541231208102212,0.9371996355720092,2.380935861165719,0.0013252675082585288,1.2222131554057916,4.396912178495376,16.765218181818184
2019-06-01,0.9824032304665931,1.7032330236295008,4.7176158162856545,0.8627008163412615,1.2189210227578804,6.3583520335557955,0.3126221618047775,0.3921858535904751,2.966654227446731,37.90019690913907,0.8175673096391082,3.059240235837772,3.9883744447531035,0.7919065649035031,2.2897266902999647,55.429792451509606,1.1969223032489233,3.418520359555519,0.03427327563676224,0.9570335012629418,2.5190398804083056,0.0005136934289604202,3.3166247903554,13.999999999999996,14.561185
2019-07-01,0.8112589190177335,1.719114321822146,4.974950658956555,0.8303971844526089,1.3060385841779478,6.560713963980922,0.2883986137871751,0.25238456236911233,2.9899949345098196,38.05483464871329,0.8270535151160255,3.107096809964052,3.965967240225411,0.7891059814576228,2.29332469549699,81.75965646273487,0.7611898675636282,2.134396436131594,0.03488094899571744,0.9781309459651044,2.6002345687558304,0.0009098373097583173,3.3166247903553994,13.999999999999996,12.798813043478262
2019-08-01,0.8351789748760353,1.5879943636213343,4.674337604282282,0.7984778509206973,1.3978283665166593,6.780648594119249,0.26572808326576913,0.1070697285469525,3.1284165635085213,38.211670599755806,0.8364349901567095,3.155122422122637,3.943639303034856,0.7862290919924598,2.297192102105495,95.01386178246429,0.8668383093725255,1.6055768128822316,0.034669381951596114,0.9674948549265711,2.6078393989402073,0.0010868172319040551,2.2044227247900072,7.555198930714182,19.159381818181817
2019-09-01,0.6314628593531789,1.4355594407578531,4.613818343135003,0.7669907964951241,1.4941777948583057,7.018860279713078,0.24504199121109554,-0.02865958385188844,3.427208395449079,38.370677807428876,0.8457078954775212,3.203268304980424,3.9213919871978975,0.7832743077911846,2.3013348467922956,81.98654262206934,0.5035449072496734,2.0679981398846,0.034167862192532754,0.9892842329538561,2.6798931124561585,0.0018075164759831497,0.5691948084676425,2.8117797714911634,15.611471428571429
2019-10-01,0.5676449014200925,1.3805581873101442,4.082369591340994,0.8202995743220044,1.3818883176945715,6.824400895291695,0.32738393434506696,0.30473447622830696,2.0119572507219905,38.53182939172143,0.8548686349237161,3.2514871810929815,4.448559281499289,0.8283200758868449,2.4029103034397377,88.18521741123837,0.4680783380268263,1.7580134936714809,0.033534044930519424,0.9710385991138426,2.6847177680344663,0.002179380179005239,1.9388397189648694,5.152871583393717,15.840491304347823
2019-11-01,0.5712729858763097,1.3521230694055946,3.7410973751239607,0.7934474202999946,1.3960193868538542,6.836129436804924,0.3117480104932165,0.2801423403441511,1.9330922117930203,38.707622551268436,0.8405043605614959,3.183084616030947,4.424638959124142,0.8168853943913589,2.394552974393205,62.43712364602261,0.7349313020258176,3.1569446856889947,0.03325542892203488,0.9639439188728673,2.637588242978696,0.00199659494464608,0.29257280478410624,2.5723182321650873,12.65459523809524
2019-12-01,0.5855081805891017,1.3957594424346018,3.787205985256411,0.7671687316220834,1.4077522870421373,6.829400656853085,0.29863591978297677,0.31282870690733044,2.0303254275998346,38.8939604238722,0.8262397038999719,3.116128651070843,4.400852492569184,0.80528911972369,2.386767075877053,63.71620685205109,0.35017414793029666,2.566603583297755,0.03297803831161935,0.9420193443705331,2.6391872871737214,0.0019622493480941972,0.5178484819079342,2.0885857062519717,13.72512777777778
2020-01-01,0.5671170883917118,1.310287047299652,3.51963193482291,0.7415244794520416,1.4164729245590724,6.800110570752519,0.2883921151517366,0.40858669799513864,2.2950553910198552,39.090692215916896,0.8121307713347163,3.0508487684921426,4.377202064021396,0.7935301064783205,2.3795738127757167,63.29647462245024,0.9392893305699551,3.715799830273605,0.03286194272043466,0.9742658823571171,2.7522151143705025,0.002072610486535468,1.1801350341556904,4.692011325614484,13.446472727272727
2020-02-01,0.5326186285298662,0.991102564207057,2.547096493168077,0.7266322886217254,1.4605877932502969,6.992360134995083,0.28189841710216523,0.41467918044034235,2.290938130572856,39.297661825723026,0.7982297703324486,2.9874519199873695,4.361311425731585,0.7854746077289604,2.3749078909868455,82.69438104010786,1.2443260885878509,3.9707913181813166,0.0331247461669228,0.9514904901567757,2.6953595596558535,0.001145052032119805,1.3478501647031302,3.4602731742410833,17.85998
2020-03-01,0.7893571248760308,1.2635515649207043,3.7388584181822893,0.7119014381483929,1.5067104129427118,7.192383976618069,0.2755889229886298,0.41732588008327015,2.2883476887672964,39.51470838310423,0.7845848510662279,2.9261220395617795,4.345520654169697,0.7774183557764968,2.3709330117747474,118.04936921136891,0.19517343734549644,4.043617356668208,0.0340842134265877,0.8922374004152892,2.5036120153269033,0.002920046623833478,0.7216021432943784,2.853102420711975,57.766818181818174
2020-04-01,0.8072885902699233,1.1219198608315126,3.2728878059591486,0.8385037414111093,-0.8845565234969391,3.2166055252611057,0.361860577490415,0.06541690499201874,2.8902402498587896,39.74166678460004,0.7712400016249218,2.867019872100554,4.41216747530441,0.0670315300872075,2.555184921234657,121.88220272750088,0.03581216184899996,2.58105401239644,0.035182071258080844,0.9473308006665725,2.724132559018444,0.011025989445285706,2.987546710002007,12.46691816321352,42.12628
2020-05-01,0.8143898547273767,1.1502736041737862,3.2303912342512198,0.7562253165244458,-0.6143155006865003,2.9093379452318198,0.35466872044145326,0.15144081460440517,2.7312633274383753,40.49538590734876,0.780040558347347,2.9234055893485555,4.366068859788811,0.1189348838538943,2.515774635161758,118.06619184585279,-0.10641029370100984,1.9332570128280806,0.03639484361136135,0.9057771838870239,2.5466372342245993,0.008157466645834045,2.707079433675571,11.286854298487158,31.5157
2020-06-01,0.6336468859077344,1.123171829355235,3.153279297143177,0.6911041669705341,-0.19570749337782758,2.779478105670267,0.3504621195167311,0.22055717404542016,2.5409075672920696,41.25982136569289,0.7878090417907988,2.980359248259605,4.32125254166858,0.17047771793077277,2.483573559908537,91.26501762842798,-0.3632862168790498,2.410827607178198,0.03607376456083927,0.8642228934541036,2.355358530404708,0.008322276566960303,2.780480393245945,11.579499402682707,33.01898181818182
2020-07-01,0.5850523963387874,1.091100988220557,3.0601610613316073,0.6483311230498202,0.2989169401696454,3.054190308832512,0.3493486301840071,0.2661221132187105,2.3378716218488034,42.0343885033379,0.7946184776442601,3.037495639831157,4.277758823439309,0.22149723612102631,2.458854541832966,78.30414504965387,0.0702632199854148,2.4110326881060793,0.03739708057757719,0.9877268096309079,2.818023325893029,0.008087905006628369,2.832238357308278,11.798757774384928,26.75466956521739
2020-08-01,0.5495372462772049,1.137326083991919,3.1426988669752234,0.6324567620679803,0.6808329092118606,3.7405411847538677,0.35135766086059006,0.2846729055109341,2.143306206161803,42.818537491921305,0.800539320044484,3.094484035844642,4.235628448804814,0.271821949758504,2.4418371294334063,54.46157823080915,-1.0436353017553566,3.8366672336864798,0.03778825599528799,1.0179177659433516,2.9213799975710533,0.0080335004675583,3.064852478804229,12.797764259592277,23.846071428571427
2020-09-01,0.5486909286051814,1.2026492229759906,3.289339247011113,0.6454687458858517,0.7714906770638494,4.434230947511811,0.3564364158136897,0.27675440624692454,1.9754744181025141,43.61175148307465,0.8056390145445294,3.151043337885556,4.1949024950900355,0.32127264306541237,2.4326786321232743,106.31394907684489,0.9537848060074432,4.042360188307585,0.037645163079022194,0.9906288202256563,2.8376556526306516,0.0015783924407001735,-1.0165837901748858,2.5463724761953688,26.291659090909093
2020-10-01,0.5081777354543425,1.1390031474373674,3.1660693399500954,0.5820993677767555,-0.07160670079843762,4.226419192996011,0.42351011231726654,0.6024456645720653,2.2242946674094908,44.41354478391391,0.8099817047685015,3.206937216320953,4.317150360556304,0.22015368757817835,2.205855299695663,117.49564799020767,0.7736452495709187,3.2188925270412776,0.037174959750143545,0.9436548998833937,2.6075620775799084,0.001131184106855508,-2.0093219278026075,8.314428672677607,27.86917727272727
2020-11-01,0.4673754192103553,1.0577226096530892,2.922083756311105,0.6545383627972967,0.03215104007637374,1.8056736665529798,0.41146147422424006,0.6158344681992516,2.242133071917583,44.388511667338136,0.8237741172321494,3.2574798086894763,4.310575016853648,0.273008380392943,2.184835244775966,117.81292688517759,0.5337753606806059,2.195873929865029,0.036267591298664394,0.8820913229135657,2.370172217115366,0.0009475241091294835,-1.7058996503820671,6.070033068750866,23.96737142857143
2020-12-01,0.4341823070942886,0.9795024554486805,2.6811788123615496,0.8573697537261278,0.4334357340533982,2.1016265910897642,0.40096070106810444,0.6057586002243939,2.2656613328772455,44.36802871146534,0.8370307431176757,3.3083307814120055,4.306037992539254,0.32276100630215115,2.1738536290885686,64.76080299011977,-0.21788619432820305,2.212080563351133,0.03587288893177404,0.847903130198413,2.258853107489269,0.0014024447464198334,2.5044390828826524,10.383122994854588,22.10006
2021-01-01,0.4331516881079408,0.9729577082299525,2.6839313106898817,1.1219745775458576,0.5856943365785683,2.473321309493128,0.3921321618099012,0.5682922797741488,2.297577783647152,44.35210222044415,0.8497392475793458,3.3594224206051826,4.303545734328545,0.3692508720553042,2.172348945205258,74.97007222631301,-0.1483020085255427,1.9783012134307831,0.03637542989494909,0.89010547907795,2.371994634967165,0.0009229640206927718,0.6595986292288085,3.587937246357195,22.81084
2021-02-01,0.40232189424525344,0.9328809214016663,2.955958924101365,1.0737161746819899,0.6089345564510541,2.6517069697181026,0.37474106300236637,0.6009481534613778,2.402725919541452,44.340737104104996,0.8618881936505718,3.4106856388407625,4.288897336908092,0.37938173724651825,2.163381536518249,51.504826093123434,-0.022085497461432412,2.137626709085318,0.03670538974832851,0.9127523243287975,2.50025984238938,0.0013468073117697654,0.6553481166120457,4.198685204841329,22.125625
2021-03-01,0.40721720257010907,0.8845603658047836,2.9735477900521294,1.034684655274009,0.5949409401051337,2.797059318436622,0.3590170830547547,0.600673525656184,2.5377446943386226,44.333936870407676,0.8734670744726494,3.462050187888522,4.2745206479916815,0.3892056411984038,2.1547838099935883,71.64091599575566,0.16264996488223973,2.1278016222595397,0.03709954400730198,0.78677690203378,1.9616284574250287,0.00277184630189194,1.1778045576744427,5.284933717467839,19.33455652173913
2021-04-01,0.40388525162372296,0.706067925143831,2.4939388730773797,0.9751971313184266,0.4855897741922974,4.0072009082609625,0.4886417823390622,-0.5685005511429513,2.8371213645065145,44.33170362003411,0.8844663421501279,3.5134448785184853,4.44531267326761,0.004762070689581814,2.544450633068155,51.49309180268735,0.5040850745033173,3.2768701935337194,0.037917281072606675,0.77704673514923,1.8688902367218048,0.0028054176096716744,2.186067600408492,9.13383095835395,17.66355
2021-05-01,0.4053339761437705,0.7625955713387677,2.906292124458516,0.9350311744290336,0.31876800234897346,3.8128765492121044,0.4665081610334246,-0.615637747360419,2.6703229729662925,44.21176491194728,0.8929706494330626,3.5468604413777465,4.387145288800861,0.04245201868579629,2.4814693415867706,53.805521204010084,0.3997081641946411,2.157886116834556,0.03820224664008205,0.7861644181649843,1.883264658847622,0.0009488968739827914,0.7398398792946292,1.8042718303758585,20.47829047619048
2021-06-01,0.3755567887947911,0.6287141503030391,2.779446058251416,0.900453836240561,0.14152906692841238,3.549765919908577,0.4463969348120131,-0.6262952593804256,2.544055244217672,44.096405421175625,0.9010011300946312,3.580414475757797,4.329959841892614,0.07966420912041469,2.421686850835283,48.495996901925736,0.5272792984373937,2.7511320756935036,0.037259016541942476,0.7808542668149818,1.8841086997223064,0.0012411082809050322,-1.332456413699675,5.450204827388799,17.5279
2021-07-01,0.38803806940326196,0.5537525718132442,2.656078920453261,0.8721300860939857,-0.033412408917169546,3.227299968621997,0.4285928939492754,-0.5930454908861832,2.4528383155045472,43.985661176941825,0.9085407355121938,3.6140626971420264,4.27379574911799,0.11624556754623784,2.365469242603701,92.223051898934,1.351245798302205,4.487314135116299,0.03738178598857169,0.8361434331363882,2.0533505144756465,0.0007726895843556533,-1.3644772933297349,4.037315779589859,19.30124545454545
2021-08-01,0.3898887451930298,0.45973868235090076,2.2655015380499606,0.8506847975390284,-0.1894699619637739,2.867749251424986,0.4133942432032041,-0.5120752977050395,2.38210427839344,43.87956712345068,0.9155729305549475,3.6477591156889315,4.218693802988841,0.15203064389354348,2.3131889342348284,104.29357402892076,1.7311388128841094,5.779840483012859,0.03733989676149845,0.8642300867637881,2.1364574556435376,0.0007923102496977561,-1.0136472511899473,3.1557132664957246,18.32296363636364
2021-09-01,0.39043497332383154,0.6568839121740488,2.654657865211514,0.8366470727143483,-0.3087888127336385,2.5045428380909778,0.40109726765307935,-0.38600864686911673,2.309774722103824,43.778157069190875,0.9220817552798084,3.681456135848337,4.1646961626264,0.18684168959319075,2.2652206044852434,94.30749190541188,1.6394307469451814,5.554212116192774,0.03706077939803453,0.8854170723016149,2.1569356616008593,0.0014547877411046912,-0.6634526314437577,1.957241869527472,21.235668181818184
2021-10-01,0.38877926921759254,0.7951287253816126,2.992031816970059,0.9979882865446524,0.18596734122788475,2.63759290990253,0.5715510564530537,-1.6462823862713536,7.225584370756894,43.68146363702488,0.9280518862584696,3.715104667741941,4.698966783895345,0.2504895413864249,2.337749495305975,89.68158644865673,1.0308987070991849,3.03923606712414,0.03677625873225854,0.8722215556448458,2.1212326757926077,0.0014730290683772566,-0.5623852008483873,2.8038849127612755,18.96754761904762
2021-11-01,0.49311296585574754,0.8545332784310035,2.9039680738653306,0.9380625664318752,0.26380232361448047,3.3906770467203393,0.5569469461830087,-1.5002620000382354,6.939385108722139,43.14429486057995,0.87056517491546,3.5232711062913418,4.649721133833525,0.25988796111237694,2.270274851552124,112.21680759700725,1.5874692756926359,4.372927164486027,0.035977823321826,0.8981833707467499,2.224320452324366,0.001613187005213037,-1.331920838995405,5.385782944291157,19.41548636363636
2021-12-01,0.5488512560232925,0.8470355434212385,2.6163937194203024,0.9438663393630565,0.6068381907366843,4.110859407219216,0.5448785263877901,-1.3215832248869055,6.53742504866632,42.62252277227061,0.8126734460366029,3.3353817194823208,4.601858639445084,0.26990657641945925,2.207929823438029,167.30765087847627,2.054103519307758,7.273708937470004,0.0352446554620313,0.8692211428309784,2.176712892100344,0.0016402618168189847,-1.1200903322798819,5.09150196098662,23.63030952380952
2022-01-01,0.5683066456136773,0.9435981638294582,2.9266858129503586,1.0142718985587205,0.8190063952030754,3.8446643880009344,0.5355172575187974,-1.118223343177869,6.029276558748618,42.11671961158548,0.7545791582336289,3.1525599400958817,4.555422898173507,0.2805441332731826,2.151257459915903,137.383763072606,1.724913176838432,5.6590223537634206,0.03529498208706469,0.894073041201426,2.2703094278393596,0.0023477395365620207,-0.10799750632662936,1.4416026727210853,22.984404761904763
2022-02-01,0.7011641344344272,1.188274553689918,3.977665655601869,0.9435434473141585,0.8196859916876076,3.9455286950135617,0.5119105439949394,-1.0441992115541576,5.836123357455903,41.6274674838767,0.6965050085504165,2.9759729665224475,4.535033394157159,0.27918082432576624,2.148772034004928,111.04688260624336,1.4228884257429857,4.299736519276632,0.03558517192952486,0.9185982239461021,2.430500190478269,0.0022471341360744694,0.06307360992481863,1.5328333126536846,28.23275
2022-03-01,0.7118692773576077,1.057479771664738,3.5797287119120074,0.8768639917854257,0.7969612141623287,3.993938569838794,0.48916126115273506,-0.9566183487227671,5.590720583015333,41.155356666096786,0.6386933168997669,2.8068173275646697,4.514827109586675,0.27800790891196553,2.147117751261308,227.8309150809209,2.1039971250632425,7.306147508887436,0.035655627075457344,0.9067191682061065,2.353470865724576,0.002062569547357259,0.06363813842654335,1.9802204548768572,36.278491304347824
2022-04-01,0.6701379935882956,0.8732668809437629,2.944100786727669,1.086494770904805,0.9860094536248106,3.3129655780292575,0.8619005894690094,0.9718130308050658,4.4998854111036,40.700983654184355,0.5814049016400661,2.6463014527112554,4.654317089718531,0.40744674175348,2.87604156677709,199.73460729964276,2.31342224460699,8.65459040838196,0.03507484634256357,0.9162672780129063,2.3818307797133302,0.0,,,29.47324210526316
2022-05-01,0.7933513128408424,1.13173937446028,3.737613624998592,1.066629605198191,1.0827090935582733,3.670545970904927,0.7736638174387782,0.740643229723904,3.6639818471742105,40.58819945698628,0.5522561755754444,2.612995490758821,4.619711587390294,0.37822884727129813,2.842060712693675,177.14389645566638,1.8391699370193444,6.1514345280730645,0.03481620571205914,0.8828710077814351,2.251062121145839,0.00043676767262255576,3.316624790355399,13.999999999999996,29.460127272727277
2022-06-01,0.7522201573772332,1.273393415076889,3.975055207992832,1.0509939508594204,1.1740702440416197,4.039254029808459,0.6931295958786181,0.4564076831639949,2.7554639193735224,40.48467806666636,0.5220453012353123,2.5822119699664743,4.586007392961521,0.34900722005526924,2.810854823925675,173.13233225458706,1.5821023486356003,4.85587317645426,0.03471781319460416,0.9082114370884163,2.331500768444659,0.0008977795431103405,3.316624790355401,14.000000000000009,27.47468636363636
2022-07-01,0.7412538984848588,0.9436697424369818,3.043783710062191,1.0397786290249573,1.2562955533582312,4.40038489377458,0.6232908060719053,0.13959913860653372,1.9309734073017764,40.39049070539657,0.4908121408761184,2.5541120192486253,4.5532245216477865,0.31984223114639226,2.7825751558936935,232.61735906871448,1.8086894851351984,5.677168012907489,0.03559004662721193,0.8913510121348508,2.2317106260606603,0.0,,,27.38445238095238
2022-08-01,0.7781013711330867,0.9254674041672475,2.810416624033491,1.0331276071168678,1.325741962824079,4.7330417936351274,0.568105693658029,-0.14732580984430751,1.4330830714024434,40.305702809198536,0.4586013693916758,2.528843414226385,4.521383014010106,0.29079740132062887,2.7573632140089788,211.81219640871748,2.6953201058938663,10.589358336362912,0.03447644160058129,0.8634198808287944,2.1677062788104076,0.0,,,24.053195652173915
2022-09-01,0.8141825012251097,1.3052740171848911,3.9645684180428775,1.0311292112888244,1.3793374843793929,5.016690626829832,0.5321527857500802,-0.30466232791591286,1.3944473105144528,40.23037380790462,0.42546233860000854,2.5065390105354064,4.490502895314836,0.26193920942607124,2.735348725040388,235.9449953116705,2.5826863562800635,10.166890260824253,0.03344593319709189,0.8315645256169788,2.014628763431328,0.0,,,27.82781363636364
2022-10-01,0.8230091822170013,1.3878057816699128,4.195646226334708,1.3718635478488284,1.726250696370311,7.042322664265541,1.3568582172011843,0.9465576524106909,3.9919201862704545,40.16455692228705,0.3914488971226846,2.487315296033473,4.810765016684834,0.7991407573624913,3.396197269734079,217.371139718343,2.0467982848339616,7.517038928577749,0.03396800602473805,0.8692454209579926,2.143791727315813,0.0,,,28.83431904761905
2022-11-01,0.7459170497661667,1.2306828072699463,3.6779443088642143,1.2988858221277522,1.8123356003865225,7.368925154268273,1.3797351457576237,0.8538414086004704,3.569822401366212,39.795651723174764,0.3554755940782054,2.4644305559532906,4.766292857471312,0.7649883925449562,3.312577948712653,218.93780804268098,2.378731949872153,9.157265773347806,0.0345783323496962,0.8437074327941202,1.992548298643432,0.0,,,21.67952727272727
2022-12-01,0.7116169981660111,1.148181834331744,3.408051335389611,1.2311327839100465,1.8810929838159614,7.612229536693704,1.4124102537998404,0.7399418018514744,3.219651071907416,39.4417659026468,0.3170638830482834,2.4432681124239894,4.722833031148434,0.7310263493264285,3.2326927224762048,164.79173227226073,1.933925020923743,7.452770842058388,0.034277099917393125,0.8113048472574349,1.8727755979348542,0.0,,,20.63184761904762
2023-01-01,0.6743049649565485,1.1409047174688853,3.4851382463349276,1.1695128267775527,1.9185974904278282,7.720188807081997,1.454223221994043,0.6140177839243562,2.962687182498052,39.103307239983494,0.27626198417813475,2.4240590382259524,4.680413737751463,0.6973429498341546,3.156868013031846,141.27669652610737,2.015362925327632,7.096170234708935,0.03571301401098553,0.8402802008563102,1.8997737872128317,0.0,,,18.76769090909091
2023-02-01,0.6023000832582549,1.0942329779414584,3.5549189010156734,1.1338158105768872,1.9423093813123944,7.796373426744362,1.3686405471725163,0.5781699378727053,2.8949055747864523,38.78067965918446,0.23314187063175743,2.4070354290598317,4.666100782324192,0.6862476360489026,3.144834375132629,134.83929245389217,1.6998812697646768,5.240944270190831,0.03613246210955773,0.8307666446310802,1.8829046297040115,0.001904337573213524,0.37697045596594503,1.504973196389237,19.17238
2023-03-01,0.5901817146889115,1.0570730709212972,3.560596477422631,1.0989428463618245,1.9622229029118095,7.855189017294558,1.284691274588373,0.536934446107291,2.8159632178712934,38.47428141876602,0.18780070448878391,2.392427082166027,4.652326756378184,0.6746516419292042,3.132451425252392,165.35084956740633,1.8190409507877923,5.651658622464216,0.03680290494676878,0.8379717798023413,1.9000127122760304,0.002185307789495819,-2.6283454465138183,10.657820954645857,22.38154347826087
2023-04-01,0.5881438746292291,1.0311004097930716,3.498323645330158,1.4059658094239826,2.36960676575074,9.217261095358651,0.9152764537795438,1.7462023758345397,6.3693748675982995,38.18450320078695,0.1403619746181618,2.3804578193839196,4.4567948284387695,0.037314472246472025,3.0270385890949063,106.70286180596794,1.7000590580967718,5.620240092147046,0.03657341120546225,0.8539813963423305,1.931752353155947,0.0020350372210493893,-2.813424226511578,11.644005510653825,18.014333333333333
2023-05-01,0.5635018531958847,0.9539014872532307,3.7890316250674774,1.342529645376544,2.4138234412614508,9.446897605308479,0.8182627716325775,1.7505874823508305,6.343441153474343,38.07732046199754,0.1649574464269475,2.3947346553869084,4.4031487699204925,0.05705163549174129,3.0069982434786118,121.27718578086673,1.7635046752946602,5.60849699978419,0.036216982252606944,0.8527966727786477,1.9383743979274108,0.001717642255016695,0.9963267952064061,3.9818838292067906,18.245722727272724
2023-06-01,0.4721225386548072,0.6359075882439634,3.5683521836354197,1.2799903226951694,2.4582361215382718,9.67923984025482,0.7267726351672895,1.688852726379376,6.1356144670066675,37.97470175918423,0.18990734196877,2.4097485005224937,4.34989118570807,0.07729023426713706,2.9861574863562503,126.46401864724413,2.431750243721237,9.297210509285534,0.03683932566091171,0.8749234690716352,2.0095282309645004,0.0016955078351857053,0.06788347849369629,2.8905647699494974,14.890245454545454
2023-07-01,0.4759734620141192,0.6380304177636369,3.51718429574958,1.2184859415292737,2.5017323966542224,9.908602122552066,0.6431675413201401,1.5167110121883647,5.599014540574553,37.87668418817716,0.21518925198849403,2.42551152619326,4.297036520108224,0.09803011536512092,2.964504271355338,143.52379795942065,2.238266498215133,8.475823354798965,0.036917987460083304,0.8783641755208844,2.0232507137832547,0.0016808219164371014,1.221455902377405,4.596100357521731,15.732204761904764
2023-08-01,0.46587758800898244,0.7205431017543539,3.669073515605171,1.158181393067795,2.5426708572442744,10.126538223167456,0.570922089587705,1.191284055278437,4.583048312998258,37.78330355780731,0.24077950539934243,2.442034131171549,4.244599824834076,0.11926916293036398,2.942028861601692,185.59417000755795,2.894777941959892,11.536082609757017,0.036452993456926465,0.8658808948760786,2.01035984484057,0.0018305163102257794,1.1657777454173148,5.166058860475787,18.54876956521739
2023-09-01,0.5157748344652832,1.0475359879277129,4.144986448230028,1.0992741581722087,2.5786810007327854,10.32086521933197,0.5148408508871442,0.7309985763330052,3.170320700204541,37.69459432930013,0.2666532092486475,2.459324816757487,4.192596782545843,0.1410030386675228,2.9187242214105993,209.65902995502415,2.7230423967883715,10.638803729626119,0.03598098542166814,0.8206019125621983,1.842550241245078,0.0029494796466363734,1.41429807606084,4.084413191694491,16.87085238095238
2023-10-01,0.5756833496930249,1.2060875215945288,4.494386170613191,0.7786270407187104,1.1309541740411209,3.7565497221243973,0.605286716801489,-0.2837884359298448,3.500463316858141,37.6105895569078,0.29278429581782295,2.477390067584691,4.308402722042562,0.13581047765538665,2.549885660267559,181.73564048351165,2.625384213145323,10.17324835032758,0.035955553950900825,0.8502611963416037,1.9000064538038024,0.0014170035302627382,0.6618062121655439,3.0976167954339147,20.232068181818185
2023-11-01,0.49790946454690505,1.095104404018313,4.527220560171958,0.7688316893274955,1.3803830251327371,4.796245655372497,0.633033579191973,-0.6122312532348241,2.806940527942525,37.25820776548384,0.2738972502425875,2.466310589739054,4.285164939915419,0.14738556709722017,2.5384714363332015,166.74376573027362,2.469317212940964,9.399377418075595,0.03607073377831973,0.867214676581828,1.9949164033225069,0.001044038961397646,0.768813279756178,3.3027259387044716,15.164745454545454
2023-12-01,0.476622321850823,0.735819002311191,3.6932480615012953,0.7650022958194062,1.6304184017552434,5.941055573774287,0.6944372580179996,-0.5598782918267438,2.401212536402684,36.92310671105507,0.2547222353775932,2.4511978427479337,4.2621749814058685,0.15915156985471401,2.5272605165294033,190.61373573004013,2.2831734609117937,8.391674760036203,0.03672842295197448,0.9558267874964667,2.2629267670595588,0.002244347979231313,0.5480764244372542,1.4748532097590326,13.408226315789474
2024-01-01,0.4370666467027883,0.6900358078086856,4.166901661182941,0.7672281973590072,1.8638016209767936,7.091000377933227,0.781605263770146,-0.30036638694979156,2.2599225410894017,36.60576097717655,0.23526319621961392,2.431761534635951,4.239436878269229,0.17110757104085028,2.5162803106906435,206.18906864990444,2.5930934184615646,9.987325999353512,0.03641081408469908,0.9139954569239591,2.162644497758723,0.003390995530695978,-0.41972058503442894,2.0033314918223617,14.087063636363636
2024-02-01,0.41374525723215877,0.7182282790404398,4.113489338741264,0.7432406804949484,1.8929878629764607,7.309116119256414,0.720076038350404,-0.34236777468682783,2.2778047005238227,36.306636149093,0.21552394485616047,2.407757705756234,4.211823143596923,0.182344027886361,2.5108321025569813,164.15347452725982,2.4987539294664636,9.589523483691226,0.03702954208090098,0.9373705504821459,2.2444642263974326,0.0034139847296658105,-0.3021357847435194,1.7771001011831509,14.03547142857143
2024-03-01,0.36924581565998926,0.5200980016706083,3.5945603386572946,0.7204403094488645,1.915682658652759,7.504979051813862,0.6588560778225462,-0.39106456257166733,2.300164056358431,36.026186093302925,0.1955081377007132,2.3790001634147315,4.184294773652277,0.1936817784960323,2.5053245394087913,147.3081318916147,2.530870280459411,9.977289364919507,0.0370422797597332,0.9182944321446936,2.185948262007652,0.0035491145437933857,-0.342899419763719,1.799503990036603,13.374545
2024-04-01,0.3780051580321434,0.6312922771199196,4.082307061987155,0.5751218890601284,0.4196340929380893,1.3266457059829688,0.6152509718797823,0.41178541325161755,3.773474738977498,35.76485012715951,0.1752192792002187,2.345371796123521,4.788151479531352,0.22451537245188607,2.99315198946122,174.81924936995154,2.8015750758456734,11.111036185709525,0.03668176677861658,0.8953582709204888,2.0960037797694735,0.0030813010608440466,0.08963148220738594,1.7078903293800545,16.457404761904762
2024-05-01,0.35537506188476164,0.736582538701499,4.168530131564108,0.5527109933723111,0.4233305512982299,1.2589772820069165,0.5675374132622459,0.5024321510597776,3.9235445901344486,35.72863452488251,0.17579078936239856,2.354918887899751,4.752744090335895,0.23369144040516118,2.9725719358063674,181.02901784867134,2.1819306724094916,8.028908844735373,0.03716312380302647,0.8866920643592868,2.078961400920551,0.0017099680357033802,0.5374124942012646,2.449264077930648,13.462977272727272
2024-06-01,0.3954388337620899,0.652438665376001,3.9359955666711395,0.5331464465999994,0.41087349016059094,1.2204828742052773,0.5207798089754458,0.6169384867525102,4.135760512687552,35.69709664285449,0.17610904775507388,2.3645390294834896,4.717428044952946,0.24294229636736436,2.9518605420360355,192.19326896463951,1.9831062697851942,6.503772287529456,0.037326403149209,0.8763740149353915,2.0529317514716867,0.0013389593115991077,-1.3257930010138959,6.551805484311883,16.758785
2024-07-01,0.3690083634542154,0.5927954387411755,3.955200687463817,0.5167516436924874,0.37880112890430867,1.2307075563658427,0.4752603921549934,0.7618697901923357,4.4335344613985175,35.67024888850906,0.17617051600027567,2.374214158490096,4.68220541029499,0.25226683784903997,2.9310223652285696,271.1595762886411,1.9246584962681157,5.844244026345651,0.03718233071145199,0.8921285766767424,2.103821078285884,0.002012766415318464,0.538001657714354,3.3200638212897258,15.08205652173913
2024-08-01,0.39144521019683204,0.5267029215611448,4.113946481278352,0.503836109667272,0.32505921589682196,1.3088786197965177,0.43137131128164974,0.9443115288931124,4.845305042746601,35.648101858714625,0.17597221024380807,2.3839260657573034,4.647078310388586,0.2616638246187554,2.910062333089682,170.9714092884944,1.7773024881353965,5.368196164328015,0.03700039414989883,0.8748031581840765,2.0518384688275595,0.0025912012305948787,0.4047744216576011,2.757340243272666,18.19419545454545
2024-09-01,0.3718509653252563,0.4617565344601276,4.0312240553370176,0.4946724430969425,0.24998589067791702,1.468367666452818,0.38966384612008553,1.169441717692753,5.397892458867272,35.63066431899111,0.17551171691158354,2.3936564715390714,4.612048928120094,0.2711318703145908,2.888985761087721,209.38626194838193,1.973936118028146,6.267632565675668,0.037099706741948194,0.8794917038253782,2.0619912546969044,0.0022682181641328516,0.4557675251726584,2.8094851438561474,17.59855238095238
2024-10-01,0.3371124202932704,0.3630609910991582,3.9482898009497465,0.6217543575710602,0.2410399302222424,1.7565840909789967,0.3378143092104418,0.25683076091944446,1.6898032446757278,35.61794318623946,0.1747872058243484,2.4033871024990088,4.950995690864129,0.4020725103807407,3.0486169864244803,253.00305676057138,2.592365310588213,9.944059361908966,0.0373945082581177,0.8836063488851008,2.0743503459948807,0.0010540626060344986,0.0834277533050419,2.777759127646457,19.341491304347823
2024-11-01,0.3397968809918232,0.34607536160904284,3.7396403819488477,0.6048121056234973,0.0811208790658223,1.435337883914781,0.29118562270907494,0.2609096181333176,1.8365059602877685,35.31332420358604,0.09863334203408722,2.3527063025608057,4.919821436468545,0.41322611882680876,3.0281972143496443,321.2671055800593,2.38766878801723,8.828374219514885,0.03772851666549428,0.9181213814709968,2.1847243593462258,0.0015104972753468067,0.5629049755552002,2.453033753877587,18.21046666666667
2024-12-01,0.3258770828908862,-0.1388814757186967,2.770557480911222,0.6002474521178668,-0.03440775000302099,1.1939831552632387,0.25534919039071485,0.2777465272047955,2.4897563794153936,35.03435067576859,0.02293096244622423,2.319432192756438,4.888814893169839,0.42441982455575594,3.008112786891371,295.49427959788324,2.0000694284558618,6.670206770717321,0.0372585416857953,0.923977221650296,2.213840112711841,0.001098333463079578,1.946433415617371,6.9690668489937835,15.552216666666668
2025-01-01,0.33022252725299306,0.20543038150882403,3.2309739098238484,0.608339085670474,-0.07139131601981356,1.1185579792577278,0.2352890434964908,0.28372418660534043,3.288091876800543,34.78163969271197,-0.05189398306716178,2.3039243126334314,4.857979272268112,0.4356495085281038,2.9883908060196123,308.44888144059354,2.000854600080088,6.759640688615882,0.037913423259832414,0.9390930644891977,2.291020942556767,0.0018170207242332547,0.6825673939831047,2.0789049970451634,16.316940909090906
2025-02-01,0.3261862426582198,0.127215622751068,3.151499652303775,0.5878937387958451,-0.07947387984562974,1.1741316308103595,0.22464319028836213,0.32040221230281085,3.526468432259693,34.55576744380456,-0.1254062930825115,2.306213178657691,4.833888690268981,0.4393727272433673,2.9822989118031558,241.4359341129653,2.1972211402195927,8.140350762110364,0.03785819235197776,0.9406718439059079,2.2868970700508515,0.0008348285547617265,2.0105212634752436,6.750995918469613,16.853469999999998
2025-03-01,0.32610446005653954,0.49600814105253677,3.103544323155119,0.5682056632898665,-0.09278791663329218,1.2575751366459038,0.21422118541886115,0.36524988032141015,3.8096002186586295,34.357263264450026,-0.19716968745496663,2.3259761558848324,4.809884642666176,0.4431976819626811,2.9764944162238174,305.70258189139605,2.0903970577346467,7.706773565311016,0.03779500134534999,0.9406620448256976,2.2431541855680943,0.00043537111797728234,3.316624790355399,13.999999999999996,20.564557142857144
2025-04-01,0.3349148160163607,0.1722158163605186,3.238265497422617,0.8160233619031609,0.014857924992784528,1.584581458088953,0.47208927169272524,0.23419611050204656,2.451479977820311,34.18660389525272,-0.26675566477855767,2.3625248449699057,5.096197980580614,0.4539861489217105,3.4544840099866465,453.6186146915167,2.0640980683986796,7.5710135783361725,0.03788939157357904,0.9591568395698779,2.2916723612174166,0.0021333735683591163,3.1859891140731276,13.303017456115182,28.86561
2025-05-01,0.2915348974097233,0.14049971041393985,3.3791133774720783,0.7743243598841663,0.03306489479852454,1.5522536902649813,0.4314649189185574,0.16435883803680676,2.4727444022914282,34.18660389525272,-0.26675566477855767,2.3625248449699057,5.082330170599213,0.4637080662994675,3.438360507963176,356.1956047786243,2.376775384698033,9.165374595909757,0.037605444976975565,0.9633016671201292,2.322096693246498,0.001974108020593531,0.815576763573459,2.3670596711982097,18.845057142857144
2025-06-01,0.27415577466450636,-0.20029219016974117,3.0970200641425487,0.7329363156773212,0.053611537922841866,1.5213413504467959,0.392092314366426,0.09228470973564183,2.5359754550659477,34.18660389525272,-0.26675566477855767,2.3625248449699057,5.068559593179803,0.4734452683389579,3.4225295312934643,271.1041593484458,1.8868747676263327,6.8436229745664345,0.03696898185547924,0.9276804381065672,2.256823813170896,0.0021065001351786438,0.45337023585560476,1.4794256588928631,19.60957619047619
2025-07-01,0.26016784654036307,-0.25839124141694136,2.8454914244039293,0.6919150329033198,0.07689143330192728,1.4935150106141422,0.3543889115517534,0.02295785153379871,2.6553925058832584,34.18660389525272,-0.26675566477855767,2.3625248449699057,5.054887042968406,0.4831962649927473,3.4070007543361123,412.32129047066246,2.2959345152360884,8.704698223170858,0.03679233786999622,0.934105774832004,2.2983419671196064,0.0018930457446710606,-1.2102365033999571,3.6499263210014896,17.6199347826087
2025-08-01,0.25383690951404597,-0.20309566280314387,2.6507855941363263,0.6513298120513856,0.10336481357305895,1.471274341769641,0.31894722007605925,-0.0346280698905911,2.8389182910235817,34.18660389525272,-0.26675566477855767,2.3625248449699057,5.041313317544112,0.49295953019712424,3.3917838924309347,290.48368633186243,2.5887225549040904,10.177845905697247,0.03673474100534145,0.9193342454293353,2.252182666029511,0.001722530289982653,-1.2324613852118358,4.740883391304256,17.35741904761905
2025-09-01,0.27037744616292436,-0.014240543367600247,2.277131809529169,0.6112675165314442,0.1335600067326739,1.4583232793982697,0.28660751678113633,-0.06691679013414487,3.0693306561280034,34.18660389525272,-0.26675566477855767,2.3625248449699057,5.027839217302823,0.5027335018599082,3.376888694508935,294.82870512985403,1.9233207960593794,6.505830142922709,0.03662890595728516,0.9195230897829846,2.259734964243896,0.0012102642397860788,-0.9024087894290141,1.9989952084239404,16.818395454545456
2025-10-01,0.2625441548381302,-0.10920861826083778,2.313434071012262,0.8255841088822127,1.0918862722981482,3.5358111986201766,0.41937142249845555,0.29088605750912777,1.8862482025293852,,,,4.729744957440952,0.5857230870864877,3.505074982370183,288.22889187196193,2.0174627299818604,7.102529888639207,0.03680150665003832,0.979906252578107,2.40901753597885,0.0012613084164999552,-1.64662983499762,4.650813708767174,17.75910434782609
2025-11-01,0.2515398168438315,-0.1599448428820865,2.362678849036845,0.6765911503521103,0.6089093199225334,1.7046728645439733,0.40198225894300904,0.15785553856411877,1.8099084555238472,,,,4.725744561292631,0.5979000036728661,3.514356583739496,243.8116333786422,2.019219684194117,7.121217681489255,0.03620486895877545,0.9700878728324341,2.3992134314198728,0.0008609166966646087,-0.3689469121762906,2.562014872454939,19.73458
2025-12-01,0.23958697123536235,-9.45020490157006e-05,2.183687608791741,0.5639952736468175,0.3911192819498637,1.151075551095229,0.3895943540107666,-0.04617118699882525,1.9468132301687793,,,,4.721850885989362,0.6101053956975543,3.5241050689584075,243.8116333786422,2.019219684194117,7.121217681489255,0.035724981545013385,0.9394315562969491,2.263661577808516,0.001098133922418484,-0.3222678906941283,1.929612889084868,15.63248947368421
2026-01-01,,,,0.5123810815421542,0.7363316228908491,1.9403587162133797,0.38269369282077886,-0.319585716443776,2.392297429886352,,,,4.7180641957515865,0.622337264671481,3.5343213266753386,243.8116333786422,2.019219684194117,7.121217681489255,0.035659058998438777,0.9283666334876927,2.2666705931433184,0.0010423375815468191,-0.234381423579221,1.4060503045702872,17.231199999999998
2026-02-01,,,,0.48342702886501887,0.6356785681969344,1.84536572763864,0.3680248642184624,-0.28174252631695856,2.329142307619678,,,,4.700868160207649,0.6313111629056795,3.527159241357727,243.8116333786422,2.019219684194117,7.121217681489255,0.03579261054528779,0.9562089048898441,2.3290417039114093,0.0013390820690321731,0.5761253308292635,1.495644580278153,19.10207
2026-03-01,,,,0.45763843843704255,0.5019800808901698,1.7415225657271483,0.3538790531209335,-0.2368143630535602,2.261504910747453,,,,4.683769306757098,0.6402607225211635,3.5199582128040365,243.8116333786422,2.019219684194117,7.121217681489255,0.03602296223831577,0.9219170725476598,2.1852316586084166,0.0024075168664704333,2.0658790120755284,6.128835476999862,29.836336363636363
2026-04-01,,,,0.6364573408767064,0.5969595574768819,2.0948210745716374,0.37139356659411604,-0.71165070337156,5.2228585210461205,,,,4.258655192018421,0.27779374095137527,3.533098207093938,243.8116333786422,2.019219684194117,7.121217681489255,0.035789653891067884,0.9206892626242235,2.205663527928438,0.001830382643903465,0.5296989256927338,2.67235145296518,23.682515
2026-05-01,,,,0.6216179840049022,0.5730743795617467,2.1606343033218938,0.3520848158898432,-0.7783371628269633,5.661579437353767,,,,4.243660439287022,0.28476769999794554,3.5298139355180336,243.8116333786422,2.019219684194117,7.121217681489255,0.035789653891067884,0.9206892626242235,2.205663527928438,0.0018115439577911245,0.5920340241065465,2.477291148708839,21.715695
2026-06-01,,,,0.6072170859777677,0.5441360342150124,2.2328397379748077,0.3336852692340509,-0.8492139012456856,6.112286594326257,,,,4.22873263306973,0.2917551209673952,3.5264062254408057,243.8116333786422,2.019219684194117,7.121217681489255,0.035789653891067884,0.9206892626242235,2.205663527928438,0.0017732381092895977,0.005821955884260946,2.9679724992394387,20.1216
2026-07-01,,,,0.5932865759065235,0.509677739505067,2.3119117100513367,0.31635360797428314,-0.9210717608040409,6.549201845404763,,,,4.21387248484845,0.2987546064654436,3.5228728288111686,243.8116333786422,2.019219684194117,7.121217681489255,0.035789653891067884,0.9206892626242235,2.205663527928438,0.0017732381092895977,0.005821955884260946,2.9679724992394387,
2026-08-01,,,,0.5798603564488476,0.46925684254202765,2.3982802569170127,0.3002748019794885,-0.9884772285140885,6.933757540023956,,,,4.199080712928927,0.3057647110151451,3.519211492150529,243.8116333786422,2.019219684194117,7.121217681489255,0.035789653891067884,0.9206892626242235,2.205663527928438,0.0017732381092895977,0.005821955884260946,2.9679724992394387,
2026-09-01,,,,0.5669742542599483,0.42247875098983545,2.4922976390222624,0.28566048585729353,-1.043165651754143,7.21438756623281,,,,4.184358042445151,0.3127839402642734,3.515419958326146,243.8116333786422,2.019219684194117,7.121217681489255,0.035789653891067884,0.9206892626242235,2.205663527928438,0.0017732381092895977,0.005821955884260946,2.9679724992394387,
2026-10-01,,,,0.5546659149333104,0.3690263356852887,2.5941965772175584,0.2727461726726119,-1.0738091766226958,7.331229600724464,,,,4.169705205360924,0.31981075020799393,3.511495968418567,243.8116333786422,2.019219684194117,7.121217681489255,0.035789653891067884,0.9206892626242235,2.205663527928438,0.0017732381092895977,0.005821955884260946,2.9679724992394387,
2026-11-01,,,,0.5429746306840962,0.30869460138689253,2.7040402489740916,0.26178357718890766,-1.066697651332567,7.228669282850982,,,,4.1551229404684795,0.326843546428782,3.5074372636855227,243.8116333786422,2.019219684194117,7.121217681489255,0.035789653891067884,0.9206892626242235,2.205663527928438,0.0017732381092895977,0.005821955884260946,2.9679724992394387,
2026-12-01,,,,0.5319410889626758,0.24142974166368422,2.8216651197169327,0.2530265063486681,-1.0079202476079032,6.876284686521437,,,,4.140611993384034,0.3338806833556247,3.5032415876245144,243.8116333786422,2.019219684194117,7.121217681489255,0.035789653891067884,0.9206892626242235,2.205663527928438,0.0017732381092895977,0.005821955884260946,2.9679724992394387,
2027-01-01,,,,0.5216070310776171,0.16737078804660802,2.946619142915117,0.2467099300699784,-0.8872138088148159,6.2924628258060284,,,,4.1261731165401745,0.34092046354462785,3.4989066881363238,243.8116333786422,2.019219684194117,7.121217681489255,0.035789653891067884,0.9206892626242235,2.205663527928438,0.0017732381092895977,0.005821955884260946,2.9679724992394387,
2027-02-01,,,,0.5143841325965897,0.2473525132396749,3.0848652856633256,0.23659320217210122,-0.8944072987656333,6.406301207718688,,,,4.105339731099174,0.34623970816332145,3.5090217108216573,243.8116333786422,2.019219684194117,7.121217681489255,0.035789653891067884,0.9206892626242235,2.205663527928438,0.0017732381092895977,0.005821955884260946,2.9679724992394387,
2027-03-01,,,,0.5074771591722754,0.3309999196009727,3.237236623819876,0.22781286924554497,-0.8815116477431125,6.372190565853164,,,,4.084631256256341,0.35156959856793146,3.518782769060476,243.8116333786422,2.019219684194117,7.121217681489255,0.035789653891067884,0.9206892626242235,2.205663527928438,0.0017732381092895977,0.005821955884260946,2.9679724992394387,
2027-04-01,,,,0.5008991799882062,0.41808913679864573,3.404121983672524,0.22052861454843153,-0.8440296938717693,6.154373092842981,,,,4.064049601468137,0.35690842329129147,3.528172386054215,243.8116333786422,2.019219684194117,7.121217681489255,0.035789653891067884,0.9206892626242235,2.205663527928438,0.0017732381092895977,0.005821955884260946,2.9679724992394387,
