date,alpha,beta_gdp_growth_stdev,beta_inflation_stdev,beta_debt_gdp_stdev,beta_current_account_stdev,beta_policy_uncertainty_stdev,beta_bank_nexus_stdev,beta_bid_ask_stdev,gamma,lambda_gdp_growth_stdev,lambda_inflation_stdev,lambda_debt_gdp_stdev,lambda_current_account_stdev,lambda_policy_uncertainty_stdev,lambda_bank_nexus_stdev,lambda_bid_ask_stdev,delta,P_t_bn,MS_actual,MS_fitted,MS_tilde,MS_tilde_nopurch,MS_tilde_se,purchase_effect,r_squared,adj_r_squared,fundamental_component,purchase_component,sentiment_component,non_fundamental_component
2005-09-01,NA,NA,NA,NA,NA,NA,NA,NA,NA,NA,NA,NA,NA,NA,NA,NA,NA,0,NA,NA,NA,NA,NA,NA,NA,NA,NA,NA,NA,NA
2005-10-01,NA,NA,NA,NA,NA,NA,NA,NA,NA,NA,NA,NA,NA,NA,NA,NA,NA,0,NA,NA,NA,NA,NA,NA,NA,NA,NA,NA,NA,NA
2005-11-01,NA,NA,NA,NA,NA,NA,NA,NA,NA,NA,NA,NA,NA,NA,NA,NA,NA,0,NA,NA,NA,NA,NA,NA,NA,NA,NA,NA,NA,NA
2005-12-01,NA,NA,NA,NA,NA,NA,NA,NA,NA,NA,NA,NA,NA,NA,NA,NA,NA,0,NA,NA,NA,NA,NA,NA,NA,NA,NA,NA,NA,NA
2006-01-01,NA,NA,NA,NA,NA,NA,NA,NA,NA,NA,NA,NA,NA,NA,NA,NA,NA,0,NA,NA,NA,NA,NA,NA,NA,NA,NA,NA,NA,NA
2006-02-01,NA,NA,NA,NA,NA,NA,NA,NA,NA,NA,NA,NA,NA,NA,NA,NA,NA,0,NA,NA,NA,NA,NA,NA,NA,NA,NA,NA,NA,NA
2006-03-01,NA,NA,NA,NA,NA,NA,NA,NA,NA,NA,NA,NA,NA,NA,NA,NA,NA,0,NA,NA,NA,NA,NA,NA,NA,NA,NA,NA,NA,NA
2006-04-01,NA,NA,NA,NA,NA,NA,NA,NA,NA,NA,NA,NA,NA,NA,NA,NA,NA,0,NA,NA,NA,NA,NA,NA,NA,NA,NA,NA,NA,NA
2006-05-01,NA,NA,NA,NA,NA,NA,NA,NA,NA,NA,NA,NA,NA,NA,NA,NA,NA,0,NA,NA,NA,NA,NA,NA,NA,NA,NA,NA,NA,NA
2006-06-01,NA,NA,NA,NA,NA,NA,NA,NA,NA,NA,NA,NA,NA,NA,NA,NA,NA,0,NA,NA,NA,NA,NA,NA,NA,NA,NA,NA,NA,NA
2006-07-01,NA,NA,NA,NA,NA,NA,NA,NA,NA,NA,NA,NA,NA,NA,NA,NA,NA,0,NA,NA,NA,NA,NA,NA,NA,NA,NA,NA,NA,NA
2006-08-01,NA,NA,NA,NA,NA,NA,NA,NA,NA,NA,NA,NA,NA,NA,NA,NA,NA,0,NA,NA,NA,NA,NA,NA,NA,NA,NA,NA,NA,NA
2006-09-01,NA,NA,NA,NA,NA,NA,NA,NA,NA,NA,NA,NA,NA,NA,NA,NA,NA,0,NA,NA,NA,NA,NA,NA,NA,NA,NA,NA,NA,NA
2006-10-01,NA,NA,NA,NA,NA,NA,NA,NA,NA,NA,NA,NA,NA,NA,NA,NA,NA,0,NA,NA,NA,NA,NA,NA,NA,NA,NA,NA,NA,NA
2006-11-01,NA,NA,NA,NA,NA,NA,NA,NA,NA,NA,NA,NA,NA,NA,NA,NA,NA,0,NA,NA,NA,NA,NA,NA,NA,NA,NA,NA,NA,NA
2006-12-01,NA,NA,NA,NA,NA,NA,NA,NA,NA,NA,NA,NA,NA,NA,NA,NA,NA,0,NA,NA,NA,NA,NA,NA,NA,NA,NA,NA,NA,NA
2007-01-01,NA,NA,NA,NA,NA,NA,NA,NA,NA,NA,NA,NA,NA,NA,NA,NA,NA,0,NA,NA,NA,NA,NA,NA,NA,NA,NA,NA,NA,NA
2007-02-01,NA,NA,NA,NA,NA,NA,NA,NA,NA,NA,NA,NA,NA,NA,NA,NA,NA,0,NA,NA,NA,NA,NA,NA,NA,NA,NA,NA,NA,NA
2007-03-01,NA,NA,NA,NA,NA,NA,NA,NA,NA,NA,NA,NA,NA,NA,NA,NA,NA,0,NA,NA,NA,NA,NA,NA,NA,NA,NA,NA,NA,NA
2007-04-01,NA,NA,NA,NA,NA,NA,NA,NA,NA,NA,NA,NA,NA,NA,NA,NA,NA,0,NA,NA,NA,NA,NA,NA,NA,NA,NA,NA,NA,NA
2007-05-01,NA,NA,NA,NA,NA,NA,NA,NA,NA,NA,NA,NA,NA,NA,NA,NA,NA,0,NA,NA,NA,NA,NA,NA,NA,NA,NA,NA,NA,NA
2007-06-01,NA,NA,NA,NA,NA,NA,NA,NA,NA,NA,NA,NA,NA,NA,NA,NA,NA,0,NA,NA,NA,NA,NA,NA,NA,NA,NA,NA,NA,NA
2007-07-01,NA,NA,NA,NA,NA,NA,NA,NA,NA,NA,NA,NA,NA,NA,NA,NA,NA,0,NA,NA,NA,NA,NA,NA,NA,NA,NA,NA,NA,NA
2007-08-01,NA,NA,NA,NA,NA,NA,NA,NA,NA,NA,NA,NA,NA,NA,NA,NA,NA,0,NA,NA,NA,NA,NA,NA,NA,NA,NA,NA,NA,NA
2007-09-01,NA,NA,NA,NA,NA,NA,NA,NA,NA,NA,NA,NA,NA,NA,NA,NA,NA,0,NA,NA,NA,NA,NA,NA,NA,NA,NA,NA,NA,NA
2007-10-01,NA,NA,NA,NA,NA,NA,NA,NA,NA,NA,NA,NA,NA,NA,NA,NA,NA,0,NA,NA,NA,NA,NA,NA,NA,NA,NA,NA,NA,NA
2007-11-01,NA,NA,NA,NA,NA,NA,NA,NA,NA,NA,NA,NA,NA,NA,NA,NA,NA,0,NA,NA,NA,NA,NA,NA,NA,NA,NA,NA,NA,NA
2007-12-01,NA,NA,NA,NA,NA,NA,NA,NA,NA,NA,NA,NA,NA,NA,NA,NA,NA,0,NA,NA,NA,NA,NA,NA,NA,NA,NA,NA,NA,NA
2008-01-01,NA,NA,NA,NA,NA,NA,NA,NA,NA,NA,NA,NA,NA,NA,NA,NA,NA,0,NA,NA,NA,NA,NA,NA,NA,NA,NA,NA,NA,NA
2008-02-01,NA,NA,NA,NA,NA,NA,NA,NA,NA,NA,NA,NA,NA,NA,NA,NA,NA,0,NA,NA,NA,NA,NA,NA,NA,NA,NA,NA,NA,NA
2008-03-01,NA,NA,NA,NA,NA,NA,NA,NA,NA,NA,NA,NA,NA,NA,NA,NA,NA,0,NA,NA,NA,NA,NA,NA,NA,NA,NA,NA,NA,NA
2008-04-01,NA,NA,NA,NA,NA,NA,NA,NA,NA,NA,NA,NA,NA,NA,NA,NA,NA,0,NA,NA,NA,NA,NA,NA,NA,NA,NA,NA,NA,NA
2008-05-01,NA,NA,NA,NA,NA,NA,NA,NA,NA,NA,NA,NA,NA,NA,NA,NA,NA,0,NA,NA,NA,NA,NA,NA,NA,NA,NA,NA,NA,NA
2008-06-01,NA,NA,NA,NA,NA,NA,NA,NA,NA,NA,NA,NA,NA,NA,NA,NA,NA,0,NA,NA,NA,NA,NA,NA,NA,NA,NA,NA,NA,NA
2008-07-01,NA,NA,NA,NA,NA,NA,NA,NA,NA,NA,NA,NA,NA,NA,NA,NA,NA,0,NA,NA,NA,NA,NA,NA,NA,NA,NA,NA,NA,NA
2008-08-01,NA,NA,NA,NA,NA,NA,NA,NA,NA,NA,NA,NA,NA,NA,NA,NA,NA,0,NA,NA,NA,NA,NA,NA,NA,NA,NA,NA,NA,NA
2008-09-01,NA,NA,NA,NA,NA,NA,NA,NA,NA,NA,NA,NA,NA,NA,NA,NA,NA,0,NA,NA,NA,NA,NA,NA,NA,NA,NA,NA,NA,NA
2008-10-01,NA,NA,NA,NA,NA,NA,NA,NA,NA,NA,NA,NA,NA,NA,NA,NA,NA,0,NA,NA,NA,NA,NA,NA,NA,NA,NA,NA,NA,NA
2008-11-01,NA,NA,NA,NA,NA,NA,NA,NA,NA,NA,NA,NA,NA,NA,NA,NA,NA,0,NA,NA,NA,NA,NA,NA,NA,NA,NA,NA,NA,NA
2008-12-01,NA,NA,NA,NA,NA,NA,NA,NA,NA,NA,NA,NA,NA,NA,NA,NA,NA,0,NA,NA,NA,NA,NA,NA,NA,NA,NA,NA,NA,NA
2009-01-01,NA,NA,NA,NA,NA,NA,NA,NA,NA,NA,NA,NA,NA,NA,NA,NA,NA,0,NA,NA,NA,NA,NA,NA,NA,NA,NA,NA,NA,NA
2009-02-01,NA,NA,NA,NA,NA,NA,NA,NA,NA,NA,NA,NA,NA,NA,NA,NA,NA,0,NA,NA,NA,NA,NA,NA,NA,NA,NA,NA,NA,NA
2009-03-01,NA,NA,NA,NA,NA,NA,NA,NA,NA,NA,NA,NA,NA,NA,NA,NA,NA,0,NA,NA,NA,NA,NA,NA,NA,NA,NA,NA,NA,NA
2009-04-01,NA,NA,NA,NA,NA,NA,NA,NA,NA,NA,NA,NA,NA,NA,NA,NA,NA,0,NA,NA,NA,NA,NA,NA,NA,NA,NA,NA,NA,NA
2009-05-01,NA,NA,NA,NA,NA,NA,NA,NA,NA,NA,NA,NA,NA,NA,NA,NA,NA,0,NA,NA,NA,NA,NA,NA,NA,NA,NA,NA,NA,NA
2009-06-01,NA,NA,NA,NA,NA,NA,NA,NA,NA,NA,NA,NA,NA,NA,NA,NA,NA,0,NA,NA,NA,NA,NA,NA,NA,NA,NA,NA,NA,NA
2009-07-01,NA,NA,NA,NA,NA,NA,NA,NA,NA,NA,NA,NA,NA,NA,NA,NA,NA,0,NA,NA,NA,NA,NA,NA,NA,NA,NA,NA,NA,NA
2009-08-01,NA,NA,NA,NA,NA,NA,NA,NA,NA,NA,NA,NA,NA,NA,NA,NA,NA,0,NA,NA,NA,NA,NA,NA,NA,NA,NA,NA,NA,NA
2009-09-01,NA,NA,NA,NA,NA,NA,NA,NA,NA,NA,NA,NA,NA,NA,NA,NA,NA,0,NA,NA,NA,NA,NA,NA,NA,NA,NA,NA,NA,NA
2009-10-01,NA,NA,NA,NA,NA,NA,NA,NA,NA,NA,NA,NA,NA,NA,NA,NA,NA,0,NA,NA,NA,NA,NA,NA,NA,NA,NA,NA,NA,NA
2009-11-01,NA,NA,NA,NA,NA,NA,NA,NA,NA,NA,NA,NA,NA,NA,NA,NA,NA,0,NA,NA,NA,NA,NA,NA,NA,NA,NA,NA,NA,NA
2009-12-01,NA,NA,NA,NA,NA,NA,NA,NA,NA,NA,NA,NA,NA,NA,NA,NA,NA,0,NA,NA,NA,NA,NA,NA,NA,NA,NA,NA,NA,NA
2010-01-01,NA,NA,NA,NA,NA,NA,NA,NA,NA,NA,NA,NA,NA,NA,NA,NA,NA,0,NA,NA,NA,NA,NA,NA,NA,NA,NA,NA,NA,NA
2010-02-01,NA,NA,NA,NA,NA,NA,NA,NA,NA,NA,NA,NA,NA,NA,NA,NA,NA,0,NA,NA,NA,NA,NA,NA,NA,NA,NA,NA,NA,NA
2010-03-01,NA,NA,NA,NA,NA,NA,NA,NA,NA,NA,NA,NA,NA,NA,NA,NA,NA,0,NA,NA,NA,NA,NA,NA,NA,NA,NA,NA,NA,NA
2010-04-01,NA,NA,NA,NA,NA,NA,NA,NA,NA,NA,NA,NA,NA,NA,NA,NA,NA,0,NA,NA,NA,NA,NA,NA,NA,NA,NA,NA,NA,NA
2010-05-01,NA,NA,NA,NA,NA,NA,NA,NA,NA,NA,NA,NA,NA,NA,NA,NA,NA,0,NA,NA,NA,NA,NA,NA,NA,NA,NA,NA,NA,NA
2010-06-01,NA,NA,NA,NA,NA,NA,NA,NA,NA,NA,NA,NA,NA,NA,NA,NA,NA,71,NA,NA,NA,NA,NA,NA,NA,NA,NA,NA,NA,NA
2010-07-01,NA,NA,NA,NA,NA,NA,NA,NA,NA,NA,NA,NA,NA,NA,NA,NA,NA,39.6,NA,NA,NA,NA,NA,NA,NA,NA,NA,NA,NA,NA
2010-08-01,4.138307835590502,-0.3590475164612642,1.081925198566049,-0.20921092215105677,-0.04511214768957379,0.0029393253396905353,21.337512892663792,147.6352112216475,0.01682059587503442,0.013438095088355797,0.12838004498725805,0.008602524698538484,-0.012693042546135354,-5.060705624107223e-4,-3.9924904849070852,13.79615697583445,-0.011266827877448154,10.111,2.468057402231167,2.263110850642997,1.0966161267260923,1.2105350233949705,0.39009848814517534,-0.11391889666887829,0.923036704388416,0.8943991990445708,1.2105350233949705,-0.11391889666887829,1.1664947239169048,1.2575223788361964
2010-09-01,4.165754948425193,-0.2572344334414697,0.9820166884555663,-0.15793135952664192,-0.19156814976087175,0.006075765097211401,6.33464789254313,189.9762729944722,0.006678912094383704,0.039571390870120134,0.1719752180810568,0.004466850740949815,0.008580286899845942,-6.256457004835112e-4,-3.3389668542663986,13.283196591713715,-0.014353568700168145,0.998,2.7061410535856094,2.43745334523304,2.026358334139137,2.040683195701905,0.3475887857973101,-0.014324861562767808,0.9378212395562804,0.9146849566004778,2.040683195701905,-0.014324861562767808,0.4110950110939031,0.6654578578837045
2010-10-01,2.4437185708942817,0.5966595227366258,1.119951658650685,-0.04445514019805918,-0.33427792193497013,0.009588279537238013,-37.1525500837828,182.89219714602567,0.0028676949633004126,0.037315156543951775,0.21930912195420338,0.0022154052158473176,0.0387536293933939,-8.071509428209405e-4,0.6738080429241599,13.795033118325618,-0.01477493797269517,1.734,2.298309483342802,1.8788952950759663,1.7747312030898905,1.800350945534544,0.28295879199623364,-0.025619742444653423,0.9277466612981777,0.9008616980602904,1.800350945534544,-0.025619742444653423,0.10416409198607579,0.49795853780825805
2010-11-01,1.2053543387889436,1.0373006149901036,1.073024770174251,0.047656539392742815,-0.45709571369657825,0.008669638487824326,-64.38744901562238,172.764772683693,0.005090238860025122,0.0407805505979406,0.2357833382519694,0.002194654402299744,0.05462050559910387,-7.864795501478114e-4,3.3995619582422942,17.20117338596718,-0.016820200077510238,3.156999999999953,2.8724233507771983,2.32279584175325,2.008573035980873,2.061674407625572,0.32481531853527107,-0.05310137164469903,0.9241399498180471,0.8959129544015065,2.061674407625572,-0.05310137164469903,0.3142228057723768,0.8107489431516264
2010-12-01,0.5701889583954531,1.2039950998401183,0.9497102591283192,0.11558861913071239,-0.5533424828878294,0.009539818887805498,-80.60431813642982,184.7677249562287,-0.003483921499062007,0.027582081283714113,0.23667166199054998,-0.004182998402152868,0.06336309834198017,-7.008521805719133e-4,5.05477737406622,11.54410036771409,-0.011948826289707738,7.8000000000000105,2.868929669204733,2.4558389367796685,2.529671962819839,2.6228728078795593,0.30789762748797883,-0.09320084505972048,0.925443541757551,0.8977016038068723,2.6228728078795593,-0.09320084505972048,-0.0738330260401705,0.24605686132517368
2011-01-01,-0.23378729870779763,1.3477501781334522,0.7652456224332416,0.2085166460703094,-0.6887160578854986,0.005144310381732128,-101.90213248854687,196.1343115807162,-0.006749470410017622,0.010098984595238709,0.2418751170082697,-0.010842321705579002,0.07069377865289145,-4.297303901232822e-4,7.408539500398462,5.961864293605803,-0.007955282369369331,12.599999999999994,2.8170190493624365,2.39838081568808,2.546961266524118,2.6471978243781713,0.30406201357337426,-0.10023655785405353,0.9251638834623216,0.8973178866110925,2.6471978243781713,-0.10023655785405353,-0.14858045083603777,0.16982122498426522
2011-02-01,-0.5255700733276708,1.3335009537244746,0.7655799067321993,0.24619316172482805,-0.7462893215772601,0.004225014293893896,-109.24713007341413,189.48631933910846,-0.009249473403509574,0.009365806973310166,0.2385877583571322,-0.012776963583103488,0.0727557955500807,-3.7869673949021774e-4,8.091016221021944,5.880747266258166,-0.007684217171611358,6.000000000000001,2.7989637952774906,2.5424955273546503,2.7059237364669753,2.7520290394966436,0.29408494423338677,-0.04610530302966816,0.9305101659284025,0.904653483483157,2.7520290394966436,-0.04610530302966816,-0.16342820911232492,0.04693475578084705
2011-03-01,-0.9877259713032243,0.7038579922853945,1.9878098122926713,0.2874376918984892,-0.8223031949669921,0.0031916623845452347,-113.57374979392175,156.58072665362786,-0.008083721730523566,0.041336243278942836,0.06775207859367213,-0.012877057877626446,0.06922450216187172,-5.130261155029478e-5,9.825155762208025,7.517272977369812,-0.00635469866887373,2,3.1688456225057675,2.955282781825339,3.3213395181620835,3.334048915499831,0.34161282809558496,-0.01270939733774746,0.9444264177781048,0.9237478755560042,3.334048915499831,-0.01270939733774746,-0.3660567363367444,-0.16520329299406367
2011-04-01,-0.9866706552378872,0.8303390919492506,1.8917201062358253,0.29092002888867435,-0.8142937958869665,0.0020922883397526647,-119.4147429010981,176.79944328195634,-0.01136494904734338,0.027822235662449464,0.07738905232880065,-0.014245646601549571,0.07082543131474234,2.2617794400270118e-5,10.801065336714395,3.2353859858008303,-0.004869622539068094,-1.5999999999999943,3.534361252249997,3.450298590056554,3.5597455640701376,3.5519541680076285,0.2793714828833696,0.007791396062508922,0.9535359982383168,0.9362470673502487,3.5519541680076285,0.007791396062508922,-0.10944697401358372,-0.017592915757631555
2011-05-01,-1.4373444382950402,0.9071754313585502,1.7310070180501151,0.33359941985322356,-0.8673700630571578,-6.173780300018779e-4,-128.59920909332436,170.7862773136104,-0.009272665150321035,0.024425746036918335,0.09245178778231011,-0.015207265797892208,0.07149708701664144,8.985026751811068e-5,11.336334504529246,4.9486671716501744,-0.006641934732241821,-1.200000000000017,4.238791355211685,3.728268780134039,3.917223285922821,3.9092529642441307,0.3064155165770256,0.007970321678690299,0.9550034649772423,0.9382605682245883,3.9092529642441307,0.007970321678690299,-0.1889545057887818,0.3295383909675542
2011-06-01,-2.592525349955491,0.9108896658963376,1.4367362747692356,0.34716994374882437,-0.8309768937324881,-0.0010416369766648908,-104.79376239345714,151.8864593312623,0.004929332283397,0.033243225383195824,0.08488207984868995,-0.00908960439054666,0.07341228626626804,6.691771113532795e-5,12.617923200159664,8.565345950666632,-0.008171096255564373,-2.3999999999999773,4.578855779522412,4.134842321573206,4.060828274465833,4.0412176434524785,0.3497360834646141,0.019610631013354307,0.9601029590721754,0.9452575484943802,4.0412176434524785,0.019610631013354307,0.07401404710737314,0.5376381360699334
2011-07-01,-3.3642801636188655,0.7995796768674498,1.2987937783470336,0.3373975720734422,-0.7515755502225628,-0.0013040487835526858,-74.5263526878497,171.09193192982983,0.006689167581531005,0.030133988227056117,0.07366935599141697,-0.007899790102142083,0.07107685833661302,9.415533964147977e-5,12.928661719655624,3.414523809634919,-0.005977670962884542,-2,4.646314873768493,4.504849793630318,4.425255701934549,4.41330036000878,0.37649294879908707,0.011955341925769084,0.9685368925191864,0.9568296897356279,4.41330036000878,0.011955341925769084,0.07959409169576936,0.23301451375971372
2011-08-01,-3.9048759230141026,0.7870612229428039,0.9763286548212551,0.3137387856767705,-0.667730637872461,8.250190304954111e-4,-43.51449366426099,175.77641479771944,0.00949453557186453,0.03157952354377614,0.08723328229213599,-0.004625529315635724,0.06973839849022959,-5.1206117169237716e-5,12.299865634393893,2.668608160441354,-0.005430970254947934,0.19999999999998863,4.512897793251792,4.484311233265959,4.685471009030524,4.686557203081513,0.2828484574647321,-0.001086194050989525,0.9727461429549926,0.9626051728917341,4.686557203081513,-0.001086194050989525,-0.20115977576456423,-0.17365940982972106
2011-09-01,-3.9356621300633843,0.752344316736125,0.8227270646740101,0.30812791802122647,-0.6556886764571643,0.0017677071169727265,-32.59258068976368,171.058715082758,0.007542447428808515,0.036384013206810735,0.09858981110809023,-0.004210042673041701,0.06998777404357025,-1.0740347337691521e-4,11.688086147307784,3.734302305236457,-0.005210046899304117,83.19999999999999,5.026119449530158,5.003472980555125,5.332388101526728,5.765864003548831,0.3317481781280219,-0.43347590202210246,0.9763241833162153,0.9675145771082954,5.765864003548831,-0.43347590202210246,-0.3289151209716037,-0.7397445540186727
2011-10-01,-4.320738473213853,0.6912644594158035,0.8865792491714793,0.30226828646442405,-0.6121069758763056,0.001303085621758654,-19.79540049657588,182.6513271925573,0.007118918384328519,-5.934058782392212e-4,0.07068347100197356,-0.004692270360602864,0.05847590815342938,4.455720750028302e-5,11.876970376127776,-0.40348988457476664,-0.00519090490909781,81.80000000000001,5.011208223180705,5.348456112295759,6.309307185281307,6.733923206845508,0.38364385319895977,-0.4246160215642009,0.9764987386479974,0.9677540832612057,6.733923206845508,-0.4246160215642009,-0.9608510729855482,-1.7227149836648028
2011-11-01,-4.40932574545358,0.6699248834649544,0.8688738503140927,0.3006089209021377,-0.5990310250472576,0.0016456856103386462,-14.27887530859282,180.0555695160462,0.005094974566349457,-0.0011902513074631927,0.07106028654027656,-0.004638563078045694,0.05664227019899231,1.256661439360764e-5,11.408259324051881,-0.02367435827975882,-0.0052750807372165,34,4.972237694623266,4.994252047022747,5.965296479368412,6.144649224433773,0.3597189605502298,-0.179352745065361,0.9785171360364883,0.9705235122361118,6.144649224433773,-0.179352745065361,-0.9710444323456651,-1.172411529810507
2011-12-01,-4.93040763960137,0.5345394495290983,0.8895836852288539,0.3088457596037832,-0.5610943309525905,9.422204756304009e-4,0.020764719105211462,196.24062271052222,-1.1937265570519338e-4,-0.009899074860919713,2.2455975508425165e-4,-0.005774481880312943,0.049853186859074874,2.7380945886891625e-4,12.052904808815281,-6.646818959782703,0.0019089262697319486,59.60000000000002,5.849094385673654,5.289789961233849,6.1203192306003835,6.006547224924359,0.3736469080490694,0.11377200567602418,0.9783203288770609,0.9702534745057347,6.006547224924359,0.11377200567602418,-0.8305292693665347,-0.15745283925070552
2012-01-01,-3.840624499474628,0.9156858729700572,0.6161841481898368,0.34103884870241996,-0.7029513611447943,-0.0011738412565268767,-52.05814736642087,216.6190359269571,-0.0048734609653030446,-0.02656712333262466,0.025929941556648285,-0.00748163288444208,0.04703017735098607,3.6540805284053784e-4,10.95240335319894,1.7298039129179141,-0.00550594602294699,17.19999999999999,7.130752412371188,6.272833092667305,6.813948064654455,6.908650336249143,0.4976393072606592,-0.09470227159468816,0.9758504480921601,0.9668645683124988,6.908650336249143,-0.09470227159468816,-0.5411149719871498,0.22210207612204513
2012-02-01,-2.6679208953655826,1.0444901764601366,-0.28361011198774794,0.33610554579587415,-0.7658550176251525,-0.0020060641529937103,-57.14860652181823,309.17351630409166,-0.02127595388102189,-0.035943961882070725,0.035300743017110774,-0.00769905011660203,0.0586983752001994,7.406372639988875e-4,13.722733942347322,-7.6870396906191045,-0.0016572952393650862,14.399999999999979,8.032954497061638,6.729642969270732,7.56046830857109,7.584333360017947,0.55666928477625,-0.023865051446857206,0.968933444024083,0.957373795288858,7.584333360017947,-0.023865051446857206,-0.8308253393003575,0.4486211370436912
2012-03-01,-6.195964541158157,0.647460206290657,0.32975204125598595,0.3474403213361275,-0.5949403502268366,0.003989505771776692,27.629402878871993,122.977563323576,0.007482186067288098,-0.04138740214251691,0.008448354714711608,-0.008950395737642163,0.011542619258998552,-9.5567883960555e-5,1.5182889806618896,18.386886149513916,-0.010467356514146016,0.400000000000034,5.281086287997114,6.246295079575128,6.032600451401835,6.0367873940074945,0.6711187191826818,-0.004186942605658763,0.9571522040276392,0.9412088380844352,6.0367873940074945,-0.004186942605658763,0.21369462817329232,-0.7557011060103802
2012-04-01,-6.704003115282288,0.03587049862828572,0.39102890063305656,0.35097889114572683,-0.5437593076439549,0.004315444569329387,73.8078386306661,123.74641674725727,-0.008249128633728427,-0.043596529724324505,-0.100969202467925,-0.009907141311396273,0.014926390867397,2.45960994231378e-4,6.113021984950415,-1.8732818153276078,0.007369434517885083,-10.200000000000045,5.852109864704868,6.356433694253738,7.294984485864042,7.37015271794647,1.11826764353411,-0.07516823208242818,0.9532401299318176,0.9358411085110986,7.37015271794647,-0.07516823208242818,-0.9385507916103037,-1.5180428532416022
2012-05-01,-6.954236026156096,0.04882101591620242,0.11646704793044196,0.35172318597212826,-0.5469764111782949,0.004811228845093818,84.28290115226524,101.61038669586785,4.5062396545845357e-4,-0.042849034396309535,-0.060922568468136006,-0.00991811537011544,0.00923524543016155,4.628235779949472e-5,3.3392258375601993,5.338207663877465,0.003378292685417261,0,7.383640136891899,7.151710285957994,7.002051429356559,7.002051429356559,1.0231008485109856,0,0.9565626134148791,0.94039986491809,7.002051429356559,0,0.14965885660143474,0.38158870753534035
2012-06-01,-6.116861583495018,-0.15034783012679218,0.9153215547364064,0.40634717434554396,-0.7496836098880338,0.004660457268760349,24.846166848604216,68.61545785798998,0.005154496960190884,-0.042510099985854255,-0.11027009227681984,-0.012925604307051185,0.006409554310403664,1.880020888449651e-4,4.469770420275667,8.541165676367694,8.59524205390684e-4,-4.1999999999999895,7.6408606242078925,6.6392395681779846,6.600148216346873,6.603758218009514,0.933630950949108,-0.003610001662640864,0.9555897085826777,0.9390649489855345,6.603758218009514,-0.003610001662640864,0.03909135183111179,1.037102406198379
2012-07-01,-4.868270309117799,-0.20052293216488887,1.6843032379166445,0.45261902201835313,-0.9448501161171786,0.0023574580472035048,-40.60876798650232,51.27157434706881,8.302981192861172e-4,-0.04034654392824185,-0.15775659317679688,-0.015398349088454338,0.015346481178776475,3.5331649487156593e-4,8.064551832457585,8.50865616886516,0.0010474672621531814,-1.599999999999966,7.125071744249346,6.845148072045609,7.067039321525765,7.06871526914521,0.7941707477312263,-0.0016759476194450544,0.957711165737068,0.9419757855462096,7.06871526914521,-0.0016759476194450544,-0.22189124948015682,0.05635647510413566
2012-08-01,-4.922375593489228,-0.22317279083742234,1.6771665915838683,0.45191465185405244,-0.9317971059346252,0.002584027423141172,-37.75416439327445,51.49489706748516,-0.0011176127869123973,-0.041467178823175375,-0.15892352463221981,-0.015285502255671978,0.013461279650627442,3.235863126019053e-4,7.752335917192613,8.44870991074211,9.343990089465651e-4,0,6.695391780305553,6.706008918251825,7.0410268395658004,7.0410268395658004,0.740678075307012,0,0.9597492632766936,0.9447722449610447,7.0410268395658004,0,-0.335017921313975,-0.34563505926024707
2012-09-01,-5.839661119079078,0.07114184378139524,0.953753222869944,0.40433300659822685,-0.7335785415895745,0.005665789799727128,3.051923033864999,71.05942526902619,3.7692310089143825e-4,-0.0605211425505796,-0.0978284907292793,-0.01211218336320268,0.0027902105783700424,6.830079271862652e-5,4.542783807813007,7.562825619168056,9.413369917204686e-4,-5,5.657704570650979,6.72642594013198,6.76136491957119,6.766071604529793,0.6755476296792347,-0.004706684958602343,0.9560930390018778,0.9397555651421114,6.766071604529793,-0.004706684958602343,-0.034938979439210094,-1.1083670338788139
2012-10-01,-8.315588016831004,-0.9824730413990977,0.22166077207304033,0.36010818171975795,-0.44509361266213565,0.011940935562276433,134.21038687177864,108.54186573769191,0.008385931138246277,-0.011812324388629634,-0.08848262032945041,-0.010084984970838944,-0.023177902872445758,-2.471732971817319e-4,-3.40313275126102,6.222544779602338,-3.185405968807848e-4,0,4.829016006494351,6.117416163249412,5.911425648630523,5.911425648630523,0.7655128157077975,-0,0.9463949475205073,0.9264488814816263,5.911425648630523,-0,0.20599051461888873,-1.082409642136172
2012-11-01,-9.63447750536021,-1.1592404557647935,-0.1488843809183498,0.34952431744171053,-0.29641300281391036,0.008319723429149386,178.90476759598286,126.9255838429076,0.01827127918512481,-0.011739368621966279,-0.055054842530721265,-0.008896115496182074,-0.03983847781941568,-1.9691368857416912e-4,-6.93148599672747,5.0372976588773515,-0.0018442484248799072,0,4.6316411546193414,5.779439620233683,5.338137861088038,5.338137861088038,0.7021296504924666,-0,0.9406052856804731,0.918504926863905,5.338137861088038,-0,0.4413017591456452,-0.7064967064686964
2012-12-01,-9.96763093834557,-1.3684591011709981,-0.8011869436707406,0.337076674956105,-0.23460559910483844,0.01222637360896246,206.8736167655186,131.12116035952687,0.02418545465649572,0.011622389783728902,0.05046236147812687,-0.007126788990015667,-0.0399034191056619,-5.658911520991941e-4,-9.402615377324762,4.380737341107775,-0.0029170538171413825,0,3.5912705531284255,4.484976298116178,4.182175774634773,4.182175774634773,0.6290239067496509,-0,0.9360612093346928,0.9122700314127181,4.182175774634773,-0,0.3028005234814044,-0.5909052215063477
2013-01-01,-10.456462191115795,-1.2019972162429367,-1.3414645282451483,0.33748547983486876,-0.15506896448168725,0.01047578841458762,204.59726846146955,141.91251227458702,0.03606979504149942,-0.010509059293295245,0.13657370865736393,-0.005803391059640074,-0.052100552933706926,-6.501874123867606e-4,-11.112182170527577,2.3690504942239725,-0.004108302409488692,0,2.8858904215809855,4.184340698308562,3.9562258002339767,3.9562258002339767,0.6039170891207902,-0,0.9296502963620036,0.903473662450191,3.9562258002339767,-0,0.22811489807458507,-1.0703353786529912
2013-02-01,-11.322154663869908,-1.1258419737481717,-1.3657733187233259,0.337960999783886,-0.04558554812244157,0.011158053114485294,202.27225980891316,160.02995893251358,0.0419018153293595,-0.0492676167730236,0.09784176037822447,-0.005312711064633854,-0.07417033256904673,-8.2539046633229e-4,-12.81193489815531,0.16725825924068227,-0.0037063545224864164,0,2.822253637412262,3.994071659429849,3.3374862021060405,3.3374862021060405,0.585692621534625,-0,0.9253165236095181,0.8975273230921295,3.3374862021060405,-0,0.6565854573238084,-0.5152325646937785
2013-03-01,-13.840368375255187,-1.129783672757417,-0.6426918200757266,0.36163978990946977,0.17064734917113564,0.009348600470639047,195.9533595962118,181.9211119944867,0.05851856287008432,-0.15381992996302155,-0.09297760424444745,-0.0060574682373595815,-0.14198555062604612,-8.967353420771627e-4,-18.139493659816313,-3.097465840582045,-0.0036904747840998987,0,2.9905529720030097,3.9041773927289345,3.0354667804142874,3.0354667804142874,0.6115263669023439,-0,0.926549422848282,0.8992189755360148,3.0354667804142874,-0,0.8687106123146471,-0.04491380841127768
2013-04-01,-14.546698463693327,-0.6625433367436492,-0.4443737924248073,0.3678643199830735,0.27033194902252133,0.0014905845731536319,176.30876555827828,200.43978268333723,0.06205543604450775,-0.19031004918238842,-0.11469543437201568,-0.006104378370940992,-0.1515776776347579,-5.402984158912463e-4,-17.31317395539093,-5.115324552053394,-0.0036456480591265466,0,3.068316245005904,3.8241894059669157,2.7783628897670187,2.7783628897670187,0.7071649234812292,-0,0.9225165955044956,0.8936855612736102,2.7783628897670187,-0,1.045826516199897,0.2899533552388851
2013-05-01,-14.912343303661345,-0.23310413085129503,-0.3842344436948273,0.3703449259054322,0.33021059727604263,-3.210795051148659e-4,147.6499346572717,210.47677207111397,0.06903327478646826,-0.22909965881507827,-0.10880766523278679,-0.005533596908682706,-0.16091120505347994,-5.547130480988636e-4,-16.627506494336547,-7.0469374859530864,-0.0036468049228905067,0,2.4251712302017956,3.1208016527854756,2.596564325464886,2.596564325464886,0.630879248287559,-0,0.9182291291454318,0.8878027585948948,2.596564325464886,-0,0.5242373273205896,-0.17139309526309043
2013-06-01,-14.188891825912636,0.2746949079050591,-0.5278921098678193,0.36816950353149597,0.38265091380245325,-0.0024132592077107918,97.92663098487263,216.94608025033128,0.06293488151804225,-0.22515827894497523,-0.057993329208686606,-0.005162340186505264,-0.14418999184721978,-4.1742072093109986e-4,-13.140250253410967,-7.598581010965544,-0.002679945778131461,0,2.599477002897557,3.7569324116613165,2.4152297420053817,2.4152297420053817,0.7160835557745627,-0,0.9105445114032008,0.8772587482043918,2.4152297420053817,-0,1.3417026696559349,0.18424726089217547
2013-07-01,-14.30854605536869,0.23597210180454614,-0.4274645335134917,0.37813711174891906,0.46852834653529146,-5.426640545544168e-4,71.70215757949065,212.92588433901574,0.06355806423811278,-0.21327218790811608,-0.05045144803490475,-0.005322023003670705,-0.14273495244875722,-5.320325724541026e-4,-12.342225361576336,-7.524623502163053,-0.002619072112955174,0,2.726058850338198,2.974365341743723,2.258793192391103,2.258793192391103,0.6802472024078811,-0,0.9105810008938678,0.8773088151799582,2.258793192391103,-0,0.7155721493526199,0.4672656579470953
2013-08-01,-14.098186934334914,0.04607680024886252,-0.2131723720155574,0.4056426353105125,0.6113329077072207,-0.0013384986117722518,19.773991826837406,199.30648096474462,0.058329890710734036,-0.16291688032191032,-0.015123830467728123,-0.00638411076465571,-0.1299374689014335,-4.398490841824119e-4,-9.904255863650308,-6.367751641583124,-0.0028289652603954514,0,2.509038410743101,2.6837715531699153,2.1976128662383143,2.1976128662383143,0.6569012607508109,-0,0.9122642859262838,0.8796184388290871,2.1976128662383143,-0,0.486158686931601,0.3114255445047869
2013-09-01,-14.674582209875911,-0.7215648895467269,0.5281488959091609,0.46350090292647583,0.9619124723681135,0.0033240689668854193,-62.43845710205748,176.946731310056,0.04732023189812731,-0.09125160714318147,-0.073779219728975,-0.008960697129685292,-0.1373842657383921,-5.061519954128072e-4,-9.598192784894412,-4.74961208434683,-0.0026725088928097477,0,2.4695871643423892,2.4997620772982985,2.098686103874215,2.098686103874215,0.6287841443006714,-0,0.921570707946052,0.8923877155538853,2.098686103874215,-0,0.40107597342408363,0.3709010604681744
2013-10-01,-15.300011727111482,-0.525573485046116,0.6806107699500147,0.4655207331145814,0.9641285148112011,8.038630805035155e-4,-62.9322007777186,177.0909241431,0.061641473986473475,-0.13752829658632482,-0.11299093943930505,-0.00906745736300354,-0.15206541977192312,-6.058478848081403e-4,-8.891562941677924,-4.609013835171219,-0.003182630588994449,0,2.141960672030611,2.729937528611548,2.187635269197415,2.187635269197415,0.6684238421712946,-0,0.9190905915077404,0.888984765092016,2.187635269197415,-0,0.5423022594141331,-0.045674597166804
2013-11-01,-15.953685603791666,-0.6981936228398588,0.9598406100028135,0.48157843167804176,1.074325661479713,0.0010232384054379825,-76.28505375512181,171.80377936485516,0.06385721726886233,-0.14686731113740362,-0.19727647773632745,-0.011884045642543476,-0.1693677282253519,-2.2735149435115814e-4,-7.22791966311447,-3.188116239005502,-0.0028524486606117043,0,2.054462284594716,2.241377039333255,2.2740297984588516,2.2740297984588516,0.6111420069716539,-0,0.9183758288795694,0.8880040442766184,2.2740297984588516,-0,-0.03265275912559673,-0.21956751386413575
2013-12-01,-16.32642217023783,-0.6023372780971624,0.9714626051100608,0.476093106661542,1.0567556367003978,3.9567287947209304e-4,-65.09042259567062,175.1969880090303,0.0732262311825399,-0.16374658286908714,-0.20805645112999116,-0.011448640625320269,-0.1741946639878308,-2.532636179164025e-4,-8.025128316355055,-3.5965371279031797,-0.0029713309211144338,0,2.042175159329968,2.334655999841897,2.07274510747569,2.07274510747569,0.6213871225234582,-0,0.9162550641251432,0.8850941577531035,2.07274510747569,-0,0.261910892366207,-0.03056994814572178
2014-01-01,-16.533862007592184,-0.46591517865027876,0.9352557405289572,0.46754995321865284,1.0291247187930836,1.9884772941703894e-4,-55.0947335647825,179.91840580097295,0.0807672883478261,-0.17490231316055951,-0.20105896823658492,-0.010472934777288999,-0.17450148725975784,-3.0974306511887385e-4,-9.544642191330574,-4.369258267811217,-0.0029381003521714863,0,1.877323406345052,2.309274926593173,1.6777599416743136,1.6777599416743136,0.6251394843844146,-0,0.9139466286936794,0.8819267696029555,1.6777599416743136,-0,0.6315149849188595,0.19956346467073827
2014-02-01,-16.47772595710133,-0.41333414468213225,0.8174226141666299,0.45934436591937616,0.9959896632158685,0.0017874320704973816,-51.367545140264816,178.1504729931807,0.08931403745005377,-0.17941542873456257,-0.19165689862676194,-0.010275534354108324,-0.1730754426190176,-5.325760466219008e-4,-7.077015378411215,-3.849068750281318,-0.0029742469802987496,0,1.7686944266291782,2.2376857388293043,1.4193049263177322,1.4193049263177322,0.6258957013226965,-0,0.9117046514935896,0.8788505683284136,1.4193049263177322,-0,0.8183808125115721,0.349389500311446
2014-03-01,-16.7290501495098,-0.5856578551471525,1.8143140208532502,0.4477714916074484,0.8726098790580056,-0.001982439707900895,-40.25341264248514,178.57214865680757,0.1213833089724212,-0.19338591490863744,-0.32675623161968037,-0.011590868250408719,-0.2972947499920728,7.335308139518882e-4,-4.841369618573545,-8.222309496795186,0.0014738486094234948,0,1.5468347529875324,2.547216735603109,1.1005217994885825,1.1005217994885825,0.6085444270538439,0,0.9203726369123828,0.890743850647223,1.1005217994885825,0,1.4466949361145263,0.44631295349894984
2014-04-01,-16.29096795260745,-0.549131212840036,1.635525870197951,0.4384016176830106,0.812008744406644,-0.0017216273854054123,-37.314828837527806,176.22477061254082,0.12783533921143825,-0.2056978137253683,-0.2929262023225112,-0.010374421401722737,-0.29685297682248124,6.66391262885492e-4,-3.3966239639071403,-7.967860375089222,0.0016512414307246264,0,1.351228566766354,1.4691040588649207,0.8886088190608703,0.8886088190608703,0.6382951743352964,0,0.9199512859630772,0.8901657179493385,0.8886088190608703,0,0.5804952398040504,0.46261974770548364
2014-05-01,-15.341656806647793,-0.4079750223254554,1.274248685673374,0.42811115347043605,0.7424310413289359,-9.13984487400267e-4,-42.941363479279566,174.96813533116233,0.12287852968605574,-0.21026589318012356,-0.18072446050104926,-0.006787627071292547,-0.28128410719534164,6.279246566403182e-4,-7.406156562365483,-8.826103328006146,0.0022588145492717583,0,1.4421216892821156,1.1960712845854875,1.0564414725875704,1.0564414725875704,0.6483496352495598,0,0.9192704857072884,0.8892315966681399,1.0564414725875704,0,0.13962981199791713,0.3856802166945452
2014-06-01,-14.055743357073736,-0.21145853743804732,0.8993985048430179,0.420607130077213,0.6745131471632659,-0.0010499239542719632,-59.94025881612102,174.35687502088342,0.11109629638827909,-0.2017503337666437,-0.011077067406073431,-0.002087951456312575,-0.248500334746285,4.584450148121704e-4,-10.944850398344185,-9.85278548555739,0.0027187589490187294,0,1.342207493438491,0.9078943853808126,1.3127886157354016,1.3127886157354016,0.6334531395300677,0,0.9180431729479915,0.8875476093937559,1.3127886157354016,0,-0.40489423035458905,0.029418877703089485
2014-07-01,-13.975299918193818,-0.2633256495569998,0.9279363608468655,0.42305151274949193,0.6813587931325871,-4.638505290962438e-4,-67.1493247655996,173.13695931707647,0.11281296672864338,-0.20566048310458723,0.026907354076357432,-0.0010209475276401485,-0.2466162709348933,4.5544935500709807e-4,-10.264297947628979,-9.863487527355373,0.0032152230280384623,0,1.4458537296572131,1.3716919299013954,1.193049197394151,1.193049197394151,0.6144580682634623,0,0.9175263336095507,0.886838457743337,1.193049197394151,0,0.17864273250724438,0.2528045322630621
2014-08-01,-14.688060155243893,-0.35551861972186694,1.3459900914223115,0.4339675083780584,0.7812697490806988,2.2040170513050185e-5,-79.15819296597793,174.03994719650458,0.11381052393540654,-0.1983355699392817,-0.014757829143820882,-0.0017160281118495753,-0.2509331651184455,5.381470716985852e-4,-11.166177117053483,-10.020485844589741,0.0033304248564559953,0,1.4944576224929609,2.096965888732811,1.0202051568737804,1.0202051568737804,0.6197079777868875,0,0.9140518197725734,0.8820711015484147,1.0202051568737804,0,1.0767607318590304,0.47425246561918044
2014-09-01,-14.799135076329966,-0.32933824936544753,1.357699523931234,0.4323107057243012,0.7798263177137036,-3.3132546916363176e-4,-78.49362928610549,174.27484101299603,0.11927293322640188,-0.19950272711772726,-0.058428786274448925,-0.002505272432026248,-0.25851839631915785,6.919043822775028e-4,-13.305604322134055,-10.242805738689096,0.0031815971919229354,0,1.446562146933346,1.5890841584982216,0.9689316038592857,0.9689316038592857,0.6605978738215192,0,0.9127924604983176,0.8803431434744359,0.9689316038592857,0,0.6201525546389359,0.4776305430740604
2014-10-01,-15.748568529127091,-0.3832931326916638,2.1759180852410234,0.4691958940364716,1.0645367625997755,-6.36561150609534e-4,-134.90070333534484,166.84506768735696,0.09714941092574864,-0.16861848245338865,-0.12072441200377618,-0.0029710769163328477,-0.2516763907442889,8.907080621894515e-4,-25.149199404418326,-10.988826290000477,0.0023569785660043445,0,1.8536311489948416,2.6727294175150136,0.45347550389075764,0.45347550389075764,0.6926200193891733,0,0.9064302170836162,0.8716135536728686,0.45347550389075764,0,2.219253913624256,1.400155645104084
2014-11-01,-14.76804192581757,-0.1625654580425409,1.5372036285221276,0.45568338136332953,0.9603513556594876,0.001007276255882678,-138.76040174725816,154.76917862076468,0.10359225518252467,-0.19736684516066208,-0.18690953255988288,-0.0023830404940496028,-0.2633148157455679,8.160062834834589e-4,-39.756947551290715,-11.704105475369131,6.934041212226472e-4,0,2.113567606834746,1.56688572284183,0.02133367820189669,0.02133367820189669,0.6596236233807743,0,0.9074642837743137,0.8730323893647559,0.02133367820189669,0,1.5455520446399333,2.0922339286328495
2014-12-01,-13.6320386913959,-0.10543941039120987,1.1950769090648263,0.4465848105647304,0.9039851285350733,0.0012422235457968712,-155.56218258987508,144.88623058556016,0.10597967295325912,-0.2057115575944233,-0.22910324315521705,-0.0023947110264012222,-0.2687673804342319,8.36306864730389e-4,-44.66034476369899,-11.34761117109092,-4.0239136668052626e-4,0,2.243705637716786,2.1412446579906916,-0.257789083997114,-0.257789083997114,0.6876985313063005,-0,0.907963888823968,0.87371789396777,-0.257789083997114,-0,2.3990337419878056,2.5014947217139
2015-01-01,-12.250235892982998,0.05156632277930089,0.939393689109414,0.43560187109284143,0.8771308987243072,0.0012319208761378264,-179.6323225455509,138.64538894877373,0.0934243452841428,-0.20158402620202842,-0.21723199569808005,-8.760449699075306e-4,-0.2547689831500273,8.023578111584239e-4,-49.91524594733612,-11.356546530826748,-0.001462709038529604,0,2.618190876828429,2.97683516136311,-0.2576767381310088,-0.2576767381310088,0.705494075278994,-0,0.9059091399880944,0.8708985874255248,-0.2576767381310088,-0,3.2345118994941187,2.875867614959438
2015-02-01,-7.799116681211765,0.3529212214755119,-0.710670045448634,0.38515097160495376,0.6788305227368836,0.0040930673319757045,-221.98714970573218,107.52702683635137,0.0877054403877944,-0.24098333607504288,-0.5564054251123098,-0.004197188683072715,-0.28150178901217054,8.683072647184416e-4,-77.42400858846518,-10.21124706045997,-0.007555499791382421,0,2.7212327859714582,2.0377591018964973,-0.022820878829681313,-0.022820878829681313,0.7473296762950515,-0,0.9091229983537197,0.8753083000667317,-0.022820878829681313,-0,2.0605799807261787,2.7440536648011395
2015-03-01,-1.3428686658784545,0.9377826977680701,-2.4502675689109426,0.3127472599769736,0.28886368604391227,0.0020092984085921853,-273.42580691114375,70.9816447967009,0.07379741733412687,-0.24581716314892782,-0.4403729814956402,5.222161155559724e-4,-0.23895515977841023,7.354426453455434e-4,-78.38669397390937,-6.378180254847805,-0.011055947781402441,0,2.9968144405040884,1.6177193536782433,0.6361099893156623,0.6361099893156623,0.7971421004886582,-0,0.8908762739335369,0.8502720967925274,0.6361099893156623,-0,0.981609364362581,2.3607044511884263
2015-04-01,-1.3933658323567473,1.1455387034037423,-3.143152320753963,0.31903362182876,0.21994049781379055,0.0069876695646023355,-260.75124188482545,66.41876943824582,0.06413400522809189,-0.2708544179508344,-0.368228552377526,-5.212155060611207e-5,-0.23748312643873337,5.76719624506286e-4,-79.89716667441381,-5.614995602152221,-0.0038319886721749114,47.383,3.4555361340270476,2.11893841016195,0.7993142437978625,0.9808853630515264,0.8436362180054061,-0.18157111925366384,0.8788197649145019,0.8337294448826886,0.9808853630515264,-0.18157111925366384,1.3196241663640875,2.474650770975521
2015-05-01,-0.08976467687015233,0.9895786815364889,-3.079543445247348,0.3048383402685915,0.22207986952217101,0.004633101621390395,-270.8266580051908,75.18457449693291,0.048500162926118924,-0.31865202917914254,-0.41131159635587794,0.01079463976805998,-0.2494536440636941,-5.062951606697528e-4,-88.01559254122435,-5.1411946822570425,-0.0011551706760204083,47.701,3.0066074769454554,2.758644456131219,1.6926848048465948,1.7477876012634443,0.8672821156511269,-0.0551027964168495,0.8788220754089772,0.8337326150960385,1.7477876012634443,-0.0551027964168495,1.065959651284624,1.258819875682011
2015-06-01,-0.4639975476820853,1.345780311831106,-3.447462991238803,0.32610064408578976,0.187303176575345,0.0033678381383515743,-283.0456076170277,52.24385076309149,0.05184020482863957,-0.33337186074851766,-0.433951406103648,0.0016401902431197547,-0.23878063276166708,-0.001022483936841553,-111.90484822516737,-6.837239629826419,0.0014642753548460446,51.622,3.0525514207865423,3.826097673145402,2.4616593352733918,2.3860705129055293,0.8628596592304,0.07558882236786252,0.8889353807561235,0.8476090108049137,2.3860705129055293,0.07558882236786252,1.3644383378720102,0.666480907881013
2015-07-01,1.2480832421817858,1.4527849203604453,-3.5745903920043474,0.30375001324590506,0.11543648482864421,-5.792139260308549e-4,-302.0805170763455,42.4512643680346,0.052127698649212524,-0.3221010334418838,-0.47220754738365034,-1.4357816300824452e-4,-0.22998873824582872,-9.203227114589338e-4,-114.21891587951221,-6.222510508487409,-5.118969442080777e-4,51.442,2.8548961438821725,3.740861284313654,2.624141077046323,2.650474079650275,0.9289622768790312,-0.02633300260395193,0.883813410352292,0.8405811909484937,2.650474079650275,-0.02633300260395193,1.1167202072673312,0.20442206423189768
2015-08-01,4.587631417989888,1.6874582495067738,-4.466451980500952,0.2666584042596388,-0.030216451499635356,4.871930916294617e-4,-354.74743592322756,2.76918892236358,0.062351399642408725,-0.28024864838571883,-0.6374304332823505,-0.025339664395417263,-0.196992870570886,-6.699174272592871e-4,-130.30600983006238,-6.066790363113696,3.0112666012656233e-4,51.359,2.7694666770309313,3.8545115722155856,2.79985486099171,2.78438929685427,0.8576215987555462,0.015465564137440116,0.8866730985983322,0.8445049492395721,2.78438929685427,0.015465564137440116,1.0546567112238754,-0.014922619823338756
2015-09-01,6.61151666285055,1.621983572401256,-4.599207693843129,0.24116634960872727,-0.07900505245797926,-4.1282439527630567e-4,-377.38844547906876,6.1357638729076385,0.05242433130168424,-0.2633940842659691,-0.7098825032426707,-0.03485728762620969,-0.18020809081923841,-6.865857720507581e-4,-134.7862660501322,-7.669778079319849,0.003161049155586655,42.826,2.2531225941065,2.499885070540996,3.412142649836413,3.276767558699259,0.9299803387629719,0.1353750911371541,0.8890931256379107,0.8478254514566681,3.276767558699259,0.1353750911371541,-0.9122575792954168,-1.023644964592759
2015-10-01,13.256021110776153,1.0023685294464544,-4.337450043782084,0.10960348564494886,-0.17722610087390742,8.227750726876713e-4,-431.7829910270689,26.682059314150294,0.0475168206080544,-0.254622242779297,-0.8940795416098694,-0.02617061183413003,-0.17777184004883148,-0.0010792791140635835,-132.29453513845337,-8.280458336018572,6.32713580822701e-4,51.008,2.0864071087425615,3.88242724364495,3.2066165080128046,3.1743430536822004,1.1521415909530826,0.032273454330604336,0.8607810229870023,0.8089786129356543,3.1743430536822004,0.032273454330604336,0.6758107356321452,-1.0879359449396389
2015-11-01,15.311674790972278,0.7005175494576585,-3.6053837928936807,0.04020044862665325,-0.19578496417907898,-6.768719883609218e-4,-439.65436947615365,43.921033577787014,0.06545430624595067,-0.21094726733920519,-0.8743435966443777,-0.027453426733954133,-0.16352557711008142,-0.0011267688264840355,-121.21371199211846,-10.853156788402222,0.001987589906929049,52.175,1.97960001227388,3.2714342473084717,1.932376136794415,1.828673633400392,1.200236049540514,0.10370250339402312,0.8555714452238155,0.801830587632677,1.828673633400392,0.10370250339402312,1.3390581105140567,0.15092637887348803
2015-12-01,16.817972338661473,0.5637927631210048,-3.3708542108076913,-0.01713521636293044,-0.12488884088037389,0.006609798591477969,-442.636221285379,47.17368414230731,0.057708794787515165,-0.20545314548979227,-0.8331421128676554,-0.019932738553382894,-0.16418463590900315,-0.0013954166533358889,-116.43515006313842,-11.075028919436454,0.0020368825316306807,55.105,2.204018556164475,3.3070104047059496,1.943334007854984,1.8310915959494753,1.1359138883391595,0.11224241190550865,0.8568377456919485,0.8035680696703479,1.8310915959494753,0.11224241190550865,1.3636763968509658,0.3729269602149996
2016-01-01,17.22812664716941,0.6147221451212133,-2.9165163017078726,-0.051574399776663275,-0.07762624984394319,0.002752408350253788,-430.4660127160285,54.98867591422295,0.059423297138117094,-0.20517711530223867,-0.7846035291517993,-0.019151035191514978,-0.15916279306703873,-0.0014765309899629538,-114.6288108756337,-12.536157414077316,0.005714803519405325,44.309,2.489058640993614,2.7603637854944765,1.5818594519195073,1.3286422227781767,1.1237648233537099,0.25321722914133055,0.8628891755782431,0.8118711943980544,1.3286422227781767,0.25321722914133055,1.1785043335749692,1.1604164182154375
2016-02-01,16.933290006984702,0.721772378051526,-2.3044158200615654,-0.09862449861014393,0.01787349420548687,0.0019687167164604245,-405.0245150212809,54.809805244690686,0.07652887193184779,-0.17492140930725658,-0.6950798787478211,-0.017874144576781836,-0.17449580260166744,-4.419226525027327e-4,-99.71796234178301,-12.951727921782481,0.007674186360996927,52.956,2.9462616628079377,2.2428223280077955,0.9331157169768659,0.5267215040439126,1.1690473437429143,0.4063942129329533,0.8667946918256875,0.8172299259933851,0.5267215040439126,0.4063942129329533,1.3097066110309297,2.419540158764025
2016-03-01,17.325964922803333,0.6281381762696591,-1.7913730450005927,-0.14094485425862538,0.16653039013350687,0.002109089868620845,-407.49041341148086,41.06119099843032,0.09586316050189263,-0.13680251101003404,-0.6190130445368472,-0.02766124707728417,-0.16453864001797094,-4.5609047405924865e-4,-89.90892184641065,-14.329432893721746,0.012034005410756625,53.358,2.599266665306093,2.6073091035670544,0.44092162695504267,-0.20118883375210928,0.9586623641317762,0.6421104607071519,0.8913586921275097,0.8509340194307692,-0.20118883375210928,0.6421104607071519,2.1663874766120115,2.8004554990582022
2016-04-01,18.06182687214191,1.1702807267445292,-2.3708031483566185,-0.1931720206559776,0.42551876708472425,0.005780697465215895,-397.55394477194676,2.9413207769325216,0.07742118483913082,-0.21960580914079642,-0.624918757624533,-0.011337589790922255,-0.21512500844290258,-3.9052430078130113e-4,-104.79984532527118,-11.043867498358777,0.009442914944099086,53.059,2.5852514167706016,2.5831254951242575,0.955616118223148,0.45458449420419456,0.8539952110343715,0.5010316240189534,0.9109036875805658,0.8777515713314741,0.45458449420419456,0.5010316240189534,1.6275093769011095,2.130666922566407
2016-05-01,17.301725282011773,1.7004965436656951,-2.581557272224306,-0.229600823155094,0.7341874799863942,0.003267174108635063,-370.41555364972913,-31.320699928124238,0.07654608219800518,-0.2738754392516626,-0.6117515870755506,-0.002760557798895073,-0.2525998051661215,-4.721812860344094e-5,-111.5747047334053,-8.073363657248407,0.006938814378772992,78.499,2.194342405415118,2.305164487898419,0.9100496256798171,0.365359635760516,0.8513381383632834,0.5446899899193011,0.9220878993655032,0.893097350292202,0.365359635760516,0.5446899899193011,1.3951148622186018,1.8289827696546022
2016-06-01,14.837901380639321,2.017968888640253,-2.530919659673855,-0.23797183789891382,1.0606923708499023,0.004176919999344194,-329.59505449809035,-52.45640561109136,0.08137306936253731,-0.28083199070478554,-0.5406871094770912,-0.0023175499961250547,-0.26282352874460774,5.004694344204325e-4,-103.97263743463627,-5.304490263624127,0.004974215819261552,79.673,2.309329659192163,2.1150264576826645,1.049018931857224,0.6527082348891984,1.265376210030142,0.3963106969680257,0.9250487308447298,0.8971598865078851,0.6527082348891984,0.3963106969680257,1.0660075258254404,1.6566214243029647
2016-07-01,7.898815035500617,2.771148025319459,-2.2299162664750183,-0.24366061302994652,1.9477290963563212,0.0023045505087025686,-224.97313990631824,-111.04680330687358,0.10016998041552147,-0.32288164932915675,-0.3177677985714526,0.004222405058154104,-0.2841393185376176,5.862532447654112e-4,-90.00224190689329,1.9270705550963547,-9.352017913971576e-4,72.072,2.396844363605606,2.4555911487238777,0.24278836378284402,0.31019022729241996,0.9438676406465395,-0.06740186350957594,0.9306097893075022,0.9047901760265727,0.31019022729241996,-0.06740186350957594,2.212802784941034,2.086654136313186
2016-08-01,5.927570838678184,2.588888695399035,-1.8737110113529485,-0.21500885283188034,1.9793179701364334,0.0024520813305144206,-203.8962866142398,-97.16129745269724,0.1112430766644799,-0.2992312593199748,-0.25114705758611666,-0.002867255231481138,-0.2524879256928767,3.0677527445676256e-4,-83.03821381011574,-0.9773003505372162,-0.0016847292871560388,69.65,2.4773168807594037,2.1394962517840175,-0.34170518186048265,-0.22436378701006454,0.7629161418028482,-0.11734139485041811,0.9310596766719222,0.9054074633405444,-0.22436378701006454,-0.11734139485041811,2.4812014336445003,2.7016806677694682
2016-09-01,4.935810794845177,2.176207362715759,-1.5250474696286187,-0.17968696341067628,2.001939962194493,0.0013717608155992065,-205.91618220371546,-90.02514520522757,0.11344795403825586,-0.40315385666421516,-0.10213882385456559,8.522014163172118e-4,-0.19364475592294123,8.806951358651479e-4,-82.73941813084677,-1.7167858190938723,-5.462935446864254e-4,50.513,2.518680462353966,2.1321363740546158,-0.23995643128271843,-0.212361505459973,0.7507996013470414,-0.027594925822745406,0.9325473931544788,0.907448748746843,-0.212361505459973,-0.027594925822745406,2.372092805337334,2.731041967813939
2016-10-01,4.340683061639322,2.250071949865921,-1.6716843022224337,-0.17444184884837644,2.0238992489225978,0.0012706736098396453,-196.57262403485802,-91.04323573689322,0.11920961386225186,-0.41940148582780507,-0.15876734900831993,-0.0033941246265055494,-0.2122633613307483,0.0011647177028860057,-87.86617993256098,-2.555025712159786,-0.0028122406717037414,69.972,2.494466357528393,2.7274559457242855,0.200673458312008,0.39745156259246217,0.7110824249648425,-0.19677810428045417,0.9327455652582372,0.9077206593078138,0.39745156259246217,-0.19677810428045417,2.5267824874122775,2.097014794935931
2016-11-01,5.174849363880551,2.225132868537273,-1.6836820516943114,-0.17390241486467542,1.813245339667715,-4.057616186044843e-4,-203.0156042864886,-78.7471144762175,0.1255071095415718,-0.37935000644077005,-0.16777288276280222,-0.0019788435041971524,-0.16717200286627773,0.0013626237616963291,-85.85010840750168,-4.811334732300325,-0.0031761163815734817,72.974,2.142997308789273,2.5505804097312192,-0.18718364424191442,0.044590272587028856,0.8231965918573351,-0.23177391682894327,0.9327400316255037,0.9077130666489469,0.044590272587028856,-0.23177391682894327,2.737764053973134,2.0984070362022442
2016-12-01,7.526414808527096,1.7183991234671918,-1.2382574848063646,-0.1710062332973007,1.4128118575674529,-3.36251841215147e-4,-249.92600478606627,-65.57530596805567,0.14585108141363834,-0.14317849712866085,-0.11348432639186971,-0.00642317335024825,0.05083276553572588,4.336165302518769e-4,-57.91842700713501,-10.729492317803208,0.00132083393747931,70.145,2.0368676966378088,1.8146872647540442,-0.2696860702570858,-0.362335966801572,0.7915023331295452,0.0926498965444862,0.9361696741876969,0.9124188552807935,-0.362335966801572,0.0926498965444862,2.08437333501113,2.3992036634393807
2017-01-01,8.166099221264497,1.692355435084657,-1.726228725115805,-0.1637799930061548,1.3507716907129519,0.0010433382470458282,-271.50415358126685,-81.6762192820395,0.15634518447179388,0.13912332138415168,-0.3118243240941619,-0.013980938376363584,0.3192174367382627,-5.926767236155775e-4,-39.77486373913773,-16.823326123732468,5.492067908028955e-4,55.032,2.0597989064665607,1.8650210502868148,-0.5016282685389578,-0.5318522166504227,0.7780710844896671,0.030223948111464942,0.9391406271388102,0.9164952790974372,-0.5318522166504227,0.030223948111464942,2.3666493188257727,2.5916511231169834
2017-02-01,20.018071450787996,0.3338176867195213,-0.7253210060143531,-0.1677225020678234,-0.24706138506946793,0.001486661032393056,-437.884867040767,6.365894381091084,0.11435224169455402,-0.28520947116834167,-0.06894475976179551,-0.0010512350929714864,-0.15034609830586965,9.41740566864525e-4,-82.60545491579153,-11.093672602152397,0.011967092402450296,71.362,2.1478797550862265,2.077641861635128,0.1661868599460543,-0.6878087880776036,0.5759507476188713,0.8539956480236579,0.9487321289412731,0.9296557118031422,-0.6878087880776036,0.8539956480236579,1.9114550016890737,2.83568854316383
2017-03-01,19.34914205486061,0.5507099825285695,-1.1421874011674367,-0.1781763370979046,-0.020891861976304427,0.001887000430610995,-423.3942735227773,21.348632591979094,0.1044875303823225,-0.25497943884720853,-0.16677166441196356,-0.001612828378433005,-0.13380298730579887,6.538396655246912e-4,-82.54030967970691,-13.516070091418767,0.01068947869309964,68.208,2.0319824518154372,1.8569161865167487,0.3889118233020208,-0.3401961393969195,0.664616377621184,0.7291079626989403,0.948430892523908,0.929242387416525,-0.3401961393969195,0.7291079626989403,1.468004363214728,2.3721785912123567
2017-04-01,16.442347041102494,0.7957547091593752,-0.8411335339897998,-0.18854630622920238,0.24929108401498148,4.5104328556473336e-4,-363.2043408669315,79.47088530085726,0.10526749676414038,-0.15337431144446784,-0.13745449300376614,-0.0035140716732228153,-0.07014468557724758,2.0193844700240067e-4,-66.40146285554098,-19.06299501945997,0.009909604781914768,68.814,1.9220573156095713,2.1018650488201573,-0.07276296493803325,-0.754682508400716,0.6076033280895091,0.6819195434626828,0.9511531745504137,0.9329776115924281,-0.754682508400716,0.6819195434626828,2.1746280137581904,2.676739824010287
2017-05-01,16.554919760294094,0.766328356404647,-0.8285563563045164,-0.18640846681706177,0.21381994657356912,2.6297052729748114e-4,-365.5510964244189,81.65947049591043,0.10658214044353165,-0.1478877757952517,-0.13616739968179414,-0.0040729179561407305,-0.06638532066856109,1.9265253953043638e-4,-65.54065497543353,-18.758718828701,0.01009151831310413,54.311,1.6622324918625315,1.5965218361181885,-0.1836314380457107,-0.7317118891487091,0.5275507383603271,0.5480804511029984,0.9411649440611447,0.9192728302234311,-0.7317118891487091,0.5480804511029984,1.7801532741638992,2.3939443810112406
2017-06-01,19.673425037236765,0.8299167760662256,-1.3251875403633793,-0.1814181029767772,-0.26232592987659825,-7.503824317395841e-4,-400.69704401796616,89.73255158549638,0.0898658427619582,-0.17324218195525937,-0.21000762700324602,-0.003388616527090754,-0.12874548077351436,9.747324951457547e-6,-77.16193884401179,13.728489712156563,0.010494992004695638,51.49,1.6472000145050616,1.4602888104115792,0.20965264305555076,-0.33073449526622767,0.5282619482536021,0.5403871383217784,0.932242704006059,0.9070306868920345,-0.33073449526622767,0.5403871383217784,1.2506361673560284,1.9779345097712893
2017-07-01,22.261918706421373,0.8006000179803625,-1.5727186080683826,-0.18829785789270134,-0.514780163074417,-8.674323974932536e-4,-436.91728570563686,121.30314264214321,0.07475501871022497,-0.18838280618249303,-0.2836305235946206,-0.0025295493795802035,-0.1704202337148201,-4.073383285824936e-5,-88.67107924684322,24.916853896405996,0.011651217048064806,51.607,1.4531079451959517,1.3918486252137057,0.5575222048096631,-0.04376215338981737,0.5313584198097958,0.6012843581994805,0.9124600806521852,0.8798870874064867,-0.04376215338981737,0.6012843581994805,0.8343264204040426,1.496870098585769
2017-08-01,21.93479651113383,0.7940202971435592,-1.4801282698736002,-0.18639567452198524,-0.5125281549247187,-6.95228450202028e-4,-423.8660179607708,118.36530803853115,0.06607942918804215,-0.19999142831592936,-0.25233445566635637,-0.0018277221457178548,-0.18004640678809328,8.676767923090298e-6,-85.81777701150688,23.29122038663234,0.011447970483752425,51.811,1.532308574492042,1.55350958049089,0.5487298637205638,-0.044400935013133136,0.5448838320415836,0.5931307987336969,0.8749577892582312,0.8284304550287358,-0.044400935013133136,0.5931307987336969,1.0047797167703263,1.576709509505175
2017-09-01,19.561111856622308,0.825691231092875,-0.9004654978044898,-0.18112469937563683,-0.6615022295156505,-3.5605051701049687e-4,-331.5659607126376,76.02353533648053,0.047266725338080434,-0.2388994532923176,-0.04227946230855957,0.002513794396416027,-0.21508681846760422,1.714912492778753e-4,-63.31431312204774,19.47589752321802,0.011246905069566802,42.839,1.5266619864255722,1.2377737760344014,0.9702733479289967,0.4884671816538244,0.5531294674796268,0.4818061662751722,0.8493466326519481,0.7932895657317427,0.4884671816538244,0.4818061662751722,0.26750042810540475,1.0381948047717477
2017-10-01,16.98303387545285,0.565283389032523,-0.30620711662467215,-0.17133989302009153,-0.6989027637363306,-5.207504169906891e-4,-254.60916233953972,49.07432436773239,0.04479694138291253,-0.2097501018089829,0.07001207639698091,0.0024452343673433377,-0.15519406668396216,1.5868011540413727e-4,-36.54693878000286,5.590053640007227,0.012050092317621114,50.795,1.5145542114366894,1.2389410859929493,1.105172334372865,0.4930878950993005,0.5268143721649543,0.6120844392735645,0.8181272460816863,0.7504536632283603,0.4930878950993005,0.6120844392735645,0.13376875162008428,1.021466316337389
2017-11-01,14.606933259267485,-0.01465373700943067,0.35287865047396333,-0.16687072245066445,-1.1088974068813113,-8.245803189905431e-4,-116.87471535109465,-36.747991305324206,0.025679471370931937,-0.2652563958003655,0.14009932438277659,0.00767346704329714,-0.16686373596281695,0.00018760690143149381,-5.521973418150444,-1.1505788539254238,0.015970041936793546,50.174,1.4279788202890504,1.4381961905721998,1.6677133296661129,0.8664324455294334,0.4302588532682302,0.8012808841366794,0.8592449076104958,0.8068709197446338,0.8664324455294334,0.8012808841366794,-0.22951713909391303,0.561546374759617
2017-12-01,14.8207357602212,-0.006641059338331871,0.33791211268694654,-0.1690260384379423,-1.1464882827784904,-7.58974978236462e-4,-120.01144756275606,-35.19733644588728,0.028926703810293983,-0.2324564481274911,0.10117665946375087,0.006735287984878718,-0.1495341432832267,4.417945593637314e-5,-12.33712357028008,3.204218707682827,0.016123286601704753,50.747,1.2232840301543153,1.2293074736611822,1.5944856770732363,0.7762772518965253,0.40040337844480456,0.8182084251767111,0.8632516844265352,0.8123685902596646,0.7762772518965253,0.8182084251767111,-0.3651782034120541,0.44700677825779
2018-01-01,14.464329217409114,0.005085994524522479,0.2618008518174714,-0.16666925860148923,-1.1488425880661057,-6.80745594576461e-4,-107.96290853647746,-39.7984535516804,0.026417741007913758,-0.25851992238402255,0.09154636220853744,0.007292297521334483,-0.16536396984964893,1.026760210651811e-4,-7.8585598727120765,1.8023562620395515,0.015866853825243846,46.184,0.9845649958564126,1.0142683696759582,1.3844278231716438,0.651633046106582,0.3999709061458493,0.7327947770650617,0.8710756534950265,0.8231038036327107,0.651633046106582,0.7327947770650617,-0.3701594534956856,0.33293194974983054
2018-02-01,15.245852370535967,0.08991491211774716,0.45066356687681175,-0.18156288757312533,-1.1416249182982579,-8.067827577889916e-4,-125.90059889456214,-30.231836060949572,0.028495808085133956,-0.24934864093723394,0.14525239191888117,0.00839041819054219,-0.17355183877463856,7.970241553939908e-5,-9.314111475137588,3.1535249330918944,0.017023174840087658,20.905,1.0099342975664356,1.2881676586579351,0.7087494317786008,0.3528799617465683,0.3719325985795021,0.3558694700320325,0.872627171145158,0.8252326301759144,0.3528799617465683,0.3558694700320325,0.5794182268793343,0.6570543358198673
2018-03-01,15.304289482995186,0.10943824395599323,0.4235481922433898,-0.181401819413353,-1.1306255617769934,-7.926855702491904e-4,-130.41982842747976,-28.753142174589172,0.030228343543441425,-0.2519660329212875,0.14420868920783578,0.008330301631803386,-0.1750606648759035,9.328290555440405e-5,-9.584154351645276,3.1531910121379365,0.01686965660602645,21.801,1.0781663721735637,1.061317091661118,0.7952742986876746,0.42749891501969195,0.34797074392293464,0.3677753836679826,0.8748314111832045,0.8282570525536992,0.42749891501969195,0.3677753836679826,0.26604279297344346,0.6506674571538718
2018-04-01,15.220677211765846,0.08958720655163581,0.42860707469640735,-0.18146583898757201,-1.141274990954815,-8.258493268749494e-4,-125.16184627419838,-30.689915196892276,0.028963949785733974,-0.24692614710437816,0.1393245730453159,0.008366638414009243,-0.16999240352114497,6.982170735298492e-5,-9.033195755513335,3.083324573525132,0.01701773912235716,20.774,1.0155723884991252,1.0262791529977036,0.17409297531504414,-0.17943353721280353,0.31828289070717014,0.35352651252784767,0.8760341797336082,0.8299073628902996,-0.17943353721280353,0.35352651252784767,0.8521861776826594,1.1950059257119288
2018-05-01,17.158064199345528,0.27667911663917605,0.1349016456918027,-0.18447138353221768,-1.2086277681519262,-4.008026895328522e-4,-170.78666919381428,-15.961131653144648,0.018932042465314856,-0.2713638007422981,0.0764970183599569,0.008636392589644075,-0.17840433868080277,1.5247185575861412e-4,-9.732590221281399,4.297872121320039,0.01639263402342269,23.631,1.1092429529309222,1.0500870869294476,0.28970973587441895,-0.09766459873308264,0.3355255911837928,0.3873743346075016,0.8891048670551472,0.8478415617733416,-0.09766459873308264,0.3873743346075016,0.7603773510550287,1.2069075516640049
2018-06-01,17.043541452246014,0.3456772997116592,0.5098337313385017,-0.18337116124811384,-1.1403480337901881,-2.4731476198320648e-5,-185.59336204126757,-6.768655173247902,0.022319614548035726,-0.27989594692654945,0.17975319838087236,0.009228682816170019,-0.18612771950004012,1.863479058044906e-4,-14.410990978629885,4.993941354952691,0.015550638620600354,24.23,1.2184687473779812,1.070589769931983,0.21697370667397364,-0.15981826710317293,0.3481279779512874,0.37679197377714657,0.8909186118560395,0.8503301883606124,-0.15981826710317293,0.37679197377714657,0.8536160632580094,1.378287014481154
2018-07-01,16.957111151049524,0.3410449400554593,0.3813548565622784,-0.1839285188089578,-1.1237279291202962,-9.154020179988815e-5,-180.73209642016653,-9.700326612793882,0.020676565572958407,-0.2728573801340532,0.15452906236616812,0.008952170764638032,-0.18120890125497352,1.591868642346722e-4,-13.028805944739636,4.592625024427501,0.015578434893245176,24.973,1.119290349130723,1.1536778377392274,0.24509324959056672,-0.14394700499844504,0.35735411445379983,0.38904025458901176,0.8926369457025397,0.8526879022430196,-0.14394700499844504,0.38904025458901176,0.9085845881486607,1.263237354129168
2018-08-01,17.0317745527298,0.345237472728519,0.3138862456012086,-0.18481458392004088,-1.1077293924391203,-1.0340746606277386e-4,-181.82111222931653,-10.670273256728224,0.0190402348064517,-0.2724001246836993,0.15248299631207418,0.00897793085481614,-0.18318858595944318,1.6601407536323255e-4,-13.249717814042569,4.654220568654718,0.01556565340829723,24.957,1.2514415851323928,1.2046887617913908,0.40632927320536155,0.017857261094487598,0.30679717614441254,0.38847201211087395,0.8940686481891562,0.8546523312362841,0.017857261094487598,0.38847201211087395,0.7983594885860292,1.2335843240379052
2018-09-01,17.1810693946349,0.3962604659184956,0.011839986620961838,-0.18889795111413868,-1.0181535564082382,-2.2015050269560914e-4,-188.3881352772053,-9.81500170720062,0.018463067599365876,-0.2629592485398287,0.13262944016187989,0.008869925999951655,-0.18187608731552177,1.5097803959942567e-4,-13.365078450945513,4.312437321580381,0.015389100417425661,22.619,1.1906814177035965,1.1137482734461799,0.4112188308473937,0.06313276850564264,0.29124306742471506,0.34808606234175105,0.8965875167931077,0.858108453274264,0.06313276850564264,0.34808606234175105,0.7025294425987862,1.1275486491979538
2018-10-01,17.073366562603795,0.4497784852292899,-0.5114504097134419,-0.19253184508499976,-0.9174394477296436,-3.846275532427358e-4,-186.68243112859668,-10.566415137591177,0.02012842070800884,-0.2518825787844934,0.09703989426195098,0.008949178843136917,-0.17603199744523956,1.3308739988962938e-4,-12.231922850963096,3.085897060464379,0.015060031692296293,23.211,1.2913000367293366,1.1272430516211167,0.5761819802989615,0.2266235846890723,0.3100357083068856,0.3495583956098892,0.9020682963668947,0.8656285926894601,0.2266235846890723,0.3495583956098892,0.5510610713221552,1.0646764520402643
2018-11-01,15.892695933876276,0.5584932677832555,-0.38744563732571463,-0.19591036429329434,-0.6354224222232379,3.6295054859838396e-5,-185.0054148510863,-18.684634922764438,0.028977431881271273,-0.2518825766736263,0.28435860002159796,0.011573229355650711,-0.15552226991593507,7.701485317378347e-5,-13.703521602404432,2.6611758646317902,0.01331861959952987,9.918,1.3138676013839186,1.0910136947607474,0.26653316289363616,0.1344390937054989,0.3205883888469234,0.13209406918813724,0.9110337052863688,0.8779299677185061,0.1344390937054989,0.13209406918813724,0.8244805318671112,1.1794285076784197
2018-12-01,15.042851161635667,0.5215313289949265,-0.41197768712866367,-0.1990958233401142,-0.5425127483717169,4.01537186732821e-5,-163.9478005170897,-27.578536658168005,0.030616285777076275,-0.2531234306879878,0.3823577760472335,0.013097165235021219,-0.15240621579346778,7.484545976064734e-5,-14.533538653328522,1.1914694965303505,0.013363051206326118,10.122,1.2590504719593567,1.1647914528118528,0.4238255616780834,0.2885647573676504,0.2658302857663785,0.13526080431043297,0.920570018041343,0.8910146759171915,0.2885647573676504,0.13526080431043297,0.7409658911337694,0.9704857145917063
2019-01-01,15.286153358678217,0.5038000626651586,-0.6130495810461514,-0.2031939424932279,-0.5588084844300106,-9.437925004403266e-5,-160.1698799168536,-23.705202277050446,0.02652680373559187,-0.25749469759824345,0.396137394864826,0.013841053276994175,-0.16262758482808384,9.417427984474632e-5,-14.576877603403997,0.1233260932115535,0.013884218442763266,12.961,1.2313073779909256,1.3012584279207242,0.4084858673643793,0.22853251212772463,0.28520809795202434,0.17995335523665468,0.924824694696385,0.896852488071784,0.22853251212772463,0.17995335523665468,0.8927725605563449,1.002774865863201
2019-02-01,15.709196872215061,0.5386835993655698,-1.1149302371780654,-0.2098627009896204,-0.5624410880750783,-1.221377413582333e-4,-158.76079860387694,-20.395587686999246,0.023550159460852912,-0.25852383826801234,0.36744822031918256,0.014397906802696236,-0.17458227791155942,8.988081851728359e-5,-12.487775985452789,-1.3281366873187295,0.014205085491086594,-1.222,1.1757538882391094,1.2495510561620327,0.23826466260174203,0.25562327707184984,0.29536938469861657,-0.01735861447010782,0.9291922533134845,0.9028451847789671,0.25562327707184984,-0.01735861447010782,1.0112863935602907,0.9201306111672596
2019-03-01,15.498992544040059,0.5166087163673144,-1.0300318724897375,-0.20771467387668982,-0.5630649904019284,-1.5736496975291822e-4,-153.2578000538004,-23.04188835981561,0.02157272137512068,-0.2603428170613167,0.3570635680513909,0.014017909083311905,-0.1731389832550855,9.296569176458297e-5,-10.947307789366919,-1.994515825525024,0.014231486221345116,1.183,1.1662279043314407,1.24968111615087,0.39611062068738534,0.37927477248753405,0.2821859074705716,0.01683584819985127,0.9299681242842645,0.903909751924921,0.37927477248753405,0.01683584819985127,0.8535704954634847,0.7869531318439067
2019-04-01,13.536964152707911,0.4683411894084273,-0.7457561912378693,-0.19940452065802483,-0.4145176189572162,-5.027972937994318e-4,-122.02475113909854,-34.76668023203569,0.02930645788206723,-0.193442878591132,0.28964923754162375,0.01001142330818227,-0.11730819712714319,-1.470947021441883e-4,-6.754692217992925,-3.4862926795345386,0.013530699042179817,0.077,1.0925166186778454,1.3775186135501822,0.1439270031934782,0.14288513936723035,0.3071357889074448,0.0010418638262478458,0.9247592880841098,0.8967627441154065,0.14288513936723035,0.0010418638262478458,1.233591610356704,0.9496314793106151
2019-05-01,13.596960847391053,0.4815627456988446,-0.7915441726764354,-0.2001409244148757,-0.4106036754035686,-4.886103823943869e-4,-121.58730713726054,-34.685409153194684,0.026830215582599133,-0.19743189349652296,0.29648648526722243,0.010205807588290036,-0.11940944121861882,-1.4054060629935735e-4,-6.439884539201858,-3.7055222478255305,0.013524727205130373,-0.862,1.116153965135764,1.0954161012788415,0.17547858429354965,0.18713689914437204,0.2764038957854794,-0.01165831485082238,0.9259956290400614,0.8984591189154331,0.18713689914437204,-0.01165831485082238,0.9199375169852918,0.9290170659913919
2019-06-01,13.331598402148364,0.439491070801032,-0.6997213879955875,-0.19727738788531438,-0.41947620326554197,-5.202932734197707e-4,-115.72474411973329,-33.582409984325814,0.026956492175799006,-0.18856356974734653,0.2792005403780563,0.008789749171808605,-0.10771868081182207,-1.6125519999530625e-4,-6.745818802755074,-5.388586548180434,0.013689518609745096,-0.37,0.9824032304665932,1.2191550351612381,0.3246972922743403,0.329762414159946,0.22616153535454217,-0.005065121885605686,0.9248447464604523,0.8968800009573649,0.329762414159946,-0.005065121885605686,0.8944577428868978,0.6526408163066472
2019-07-01,12.275312871974553,0.36598912860873384,-0.6377391309296806,-0.19163887198138807,-0.44337899335847425,-6.792510327279069e-4,-84.87051036752325,-47.331434257017854,0.028824665012689817,-0.18872893796737078,0.22625618583381993,0.008227282990742175,-0.10180472192013353,-8.941438637435267e-5,-2.3291767098564073,-8.07960317105445,0.01402143726590356,1.118,0.8112589190177335,1.1102018672256988,0.3008067720060599,0.28513080514277966,0.2487481548595238,0.015675966863280183,0.9224589432530059,0.8936064570215663,0.28513080514277966,0.015675966863280183,0.8093950952196389,0.5261281138749538
2019-08-01,12.203157589979241,0.2770142567359436,-0.3385747529471219,-0.18934855460250666,-0.4294665084491186,-9.424021500482889e-4,-86.1673846313092,-47.10572144236891,0.026571510756198537,-0.17105620812296266,0.21814870759049723,0.008575931705145333,-0.09540370940093579,-8.546977065150452e-5,-3.7255754622264434,-7.311153485693395,0.014148335535720351,-0.851,0.8351789748760353,0.9069360735174545,0.26524613865450375,0.27728637219540175,0.22431872990586682,-0.012040233540898018,0.9261206828559146,0.8986307043836969,0.27728637219540175,-0.012040233540898018,0.6416899348629508,0.5578926026806336
2019-09-01,11.68527685268392,0.11262719208032804,0.13648076109425322,-0.18710579275794745,-0.34259024541465083,-0.0013917308055659131,-81.05182211399732,-49.54929381803519,0.025304774858842246,-0.09005280749033094,0.12267926232949018,0.011129179150168091,-0.07269907959921748,-8.257343347287821e-5,-5.4486985890111965,-5.5080831914395105,0.013862991547545809,0.843,0.6314628593531789,0.8977194715538503,0.3209523082966639,0.3092658064220828,0.19304305368281688,0.011686501874581116,0.9311347370711601,0.9055104531906616,0.3092658064220828,0.011686501874581116,0.5767671632571865,0.32219705293109613
2019-10-01,10.064657566511762,-0.10759625259655543,1.4646647311942325,-0.1681654072859953,-0.4559255661862941,-0.0014836539281505438,-45.79207521397167,-48.68661726627611,0.021695450333639916,-0.08209180217659537,0.1593755139274135,0.010001119920478505,-0.045956318001574285,-1.4259199161759301e-4,-4.426836811189957,-3.8814585236533854,0.013091487580294835,0.602,0.5676449014200925,0.7642286834762502,0.1833159912051746,0.1754349156818371,0.24401020675213164,0.007881075523337491,0.936710349407097,0.9131607119771795,0.1754349156818371,0.007881075523337491,0.5809126922710756,0.3922099857382554
2019-11-01,9.311650100245128,-0.1675332719548982,2.5211852128145327,-0.15920689614842673,-0.4029252287276219,-0.0012112459660729817,-45.475187764268625,-42.84569586776408,0.01879107295482488,-0.053228320802568854,0.18942613510776324,0.01204444074159595,-0.014406697512417166,-1.5005093814086508e-4,-4.811943348844241,-2.696913238876589,0.011041963536769369,-0.698,0.5712729858763097,0.6107240543336194,0.3382002447850523,0.3459075353337173,0.21561722036294517,-0.007707290548665019,0.9440978828558545,0.9232970950812888,0.3459075353337173,-0.007707290548665019,0.27252380954856714,0.22536545054259238
2019-12-01,8.685815964337765,-0.2719408662495283,3.5966927333860474,-0.15178690860140145,-0.44107847020527463,-8.055919400955741e-4,-36.85844479264476,-38.53509401066676,0.016335318868456593,-0.058630171580747806,0.2575478861797147,0.012937420837382042,-8.013458163520104e-4,-1.5280204397864828e-4,-3.0727938272310307,-2.328371690434245,0.009032624568987084,14.478,0.5855081805891017,0.6510728358270268,0.49488818472269003,0.364113846212895,0.18704927445734687,0.130774338509795,0.951515176067577,0.9334743113485359,0.364113846212895,0.130774338509795,0.15618465110433677,0.2213943343762067
2020-01-01,8.770502411957775,-0.2807073384445104,3.6279852312093546,-0.15205661702762296,-0.4601517350483993,-8.147407816394452e-4,-37.719181671667,-37.55419673636797,0.017348036624061553,-0.06462977713385201,0.25973465919016936,0.011908068840724505,-0.0014436674362261642,-1.7337340623205477e-4,-3.0419483145333137,-2.1260712374306285,0.008874313743539112,12.515,0.5671170883917118,0.5647328237252556,0.39258885123610504,0.28152681473571306,0.17801929449096723,0.111062036500392,0.9525128312718444,0.934843187093926,0.28152681473571306,0.111062036500392,0.17214397248915053,0.28559027365599876
2020-02-01,9.063639419736399,-0.3063857350964786,3.733912024067067,-0.15274107633746672,-0.5383607893187047,-6.771816984561018e-4,-37.07710015766076,-33.55014455583281,0.015786274890402276,-0.07805663335489552,0.26775875336728944,0.011314816160558678,-0.007147376364175455,-1.7455690931983408e-4,-2.6312023271474776,-1.9778837311537885,0.008521400761035703,12.427,0.5326186285298662,0.6012660083749392,0.32657744791940874,0.22068200066201804,0.1590082383573963,0.10589544725739068,0.9529462256468941,0.9354378444922501,0.22068200066201804,0.10589544725739068,0.2746885604555304,0.31193662786784815
2020-03-01,8.78940621962517,-0.3098768777483059,3.728561585927683,-0.15032925991478133,-0.5290611758735719,-7.450695748072661e-4,-33.13136401998771,-36.498063902691314,0.017057220940379734,-0.08014949461178315,0.2683853549134966,0.010550970681766194,-0.006125192292741887,-1.8202136245280232e-4,-2.5939720498099046,-2.1799013063758275,0.008865132865199967,14.137,0.7893571248760308,0.7879689574724351,0.15863042175543748,0.03330403844010554,0.18658557902071937,0.12532638331533194,0.9516527702491924,0.9336631033651709,0.03330403844010554,0.12532638331533194,0.6293385357169976,0.7560530864359253
2020-04-01,8.86632182598838,-0.309822303294797,3.6942266768086096,-0.15162387070961217,-0.534023057688551,-7.033506281929336e-4,-33.26663495142811,-38.18304792198539,0.01736629014374209,-0.0816497744794085,0.26725787600443973,0.01067052671084669,-0.007416339384799003,-1.675298720507593e-4,-2.574966376023102,-2.6577006430638304,0.008906823780070273,68.211,0.8072885902699233,0.8106276614932588,0.4917675798789152,-0.1157757769834582,0.379500997713629,0.6075433568623734,0.9475410360828581,0.9280214216020611,-0.1157757769834582,0.6075433568623734,0.31886008161434365,0.9230643672533815
2020-05-01,14.699730318609449,-0.04857639924265114,3.527096385074527,-0.21327187685741003,-0.5288863322410666,3.425099939216497e-4,-142.0214614104562,-15.513350343084127,0.01280526678254902,-0.0505401439378001,0.22197402148612363,0.016060168109151608,7.700108770065531e-4,-7.524736841444025e-5,-7.935809414508215,-0.3951907968773283,0.0029822113329536154,236.356,0.8143898547273767,0.9058376871106422,0.41816915237726104,-0.2866943894343237,0.35155020020499733,0.7048635418115847,0.9423166259805403,0.9208530449500437,-0.2866943894343237,0.7048635418115847,0.4876685347333811,1.1010842441617004
2020-06-01,14.903793687290445,0.004183930454568228,3.706678284412008,-0.21687514343099712,-0.46479173549586233,5.749380187501183e-4,-155.42924642743938,-13.645085890018175,0.014051432393299597,-0.04050938181731471,0.23116876860389515,0.013285265093837434,0.015325087531267868,-8.141491490432636e-5,-9.876490306717233,-0.5400361922469111,0.0022720114633612404,260.671,0.6336468859077344,0.8257848327526175,0.17326641053712055,-0.4189810896287174,0.37322887665953647,0.5922475001658379,0.9364171382909854,0.9127583990504218,-0.4189810896287174,0.5922475001658379,0.6525184222154969,1.0526279755364518
2020-07-01,14.099906617667562,0.00793148059148988,3.5688619403947577,-0.20454294019689864,-0.4615382673010701,4.3783997154605805e-4,-144.98912717076632,-10.77033887877056,0.015009745212986621,-0.022690425998276937,0.19128386275606152,0.011685934188571036,0.01864973900775004,-1.1976531456814055e-4,-10.494267628758475,-0.7965640882652614,0.002672248144762133,270.421,0.5850523963387874,0.4468714362438967,0.027276215202918896,-0.6953558003518019,0.4124854434366399,0.7226320155547208,0.9335823325981358,0.9088687819369771,-0.6953558003518019,0.7226320155547208,0.4195952210409778,1.2804081966905891
2020-08-01,11.970986067659233,0.04883545077279467,3.690744412749063,-0.17609602537867672,-0.5278974205803637,0.001167602298330071,-107.35102962361263,5.330015443583013,0.01042672699024459,0.016729906988150082,0.15843985215432138,0.012503240195862972,0.01709260741952655,-9.590118894593251e-5,-8.458904648113181,-2.7113703518096615,0.0021354604225681238,187.216,0.5495372462772049,0.23373991497310675,-0.02791557992134802,-0.4277079383928619,0.37793170447584246,0.3997923584715139,0.9318769232966938,0.9065288017326729,-0.4277079383928619,0.3997923584715139,0.2616554948944548,0.9772451846700668
2020-09-01,10.979419541786816,-0.09508616090552124,4.500613636386652,-0.16711749147218716,-0.6104216970912607,0.001574903869374366,-82.30553645060274,-2.2434956395406798,0.010066650347957269,-0.00919937520403836,0.2539036435822776,0.014892652826864224,0.008048759096215554,-5.218330257486796e-5,-4.133719642143743,-3.8510152538451097,0.0013222835696179863,134.082,0.5486909286051814,0.47169367922587413,-0.083936799669622,-0.26123122525114084,0.28828538823817595,0.17729442558151884,0.931267799260166,0.9056930268918557,-0.26123122525114084,0.17729442558151884,0.5556304788954961,0.8099221538563223
2020-10-01,11.903369775081954,-0.12049781598261294,3.6970863259525175,-0.195219354840669,-0.6014768068829104,0.0010742268741589713,-69.81729216537856,-9.839629115772567,0.011536568631407637,0.028815054992492244,0.11095991605537765,0.01153091103707938,0.00530823887299214,-1.164982969105082e-4,-3.6365182057056757,-2.35769342439296,0.0020022273138139853,157.718,0.5081777354543425,0.6239906080396556,-0.03264904291002557,-0.34843633039013966,0.3141152982802192,0.3157872874801141,0.9327760136973199,0.9077624373986483,-0.34843633039013966,0.3157872874801141,0.6566396509496811,0.8566140658444822
2020-11-01,11.830011090173295,-0.23550224632482183,3.9519830018271724,-0.19753292278704385,-0.546915559097189,9.263734321733917e-4,-71.20771435908763,-14.088126577631565,0.012987737523406193,0.03339544143560653,0.13281633931835998,0.010179867177165895,0.012915239104402804,-1.4199532996936104e-4,-4.8599273732945765,-2.450689811449903,0.002100521527094642,143.152,0.4673754192103553,0.4009317970766317,-0.009806903911813214,-0.3105007615584654,0.29218110873449804,0.3006938576466522,0.93397089301601,0.9094019229754555,-0.3105007615584654,0.3006938576466522,0.4107387009884449,0.7778761807688207
2020-12-01,11.066690423430682,0.1838087281733911,3.631021794662169,-0.1633077277792905,-0.5849856191051659,0.0012189214125583896,-89.05795033813367,-14.322111799225375,0.009899471914431586,0.01637582591763551,0.1018311461070131,0.008834310102907127,0.018531681089290788,-1.3165826100038338e-4,-6.369257979737986,-1.8539122800436527,0.0024037473726195983,162.911,0.4341823070942886,0.38883742945604316,0.17125054220524083,-0.22034634601559056,0.3095399928995031,0.3915968882208314,0.9345759292351757,0.9102320889505899,-0.22034634601559056,0.3915968882208314,0.21758688725080233,0.6545286531098792
2021-01-01,11.16529265399325,0.5269229994039571,3.100841242191653,-0.14591282101882852,-0.5307906106381822,0.0010300727904556562,-124.64530336143598,-5.644243249930839,0.013735938401881864,0.12255002841678506,0.06550369045151376,0.02035591265329872,0.011483233885090918,-1.0254260399497472e-4,-11.732735502055787,-2.9586117346371332,0.002686957756956967,132.148,0.4331516881079408,0.514840992746511,0.1096692196074342,-0.24540687405891504,0.29660596918400806,0.35507609366634924,0.9399817274254931,0.9176493469326533,-0.24540687405891504,0.35507609366634924,0.40517177313907676,0.6785585621668558
2021-02-01,10.807548041303857,0.6010131509316087,3.1380151919282664,-0.13903789152682364,-0.5440442926489754,0.0011932579787875856,-121.74983973153213,-4.872438543639796,0.01212927135648579,0.08077338677903147,0.07173414104510624,0.01685065568761055,0.018645684396283613,-1.1835941432576612e-4,-10.760796173067984,-2.644669444623017,0.0026249895722399086,119.747,0.40232189424525344,0.29945048109843675,0.03077163378385367,-0.28356299252315864,0.29796337691141245,0.3143346263070123,0.9350398539244745,0.910868636780093,-0.28356299252315864,0.3143346263070123,0.2686788473145831,0.6858848867684121
2021-03-01,10.409916420693158,0.5877753522756295,3.404440614363983,-0.12965344216206523,-0.6356759752127281,0.0014594036399193998,-109.5457532788003,-7.73899484049571,0.008286970932965803,-0.030868966742912587,0.09873706792943955,0.0069495752081532485,0.027804912914900108,-1.5120378507347968e-4,-7.8467764777937,-1.4118204936664145,0.0024601111856655815,134.957,0.407217202570109,0.25006492329696955,0.12608673596636322,-0.20592248931750667,0.2839639743171923,0.3320092252838699,0.9300627776092093,0.9040396250917058,-0.20592248931750667,0.3320092252838699,0.12397818733060634,0.6131396918876157
2021-04-01,10.419622268114676,0.5642080304985941,3.6983945183725107,-0.14305919224751007,-0.6028870454457826,9.241741789525697e-4,-100.13682860706973,-15.993669102625216,0.011350067984882053,-0.03659900753613997,0.12741593977241225,0.00512511276740443,0.03281766132273141,-2.2242362383538875e-4,-6.409641157238215,-1.5153018322573701,0.002413106398852122,161.997,0.40388525162372296,0.40603120910019275,0.3516666618430388,-0.03924933545180842,0.2902493684008279,0.3909159972948472,0.9272428143603962,0.9001703731921715,-0.03924933545180842,0.3909159972948472,0.05436454725715395,0.4431345870755314
2021-05-01,10.393056925217426,0.6227436461373975,5.054863319218223,-0.1960261762829335,-0.4096088838855981,-0.0017839071708883757,-75.26975969456534,-16.725038219729772,0.0268287650918009,-0.05277815418294342,0.32677182802585464,-1.1685283777677743e-4,0.058196650480493405,-6.085522042250456e-4,-1.7792559303864142,-4.232196714896601,0.0015898693766909517,174.422,0.4053339761437705,0.5886162117379483,0.1597796121951615,-0.11752858422602763,0.2396873831477916,0.27730819642118915,0.9397743450926546,0.9173647990806191,-0.11752858422602763,0.27730819642118915,0.4288365995427868,0.5228625603697981
2021-06-01,10.47581500157873,0.6128988698346582,5.027628040904416,-0.2003665773999902,-0.4375677585086711,-0.0016289702415349092,-70.88975584664513,-20.355749091961474,0.029576465821342067,-0.0363868127300684,0.3173859796554339,-6.678683524946692e-4,0.05181041111917965,-5.507081037005907e-4,-1.6706627360055737,-4.1667311552425526,0.0017722923339337669,175.373,0.3755567887947911,0.3432578177021653,0.10719064783635374,-0.20362157564261274,0.23667413217464206,0.3108122234789665,0.9379576346885946,0.9148721034099321,-0.20362157564261274,0.3108122234789665,0.23606716986581155,0.5791783644374038
2021-07-01,10.562045937545454,0.7299111476795533,4.994784243006349,-0.20684120751666363,-0.5158454496097431,-0.0010932922426714889,-61.88971570972502,-19.76670809041839,0.03186547820587899,-0.023050542082719887,0.3178702475527618,-8.080974827442685e-4,0.03968135318918273,-4.4890154594145467e-4,-0.4482009382047421,-4.582295166921473,0.0018757276340498402,173.656,0.3880380694032619,0.4511538716609751,-0.06722994425792711,-0.3929613022764862,0.24736608982275887,0.32573135801855907,0.9359085995150458,0.9120606365439,-0.3929613022764862,0.32573135801855907,0.5183838159189023,0.7809993716797481
2021-08-01,10.539551524491262,0.7299944749793473,5.007231062504038,-0.20679582358562024,-0.5124954662482438,-0.0011268223892475818,-62.130598377427695,-19.492030171281055,0.03251267790492705,-0.023407146496861136,0.3198737946125495,-7.553563026977277e-4,0.040027898463558725,-4.527277347247182e-4,-0.44128465454350874,-4.61134211514557,0.0018558258618618173,189.057,0.3898887451930298,0.4034855498663421,-0.10772277586454598,-0.45857964583055555,0.25721894363080694,0.35085686996600957,0.9311506559186641,0.90553229533026,-0.45857964583055555,0.35085686996600957,0.5112083257308881,0.8484683910235853
2021-09-01,10.433367184447889,0.5809886683005201,4.643868572762868,-0.20457417672064807,-0.440099610698355,-0.0010621988608334998,-61.49409770603332,-30.729979994872174,0.029474592866465775,-1.0140099018963701e-5,0.2601537871398797,2.0015251974453264e-4,0.04325591223528677,-4.671736143000753e-4,-1.0215077814302205,-3.638284573090607,0.0020579856748830167,143.663,0.39043497332383154,0.47590753905882255,-0.13491065369352534,-0.4305670497042442,0.2496873407388368,0.29565639601071886,0.928064726035432,0.9012981124672207,-0.4305670497042442,0.29565639601071886,0.6108181927523479,0.8210020230280757
2021-10-01,9.339695933432822,0.7296531173315922,2.521423896496604,-0.1357040826386816,-0.7117952442607944,0.002103119633380231,-61.354761013730815,-5.761907443768678,0.013041237763076629,0.025912000636139628,0.012310202796066112,0.006939165579069278,0.012958629721494773,-1.3083713351974324e-4,-1.9694585038322552,-1.7989401939411682,0.0019663604844724026,162.525,0.38877926921759254,0.6049644478602351,0.47985634898652185,0.1602736112476446,0.25892192219049165,0.31958273773887724,0.9314332247108401,0.9059200059985946,0.1602736112476446,0.31958273773887724,0.1251080988737132,0.22850565796994793
2021-11-01,8.243045371432746,0.6983061159143318,1.598157349321129,-0.1108234703957428,-0.8000647643582329,0.0022334231735686248,-33.33854386687835,-8.10386527601079,0.00408708565880467,0.021503031552974245,-0.16063000785321088,0.008535460222556725,0.008751790411492814,-1.7370052089050602e-4,2.1264556646311403,0.22487836279750864,0.001483429566634626,150.748,0.49311296585574754,0.6262701908330298,0.5484408940653893,0.32481685375435276,0.24871437632767812,0.22362404031103658,0.931344063502404,0.9057976685265543,0.32481685375435276,0.22362404031103658,0.0778292967676405,0.16829611210139478
2021-12-01,7.545680076961737,0.5986060664476694,1.187828897215862,-0.099852135200068165,-0.862539671865589,0.0021481860866686816,-8.270618253429605,-8.229101302598393,-0.0012773160487776106,0.012066669364240574,-0.24918381728907402,0.007626759349202606,0.006521273639080189,-2.1814544770143177e-4,5.151764567367221,1.3397075740484712,9.990701141472048e-4,150.905,0.5488512560232925,0.6510152428714172,0.7378507774047398,0.5870861018293558,0.2766301145918994,0.15076467557538395,0.9280471302414973,0.9012739694011243,0.5870861018293558,0.15076467557538395,-0.0868355345333226,-0.03823484580606329
2022-01-01,7.508316009270953,0.5539362743498338,1.058245297909801,-0.09888202185277169,-0.8909330203624894,0.0021436207503740673,-2.622923279317671,-8.847900935671387,-0.0020399401154822332,0.028419876126532767,-0.26841008354896195,0.008000758279249905,4.600875942658492e-4,-1.2881774705228086e-4,4.823342525165609,1.4261555462801216,0.0011153426262235486,111.739,0.5683066456136773,0.6479344251013669,0.7194809129540849,0.5948536432424918,0.2511162133511354,0.1246272697115931,0.923781693661101,0.8954213936280222,0.5948536432424918,0.1246272697115931,-0.071546487852718,-0.026546997628814517
2022-02-01,7.12375358399945,0.43139741477977006,1.4981988188467108,-0.10965837698752155,-0.8542192527987692,0.001430019738900618,15.401261914948044,-12.544375267870251,0.002838678576599531,0.02216177781697614,-0.17595734237960672,0.004519371158664645,0.006073762048940362,-1.71304927077166e-4,6.3660973312983025,0.7782801873388319,6.409574833162903e-4,117.518,0.7011641344344272,0.6227569189427243,0.6130171354040056,0.5376930938796418,0.19304241611121178,0.0753240415243638,0.9334557439489832,0.9086950905346514,0.5376930938796418,0.0753240415243638,0.009739783538718738,0.16347104055478534
2022-03-01,7.268785966010902,0.3634065423524721,1.7097974417766517,-0.11405979023609181,-0.9178101302528004,8.704723049807123e-4,22.765817536946365,-17.595349036049882,0.005825720157730437,0.027089642541334932,-0.13098342637854138,0.0032693163462888183,-0.008306534971678204,-6.3818738234890026e-6,6.618998417248539,0.7534214979407851,7.078123438171145e-4,92.463,0.7118692773576077,0.7260999954031512,0.6250901679801579,0.5596437152337961,0.23841123063098024,0.06544645274636185,0.9374010262864831,0.9141083849047095,0.5596437152337961,0.06544645274636185,0.10100982742299325,0.15222556212381166
2022-04-01,6.536171401495253,0.36234401559049695,1.3026590988715914,-0.10630864508079488,-0.7963355035197369,3.105281175218822e-4,27.230750213404075,-20.014926474293706,0.00276019644735867,0.06440672277225751,-0.18256585207903042,0.0054960045511796415,-7.044042803415608e-4,3.45087067553991e-5,6.022974173763784,0.8098391592776041,7.69741950174325e-4,74.6,0.6701379935882956,0.7085557364898762,1.0939148966037424,1.0364921471207378,0.21271697164627995,0.05742274948300464,0.9354138166747112,0.9113817484606503,1.0364921471207378,0.05742274948300464,-0.3853591601138662,-0.36635415353244216
2022-05-01,6.469162719500152,0.3494485251952435,1.3644279630868725,-0.10665034570772408,-0.7877529488344764,1.9639501085759082e-4,28.445330968388006,-19.50069914721534,0.0032423403752974956,0.06090530086674236,-0.17017664161415164,0.00504954086889287,7.985650075256211e-4,1.9505080611769085e-5,6.202986455407389,0.7191715218377946,6.644364405843696e-4,33.23,0.7933513128408424,0.7155840518397205,0.968277098985447,0.9461978760648284,0.19582965567932825,0.022079222920618598,0.9290402039723696,0.9026365589388328,0.9461978760648284,0.022079222920618598,-0.2526930471457265,-0.15284656322398604
2022-06-01,6.417320324592262,0.34562856400642417,1.3378467085078625,-0.10546852600186708,-0.7798569366473929,1.2926040028373386e-4,28.128168057753324,-18.86999713630304,0.0032305008364529194,0.056484264057555925,-0.16306692480243398,0.004816239123368647,5.887338889709992e-4,2.4611071952133124e-5,6.2034654037329124,0.7016373447354122,6.382217974803979e-4,22.423,0.7522201573772332,0.7641974790755794,0.8578833934163239,0.843572546051421,0.18692966371193417,0.014310847364902962,0.9235106363862425,0.8950494778322863,0.843572546051421,0.014310847364902962,-0.09368591434074447,-0.09135238867418771
2022-07-01,6.5292718134716505,0.32870642315082654,1.3363110483013056,-0.10459402768265753,-0.7615948869559509,-1.2326483986119688e-4,21.935184050393804,-19.97367299600738,0.004025888703369384,0.05778059753553579,-0.15974739178589145,0.005441373860408331,0.0020286765113195168,2.7590962328601157e-5,5.302933096934149,0.8048602715920363,7.710687841369721e-4,13.948,0.7412538984848588,0.7957057641780827,0.7744030491564412,0.7636481817552987,0.2032875996748621,0.010754867401142487,0.9188366834159858,0.8886363795707712,0.7636481817552987,0.010754867401142487,0.021302715021641494,-0.022394283270439908
2022-08-01,6.181300175477707,0.3366299939294204,1.3168620979819008,-0.10050917783963059,-0.7462174043459576,2.2946131530707523e-5,25.83231861566407,-14.571578902750888,0.002916662440319508,0.04466107851239537,-0.15262060480728676,0.004831426829621706,0.0041359670512316525,1.194539733341044e-5,5.969662283540274,0.6040546535187524,5.088490723662995e-4,-2.558,0.77810137113308675,0.7823083294654604,0.746336081598233,0.7476377175253459,0.1707599050914825,-0.001301635927112994,0.9180006454831791,0.8874892577559899,0.7476377175253459,-0.001301635927112994,0.035972247867227414,0.030463653607740837
2022-09-01,6.1551512004371505,0.3376885406355114,1.2994617957435743,-0.09556842702155478,-0.7542511550391519,2.493731201362669e-4,20.72644040308744,-6.408494975322881,0.003661847059763142,0.06368907411012417,-0.16831747094935923,0.0060014813317172,-5.953184531458324e-4,3.1635389222611184e-5,4.174120540139704,0.2773843597521196,4.541866232357065e-4,-4.757,0.8141825012251097,0.7389971391826997,0.7130363098060364,0.7151968755727687,0.1748622736901004,-0.0021605657667322555,0.9201491379071002,0.89043718922137,0.7151968755727687,-0.0021605657667322555,0.02596082937666333,0.09898562565234104
2022-10-01,6.261239472763481,0.35532200486304,1.2975670479900017,-0.09768440308698173,-0.7755969430430243,2.4049074052891051e-4,22.565068347318313,-6.451825669882278,0.0035447237340853143,0.07409682043022463,-0.18033099467478245,0.006691830854135359,-0.010305371503817017,4.9216182427102495e-5,3.9144516943487284,0.2504670381803482,4.7031777755948375e-4,-3.325,0.8230091822170013,0.851792501625197,1.671844198893002,1.6734080055033873,0.22819774528698175,-0.0015638066103852836,0.9244147596590323,0.8962900190670443,1.6734080055033873,-0.0015638066103852836,-0.8200516972678049,-0.850398823286386
2022-11-01,5.842151980927739,0.3016271713084551,0.43703397815227846,-0.08541614086096336,-0.538033745082532,-2.719301149140701e-4,-1.237048869886375,10.624481711418746,0.009071901568878608,0.10814033108067875,-0.10968761579674584,0.007275273636302285,-0.0011048327846465964,7.993355252779985e-5,-2.891926792126171,-1.3027655022395257,7.536805146992941e-4,-3.23,0.7459170497661667,0.986825343157839,0.7685597290315037,0.7709941170939825,0.17837897652847928,-0.00243438806247872,0.8767069526014478,0.8308304698484982,0.7709941170939825,-0.00243438806247872,0.21826561412633527,-0.025077067327815783
2022-12-01,5.712540362196706,0.32906827643936987,0.22801100682661593,-0.0783505327085497,-0.5076583028947617,1.090630510206506e-5,-8.198448996349063,17.663102835242686,0.008104376662957128,0.08936705849920082,-0.07886051237719242,0.006774910026351886,0.0019949563677319703,6.910345922294429e-5,-3.9187686292528316,-1.543748955828701,6.873809722508287e-4,0.268,0.7116169981660111,0.8987942440457298,0.672805850196215,0.6726216320956517,0.15981467303854655,1.842181005632221e-4,0.8569587105847558,0.8037340447558278,0.6726216320956517,1.842181005632221e-4,0.22598839384951486,0.03899536607035936
2023-01-01,4.957976881767098,0.4101576867845138,0.07766682775345228,-0.0649972892994646,-0.4274280876696479,4.114645386858886e-4,-8.145996931134443,19.881905128011567,-5.530400077714094e-4,0.009687037004274946,-0.03398295055338702,5.582726377011729e-4,0.052339131942630665,-1.0112406717794647e-5,3.299687728065856,-2.055808638773041,3.615371679472985e-4,3.634,0.6743049649565485,0.772665545447389,0.776983269584218,0.7756694435158975,0.143899594126509,0.0013138260683204827,0.8791830174785983,0.8342278611915651,0.7756694435158975,0.0013138260683204827,-0.004317724136829071,-0.10136447855934905
2023-02-01,5.417455100534028,0.4315379593701716,0.06433293255169996,-0.06154899603346017,-0.48219124858924173,5.085363270734048e-4,-20.561750452786956,15.803156712895248,0.0013574399420142685,-0.0025249112983062056,-0.019598974137809363,6.453613931648964e-4,0.04509748930402758,-5.811902493576007e-7,2.7913114100604,-1.6427052173869623,5.301159840002611e-4,-0.32,0.6023000832582549,0.7316636930868761,0.7134723783276526,0.7136420154425327,0.155495461694617,-1.6963711488008354e-4,0.8740104322153367,0.827130593039648,0.7136420154425327,-1.6963711488008354e-4,0.01819131475922342,-0.11134193218427779
2023-03-01,6.397083248434755,0.3698995180046373,0.16615175436050225,-0.04542534129157463,-0.6275255911729481,4.7586716566691485e-4,-50.96176250583498,17.146799368644086,0.003416721837242162,0.015457379518569838,-0.025210906458561985,0.0023136208606406175,0.03288425551766553,4.543924050641943e-5,-0.24499718012412958,-1.2425429880406307,7.684519976973698e-4,0.099,0.5901817146889115,0.66525893828845994,0.5905651738568473,0.5904890971090753,0.14487441361242057,7.607674777203961e-5,0.8882899313999829,0.8467233942464882,0.5904890971090753,7.607674777203961e-5,0.07469376443161269,-3.0738242016381534e-4
2023-04-01,6.621930590209852,0.2202850995175955,0.2269311737269868,-0.04194986319965272,-0.6246864451251288,3.097417476582864e-4,-58.901796619674045,12.289260858505296,0.004409738468700804,0.03190935143466482,-0.029625972394593098,0.0016706054984150262,0.03482681746457664,5.5124950038571016e-5,-0.21803953537485218,-1.0288755240640377,8.535441803349178e-4,-10.32,0.5881438746292291,0.7031527279311921,0.6484258944580925,0.6572344703991488,0.11959914455262714,-0.008808575941056352,0.8844082596706574,0.8413973795481113,0.6572344703991488,-0.008808575941056352,0.05472683347309959,-0.06909059576991972
2023-05-01,6.699170520504565,0.14561383286892116,0.25578394074858474,-0.040729818399869236,-0.6218780588405423,2.2196110677058674e-4,-61.704655263962906,10.891885794553959,0.005271650574637363,0.04394674249179308,-0.0335997689330864,0.0018320102606893048,0.03432163529378397,6.27972553246922e-5,-0.871625711127581,-0.9371183558245854,9.008923261647906e-4,-12.231,0.5635018531958847,0.676939261409059,0.6147078898289652,0.6257267038702867,0.11641236960723625,-0.011018814041321554,0.8774766145634263,0.8318865176567942,0.6257267038702867,-0.011018814041321554,0.06223137158009384,-0.06222485067440198
2023-06-01,6.784743278871346,0.12763263248367793,0.26818111423617946,-0.04664857641480487,-0.6346512690976668,-1.94036393176503e-6,-56.83301933301944,5.614017580275358,0.008730890276830428,0.06287533561782892,-0.0373155006339904,0.0019971120946721556,0.026401618051863005,7.533611887301878e-5,-1.1240641806243143,-0.807768298566365,0.001010919978087337,-14.981,0.4721225386548072,0.5567573854822415,0.5113272949970369,0.5264718871887633,0.11438107368900981,-0.015144592191726394,0.8721336514522193,0.8245554752483939,0.5264718871887633,-0.015144592191726394,0.04543009048520463,-0.054349348533956066
2023-07-01,6.815784600200059,0.12225831385972147,0.2838576501114728,-0.046543214884069796,-0.6397284762845235,-1.2079784268250089e-4,-57.77689418529982,4.0480515182364,0.010029253900128066,0.06668268452957661,-0.03924312783395699,0.0017531688036302455,0.026185575268466196,8.48834163699923e-5,-0.6878170636611284,-0.7947665733992104,0.0010405631740397416,-10.601,0.4759734620141192,0.557996794913607,0.4809124102863161,0.4919434204943114,0.11849625283664461,-0.011031010207995302,0.8665326429218266,0.8168703705206458,0.4919434204943114,-0.011031010207995302,0.07708438462729089,-0.01596995848019217
2023-08-01,7.005108548610172,0.10177612461046874,0.31954685952607415,-0.04602165068318859,-0.6523085734484781,-3.138680747889167e-4,-62.81720014044671,2.1657679964283347,0.011483099358241574,0.07258153870244202,-0.03886578548852371,0.002846997776352822,0.018657109046437147,1.1195987881222133e-4,-2.227702384358971,-0.5579075671715739,0.0011697679874424745,-26.844,0.4658775880089824,0.5908757099373905,0.42221741981517963,0.4536186716700854,0.13169318650133355,-0.03140125185490579,0.8539062026195487,0.7995457198733343,0.4536186716700854,-0.03140125185490579,0.16865829012221084,0.012258916338896975
2023-09-01,7.074121623444804,0.10598176163113618,0.33094458366138335,-0.048008441159637066,-0.6616017377497045,-4.418597112878583e-4,-62.267261810520225,-0.9013361923502076,0.013116718500073333,0.0761050253378894,-0.03898975102276011,0.0030803688413945296,0.01433792929611567,1.2711986814195608e-4,-2.403580334308901,-0.4041590988615645,0.0012399270478756351,-17.07,0.5157748344652832,0.5703687830246902,0.4206190500237617,0.4417846047309988,0.1433956460455709,-0.02116555470723709,0.8439245719245062,0.78584999403595035,0.4417846047309988,-0.02116555470723709,0.14974973300092848,0.07399022973428437
2023-10-01,6.804713889449467,0.11804488786316138,0.31689022629647234,-0.04707869862235426,-0.6182353469869192,-5.236214259673907e-4,-60.8512753337544,-3.93311658875028,0.012934201192659535,0.0707226048690689,-0.03718191850039432,0.0032915933078947936,0.018486260504995296,1.2700739719231547e-4,-2.19812818373494,-0.19229433192354928,0.0012412682440104132,-13.596,0.5756833496930249,0.6397484512235088,0.3486203016399489,0.3654965846855145,0.14363980208250415,-0.016876283045565578,0.8296043474638957,0.7662013139620893,0.3654965846855145,-0.016876283045565578,0.29112814958355987,0.21018676500751043
2023-11-01,6.429188274352627,0.13804771136145433,0.30735378022589827,-0.04454588015776753,-0.5664209616579073,-5.166229076631011e-4,-59.527721920536955,-5.590226699525371,0.012144466489303299,0.04011567501608414,-0.02434938261294515,0.0014663221965977584,0.029762737526704393,1.293475296940622e-4,0.29756673136453915,-0.16039926957353398,0.0011709289020902201,-45.597,0.49790946454690505,0.5922949623445006,0.3504025703791816,0.40379341552778936,0.13212864782194858,-0.05339084514860777,0.8112354355267046,0.7409974580482692,0.40379341552778936,-0.05339084514860777,0.24189239196531903,0.09411604901911569
2023-12-01,4.885680087521549,0.08751197536114767,0.24652423141213034,-0.03987383349231978,-0.34025880712679424,-6.164749200624224e-4,-45.12091225270599,-7.3200117841451595,0.010107421178242326,0.013825025256024852,-0.022926634999515208,-1.8410570405168888e-4,0.06549264431963163,1.0085092601750276e-4,3.330500645739479,-0.16485201156687807,8.378060645867967e-4,-11.751,0.476622321850823,0.5331326480258223,0.4003119275128162,0.41015698657777566,0.13530895093008063,-0.009845059064959447,0.7997672540005684,0.7252620461868264,0.41015698657777566,-0.009845059064959447,0.13282072051300609,0.06646533527304732
2024-01-01,3.8522259738245714,0.04983396689439908,0.20480221443185942,-0.038436965135979516,-0.18908054412000297,-7.478022371394749e-4,-34.15110504253141,-11.857393281494026,0.010372197198621652,-0.0033023613123065506,-0.013000785285981335,-2.62171890160424e-4,0.07289184654328623,1.0082037371306417e-4,3.7808125031064956,0.2728600122697736,6.480252696715063e-4,-4.214,0.4370666467027883,0.5321042916524732,0.4013277676722555,0.4040585461586512,0.13929565498747914,-0.0027307784863957276,0.7856205926989669,0.705851510912536,0.4040585461586512,-0.0027307784863957276,0.13077652398021772,0.03300810054413705
2024-02-01,3.850209785053856,0.0601707071575257,0.19408818633350208,-0.039770496037796185,-0.18305381066989393,-6.757964107026547e-4,-34.30750349040074,-15.53672066272053,0.011670126776390592,-0.010663032759974355,-0.007576359368013938,-7.398042608905594e-4,0.06943721727775272,9.208903369824547e-5,4.461410175229857,0.46955656745853375,6.853622748576353e-4,-25.745,0.4137452572321588,0.5025998544763771,0.36775389734067715,0.385398549106887,0.12270801911227901,-0.017644651766209822,0.7557047194558092,0.664804149950994,0.385398549106887,-0.017644651766209822,0.13484595713569997,0.028346708125271847
2024-03-01,3.765188653901725,0.06630787670932604,0.17960274998909959,-0.041050463053107264,-0.17061996857398465,-5.87617750370279e-4,-32.876606771917814,-18.633314913582847,0.01307641890586986,-0.01691298148678661,-7.483220655116969e-4,-0.0010394412959948247,0.06026998931225026,8.709045217779546e-5,4.799318940328089,0.6952847592416748,6.8795074165954e-4,-20.4,0.36924581565998926,0.47780848541945303,0.3539247178304614,0.367958912960316,0.1175786596082189,-0.014034195129854614,0.7179823713759439,0.6130455793297835,0.367958912960316,-0.014034195129854614,0.12388376758899161,0.0012869026996732424
2024-04-01,3.710830550590688,0.08388716266149135,0.13865709420190755,-0.049184777557500545,-0.17467678610074439,-4.937608753570156e-4,-23.838145464856993,-22.412221398201243,0.01760261520246756,0.0010293182413362064,0.0020158329877761508,-0.001708246412396004,0.0355812013395341,5.4661308241880016e-5,5.2858408179276815,0.6441162856709528,6.949897602338385e-4,-22.665,0.3780051580321434,0.32381393331133523,0.20336475386382932,0.21911669677952927,0.16980812171552526,-0.015751942915699948,0.726184784964741,0.6243000537888308,0.21911669677952927,-0.015751942915699948,0.12044917944750591,0.15888846125261413
2024-05-01,3.2936427355099487,0.05904795707324506,0.11715044156641956,-0.038969196518399724,-0.12028338162638094,-8.52152669700016e-5,-30.021043386706705,-19.49508552030084,0.01595755267313768,-8.591534353553256e-5,0.004429847200732761,-0.0010801669880057807,0.025563900100945045,3.2007716410490644e-5,4.45980996717311,0.9082560641434648,6.183243070490041e-4,-28.64,0.35537506188476164,0.2770126574396948,0.24662716835661253,0.264335976510496,0.1334279545148281,-0.01770880815388348,0.7800620202747759,0.6982246324700414,0.264335976510496,-0.01770880815388348,0.03038548908308225,0.09103908537426564
2024-06-01,2.92872694570245,0.06598599306848145,0.11238214958771026,-0.030282730374811898,-0.11919683322957016,1.6713610499989194e-4,-30.93085055949339,-9.390389077836797,0.016047083909186622,0.0022870329694516774,0.0040556950325337454,-0.0015863309508142751,0.01757270842555259,1.7409616713193804e-5,4.528725379467713,0.43278849155129356,4.1278415825248265e-4,-30.29,0.3954388337620899,0.39937128516960985,0.231633916682485,0.24413714883595272,0.1089195241743249,-0.0125032321534677,0.8079926269839092,0.7365480230709451,0.24413714883595272,-0.0125032321534677,0.16773736848712484,0.15130168492613716
2024-07-01,3.0904802632980592,0.1358913512578012,0.12241525315764584,-0.02589284232718866,-0.2070889070960491,3.8100025102346297e-4,-33.17731683430216,0.15555139887665131,0.017205261374667016,0.017019070646926798,-2.4795517090868787e-4,-0.0021400886375060996,-0.008359662803839886,1.979688343380474e-5,4.916101400801326,-0.2282047985653362,3.240973504457274e-4,-14.986,0.3690083634542154,0.3801125551973796,0.19080259790611423,0.1956595207998939,0.10027508645687515,-0.004856922893779671,0.8475446315567159,0.7908170526010753,0.1956595207998939,-0.004856922893779671,0.18930995729126535,0.1733488426543215
2024-08-01,2.07377511830218,0.11684481870047095,0.10328244388108737,-0.012970634802521601,-0.06594507294442935,4.890100272938217e-4,-35.37285614378055,8.17642500913622,0.014742873559297728,0.00826420833679428,-0.004758132873485211,-0.001381945910178645,0.0034858146636564755,1.7667830382108674e-5,4.555122500193315,-0.33699609630502264,1.3951242136792745e-4,-41.742,0.391445210196832,0.4283384276579183,0.19852876071871076,0.2043522882114508,0.07078536504023511,-0.005823527492740027,0.8837050347720274,0.8404324895709214,0.2043522882114508,-0.005823527492740027,0.22980966693920754,0.1870929219853812
2024-09-01,1.9000074799139555,0.1404210196478267,0.10460058761569013,-0.00895491048679715,-0.060244542258538855,5.590475935917155e-4,-36.60502109201088,11.412460456089885,0.01428628875411962,0.009752572811297893,-0.006699218602378717,-0.0010822754618853346,-0.002611218922004273,2.4084900213002803e-5,4.344251914360973,-0.43023825683705347,1.0993465357071328e-4,-25.526,0.3718509653252563,0.4089497580663041,0.19540986614567876,0.1982160581127248,0.06698186050190442,-0.002806191967046027,0.891008529020755,0.8504535630749894,0.1982160581127248,-0.002806191967046027,0.21353989192062536,0.1736349072125315
2024-10-01,2.249147200225799,0.15197257893279018,0.13089159543228765,-0.008038493622821746,-0.12361318111788412,5.488015622329212e-4,-40.43195554977755,12.690542476651117,0.0143037879623368,0.013654853920422514,-0.005751624575636934,-7.815348831290269e-4,-0.010364934617225534,3.4906129537905184e-5,3.8211576218183927,-0.4372171710508598,1.407929395355118e-4,-26.53,0.3371124202932704,0.38719675230692624,0.12608769778267417,0.1298229344685513,0.07497913489369558,-0.0037352366858771284,0.8909780269478462,0.8504117113935564,0.1298229344685513,-0.0037352366858771284,0.26110905452425204,0.20728948582471907
2024-11-01,2.305870104992318,0.155038115772022,0.13603284242009242,-0.008716294150487528,-0.13304218596177608,5.231373708537488e-4,-40.48319263485976,12.21598497955276,0.01477642224552048,0.015088622270367136,-0.006384038488036211,-7.523362690616304e-4,-0.01064394456353897,3.663013714692513e-5,3.768527931977686,-0.4353493172669329,1.6657043657572937e-4,-52.009,0.3397968809918232,0.3611801507131234,0.12738979368355588,0.13605295551942298,0.07488755778419111,-0.008663161835867109,0.8938658771670287,0.8543741105315045,0.13605295551942298,-0.008663161835867109,0.23379035702956755,0.20374392547240022
2024-12-01,2.2940314645383166,0.1572404644416377,0.13610220504192283,-0.0086011932920403,-0.13443005184613338,5.336547848344755e-4,-40.39386571181891,12.14038098338598,0.015052823790161844,0.015024271495763224,-0.005989235602013228,-7.156012393828065e-4,-0.011213125379691241,3.555763992497685e-5,3.705950258275896,-0.42292934994744547,1.713030562659865e-4,-37.065,0.3258770828908862,0.3184894910340301,0.1242876246111999,0.1306369723916987,0.06971153991175003,-0.00634934778049879,0.8971567302019935,0.85888946702134,0.1306369723916987,-0.00634934778049879,0.19420186642283022,0.1952401104991875
2025-01-01,2.3689978265460776,0.1541507591898286,0.1332702679503942,-0.008884290161583288,-0.13486578895791707,5.221966981208075e-4,-42.07075923950178,12.35881181865255,0.015333635468179932,0.014110125134178104,-0.0048770723689874574,-7.034545578674758e-4,-0.012170908904744548,3.694860529225212e-5,3.737911217230274,-0.4226975328393037,1.6542654323472607e-4,-30.901,0.33022252725299306,0.312815113489514,0.11331426280474684,0.1184261084172431,0.06692881491338079,-0.00511184561249627,0.9002282082060729,0.8631038205618209,0.1184261084172431,-0.00511184561249627,0.1995008506847672,0.21179641883574996
2025-02-01,2.9495239945754506,0.12038806258092946,0.11865670039999378,-0.012823218628291569,-0.13149490081391618,3.4367580040577464e-4,-52.25667834786964,10.154961989783084,0.015735485500373115,0.009643717594941276,-4.0128016323746023e-4,-8.423502226240819e-4,-0.012428247379372415,4.0244533709582696e-5,4.134813918661943,-0.33477034844096454,1.5700891464218823e-4,-39.016,0.3261862426582198,0.3011501792682395,0.07519102760857001,0.08131688742224963,0.058289934586934905,-0.006125859813679616,0.9060907793054709,0.8711478134656461,0.08131688742224963,-0.006125859813679616,0.2259591516596695,0.2448693552359702
2025-03-01,3.5066286276980696,0.08115846685292721,0.1521444901382557,-0.016939473232131325,-0.1855015113566887,1.511100681658304e-4,-55.76300020996861,9.264701451576391,0.016456039151735158,1.2082773283575864e-4,-0.006121113389509427,-0.0018051164907125876,-0.022439917012981772,-1.4132175834402192e-5,-1.3879477369728248,-1.6188395986345316,1.9410475229477445e-4,-65.69,0.32610446005653954,0.3737931461474406,0.04101600143886716,0.053766742617110896,0.060392065526024954,-0.012750741178243733,0.9104762096435023,0.8771650318364334,0.053766742617110896,-0.012750741178243733,0.33277714470857345,0.27233771743942864
2025-04-01,3.1978519172797637,0.05855141768246131,0.1633511742878899,-0.007538382494160152,-0.18947559628600005,3.8791963175174704e-5,-55.509879211547975,10.253779653402056,0.015579035252277447,-0.0010201289148415085,-0.006743938904007093,-0.0016638128621586147,-0.022219490364778816,-4.0784097149059916e-5,-3.9713421881336366,-0.6843361682602406,-1.5432921825056918e-4,-82.933,0.3349148160163607,0.35859729321002043,0.04846606587393319,0.035667080816758734,0.08311084263120085,0.012798985057174455,0.9073099601088781,0.8728206429400885,0.035667080816758734,0.012798985057174455,0.3101312273360872,0.29924773519960196
2025-05-01,3.3187325366889366,0.009344749523394376,0.17476324849726227,-0.005868559871995332,-0.18592680690981403,-6.101837586555819e-5,-59.08391565785016,8.246108884948978,0.014873588276105963,-0.007351276064611831,-0.0012032303128060775,-0.0014228973064548535,-0.02103731384507774,-2.7656316557369613e-5,-3.7826388976605907,-1.1882611427638796,-2.3131695921201168e-4,-62.581,0.2915348974097233,0.36524261770698635,0.04294840238765185,0.02847235576320495,0.061808082760059675,0.014476046624446903,0.9134746586098236,0.8812791827437114,0.02847235576320495,0.014476046624446903,0.3222942153193345,0.2630625416465184
2025-06-01,2.8651322233295082,-0.02734483510878721,0.1917072193476312,0.005560665741248892,-0.1859233471223267,6.725842451005123e-6,-58.11562557720192,10.774642402266347,0.01400735897597497,-0.007170598997348661,-0.005349948675453743,-0.0012138071071834055,-0.009531000708623802,-4.383449954810264e-5,-6.928934999873985,2.991082023603194,-5.820270104856959e-4,-48.329,0.27415577466450636,0.354459165583503,0.0721673058306702,0.044038522440907,0.05435216476443283,0.0281287833897632,0.9241184313149566,0.8958834290135451,0.044038522440907,0.0281287833897632,0.2822918597528328,0.23011725222359936
2025-07-01,2.6793139180355583,-0.04682724341921512,0.18826867969290395,0.007840678475656188,-0.16809342169336827,-1.4380016479085913e-4,-56.29587864623232,8.929327545607507,0.014086031814234432,-0.007502160039888125,-0.005420955256299869,-0.0011567780280209647,-0.006115769699764568,-3.8531458588709935e-5,-7.171428947196597,3.02094843174408,-7.518715771473007e-4,-49.928,0.26016784654036307,0.3258086034047746,0.055880899091145735,0.018341454987335304,0.06729952734919667,0.03753944410381043,0.922218856026086,0.8932770350125366,0.018341454987335304,0.03753944410381043,0.26992770431362884,0.24182639155302776
2025-08-01,2.4887975480411777,-0.02966374234099743,0.17304716098489967,0.0068699225975990515,-0.15122772907011406,-1.5842027449563915e-4,-51.379491516169345,-7.10906453388459,0.013412310321023331,-0.006001243259049563,-0.011252311801558095,-0.001007361191060133,-0.002259428243952233,-3.837209435259027e-5,-7.090814270831892,1.4781115424260618,-7.034610208108036e-4,-56.876,0.25383690951404597,0.3113074371599586,0.09147618821646844,0.05146613919683318,0.0558967579831398,0.040010049019635265,0.9285386377863807,0.9019483634743363,0.05146613919683318,0.040010049019635265,0.21983124894349018,0.2023707703172128
2025-09-01,2.425805759999146,-0.03062577787227584,0.1621588316065042,0.008394965435053062,-0.1098561309703584,-1.8542509994607702e-4,-55.609318255504476,-6.3319935803591605,0.012281688065194678,-0.006457358064239389,-0.013395630451279414,-0.0010666207608106197,0.00493402590805789,-4.312366110301042e-5,-8.337432439558539,2.0654627823801492,-7.365387074127438e-4,-31.262,0.27037744616292436,0.28406026941701723,0.11200270818574429,0.08897703511460708,0.05725640306081382,0.0230256730711372,0.9363320480085331,0.9126416472675222,0.08897703511460708,0.0230256730711372,0.17205756123127294,0.18140041104831728
