date,MS_actual,MS_fitted,MS_tilde,MS_tilde_se,MS_tilde_lo,MS_tilde_hi,non_fundamental_component,alpha.(Intercept),beta_gdp_growth_stdev,beta_inflation_stdev,beta_debt_gdp_stdev,beta_current_account_stdev,beta_policy_uncertainty_stdev,beta_bank_nexus_stdev,beta_bid_ask_stdev,gamma.vstoxx,lambda_gdp_growth_stdev,lambda_inflation_stdev,lambda_debt_gdp_stdev,lambda_current_account_stdev,lambda_policy_uncertainty_stdev,lambda_bank_nexus_stdev,lambda_bid_ask_stdev
2005-09-01,0.123797835466907,1.340621020930177,0.4024263195911013,0.241398166506778,-0.0803700134224547,0.8852226526046574,0.9381947013390757,5.368831152205197,1.5689684019230759,0.27483312829270984,0.03311951997331578,-0.8419480453909761,3.787020137122103e-4,-127.21221824105507,250.68211849777737,0.01307601924135767,0.044730010570122616,0.14630925980594772,0.013649631276716446,0.0315389509314287,-4.190920716902836e-4,-4.859870466631061,-8.06875279997669
2005-10-01,0.10178454200838444,0.4105886126351447,0.4437495534472866,0.29262887513324154,-0.14150819681919646,1.0290073037137697,-0.03316094081214194,5.368831152205197,1.5689684019230759,0.27483312829270984,0.03311951997331578,-0.8419480453909761,3.787020137122103e-4,-127.21221824105507,250.68211849777737,0.01307601924135767,0.044730010570122616,0.14630925980594772,0.013649631276716446,0.0315389509314287,-4.190920716902836e-4,-4.859870466631061,-8.06875279997669
2005-11-01,0.08809025658966577,0.1576738295443228,0.37887790841781754,0.3016933721889905,-0.22450883596016347,0.9822646527957986,-0.22120407887349475,5.368831152205197,1.5689684019230759,0.27483312829270984,0.03311951997331578,-0.8419480453909761,3.787020137122103e-4,-127.21221824105507,250.68211849777737,0.01307601924135767,0.044730010570122616,0.14630925980594772,0.013649631276716446,0.0315389509314287,-4.190920716902836e-4,-4.859870466631061,-8.06875279997669
2005-12-01,0.09943419585102292,-0.027914269009071124,0.430769366034256,0.30601385535514036,-0.18125834467602475,1.0427970767445367,-0.4586836350433271,5.368831152205197,1.5689684019230759,0.27483312829270984,0.03311951997331578,-0.8419480453909761,3.787020137122103e-4,-127.21221824105507,250.68211849777737,0.01307601924135767,0.044730010570122616,0.14630925980594772,0.013649631276716446,0.0315389509314287,-4.190920716902836e-4,-4.859870466631061,-8.06875279997669
2006-01-01,0.12204225311613848,-0.04598789095562594,0.43331367844516055,0.321760424780429,-0.21020717111569742,1.0768345280060185,-0.4793015694007865,5.368831152205197,1.5689684019230759,0.27483312829270984,0.03311951997331578,-0.8419480453909761,3.787020137122103e-4,-127.21221824105507,250.68211849777737,0.01307601924135767,0.044730010570122616,0.14630925980594772,0.013649631276716446,0.0315389509314287,-4.190920716902836e-4,-4.859870466631061,-8.06875279997669
2006-02-01,0.12459189544453994,0.11648977542230787,0.41068816506081607,0.29979729051705745,-0.18890641597329882,1.0102827460949309,-0.2941983896385082,5.368831152205197,1.5689684019230759,0.27483312829270984,0.03311951997331578,-0.8419480453909761,3.787020137122103e-4,-127.21221824105507,250.68211849777737,0.01307601924135767,0.044730010570122616,0.14630925980594772,0.013649631276716446,0.0315389509314287,-4.190920716902836e-4,-4.859870466631061,-8.06875279997669
2006-03-01,0.1293088839017765,0.16979306654779824,0.42205107675332076,0.28414828244367357,-0.14624548813402638,0.9903476416406679,-0.2522580102055225,5.368831152205197,1.5689684019230759,0.27483312829270984,0.03311951997331578,-0.8419480453909761,3.787020137122103e-4,-127.21221824105507,250.68211849777737,0.01307601924135767,0.044730010570122616,0.14630925980594772,0.013649631276716446,0.0315389509314287,-4.190920716902836e-4,-4.859870466631061,-8.06875279997669
2006-04-01,0.1279218170830347,-0.2612890053432339,-0.5325306909107823,0.3181240902431281,-1.1687788713970386,0.10371748957547389,0.2712416855675484,5.368831152205197,1.5689684019230759,0.27483312829270984,0.03311951997331578,-0.8419480453909761,3.787020137122103e-4,-127.21221824105507,250.68211849777737,0.01307601924135767,0.044730010570122616,0.14630925980594772,0.013649631276716446,0.0315389509314287,-4.190920716902836e-4,-4.859870466631061,-8.06875279997669
2006-05-01,0.12645920525907411,0.11006859138630072,-0.1944961703075121,0.31310075351191424,-0.8206976773313406,0.4317053367163164,0.3045647616938128,5.368831152205197,1.5689684019230759,0.27483312829270984,0.03311951997331578,-0.8419480453909761,3.787020137122103e-4,-127.21221824105507,250.68211849777737,0.01307601924135767,0.044730010570122616,0.14630925980594772,0.013649631276716446,0.0315389509314287,-4.190920716902836e-4,-4.859870466631061,-8.06875279997669
2006-06-01,0.12397234260953326,0.30519743524917003,-0.0036095609855992805,0.3372516598835406,-0.6781128807526805,0.6708937587814819,0.3088069962347693,5.368831152205197,1.5689684019230759,0.27483312829270984,0.03311951997331578,-0.8419480453909761,3.787020137122103e-4,-127.21221824105507,250.68211849777737,0.01307601924135767,0.044730010570122616,0.14630925980594772,0.013649631276716446,0.0315389509314287,-4.190920716902836e-4,-4.859870466631061,-8.06875279997669
2006-07-01,0.11966840172142476,0.5722341341209696,0.21899088773869213,0.3201116918480724,-0.4212324959574527,0.859214271434837,0.35324324638227744,5.368831152205197,1.5689684019230759,0.27483312829270984,0.03311951997331578,-0.8419480453909761,3.787020137122103e-4,-127.21221824105507,250.68211849777737,0.01307601924135767,0.044730010570122616,0.14630925980594772,0.013649631276716446,0.0315389509314287,-4.190920716902836e-4,-4.859870466631061,-8.06875279997669
2006-08-01,0.11323346667389496,0.29939951481933247,-0.09593067771039188,0.31845998733393,-0.7328506523782519,0.5409892969574681,0.39533019252972434,5.368831152205197,1.5689684019230759,0.27483312829270984,0.03311951997331578,-0.8419480453909761,3.787020137122103e-4,-127.21221824105507,250.68211849777737,0.01307601924135767,0.044730010570122616,0.14630925980594772,0.013649631276716446,0.0315389509314287,-4.190920716902836e-4,-4.859870466631061,-8.06875279997669
2006-09-01,0.11901411127436422,0.015870363331624046,-0.2756547319112146,0.30156293351384034,-0.8787805989388953,0.3274711351164661,0.29152509524283865,5.368831152205197,1.5689684019230759,0.27483312829270984,0.03311951997331578,-0.8419480453909761,3.787020137122103e-4,-127.21221824105507,250.68211849777737,0.01307601924135767,0.044730010570122616,0.14630925980594772,0.013649631276716446,0.0315389509314287,-4.190920716902836e-4,-4.859870466631061,-8.06875279997669
2006-10-01,0.10823813370131864,-0.08618614437456495,-0.2257629074133991,0.3057035246121359,-0.8371699566376709,0.3856441418108727,0.13957676303883415,5.368831152205197,1.5689684019230759,0.27483312829270984,0.03311951997331578,-0.8419480453909761,3.787020137122103e-4,-127.21221824105507,250.68211849777737,0.01307601924135767,0.044730010570122616,0.14630925980594772,0.013649631276716446,0.0315389509314287,-4.190920716902836e-4,-4.859870466631061,-8.06875279997669
2006-11-01,0.11613871244745624,0.13068681376809943,-0.02242564728675145,0.3012407975044069,-0.6249072422955653,0.5800559477220624,0.15311246105485088,5.368831152205197,1.5689684019230759,0.27483312829270984,0.03311951997331578,-0.8419480453909761,3.787020137122103e-4,-127.21221824105507,250.68211849777737,0.01307601924135767,0.044730010570122616,0.14630925980594772,0.013649631276716446,0.0315389509314287,-4.190920716902836e-4,-4.859870466631061,-8.06875279997669
2006-12-01,0.11884505966782176,0.43153385483767953,0.2390246923918813,0.30250408928274936,-0.3659834861736174,0.84403287095738,0.19250916244579824,5.368831152205197,1.5689684019230759,0.27483312829270984,0.03311951997331578,-0.8419480453909761,3.787020137122103e-4,-127.21221824105507,250.68211849777737,0.01307601924135767,0.044730010570122616,0.14630925980594772,0.013649631276716446,0.0315389509314287,-4.190920716902836e-4,-4.859870466631061,-8.06875279997669
2007-01-01,0.09048062243598765,0.6358977302065786,0.4315855480735653,0.2929238681336271,-0.15426218819368887,1.0174332843408194,0.20431218213301328,5.368831152205197,1.5689684019230759,0.27483312829270984,0.03311951997331578,-0.8419480453909761,3.787020137122103e-4,-127.21221824105507,250.68211849777737,0.01307601924135767,0.044730010570122616,0.14630925980594772,0.013649631276716446,0.0315389509314287,-4.190920716902836e-4,-4.859870466631061,-8.06875279997669
2007-02-01,0.09459966981810636,0.6421531307518844,0.4276664936782302,0.28921651068109694,-0.1507665276839637,1.006099515040424,0.21448663707365423,5.368831152205197,1.5689684019230759,0.27483312829270984,0.03311951997331578,-0.8419480453909761,3.787020137122103e-4,-127.21221824105507,250.68211849777737,0.01307601924135767,0.044730010570122616,0.14630925980594772,0.013649631276716446,0.0315389509314287,-4.190920716902836e-4,-4.859870466631061,-8.06875279997669
2007-03-01,0.1361457554538855,0.8294465762074547,0.5766776517548351,0.28412198561536356,0.008433680524107978,1.1449216229855623,0.25276892445261956,5.368831152205197,1.5689684019230759,0.27483312829270984,0.03311951997331578,-0.8419480453909761,3.787020137122103e-4,-127.21221824105507,250.68211849777737,0.01307601924135767,0.044730010570122616,0.14630925980594772,0.013649631276716446,0.0315389509314287,-4.190920716902836e-4,-4.859870466631061,-8.06875279997669
2007-04-01,0.10925795550156094,0.36457185661146907,0.003732919820589764,0.28761413995367013,-0.5714953600867505,0.57896119972793,0.3608389367908793,5.368831152205197,1.5689684019230759,0.27483312829270984,0.03311951997331578,-0.8419480453909761,3.787020137122103e-4,-127.21221824105507,250.68211849777737,0.01307601924135767,0.044730010570122616,0.14630925980594772,0.013649631276716446,0.0315389509314287,-4.190920716902836e-4,-4.859870466631061,-8.06875279997669
2007-05-01,0.08736046823694499,0.5017905099467707,0.11260815473383445,0.28963025141809584,-0.46665234810235723,0.6918686575700261,0.3891823552129362,5.368831152205197,1.5689684019230759,0.27483312829270984,0.03311951997331578,-0.8419480453909761,3.787020137122103e-4,-127.21221824105507,250.68211849777737,0.01307601924135767,0.044730010570122616,0.14630925980594772,0.013649631276716446,0.0315389509314287,-4.190920716902836e-4,-4.859870466631061,-8.06875279997669
2007-06-01,0.07623894349657374,0.4936516739444886,0.13937824358566164,0.2870986816553034,-0.43481911972494514,0.7135756068962684,0.35427343035882697,5.368831152205197,1.5689684019230759,0.27483312829270984,0.03311951997331578,-0.8419480453909761,3.787020137122103e-4,-127.21221824105507,250.68211849777737,0.01307601924135767,0.044730010570122616,0.14630925980594772,0.013649631276716446,0.0315389509314287,-4.190920716902836e-4,-4.859870466631061,-8.06875279997669
2007-07-01,0.08381470362150438,0.2739066766898755,-0.01804156369482257,0.2826629026166137,-0.58336736892805,0.5472842415384048,0.2919482403846981,5.368831152205197,1.5689684019230759,0.27483312829270984,0.03311951997331578,-0.8419480453909761,3.787020137122103e-4,-127.21221824105507,250.68211849777737,0.01307601924135767,0.044730010570122616,0.14630925980594772,0.013649631276716446,0.0315389509314287,-4.190920716902836e-4,-4.859870466631061,-8.06875279997669
2007-08-01,0.1002895822562016,0.28599950574977306,-0.0412877361465549,0.2931601920572737,-0.6276081202611024,0.5450326479679926,0.32728724189632796,5.368831152205197,1.5689684019230759,0.27483312829270984,0.03311951997331578,-0.8419480453909761,3.787020137122103e-4,-127.21221824105507,250.68211849777737,0.01307601924135767,0.044730010570122616,0.14630925980594772,0.013649631276716446,0.0315389509314287,-4.190920716902836e-4,-4.859870466631061,-8.06875279997669
2007-09-01,0.10790071612651622,0.42193378630450457,0.1186704464171644,0.3179054534278343,-0.5171404604385041,0.7544813532728329,0.30326333988734017,5.368831152205197,1.5689684019230759,0.27483312829270984,0.03311951997331578,-0.8419480453909761,3.787020137122103e-4,-127.21221824105507,250.68211849777737,0.01307601924135767,0.044730010570122616,0.14630925980594772,0.013649631276716446,0.0315389509314287,-4.190920716902836e-4,-4.859870466631061,-8.06875279997669
2007-10-01,0.09032968863064209,0.35410433837035726,0.08650769129187896,0.3176306992585267,-0.5487537072251745,0.7217690898089324,0.2675966470784783,5.368831152205197,1.5689684019230759,0.27483312829270984,0.03311951997331578,-0.8419480453909761,3.787020137122103e-4,-127.21221824105507,250.68211849777737,0.01307601924135767,0.044730010570122616,0.14630925980594772,0.013649631276716446,0.0315389509314287,-4.190920716902836e-4,-4.859870466631061,-8.06875279997669
2007-11-01,0.11012694143246668,0.5839293654249006,0.2763588391483296,0.3165274379490214,-0.3566960367497132,0.9094137150463724,0.307570526276571,5.368831152205197,1.5689684019230759,0.27483312829270984,0.03311951997331578,-0.8419480453909761,3.787020137122103e-4,-127.21221824105507,250.68211849777737,0.01307601924135767,0.044730010570122616,0.14630925980594772,0.013649631276716446,0.0315389509314287,-4.190920716902836e-4,-4.859870466631061,-8.06875279997669
2007-12-01,0.09488619509865603,0.42554108640722643,0.14018629186801057,0.3116760064063556,-0.48316572094470067,0.7635383046807218,0.28535479453921586,5.368831152205197,1.5689684019230759,0.27483312829270984,0.03311951997331578,-0.8419480453909761,3.787020137122103e-4,-127.21221824105507,250.68211849777737,0.01307601924135767,0.044730010570122616,0.14630925980594772,0.013649631276716446,0.0315389509314287,-4.190920716902836e-4,-4.859870466631061,-8.06875279997669
2008-01-01,0.1156614901667581,0.5617742326755002,0.3004696634940016,0.32189755452347724,-0.34332544555295286,0.9442647725409561,0.2613045691814986,5.368831152205197,1.5689684019230759,0.27483312829270984,0.03311951997331578,-0.8419480453909761,3.787020137122103e-4,-127.21221824105507,250.68211849777737,0.01307601924135767,0.044730010570122616,0.14630925980594772,0.013649631276716446,0.0315389509314287,-4.190920716902836e-4,-4.859870466631061,-8.06875279997669
2008-02-01,0.15105709546914894,0.6141583879114115,0.3151605547388856,0.31788908469225796,-0.3206176146456303,0.9509387241234015,0.29899783317252593,5.368831152205197,1.5689684019230759,0.27483312829270984,0.03311951997331578,-0.8419480453909761,3.787020137122103e-4,-127.21221824105507,250.68211849777737,0.01307601924135767,0.044730010570122616,0.14630925980594772,0.013649631276716446,0.0315389509314287,-4.190920716902836e-4,-4.859870466631061,-8.06875279997669
2008-03-01,0.22339275239991307,0.6632500632887902,0.4620045161501576,0.32517743771128543,-0.18835035927241328,1.1123593915727286,0.20124554713863263,5.368831152205197,1.5689684019230759,0.27483312829270984,0.03311951997331578,-0.8419480453909761,3.787020137122103e-4,-127.21221824105507,250.68211849777737,0.01307601924135767,0.044730010570122616,0.14630925980594772,0.013649631276716446,0.0315389509314287,-4.190920716902836e-4,-4.859870466631061,-8.06875279997669
2008-04-01,0.18269687829912823,0.250414172562563,-0.059074801822199596,0.3275102966667257,-0.714095395155651,0.5959457915112518,0.3094889743847626,5.368831152205197,1.5689684019230759,0.27483312829270984,0.03311951997331578,-0.8419480453909761,3.787020137122103e-4,-127.21221824105507,250.68211849777737,0.01307601924135767,0.044730010570122616,0.14630925980594772,0.013649631276716446,0.0315389509314287,-4.190920716902836e-4,-4.859870466631061,-8.06875279997669
2008-05-01,0.16609268612820016,0.07198647646679014,-0.13059809395823763,0.3308026846599718,-0.7922034632781813,0.531007275361706,0.20258457042502775,5.368831152205197,1.5689684019230759,0.27483312829270984,0.03311951997331578,-0.8419480453909761,3.787020137122103e-4,-127.21221824105507,250.68211849777737,0.01307601924135767,0.044730010570122616,0.14630925980594772,0.013649631276716446,0.0315389509314287,-4.190920716902836e-4,-4.859870466631061,-8.06875279997669
2008-06-01,0.17983239509054738,0.18989283882080618,-0.11492153137423156,0.33413362455366247,-0.7831887804815565,0.5533457177330934,0.30481437019503776,5.368831152205197,1.5689684019230759,0.27483312829270984,0.03311951997331578,-0.8419480453909761,3.787020137122103e-4,-127.21221824105507,250.68211849777737,0.01307601924135767,0.044730010570122616,0.14630925980594772,0.013649631276716446,0.0315389509314287,-4.190920716902836e-4,-4.859870466631061,-8.06875279997669
2008-07-01,0.1858038494388267,0.4161306096949485,0.08669005478142733,0.3355839784064652,-0.5844779020315031,0.7578580115943577,0.32944055491352114,5.368831152205197,1.5689684019230759,0.27483312829270984,0.03311951997331578,-0.8419480453909761,3.787020137122103e-4,-127.21221824105507,250.68211849777737,0.01307601924135767,0.044730010570122616,0.14630925980594772,0.013649631276716446,0.0315389509314287,-4.190920716902836e-4,-4.859870466631061,-8.06875279997669
2008-08-01,0.18872326178365828,0.35220260920781493,0.056389928040470494,0.33594789422244387,-0.6155058604044172,0.7282857164853582,0.29581268116734444,5.368831152205197,1.5689684019230759,0.27483312829270984,0.03311951997331578,-0.8419480453909761,3.787020137122103e-4,-127.21221824105507,250.68211849777737,0.01307601924135767,0.044730010570122616,0.14630925980594772,0.013649631276716446,0.0315389509314287,-4.190920716902836e-4,-4.859870466631061,-8.06875279997669
2008-09-01,0.2153293144043145,0.5886243428268366,0.23563838888218136,0.34911071937805055,-0.46258304987391974,0.9338598276382825,0.35298595394465526,5.368831152205197,1.5689684019230759,0.27483312829270984,0.03311951997331578,-0.8419480453909761,3.787020137122103e-4,-127.21221824105507,250.68211849777737,0.01307601924135767,0.044730010570122616,0.14630925980594772,0.013649631276716446,0.0315389509314287,-4.190920716902836e-4,-4.859870466631061,-8.06875279997669
2008-10-01,0.28544712779211306,1.3973667251974597,0.31729778078146076,0.35890299628930006,-0.40050821179713936,1.0351037733600608,1.080068944415999,5.368831152205197,1.5689684019230759,0.27483312829270984,0.03311951997331578,-0.8419480453909761,3.787020137122103e-4,-127.21221824105507,250.68211849777737,0.01307601924135767,0.044730010570122616,0.14630925980594772,0.013649631276716446,0.0315389509314287,-4.190920716902836e-4,-4.859870466631061,-8.06875279997669
2008-11-01,0.41613543323372254,1.0777586548396025,0.1958932084989744,0.3428440308506085,-0.4897948532022426,0.8815812702001914,0.8818654463406281,5.368831152205197,1.5689684019230759,0.27483312829270984,0.03311951997331578,-0.8419480453909761,3.787020137122103e-4,-127.21221824105507,250.68211849777737,0.01307601924135767,0.044730010570122616,0.14630925980594772,0.013649631276716446,0.0315389509314287,-4.190920716902836e-4,-4.859870466631061,-8.06875279997669
2008-12-01,0.5716156370571313,0.5284084342500494,0.3958656313838045,0.35585282067361007,-0.31584000996341566,1.1075712727310245,0.13254280286624487,5.368831152205197,1.5689684019230759,0.27483312829270984,0.03311951997331578,-0.8419480453909761,3.787020137122103e-4,-127.21221824105507,250.68211849777737,0.01307601924135767,0.044730010570122616,0.14630925980594772,0.013649631276716446,0.0315389509314287,-4.190920716902836e-4,-4.859870466631061,-8.06875279997669
2009-01-01,0.7206804949219525,0.2862306446488314,0.24597122631533885,0.33674490678203306,-0.42751858724872727,0.919461039879405,0.04025941833349256,5.368831152205197,1.5689684019230759,0.27483312829270984,0.03311951997331578,-0.8419480453909761,3.787020137122103e-4,-127.21221824105507,250.68211849777737,0.01307601924135767,0.044730010570122616,0.14630925980594772,0.013649631276716446,0.0315389509314287,-4.190920716902836e-4,-4.859870466631061,-8.06875279997669
2009-02-01,0.7782994397431677,-0.4386783002888529,0.074314118676097607,0.3344289627986096,-0.5945438069211216,0.7431720442733168,-0.5129924189649505,5.368831152205197,1.5689684019230759,0.27483312829270984,0.03311951997331578,-0.8419480453909761,3.787020137122103e-4,-127.21221824105507,250.68211849777737,0.01307601924135767,0.044730010570122616,0.14630925980594772,0.013649631276716446,0.0315389509314287,-4.190920716902836e-4,-4.859870466631061,-8.06875279997669
2009-03-01,0.8658864239719596,-1.1730679806078737,-0.19534388573508998,0.33556336552686267,-0.8664706167888153,0.47578284531863535,-0.9777240948727837,5.368831152205197,1.5689684019230759,0.27483312829270984,0.03311951997331578,-0.8419480453909761,3.787020137122103e-4,-127.21221824105507,250.68211849777737,0.01307601924135767,0.044730010570122616,0.14630925980594772,0.013649631276716446,0.0315389509314287,-4.190920716902836e-4,-4.859870466631061,-8.06875279997669
2009-04-01,0.7063815278587061,1.4585926221385048,2.2640916182136612,0.37279395812992816,1.5185037019538048,3.0096795344735177,-0.8054989960751564,5.368831152205197,1.5689684019230759,0.27483312829270984,0.03311951997331578,-0.8419480453909761,3.787020137122103e-4,-127.21221824105507,250.68211849777737,0.01307601924135767,0.044730010570122616,0.14630925980594772,0.013649631276716446,0.0315389509314287,-4.190920716902836e-4,-4.859870466631061,-8.06875279997669
2009-05-01,0.5790341486041483,1.3883317476145751,1.8824885847250479,0.3534644797318469,1.175559625261354,2.5894175441887417,-0.49415683711047276,5.368831152205197,1.5689684019230759,0.27483312829270984,0.03311951997331578,-0.8419480453909761,3.787020137122103e-4,-127.21221824105507,250.68211849777737,0.01307601924135767,0.044730010570122616,0.14630925980594772,0.013649631276716446,0.0315389509314287,-4.190920716902836e-4,-4.859870466631061,-8.06875279997669
2009-06-01,0.655087114097255,1.4794089355121627,1.7821191548494482,0.3387364911332171,1.104646172583014,2.4595921371158824,-0.3027102193372855,5.368831152205197,1.5689684019230759,0.27483312829270984,0.03311951997331578,-0.8419480453909761,3.787020137122103e-4,-127.21221824105507,250.68211849777737,0.01307601924135767,0.044730010570122616,0.14630925980594772,0.013649631276716446,0.0315389509314287,-4.190920716902836e-4,-4.859870466631061,-8.06875279997669
2009-07-01,0.5922112518670946,1.6747460704344133,1.777961152104444,0.3173140810483758,1.1433329900076925,2.4125893142011954,-0.1032150816700308,5.368831152205197,1.5689684019230759,0.27483312829270984,0.03311951997331578,-0.8419480453909761,3.787020137122103e-4,-127.21221824105507,250.68211849777737,0.01307601924135767,0.044730010570122616,0.14630925980594772,0.013649631276716446,0.0315389509314287,-4.190920716902836e-4,-4.859870466631061,-8.06875279997669
2009-08-01,0.46215802288983526,1.6706415500233294,1.7146621364904422,0.30425903983085306,1.106144056828736,2.3231802161521484,-0.04402058646711282,5.368831152205197,1.5689684019230759,0.27483312829270984,0.03311951997331578,-0.8419480453909761,3.787020137122103e-4,-127.21221824105507,250.68211849777737,0.01307601924135767,0.044730010570122616,0.14630925980594772,0.013649631276716446,0.0315389509314287,-4.190920716902836e-4,-4.859870466631061,-8.06875279997669
2009-09-01,0.4731909385320682,1.931258181006808,1.9212278091002766,0.3040946354843524,1.313038538131572,2.5294170800689812,0.010030371906531332,5.368831152205197,1.5689684019230759,0.27483312829270984,0.03311951997331578,-0.8419480453909761,3.787020137122103e-4,-127.21221824105507,250.68211849777737,0.01307601924135767,0.044730010570122616,0.14630925980594772,0.013649631276716446,0.0315389509314287,-4.190920716902836e-4,-4.859870466631061,-8.06875279997669
2009-10-01,0.46683433991487944,1.402359468570363,1.261205737912384,0.2751580585273486,0.7108896208576868,1.811521854967081,0.1411537306579791,5.368831152205197,1.5689684019230759,0.27483312829270984,0.03311951997331578,-0.8419480453909761,3.787020137122103e-4,-127.21221824105507,250.68211849777737,0.01307601924135767,0.044730010570122616,0.14630925980594772,0.013649631276716446,0.0315389509314287,-4.190920716902836e-4,-4.859870466631061,-8.06875279997669
2009-11-01,0.5285178229579913,1.2601155474543204,1.177865682639915,0.2787971436816302,0.6202713952766545,1.7354599700031754,0.08224986481440544,5.368831152205197,1.5689684019230759,0.27483312829270984,0.03311951997331578,-0.8419480453909761,3.787020137122103e-4,-127.21221824105507,250.68211849777737,0.01307601924135767,0.044730010570122616,0.14630925980594772,0.013649631276716446,0.0315389509314287,-4.190920716902836e-4,-4.859870466631061,-8.06875279997669
2009-12-01,0.7016330452875071,1.563584020053302,1.384385026938916,0.2761432494137016,0.8320985281115127,1.9366715257663192,0.17919899311438603,5.368831152205197,1.5689684019230759,0.27483312829270984,0.03311951997331578,-0.8419480453909761,3.787020137122103e-4,-127.21221824105507,250.68211849777737,0.01307601924135767,0.044730010570122616,0.14630925980594772,0.013649631276716446,0.0315389509314287,-4.190920716902836e-4,-4.859870466631061,-8.06875279997669
2010-01-01,0.795544854425584,1.768969820401934,1.5489048489932578,0.28031984481384564,0.9882651593655665,2.1095445386209493,0.2200649714086762,5.368831152205197,1.5689684019230759,0.27483312829270984,0.03311951997331578,-0.8419480453909761,3.787020137122103e-4,-127.21221824105507,250.68211849777737,0.01307601924135767,0.044730010570122616,0.14630925980594772,0.013649631276716446,0.0315389509314287,-4.190920716902836e-4,-4.859870466631061,-8.06875279997669
2010-02-01,0.9407100504608188,1.025857011688141,1.01481327341879,0.2669697620774401,0.4808737492639098,1.5487527975736701,0.0110437382693509,5.368831152205197,1.5689684019230759,0.27483312829270984,0.03311951997331578,-0.8419480453909761,3.787020137122103e-4,-127.21221824105507,250.68211849777737,0.01307601924135767,0.044730010570122616,0.14630925980594772,0.013649631276716446,0.0315389509314287,-4.190920716902836e-4,-4.859870466631061,-8.06875279997669
2010-03-01,0.9215655213416976,1.063605846783249,0.6640695581544094,0.25673856120785743,0.15059243573869452,1.1775466805701242,0.3995362886288396,5.368831152205197,1.5689684019230759,0.27483312829270984,0.03311951997331578,-0.8419480453909761,3.787020137122103e-4,-127.21221824105507,250.68211849777737,0.01307601924135767,0.044730010570122616,0.14630925980594772,0.013649631276716446,0.0315389509314287,-4.190920716902836e-4,-4.859870466631061,-8.06875279997669
2010-04-01,1.372325820458686,1.1627606143050695,0.8675847698537122,0.24806603555605689,0.3714526987415985,1.363716840965826,0.29517584445135725,5.368831152205197,1.5689684019230759,0.27483312829270984,0.03311951997331578,-0.8419480453909761,3.787020137122103e-4,-127.21221824105507,250.68211849777737,0.01307601924135767,0.044730010570122616,0.14630925980594772,0.013649631276716446,0.0315389509314287,-4.190920716902836e-4,-4.859870466631061,-8.06875279997669
2010-05-01,1.5362423957198683,0.8867570738421227,1.2522972360734306,0.2642594825464224,0.7237782709805858,1.7808162011662754,-0.3655401622313079,5.368831152205197,1.5689684019230759,0.27483312829270984,0.03311951997331578,-0.8419480453909761,3.787020137122103e-4,-127.21221824105507,250.68211849777737,0.01307601924135767,0.044730010570122616,0.14630925980594772,0.013649631276716446,0.0315389509314287,-4.190920716902836e-4,-4.859870466631061,-8.06875279997669
2010-06-01,1.8926230629951155,2.4089662593171024,2.5713920272485535,0.30333864776013997,1.9647147317282736,3.1780693227688337,-0.16242576793145114,5.368831152205197,1.5689684019230759,0.27483312829270984,0.03311951997331578,-0.8419480453909761,3.787020137122103e-4,-127.21221824105507,250.68211849777737,0.01307601924135767,0.044730010570122616,0.14630925980594772,0.013649631276716446,0.0315389509314287,-4.190920716902836e-4,-4.859870466631061,-8.06875279997669
2010-07-01,2.25107315865696,2.420803674398099,2.5035737865993934,0.3152721389103835,1.8730295087786264,3.1341180644201607,-0.08277011220129449,5.368831152205197,1.5689684019230759,0.27483312829270984,0.03311951997331578,-0.8419480453909761,3.787020137122103e-4,-127.21221824105507,250.68211849777737,0.01307601924135767,0.044730010570122616,0.14630925980594772,0.013649631276716446,0.0315389509314287,-4.190920716902836e-4,-4.859870466631061,-8.06875279997669
2010-08-01,2.468057402231167,2.5738838212561723,2.6308791518272248,0.3230272482482812,1.9848246553306623,3.276933648323787,-0.05699533057105244,5.368831152205197,1.5689684019230759,0.27483312829270984,0.03311951997331578,-0.8419480453909761,3.787020137122103e-4,-127.21221824105507,250.68211849777737,0.01307601924135767,0.044730010570122616,0.14630925980594772,0.013649631276716446,0.0315389509314287,-4.190920716902836e-4,-4.859870466631061,-8.06875279997669
2010-09-01,2.7061410535856094,2.986254602121496,2.8388737544183855,0.34427263911314016,2.1503284761921053,3.5274190326446657,0.14738084770311044,5.368831152205197,1.5689684019230759,0.27483312829270984,0.03311951997331578,-0.8419480453909761,3.787020137122103e-4,-127.21221824105507,250.68211849777737,0.01307601924135767,0.044730010570122616,0.14630925980594772,0.013649631276716446,0.0315389509314287,-4.190920716902836e-4,-4.859870466631061,-8.06875279997669
2010-10-01,2.298309483342802,2.4142559938521546,2.11328527775323,0.3072338789399039,1.4988175198734224,2.7277530356330377,0.30097071609892456,5.368831152205197,1.5689684019230759,0.27483312829270984,0.03311951997331578,-0.8419480453909761,3.787020137122103e-4,-127.21221824105507,250.68211849777737,0.01307601924135767,0.044730010570122616,0.14630925980594772,0.013649631276716446,0.0315389509314287,-4.190920716902836e-4,-4.859870466631061,-8.06875279997669
2010-11-01,2.8724233507771983,2.642381712163931,2.327802828910128,0.3111433061071993,1.7055162166957292,2.9500894411245264,0.314578883253803,5.368831152205197,1.5689684019230759,0.27483312829270984,0.03311951997331578,-0.8419480453909761,3.787020137122103e-4,-127.21221824105507,250.68211849777737,0.01307601924135767,0.044730010570122616,0.14630925980594772,0.013649631276716446,0.0315389509314287,-4.190920716902836e-4,-4.859870466631061,-8.06875279997669
2010-12-01,2.868929669204733,2.408830516222325,2.121456884988724,0.305480599440191,1.5104956861083418,2.732418083869106,0.28737363123360105,5.368831152205197,1.5689684019230759,0.27483312829270984,0.03311951997331578,-0.8419480453909761,3.787020137122103e-4,-127.21221824105507,250.68211849777737,0.01307601924135767,0.044730010570122616,0.14630925980594772,0.013649631276716446,0.0315389509314287,-4.190920716902836e-4,-4.859870466631061,-8.06875279997669
2011-01-01,2.8170190493624365,2.198593950005916,1.9155092419600344,0.2996279529618448,1.3162533360363446,2.514765147883724,0.2830847080458816,5.368831152205197,1.5689684019230759,0.27483312829270984,0.03311951997331578,-0.8419480453909761,3.787020137122103e-4,-127.21221824105507,250.68211849777737,0.01307601924135767,0.044730010570122616,0.14630925980594772,0.013649631276716446,0.0315389509314287,-4.190920716902836e-4,-4.859870466631061,-8.06875279997669
2011-02-01,2.7989637952774906,1.7992493527084796,1.534828175812228,0.2824560926016004,0.9699159906090272,2.099740361015429,0.26442117689625166,5.368831152205197,1.5689684019230759,0.27483312829270984,0.03311951997331578,-0.8419480453909761,3.787020137122103e-4,-127.21221824105507,250.68211849777737,0.01307601924135767,0.044730010570122616,0.14630925980594772,0.013649631276716446,0.0315389509314287,-4.190920716902836e-4,-4.859870466631061,-8.06875279997669
2011-03-01,3.1688456225057675,2.2295782464871876,1.9060512534808862,0.28999042512681483,1.3260704032272566,2.486032103734516,0.3235269930063014,5.368831152205197,1.5689684019230759,0.27483312829270984,0.03311951997331578,-0.8419480453909761,3.787020137122103e-4,-127.21221824105507,250.68211849777737,0.01307601924135767,0.044730010570122616,0.14630925980594772,0.013649631276716446,0.0315389509314287,-4.190920716902836e-4,-4.859870466631061,-8.06875279997669
2011-04-01,3.534361252249997,2.1814618432697346,1.9962480416716946,0.33453634467812043,1.3271753523154537,2.6653207310279354,0.18521380159804002,5.368831152205197,1.5689684019230759,0.27483312829270984,0.03311951997331578,-0.8419480453909761,3.787020137122103e-4,-127.21221824105507,250.68211849777737,0.01307601924135767,0.044730010570122616,0.14630925980594772,0.013649631276716446,0.0315389509314287,-4.190920716902836e-4,-4.859870466631061,-8.06875279997669
2011-05-01,4.238791355211685,2.044897873954281,1.795856720432921,0.31896258912400216,1.1579315421849166,2.4337818986809254,0.24904115352136014,5.368831152205197,1.5689684019230759,0.27483312829270984,0.03311951997331578,-0.8419480453909761,3.787020137122103e-4,-127.21221824105507,250.68211849777737,0.01307601924135767,0.044730010570122616,0.14630925980594772,0.013649631276716446,0.0315389509314287,-4.190920716902836e-4,-4.859870466631061,-8.06875279997669
2011-06-01,4.578855779522412,2.007383808723859,1.6550266060921914,0.3075587562951141,1.0399090935019633,2.2701441186824196,0.3523572026316675,5.368831152205197,1.5689684019230759,0.27483312829270984,0.03311951997331578,-0.8419480453909761,3.787020137122103e-4,-127.21221824105507,250.68211849777737,0.01307601924135767,0.044730010570122616,0.14630925980594772,0.013649631276716446,0.0315389509314287,-4.190920716902836e-4,-4.859870466631061,-8.06875279997669
2011-07-01,4.646314873768493,2.046788138853668,1.6180844497125753,0.29912960164846447,1.0198252464156463,2.2163436530095044,0.4287036891410927,5.368831152205197,1.5689684019230759,0.27483312829270984,0.03311951997331578,-0.8419480453909761,3.787020137122103e-4,-127.21221824105507,250.68211849777737,0.01307601924135767,0.044730010570122616,0.14630925980594772,0.013649631276716446,0.0315389509314287,-4.190920716902836e-4,-4.859870466631061,-8.06875279997669
2011-08-01,4.512897793251792,3.4040656119335186,1.6796355093093518,0.29806767289797215,1.0835001635134076,2.275770855105296,1.7244301026241668,5.368831152205197,1.5689684019230759,0.27483312829270984,0.03311951997331578,-0.8419480453909761,3.787020137122103e-4,-127.21221824105507,250.68211849777737,0.01307601924135767,0.044730010570122616,0.14630925980594772,0.013649631276716446,0.0315389509314287,-4.190920716902836e-4,-4.859870466631061,-8.06875279997669
2011-09-01,5.026119449530158,4.077731204168237,2.581358619577743,0.3484716738107144,1.8844152719563143,3.278301967199172,1.4963725845904938,5.368831152205197,1.5689684019230759,0.27483312829270984,0.03311951997331578,-0.8419480453909761,3.787020137122103e-4,-127.21221824105507,250.68211849777737,0.01307601924135767,0.044730010570122616,0.14630925980594772,0.013649631276716446,0.0315389509314287,-4.190920716902836e-4,-4.859870466631061,-8.06875279997669
2011-10-01,5.011208223180705,5.599969435718375,3.8576460672854473,0.39509611299826913,3.067453841288909,4.6478382932819855,1.7423233684329276,5.368831152205197,1.5689684019230759,0.27483312829270984,0.03311951997331578,-0.8419480453909761,3.787020137122103e-4,-127.21221824105507,250.68211849777737,0.01307601924135767,0.044730010570122616,0.14630925980594772,0.013649631276716446,0.0315389509314287,-4.190920716902836e-4,-4.859870466631061,-8.06875279997669
2011-11-01,4.972237694623266,4.899240249041269,3.384443191009509,0.36820571279001946,2.6480317654294705,4.120854616589548,1.51479705803176,5.368831152205197,1.5689684019230759,0.27483312829270984,0.03311951997331578,-0.8419480453909761,3.787020137122103e-4,-127.21221824105507,250.68211849777737,0.01307601924135767,0.044730010570122616,0.14630925980594772,0.013649631276716446,0.0315389509314287,-4.190920716902836e-4,-4.859870466631061,-8.06875279997669
2011-12-01,5.849094385673654,4.101712080618658,3.2929027186570257,0.35216652211583094,2.5885696744253637,3.9972357628886876,0.8088093619616328,5.368831152205197,1.5689684019230759,0.27483312829270984,0.03311951997331578,-0.8419480453909761,3.787020137122103e-4,-127.21221824105507,250.68211849777737,0.01307601924135767,0.044730010570122616,0.14630925980594772,0.013649631276716446,0.0315389509314287,-4.190920716902836e-4,-4.859870466631061,-8.06875279997669
2012-01-01,7.130752412371188,4.466983184734674,4.112983745604424,0.3837915776890612,3.3454005902263018,4.880566900982546,0.35399943913024945,5.368831152205197,1.5689684019230759,0.27483312829270984,0.03311951997331578,-0.8419480453909761,3.787020137122103e-4,-127.21221824105507,250.68211849777737,0.01307601924135767,0.044730010570122616,0.14630925980594772,0.013649631276716446,0.0315389509314287,-4.190920716902836e-4,-4.859870466631061,-8.06875279997669
2012-02-01,8.032954497061638,4.072806172421359,3.8119029216118867,0.3748906500544184,3.06212162150305,4.561684221720723,0.2609032508094722,5.368831152205197,1.5689684019230759,0.27483312829270984,0.03311951997331578,-0.8419480453909761,3.787020137122103e-4,-127.21221824105507,250.68211849777737,0.01307601924135767,0.044730010570122616,0.14630925980594772,0.013649631276716446,0.0315389509314287,-4.190920716902836e-4,-4.859870466631061,-8.06875279997669
2012-03-01,5.281086287997114,5.815929528746323,5.486491747580898,0.4844543308376094,4.517583085905679,6.455400409256116,0.3294377811654252,5.368831152205197,1.5689684019230759,0.27483312829270984,0.03311951997331578,-0.8419480453909761,3.787020137122103e-4,-127.21221824105507,250.68211849777737,0.01307601924135767,0.044730010570122616,0.14630925980594772,0.013649631276716446,0.0315389509314287,-4.190920716902836e-4,-4.859870466631061,-8.06875279997669
2012-04-01,5.852109864704868,8.314302197359577,8.417729417682036,0.6524772859894199,7.112774845703196,9.722683989660876,-0.10342722032245888,5.368831152205197,1.5689684019230759,0.27483312829270984,0.03311951997331578,-0.8419480453909761,3.787020137122103e-4,-127.21221824105507,250.68211849777737,0.01307601924135767,0.044730010570122616,0.14630925980594772,0.013649631276716446,0.0315389509314287,-4.190920716902836e-4,-4.859870466631061,-8.06875279997669
2012-05-01,7.383640136891899,8.270290083879413,8.841900274529582,0.6928182038814934,7.456263866766595,10.22753668229257,-0.5716101906501692,5.368831152205197,1.5689684019230759,0.27483312829270984,0.03311951997331578,-0.8419480453909761,3.787020137122103e-4,-127.21221824105507,250.68211849777737,0.01307601924135767,0.044730010570122616,0.14630925980594772,0.013649631276716446,0.0315389509314287,-4.190920716902836e-4,-4.859870466631061,-8.06875279997669
2012-06-01,7.6408606242078925,6.369141078077529,6.373313392925527,0.4799281630185803,5.413457066888366,7.333169718962688,-0.00417231484799796,5.368831152205197,1.5689684019230759,0.27483312829270984,0.03311951997331578,-0.8419480453909761,3.787020137122103e-4,-127.21221824105507,250.68211849777737,0.01307601924135767,0.044730010570122616,0.14630925980594772,0.013649631276716446,0.0315389509314287,-4.190920716902836e-4,-4.859870466631061,-8.06875279997669
2012-07-01,7.125071744249346,5.261348649527809,4.945577008403733,0.3720231842453286,4.201530639913075,5.6896233768943905,0.3157716411240763,5.368831152205197,1.5689684019230759,0.27483312829270984,0.03311951997331578,-0.8419480453909761,3.787020137122103e-4,-127.21221824105507,250.68211849777737,0.01307601924135767,0.044730010570122616,0.14630925980594772,0.013649631276716446,0.0315389509314287,-4.190920716902836e-4,-4.859870466631061,-8.06875279997669
2012-08-01,6.695391780305553,3.9426482467689348,3.555172764538857,0.2901066665267367,2.9749594314853836,4.13538609759233,0.3874754822300779,5.368831152205197,1.5689684019230759,0.27483312829270984,0.03311951997331578,-0.8419480453909761,3.787020137122103e-4,-127.21221824105507,250.68211849777737,0.01307601924135767,0.044730010570122616,0.14630925980594772,0.013649631276716446,0.0315389509314287,-4.190920716902836e-4,-4.859870466631061,-8.06875279997669
2012-09-01,5.657704570650979,3.8057799843392135,3.519184471972594,0.297202703786423,2.9247790643997478,4.11358987954544,0.2865955123666195,5.368831152205197,1.5689684019230759,0.27483312829270984,0.03311951997331578,-0.8419480453909761,3.787020137122103e-4,-127.21221824105507,250.68211849777737,0.01307601924135767,0.044730010570122616,0.14630925980594772,0.013649631276716446,0.0315389509314287,-4.190920716902836e-4,-4.859870466631061,-8.06875279997669
2012-10-01,4.829016006494351,4.724372969013096,4.526067209341355,0.3310199367757108,3.8640273357899337,5.188107082892777,0.19830575967174102,5.368831152205197,1.5689684019230759,0.27483312829270984,0.03311951997331578,-0.8419480453909761,3.787020137122103e-4,-127.21221824105507,250.68211849777737,0.01307601924135767,0.044730010570122616,0.14630925980594772,0.013649631276716446,0.0315389509314287,-4.190920716902836e-4,-4.859870466631061,-8.06875279997669
2012-11-01,4.6316411546193414,4.668888167737828,4.596974471006431,0.3274531956368747,3.9420680797326813,5.25188086228018,0.07191369673139736,5.368831152205197,1.5689684019230759,0.27483312829270984,0.03311951997331578,-0.8419480453909761,3.787020137122103e-4,-127.21221824105507,250.68211849777737,0.01307601924135767,0.044730010570122616,0.14630925980594772,0.013649631276716446,0.0315389509314287,-4.190920716902836e-4,-4.859870466631061,-8.06875279997669
2012-12-01,3.5912705531284255,3.9939063594414828,4.292382079337575,0.3151998472594258,3.661982384818723,4.922781773856427,-0.2984757198960919,5.368831152205197,1.5689684019230759,0.27483312829270984,0.03311951997331578,-0.8419480453909761,3.787020137122103e-4,-127.21221824105507,250.68211849777737,0.01307601924135767,0.044730010570122616,0.14630925980594772,0.013649631276716446,0.0315389509314287,-4.190920716902836e-4,-4.859870466631061,-8.06875279997669
2013-01-01,2.8858904215809855,3.817738592060166,4.13103732695336,0.3034081434643561,3.5242210400246474,4.737853613882072,-0.3132987348931935,5.368831152205197,1.5689684019230759,0.27483312829270984,0.03311951997331578,-0.8419480453909761,3.787020137122103e-4,-127.21221824105507,250.68211849777737,0.01307601924135767,0.044730010570122616,0.14630925980594772,0.013649631276716446,0.0315389509314287,-4.190920716902836e-4,-4.859870466631061,-8.06875279997669
2013-02-01,2.822253637412262,3.7024072283474996,3.675295295551912,0.28371007147510063,3.1078751526017108,4.242715438502113,0.027111932795587546,5.368831152205197,1.5689684019230759,0.27483312829270984,0.03311951997331578,-0.8419480453909761,3.787020137122103e-4,-127.21221824105507,250.68211849777737,0.01307601924135767,0.044730010570122616,0.14630925980594772,0.013649631276716446,0.0315389509314287,-4.190920716902836e-4,-4.859870466631061,-8.06875279997669
2013-03-01,2.9905529720030097,3.448063371938177,3.4066008663877696,0.27218249123511445,2.8622358839175406,3.9509658488579986,0.041462505550407425,5.368831152205197,1.5689684019230759,0.27483312829270984,0.03311951997331578,-0.8419480453909761,3.787020137122103e-4,-127.21221824105507,250.68211849777737,0.01307601924135767,0.044730010570122616,0.14630925980594772,0.013649631276716446,0.0315389509314287,-4.190920716902836e-4,-4.859870466631061,-8.06875279997669
2013-04-01,3.068316245005904,3.446012794639536,3.275275323022994,0.26791225664740925,2.7394508097281753,3.8110998363178124,0.17073747161654218,5.368831152205197,1.5689684019230759,0.27483312829270984,0.03311951997331578,-0.8419480453909761,3.787020137122103e-4,-127.21221824105507,250.68211849777737,0.01307601924135767,0.044730010570122616,0.14630925980594772,0.013649631276716446,0.0315389509314287,-4.190920716902836e-4,-4.859870466631061,-8.06875279997669
2013-05-01,2.4251712302017956,2.7758100742223673,2.718723040318185,0.23543723215061402,2.247848576016957,3.189597504619413,0.05708703390418224,5.368831152205197,1.5689684019230759,0.27483312829270984,0.03311951997331578,-0.8419480453909761,3.787020137122103e-4,-127.21221824105507,250.68211849777737,0.01307601924135767,0.044730010570122616,0.14630925980594772,0.013649631276716446,0.0315389509314287,-4.190920716902836e-4,-4.859870466631061,-8.06875279997669
2013-06-01,2.599477002897557,2.7074600077947064,2.4365797705662833,0.22461511962777042,1.9873495313107425,2.885810009821824,0.27088023722842314,5.368831152205197,1.5689684019230759,0.27483312829270984,0.03311951997331578,-0.8419480453909761,3.787020137122103e-4,-127.21221824105507,250.68211849777737,0.01307601924135767,0.044730010570122616,0.14630925980594772,0.013649631276716446,0.0315389509314287,-4.190920716902836e-4,-4.859870466631061,-8.06875279997669
2013-07-01,2.726058850338198,2.399923798296708,2.200245964314835,0.21115567430404925,1.7779346157067364,2.6225573129229334,0.19967783398187322,5.368831152205197,1.5689684019230759,0.27483312829270984,0.03311951997331578,-0.8419480453909761,3.787020137122103e-4,-127.21221824105507,250.68211849777737,0.01307601924135767,0.044730010570122616,0.14630925980594772,0.013649631276716446,0.0315389509314287,-4.190920716902836e-4,-4.859870466631061,-8.06875279997669
2013-08-01,2.509038410743101,2.270372352111606,2.0568661535918698,0.20608223753514437,1.6447016785215811,2.4690306286621584,0.2135061985197364,5.368831152205197,1.5689684019230759,0.27483312829270984,0.03311951997331578,-0.8419480453909761,3.787020137122103e-4,-127.21221824105507,250.68211849777737,0.01307601924135767,0.044730010570122616,0.14630925980594772,0.013649631276716446,0.0315389509314287,-4.190920716902836e-4,-4.859870466631061,-8.06875279997669
2013-09-01,2.4695871643423892,2.0115821408527057,1.7549618511358562,0.20598332257418428,1.3429952059874877,2.166928496284225,0.25662028971684947,5.368831152205197,1.5689684019230759,0.27483312829270984,0.03311951997331578,-0.8419480453909761,3.787020137122103e-4,-127.21221824105507,250.68211849777737,0.01307601924135767,0.044730010570122616,0.14630925980594772,0.013649631276716446,0.0315389509314287,-4.190920716902836e-4,-4.859870466631061,-8.06875279997669
2013-10-01,2.141960672030611,1.2922721189890127,1.0193828783645795,0.2009547028217659,0.6174734727210478,1.4212922840081113,0.2728892406244332,5.368831152205197,1.5689684019230759,0.27483312829270984,0.03311951997331578,-0.8419480453909761,3.787020137122103e-4,-127.21221824105507,250.68211849777737,0.01307601924135767,0.044730010570122616,0.14630925980594772,0.013649631276716446,0.0315389509314287,-4.190920716902836e-4,-4.859870466631061,-8.06875279997669
2013-11-01,2.054462284594716,1.3852820516865663,1.129472257225685,0.20282961137679065,0.7238130344721037,1.5351314799792664,0.25580979446088126,5.368831152205197,1.5689684019230759,0.27483312829270984,0.03311951997331578,-0.8419480453909761,3.787020137122103e-4,-127.21221824105507,250.68211849777737,0.01307601924135767,0.044730010570122616,0.14630925980594772,0.013649631276716446,0.0315389509314287,-4.190920716902836e-4,-4.859870466631061,-8.06875279997669
2013-12-01,2.042175159329968,1.4056419763758898,1.1425926934011317,0.2162635182052125,0.7100656569907067,1.5751197298115567,0.26304928297475816,5.368831152205197,1.5689684019230759,0.27483312829270984,0.03311951997331578,-0.8419480453909761,3.787020137122103e-4,-127.21221824105507,250.68211849777737,0.01307601924135767,0.044730010570122616,0.14630925980594772,0.013649631276716446,0.0315389509314287,-4.190920716902836e-4,-4.859870466631061,-8.06875279997669
2014-01-01,1.877323406345052,1.1507716794884117,0.8916973784607736,0.2145377361596821,0.46262190614140936,1.3207728507801377,0.2590743010276382,5.368831152205197,1.5689684019230759,0.27483312829270984,0.03311951997331578,-0.8419480453909761,3.787020137122103e-4,-127.21221824105507,250.68211849777737,0.01307601924135767,0.044730010570122616,0.14630925980594772,0.013649631276716446,0.0315389509314287,-4.190920716902836e-4,-4.859870466631061,-8.06875279997669
2014-02-01,1.7686944266291782,1.1197583666151156,0.8340446027074728,0.20668170303319552,0.4206811966410818,1.247408008773864,0.2857137639076428,5.368831152205197,1.5689684019230759,0.27483312829270984,0.03311951997331578,-0.8419480453909761,3.787020137122103e-4,-127.21221824105507,250.68211849777737,0.01307601924135767,0.044730010570122616,0.14630925980594772,0.013649631276716446,0.0315389509314287,-4.190920716902836e-4,-4.859870466631061,-8.06875279997669
2014-03-01,1.5468347529875324,1.1863686997667617,0.8501777415852612,0.2098693344684734,0.4304390726483144,1.269916410522208,0.3361909581815006,5.368831152205197,1.5689684019230759,0.27483312829270984,0.03311951997331578,-0.8419480453909761,3.787020137122103e-4,-127.21221824105507,250.68211849777737,0.01307601924135767,0.044730010570122616,0.14630925980594772,0.013649631276716446,0.0315389509314287,-4.190920716902836e-4,-4.859870466631061,-8.06875279997669
2014-04-01,1.351228566766354,1.0029078093182637,0.5687194188892919,0.2085262087021808,0.15166700148493029,0.9857718362936535,0.43418839042897184,5.368831152205197,1.5689684019230759,0.27483312829270984,0.03311951997331578,-0.8419480453909761,3.787020137122103e-4,-127.21221824105507,250.68211849777737,0.01307601924135767,0.044730010570122616,0.14630925980594772,0.013649631276716446,0.0315389509314287,-4.190920716902836e-4,-4.859870466631061,-8.06875279997669
2014-05-01,1.4421216892821156,1.2565330918485524,0.706299241569516,0.21440502948410223,0.2774891826013115,1.1351093005377204,0.5502338502790365,5.368831152205197,1.5689684019230759,0.27483312829270984,0.03311951997331578,-0.8419480453909761,3.787020137122103e-4,-127.21221824105507,250.68211849777737,0.01307601924135767,0.044730010570122616,0.14630925980594772,0.013649631276716446,0.0315389509314287,-4.190920716902836e-4,-4.859870466631061,-8.06875279997669
2014-06-01,1.342207493438491,1.5834942794893063,0.9226787844141766,0.22133991974509667,0.47999894492398326,1.36535862390437,0.6608154950751297,5.368831152205197,1.5689684019230759,0.27483312829270984,0.03311951997331578,-0.8419480453909761,3.787020137122103e-4,-127.21221824105507,250.68211849777737,0.01307601924135767,0.044730010570122616,0.14630925980594772,0.013649631276716446,0.0315389509314287,-4.190920716902836e-4,-4.859870466631061,-8.06875279997669
2014-07-01,1.4458537296572131,1.3717880835425604,0.7956034094832818,0.21549412189835832,0.36461516568656516,1.2265916532799985,0.5761846740592786,5.368831152205197,1.5689684019230759,0.27483312829270984,0.03311951997331578,-0.8419480453909761,3.787020137122103e-4,-127.21221824105507,250.68211849777737,0.01307601924135767,0.044730010570122616,0.14630925980594772,0.013649631276716446,0.0315389509314287,-4.190920716902836e-4,-4.859870466631061,-8.06875279997669
2014-08-01,1.4944576224929609,1.3287949828192038,0.8177206514786812,0.21641672487034444,0.38488720173799235,1.2505541012193702,0.5110743313405226,5.368831152205197,1.5689684019230759,0.27483312829270984,0.03311951997331578,-0.8419480453909761,3.787020137122103e-4,-127.21221824105507,250.68211849777737,0.01307601924135767,0.044730010570122616,0.14630925980594772,0.013649631276716446,0.0315389509314287,-4.190920716902836e-4,-4.859870466631061,-8.06875279997669
2014-09-01,1.446562146933346,1.658835744263173,1.0115783477896851,0.2248270796306267,0.5619241885284317,1.4612325070509384,0.6472573964734878,5.368831152205197,1.5689684019230759,0.27483312829270984,0.03311951997331578,-0.8419480453909761,3.787020137122103e-4,-127.21221824105507,250.68211849777737,0.01307601924135767,0.044730010570122616,0.14630925980594772,0.013649631276716446,0.0315389509314287,-4.190920716902836e-4,-4.859870466631061,-8.06875279997669
2014-10-01,1.8536311489948416,2.306059656557972,1.976768558038036,0.2345329122415819,1.5077027335548723,2.4458343825212,0.32929109851993577,5.368831152205197,1.5689684019230759,0.27483312829270984,0.03311951997331578,-0.8419480453909761,3.787020137122103e-4,-127.21221824105507,250.68211849777737,0.01307601924135767,0.044730010570122616,0.14630925980594772,0.013649631276716446,0.0315389509314287,-4.190920716902836e-4,-4.859870466631061,-8.06875279997669
2014-11-01,2.113567606834746,2.139281011143848,1.6723629206093378,0.22236542247570515,1.2276320756579275,2.1170937655607482,0.4669180905345103,5.368831152205197,1.5689684019230759,0.27483312829270984,0.03311951997331578,-0.8419480453909761,3.787020137122103e-4,-127.21221824105507,250.68211849777737,0.01307601924135767,0.044730010570122616,0.14630925980594772,0.013649631276716446,0.0315389509314287,-4.190920716902836e-4,-4.859870466631061,-8.06875279997669
2014-12-01,2.243705637716786,1.956579785475484,1.619269923684397,0.22719813545779366,1.1648736527688097,2.0736661945999844,0.337309861791087,5.368831152205197,1.5689684019230759,0.27483312829270984,0.03311951997331578,-0.8419480453909761,3.787020137122103e-4,-127.21221824105507,250.68211849777737,0.01307601924135767,0.044730010570122616,0.14630925980594772,0.013649631276716446,0.0315389509314287,-4.190920716902836e-4,-4.859870466631061,-8.06875279997669
2015-01-01,2.618190876828429,1.7178496703855162,1.69431212905477,0.23289757734547528,1.2285169743638193,2.1601072837457207,0.023537541330746148,5.368831152205197,1.5689684019230759,0.27483312829270984,0.03311951997331578,-0.8419480453909761,3.787020137122103e-4,-127.21221824105507,250.68211849777737,0.01307601924135767,0.044730010570122616,0.14630925980594772,0.013649631276716446,0.0315389509314287,-4.190920716902836e-4,-4.859870466631061,-8.06875279997669
2015-02-01,2.7212327859714582,2.006918898871216,1.6793590616560863,0.24054333576263817,1.1982723901308099,2.1604457331813625,0.3275598372151296,5.368831152205197,1.5689684019230759,0.27483312829270984,0.03311951997331578,-0.8419480453909761,3.787020137122103e-4,-127.21221824105507,250.68211849777737,0.01307601924135767,0.044730010570122616,0.14630925980594772,0.013649631276716446,0.0315389509314287,-4.190920716902836e-4,-4.859870466631061,-8.06875279997669
2015-03-01,2.9968144405040884,2.1336866879288126,1.5272836259890696,0.23307871123025808,1.0611262035285534,1.993441048449586,0.6064030619397429,5.368831152205197,1.5689684019230759,0.27483312829270984,0.03311951997331578,-0.8419480453909761,3.787020137122103e-4,-127.21221824105507,250.68211849777737,0.01307601924135767,0.044730010570122616,0.14630925980594772,0.013649631276716446,0.0315389509314287,-4.190920716902836e-4,-4.859870466631061,-8.06875279997669
2015-04-01,3.4555361340270476,1.589111296428876,1.1873892444649563,0.2331444691552472,0.7211003061544619,1.6536781827754508,0.40172205196391975,5.368831152205197,1.5689684019230759,0.27483312829270984,0.03311951997331578,-0.8419480453909761,3.787020137122103e-4,-127.21221824105507,250.68211849777737,0.01307601924135767,0.044730010570122616,0.14630925980594772,0.013649631276716446,0.0315389509314287,-4.190920716902836e-4,-4.859870466631061,-8.06875279997669
2015-05-01,3.0066074769454554,1.7368790099106386,1.4027996341530429,0.22581664594798473,0.9511663422570734,1.8544329260490122,0.3340793757575957,5.368831152205197,1.5689684019230759,0.27483312829270984,0.03311951997331578,-0.8419480453909761,3.787020137122103e-4,-127.21221824105507,250.68211849777737,0.01307601924135767,0.044730010570122616,0.14630925980594772,0.013649631276716446,0.0315389509314287,-4.190920716902836e-4,-4.859870466631061,-8.06875279997669
2015-06-01,3.0525514207865423,1.7119354064436147,1.5107334487079327,0.2306327889191833,1.0494678708695662,1.9719990265462992,0.20120195773568206,5.368831152205197,1.5689684019230759,0.27483312829270984,0.03311951997331578,-0.8419480453909761,3.787020137122103e-4,-127.21221824105507,250.68211849777737,0.01307601924135767,0.044730010570122616,0.14630925980594772,0.013649631276716446,0.0315389509314287,-4.190920716902836e-4,-4.859870466631061,-8.06875279997669
2015-07-01,2.8548961438821725,2.136470798895285,1.8575458951911634,0.23677642762056592,1.3839930399500315,2.3310987504322953,0.2789249037041217,5.368831152205197,1.5689684019230759,0.27483312829270984,0.03311951997331578,-0.8419480453909761,3.787020137122103e-4,-127.21221824105507,250.68211849777737,0.01307601924135767,0.044730010570122616,0.14630925980594772,0.013649631276716446,0.0315389509314287,-4.190920716902836e-4,-4.859870466631061,-8.06875279997669
2015-08-01,2.7694666770309313,2.2584879582445376,1.9365651750437958,0.22740918756985837,1.481746799904079,2.3913835501835123,0.32192278320074186,5.368831152205197,1.5689684019230759,0.27483312829270984,0.03311951997331578,-0.8419480453909761,3.787020137122103e-4,-127.21221824105507,250.68211849777737,0.01307601924135767,0.044730010570122616,0.14630925980594772,0.013649631276716446,0.0315389509314287,-4.190920716902836e-4,-4.859870466631061,-8.06875279997669
2015-09-01,2.2531225941065,2.4952471072553903,1.9794309583830043,0.23658305797510099,1.5062648424328025,2.452597074333206,0.515816148872386,5.368831152205197,1.5689684019230759,0.27483312829270984,0.03311951997331578,-0.8419480453909761,3.787020137122103e-4,-127.21221824105507,250.68211849777737,0.01307601924135767,0.044730010570122616,0.14630925980594772,0.013649631276716446,0.0315389509314287,-4.190920716902836e-4,-4.859870466631061,-8.06875279997669
2015-10-01,2.0864071087425615,3.0667514789508057,2.70575463077545,0.290677194568781,2.124400241637888,3.2871090199130117,0.3609968481753558,5.368831152205197,1.5689684019230759,0.27483312829270984,0.03311951997331578,-0.8419480453909761,3.787020137122103e-4,-127.21221824105507,250.68211849777737,0.01307601924135767,0.044730010570122616,0.14630925980594772,0.013649631276716446,0.0315389509314287,-4.190920716902836e-4,-4.859870466631061,-8.06875279997669
2015-11-01,1.97960001227388,2.8191700133869917,2.5229350424570294,0.27997279038791373,1.962989461681202,3.0828806232328567,0.2962349709299623,5.368831152205197,1.5689684019230759,0.27483312829270984,0.03311951997331578,-0.8419480453909761,3.787020137122103e-4,-127.21221824105507,250.68211849777737,0.01307601924135767,0.044730010570122616,0.14630925980594772,0.013649631276716446,0.0315389509314287,-4.190920716902836e-4,-4.859870466631061,-8.06875279997669
2015-12-01,2.204018556164475,2.8149752348125334,2.4578604417661873,0.2754885747059299,1.9068832923543275,3.008837591178047,0.3571147930463461,5.368831152205197,1.5689684019230759,0.27483312829270984,0.03311951997331578,-0.8419480453909761,3.787020137122103e-4,-127.21221824105507,250.68211849777737,0.01307601924135767,0.044730010570122616,0.14630925980594772,0.013649631276716446,0.0315389509314287,-4.190920716902836e-4,-4.859870466631061,-8.06875279997669
2016-01-01,2.489058640993614,2.915035603821438,2.376981816526467,0.26736212235524565,1.842257571815976,2.9117060612369583,0.5380537872949707,5.368831152205197,1.5689684019230759,0.27483312829270984,0.03311951997331578,-0.8419480453909761,3.787020137122103e-4,-127.21221824105507,250.68211849777737,0.01307601924135767,0.044730010570122616,0.14630925980594772,0.013649631276716446,0.0315389509314287,-4.190920716902836e-4,-4.859870466631061,-8.06875279997669
2016-02-01,2.9462616628079377,2.738940547882291,2.5324607459792676,0.2633228184142435,2.0058151091507805,3.0591063828077547,0.2064798019030234,5.368831152205197,1.5689684019230759,0.27483312829270984,0.03311951997331578,-0.8419480453909761,3.787020137122103e-4,-127.21221824105507,250.68211849777737,0.01307601924135767,0.044730010570122616,0.14630925980594772,0.013649631276716446,0.0315389509314287,-4.190920716902836e-4,-4.859870466631061,-8.06875279997669
2016-03-01,2.599266665306093,2.400210902327195,2.124192226811531,0.2438143165354785,1.6365635937405743,2.611820859882488,0.27601867551566395,5.368831152205197,1.5689684019230759,0.27483312829270984,0.03311951997331578,-0.8419480453909761,3.787020137122103e-4,-127.21221824105507,250.68211849777737,0.01307601924135767,0.044730010570122616,0.14630925980594772,0.013649631276716446,0.0315389509314287,-4.190920716902836e-4,-4.859870466631061,-8.06875279997669
2016-04-01,2.5852514167706016,2.313789374733329,2.013333987977774,0.2541545742585042,1.5050248394607657,2.5216431364947827,0.30045538675555505,5.368831152205197,1.5689684019230759,0.27483312829270984,0.03311951997331578,-0.8419480453909761,3.787020137122103e-4,-127.21221824105507,250.68211849777737,0.01307601924135767,0.044730010570122616,0.14630925980594772,0.013649631276716446,0.0315389509314287,-4.190920716902836e-4,-4.859870466631061,-8.06875279997669
2016-05-01,2.194342405415118,2.990747844527644,2.7213468033817754,0.2828342365488805,2.1556783302840143,3.2870152764795364,0.2694010411458687,5.368831152205197,1.5689684019230759,0.27483312829270984,0.03311951997331578,-0.8419480453909761,3.787020137122103e-4,-127.21221824105507,250.68211849777737,0.01307601924135767,0.044730010570122616,0.14630925980594772,0.013649631276716446,0.0315389509314287,-4.190920716902836e-4,-4.859870466631061,-8.06875279997669
2016-06-01,2.309329659192163,2.352058666655915,2.649734745939106,0.3063780899192009,2.0369785661007045,3.2624909257775077,-0.2976760792831912,5.368831152205197,1.5689684019230759,0.27483312829270984,0.03311951997331578,-0.8419480453909761,3.787020137122103e-4,-127.21221824105507,250.68211849777737,0.01307601924135767,0.044730010570122616,0.14630925980594772,0.013649631276716446,0.0315389509314287,-4.190920716902836e-4,-4.859870466631061,-8.06875279997669
2016-07-01,2.396844363605606,2.4300698460244523,2.1051548785248806,0.2821223933718749,1.540910091781131,2.6693996652686303,0.3249149674995717,5.368831152205197,1.5689684019230759,0.27483312829270984,0.03311951997331578,-0.8419480453909761,3.787020137122103e-4,-127.21221824105507,250.68211849777737,0.01307601924135767,0.044730010570122616,0.14630925980594772,0.013649631276716446,0.0315389509314287,-4.190920716902836e-4,-4.859870466631061,-8.06875279997669
2016-08-01,2.4773168807594037,2.7051911739802694,2.3266755352532056,0.2584836653123447,1.8097082046285162,2.8436428658778947,0.37851563872706384,5.368831152205197,1.5689684019230759,0.27483312829270984,0.03311951997331578,-0.8419480453909761,3.787020137122103e-4,-127.21221824105507,250.68211849777737,0.01307601924135767,0.044730010570122616,0.14630925980594772,0.013649631276716446,0.0315389509314287,-4.190920716902836e-4,-4.859870466631061,-8.06875279997669
2016-09-01,2.518680462353966,2.749627105318008,2.380191065296266,0.25911565293073,1.861959759434806,2.898422371157726,0.3694360400217418,5.368831152205197,1.5689684019230759,0.27483312829270984,0.03311951997331578,-0.8419480453909761,3.787020137122103e-4,-127.21221824105507,250.68211849777737,0.01307601924135767,0.044730010570122616,0.14630925980594772,0.013649631276716446,0.0315389509314287,-4.190920716902836e-4,-4.859870466631061,-8.06875279997669
2016-10-01,2.494466357528393,1.419055284729918,1.198621121640283,0.22585679266796496,0.7469075363043529,1.6503347069762129,0.22043416308963515,5.368831152205197,1.5689684019230759,0.27483312829270984,0.03311951997331578,-0.8419480453909761,3.787020137122103e-4,-127.21221824105507,250.68211849777737,0.01307601924135767,0.044730010570122616,0.14630925980594772,0.013649631276716446,0.0315389509314287,-4.190920716902836e-4,-4.859870466631061,-8.06875279997669
2016-11-01,2.142997308789273,1.7335680896209522,1.4209815596372515,0.2624320758298452,0.8961174079775611,1.9458457112969418,0.31258652998370073,5.368831152205197,1.5689684019230759,0.27483312829270984,0.03311951997331578,-0.8419480453909761,3.787020137122103e-4,-127.21221824105507,250.68211849777737,0.01307601924135767,0.044730010570122616,0.14630925980594772,0.013649631276716446,0.0315389509314287,-4.190920716902836e-4,-4.859870466631061,-8.06875279997669
2016-12-01,2.0368676966378088,1.7459041851304558,1.4525101530798965,0.26090508053348704,0.9306999920129224,1.9743203141468706,0.29339403205055925,5.368831152205197,1.5689684019230759,0.27483312829270984,0.03311951997331578,-0.8419480453909761,3.787020137122103e-4,-127.21221824105507,250.68211849777737,0.01307601924135767,0.044730010570122616,0.14630925980594772,0.013649631276716446,0.0315389509314287,-4.190920716902836e-4,-4.859870466631061,-8.06875279997669
2017-01-01,2.0597989064665607,1.8610056014583372,1.443431060982319,0.2763652763514523,0.8907005082794145,1.9961616136852238,0.41757454047601805,5.368831152205197,1.5689684019230759,0.27483312829270984,0.03311951997331578,-0.8419480453909761,3.787020137122103e-4,-127.21221824105507,250.68211849777737,0.01307601924135767,0.044730010570122616,0.14630925980594772,0.013649631276716446,0.0315389509314287,-4.190920716902836e-4,-4.859870466631061,-8.06875279997669
2017-02-01,2.1478797550862265,1.9233303124385912,1.5462151757996252,0.24857452440419933,1.0490661269912265,2.0433642246080237,0.377115136638966,5.368831152205197,1.5689684019230759,0.27483312829270984,0.03311951997331578,-0.8419480453909761,3.787020137122103e-4,-127.21221824105507,250.68211849777737,0.01307601924135767,0.044730010570122616,0.14630925980594772,0.013649631276716446,0.0315389509314287,-4.190920716902836e-4,-4.859870466631061,-8.06875279997669
2017-03-01,2.0319824518154372,2.077350406749361,1.5254509014798048,0.27265818779562906,0.9801345258885467,2.070767277071063,0.5518995052695561,5.368831152205197,1.5689684019230759,0.27483312829270984,0.03311951997331578,-0.8419480453909761,3.787020137122103e-4,-127.21221824105507,250.68211849777737,0.01307601924135767,0.044730010570122616,0.14630925980594772,0.013649631276716446,0.0315389509314287,-4.190920716902836e-4,-4.859870466631061,-8.06875279997669
2017-04-01,1.9220573156095713,1.9617059953748939,1.545097798816037,0.280440809564062,0.9842161796879131,2.105979417944161,0.41660819655885684,5.368831152205197,1.5689684019230759,0.27483312829270984,0.03311951997331578,-0.8419480453909761,3.787020137122103e-4,-127.21221824105507,250.68211849777737,0.01307601924135767,0.044730010570122616,0.14630925980594772,0.013649631276716446,0.0315389509314287,-4.190920716902836e-4,-4.859870466631061,-8.06875279997669
2017-05-01,1.6622324918625315,1.9556572506583103,1.5839100942668956,0.23779341328809395,1.1083232676907078,2.0594969208430833,0.37174715639141476,5.368831152205197,1.5689684019230759,0.27483312829270984,0.03311951997331578,-0.8419480453909761,3.787020137122103e-4,-127.21221824105507,250.68211849777737,0.01307601924135767,0.044730010570122616,0.14630925980594772,0.013649631276716446,0.0315389509314287,-4.190920716902836e-4,-4.859870466631061,-8.06875279997669
2017-06-01,1.6472000145050616,1.7048503236790604,1.3861281829421594,0.24168918913176016,0.9027498046786391,1.8695065612056798,0.31872214073690097,5.368831152205197,1.5689684019230759,0.27483312829270984,0.03311951997331578,-0.8419480453909761,3.787020137122103e-4,-127.21221824105507,250.68211849777737,0.01307601924135767,0.044730010570122616,0.14630925980594772,0.013649631276716446,0.0315389509314287,-4.190920716902836e-4,-4.859870466631061,-8.06875279997669
2017-07-01,1.4531079451959517,1.5055866681835208,1.3106457160540401,0.23405565799416958,0.8425344000657009,1.7787570320423793,0.1949409521294807,5.368831152205197,1.5689684019230759,0.27483312829270984,0.03311951997331578,-0.8419480453909761,3.787020137122103e-4,-127.21221824105507,250.68211849777737,0.01307601924135767,0.044730010570122616,0.14630925980594772,0.013649631276716446,0.0315389509314287,-4.190920716902836e-4,-4.859870466631061,-8.06875279997669
2017-08-01,1.532308574492042,1.4898837205729891,1.2484422936448905,0.2349602554919648,0.7785217826609608,1.71836280462882,0.24144142692809867,5.368831152205197,1.5689684019230759,0.27483312829270984,0.03311951997331578,-0.8419480453909761,3.787020137122103e-4,-127.21221824105507,250.68211849777737,0.01307601924135767,0.044730010570122616,0.14630925980594772,0.013649631276716446,0.0315389509314287,-4.190920716902836e-4,-4.859870466631061,-8.06875279997669
2017-09-01,1.5266619864255722,1.5311249737943302,1.2912420122362906,0.24955330093585282,0.792135410364585,1.7903486141079963,0.23988296155803956,5.368831152205197,1.5689684019230759,0.27483312829270984,0.03311951997331578,-0.8419480453909761,3.787020137122103e-4,-127.21221824105507,250.68211849777737,0.01307601924135767,0.044730010570122616,0.14630925980594772,0.013649631276716446,0.0315389509314287,-4.190920716902836e-4,-4.859870466631061,-8.06875279997669
2017-10-01,1.5145542114366894,1.7888694802624612,1.5120024535036274,0.25271691182448675,1.006568629854654,2.017436277152601,0.2768670267588338,5.368831152205197,1.5689684019230759,0.27483312829270984,0.03311951997331578,-0.8419480453909761,3.787020137122103e-4,-127.21221824105507,250.68211849777737,0.01307601924135767,0.044730010570122616,0.14630925980594772,0.013649631276716446,0.0315389509314287,-4.190920716902836e-4,-4.859870466631061,-8.06875279997669
2017-11-01,1.4279788202890504,1.5372971431208908,1.3737436585657474,0.26994317247122895,0.8338573136232895,1.9136300035082052,0.1635534845551434,5.368831152205197,1.5689684019230759,0.27483312829270984,0.03311951997331578,-0.8419480453909761,3.787020137122103e-4,-127.21221824105507,250.68211849777737,0.01307601924135767,0.044730010570122616,0.14630925980594772,0.013649631276716446,0.0315389509314287,-4.190920716902836e-4,-4.859870466631061,-8.06875279997669
2017-12-01,1.2232840301543153,2.0904962515318886,1.882297041484983,0.27015811105279974,1.3419808193793834,2.4226132635905824,0.20819921004690567,5.368831152205197,1.5689684019230759,0.27483312829270984,0.03311951997331578,-0.8419480453909761,3.787020137122103e-4,-127.21221824105507,250.68211849777737,0.01307601924135767,0.044730010570122616,0.14630925980594772,0.013649631276716446,0.0315389509314287,-4.190920716902836e-4,-4.859870466631061,-8.06875279997669
2018-01-01,0.9845649958564126,2.127195869011374,1.8159007839896493,0.2563699265073026,1.303160930975044,2.3286406370042547,0.31129508502172465,5.368831152205197,1.5689684019230759,0.27483312829270984,0.03311951997331578,-0.8419480453909761,3.787020137122103e-4,-127.21221824105507,250.68211849777737,0.01307601924135767,0.044730010570122616,0.14630925980594772,0.013649631276716446,0.0315389509314287,-4.190920716902836e-4,-4.859870466631061,-8.06875279997669
2018-02-01,1.0099342975664356,1.707976115133654,1.4119193436692727,0.2403702377021643,0.9311788682649441,1.8926598190736015,0.29605677146438136,5.368831152205197,1.5689684019230759,0.27483312829270984,0.03311951997331578,-0.8419480453909761,3.787020137122103e-4,-127.21221824105507,250.68211849777737,0.01307601924135767,0.044730010570122616,0.14630925980594772,0.013649631276716446,0.0315389509314287,-4.190920716902836e-4,-4.859870466631061,-8.06875279997669
2018-03-01,1.0781663721735637,1.8553973894163251,1.5824990521549398,0.24871482437384795,1.085069403407244,2.0799287009026357,0.27289833726138535,5.368831152205197,1.5689684019230759,0.27483312829270984,0.03311951997331578,-0.8419480453909761,3.787020137122103e-4,-127.21221824105507,250.68211849777737,0.01307601924135767,0.044730010570122616,0.14630925980594772,0.013649631276716446,0.0315389509314287,-4.190920716902836e-4,-4.859870466631061,-8.06875279997669
2018-04-01,1.0155723884991252,1.300691913487824,1.4009011956711674,0.24015859946316653,0.9205839967448344,1.8812183945975005,-0.10020928218334335,5.368831152205197,1.5689684019230759,0.27483312829270984,0.03311951997331578,-0.8419480453909761,3.787020137122103e-4,-127.21221824105507,250.68211849777737,0.01307601924135767,0.044730010570122616,0.14630925980594772,0.013649631276716446,0.0315389509314287,-4.190920716902836e-4,-4.859870466631061,-8.06875279997669
2018-05-01,1.1092429529309222,1.149279573793562,1.1339112333621397,0.23517691219100786,0.6635574089801239,1.6042650577441555,0.015368340431422212,5.368831152205197,1.5689684019230759,0.27483312829270984,0.03311951997331578,-0.8419480453909761,3.787020137122103e-4,-127.21221824105507,250.68211849777737,0.01307601924135767,0.044730010570122616,0.14630925980594772,0.013649631276716446,0.0315389509314287,-4.190920716902836e-4,-4.859870466631061,-8.06875279997669
2018-06-01,1.2184687473779812,1.3257596454984504,1.1781788590075841,0.2383562743306987,0.7014663103461867,1.6548914076689816,0.14758078649086626,5.368831152205197,1.5689684019230759,0.27483312829270984,0.03311951997331578,-0.8419480453909761,3.787020137122103e-4,-127.21221824105507,250.68211849777737,0.01307601924135767,0.044730010570122616,0.14630925980594772,0.013649631276716446,0.0315389509314287,-4.190920716902836e-4,-4.859870466631061,-8.06875279997669
2018-07-01,1.119290349130723,1.0874883055639766,1.0002622918092294,0.22773629324584477,0.5447897053175399,1.455734878300919,0.08722601375474714,5.368831152205197,1.5689684019230759,0.27483312829270984,0.03311951997331578,-0.8419480453909761,3.787020137122103e-4,-127.21221824105507,250.68211849777737,0.01307601924135767,0.044730010570122616,0.14630925980594772,0.013649631276716446,0.0315389509314287,-4.190920716902836e-4,-4.859870466631061,-8.06875279997669
2018-08-01,1.2514415851323928,1.1816732906140452,1.1162611510318703,0.22733274102207787,0.6615956689877145,1.570926633076026,0.06541213958217496,5.368831152205197,1.5689684019230759,0.27483312829270984,0.03311951997331578,-0.8419480453909761,3.787020137122103e-4,-127.21221824105507,250.68211849777737,0.01307601924135767,0.044730010570122616,0.14630925980594772,0.013649631276716446,0.0315389509314287,-4.190920716902836e-4,-4.859870466631061,-8.06875279997669
2018-09-01,1.1906814177035965,1.5117418678520804,1.2974982536490698,0.23550832186176082,0.8264816099255481,1.7685148973725915,0.21424361420301063,5.368831152205197,1.5689684019230759,0.27483312829270984,0.03311951997331578,-0.8419480453909761,3.787020137122103e-4,-127.21221824105507,250.68211849777737,0.01307601924135767,0.044730010570122616,0.14630925980594772,0.013649631276716446,0.0315389509314287,-4.190920716902836e-4,-4.859870466631061,-8.06875279997669
2018-10-01,1.2913000367293366,1.7673830841477443,1.4289824070362895,0.244989571467324,0.9390032641016415,1.9189615499709376,0.3384006771114547,5.368831152205197,1.5689684019230759,0.27483312829270984,0.03311951997331578,-0.8419480453909761,3.787020137122103e-4,-127.21221824105507,250.68211849777737,0.01307601924135767,0.044730010570122616,0.14630925980594772,0.013649631276716446,0.0315389509314287,-4.190920716902836e-4,-4.859870466631061,-8.06875279997669
2018-11-01,1.3138676013839186,1.349941494921202,1.0429720870577022,0.23345900035820757,0.5760540863412871,1.5098900877741173,0.3069694078634999,5.368831152205197,1.5689684019230759,0.27483312829270984,0.03311951997331578,-0.8419480453909761,3.787020137122103e-4,-127.21221824105507,250.68211849777737,0.01307601924135767,0.044730010570122616,0.14630925980594772,0.013649631276716446,0.0315389509314287,-4.190920716902836e-4,-4.859870466631061,-8.06875279997669
2018-12-01,1.2590504719593567,1.3596341006822978,1.0391604650201325,0.2406573011757819,0.5578458626685687,1.5204750673716962,0.32047363566216536,5.368831152205197,1.5689684019230759,0.27483312829270984,0.03311951997331578,-0.8419480453909761,3.787020137122103e-4,-127.21221824105507,250.68211849777737,0.01307601924135767,0.044730010570122616,0.14630925980594772,0.013649631276716446,0.0315389509314287,-4.190920716902836e-4,-4.859870466631061,-8.06875279997669
2019-01-01,1.2313073779909256,1.2447505241053134,0.8390098332419607,0.2389604333132611,0.36108896661543843,1.3169306998684829,0.40574069086335274,5.368831152205197,1.5689684019230759,0.27483312829270984,0.03311951997331578,-0.8419480453909761,3.787020137122103e-4,-127.21221824105507,250.68211849777737,0.01307601924135767,0.044730010570122616,0.14630925980594772,0.013649631276716446,0.0315389509314287,-4.190920716902836e-4,-4.859870466631061,-8.06875279997669
2019-02-01,1.1757538882391094,1.1250475128739852,0.7132921853593999,0.2322582954613573,0.2487755944366853,1.1778087762821143,0.4117553275145853,5.368831152205197,1.5689684019230759,0.27483312829270984,0.03311951997331578,-0.8419480453909761,3.787020137122103e-4,-127.21221824105507,250.68211849777737,0.01307601924135767,0.044730010570122616,0.14630925980594772,0.013649631276716446,0.0315389509314287,-4.190920716902836e-4,-4.859870466631061,-8.06875279997669
2019-03-01,1.1662279043314407,1.1589769008446211,0.7061372604905296,0.23333625224463772,0.23946475600125416,1.172809764979805,0.4528396403540915,5.368831152205197,1.5689684019230759,0.27483312829270984,0.03311951997331578,-0.8419480453909761,3.787020137122103e-4,-127.21221824105507,250.68211849777737,0.01307601924135767,0.044730010570122616,0.14630925980594772,0.013649631276716446,0.0315389509314287,-4.190920716902836e-4,-4.859870466631061,-8.06875279997669
2019-04-01,1.0925166186778454,0.7494229389515392,0.6543011008734476,0.2390317683702698,0.17623756413290803,1.1323646376139873,0.0951218380780916,5.368831152205197,1.5689684019230759,0.27483312829270984,0.03311951997331578,-0.8419480453909761,3.787020137122103e-4,-127.21221824105507,250.68211849777737,0.01307601924135767,0.044730010570122616,0.14630925980594772,0.013649631276716446,0.0315389509314287,-4.190920716902836e-4,-4.859870466631061,-8.06875279997669
2019-05-01,1.116153965135764,0.7608970939325056,0.5826035037563502,0.23807646154326545,0.10645058066981927,1.058756426842881,0.17829359017615543,5.368831152205197,1.5689684019230759,0.27483312829270984,0.03311951997331578,-0.8419480453909761,3.787020137122103e-4,-127.21221824105507,250.68211849777737,0.01307601924135767,0.044730010570122616,0.14630925980594772,0.013649631276716446,0.0315389509314287,-4.190920716902836e-4,-4.859870466631061,-8.06875279997669
2019-06-01,0.9824032304665932,0.6118252015277466,0.4953183714495424,0.2324597558133873,0.0303988598227678,0.960237883076317,0.11650683007820417,5.368831152205197,1.5689684019230759,0.27483312829270984,0.03311951997331578,-0.8419480453909761,3.787020137122103e-4,-127.21221824105507,250.68211849777737,0.01307601924135767,0.044730010570122616,0.14630925980594772,0.013649631276716446,0.0315389509314287,-4.190920716902836e-4,-4.859870466631061,-8.06875279997669
2019-07-01,0.8112589190177335,0.7806911398376554,0.493938673859569,0.23868376089639118,0.016571152066786665,0.9713061956523514,0.28675246597808635,5.368831152205197,1.5689684019230759,0.27483312829270984,0.03311951997331578,-0.8419480453909761,3.787020137122103e-4,-127.21221824105507,250.68211849777737,0.01307601924135767,0.044730010570122616,0.14630925980594772,0.013649631276716446,0.0315389509314287,-4.190920716902836e-4,-4.859870466631061,-8.06875279997669
2019-08-01,0.8351789748760353,0.8666553993148949,0.537919938851771,0.24348309196232984,0.05095375492711135,1.0248861227764308,0.32873546046312385,5.368831152205197,1.5689684019230759,0.27483312829270984,0.03311951997331578,-0.8419480453909761,3.787020137122103e-4,-127.21221824105507,250.68211849777737,0.01307601924135767,0.044730010570122616,0.14630925980594772,0.013649631276716446,0.0315389509314287,-4.190920716902836e-4,-4.859870466631061,-8.06875279997669
2019-09-01,0.6314628593531789,1.1100787840688673,0.7463622308197797,0.2448600926683342,0.2566420454831113,1.236082416156448,0.3637165532490876,5.368831152205197,1.5689684019230759,0.27483312829270984,0.03311951997331578,-0.8419480453909761,3.787020137122103e-4,-127.21221824105507,250.68211849777737,0.01307601924135767,0.044730010570122616,0.14630925980594772,0.013649631276716446,0.0315389509314287,-4.190920716902836e-4,-4.859870466631061,-8.06875279997669
2019-10-01,0.5676449014200925,0.7361828823996128,0.5903184340313024,0.25225567508843183,0.08580708385443869,1.094829784208166,0.14586444836831047,5.368831152205197,1.5689684019230759,0.27483312829270984,0.03311951997331578,-0.8419480453909761,3.787020137122103e-4,-127.21221824105507,250.68211849777737,0.01307601924135767,0.044730010570122616,0.14630925980594772,0.013649631276716446,0.0315389509314287,-4.190920716902836e-4,-4.859870466631061,-8.06875279997669
2019-11-01,0.5712729858763097,0.505937643372022,0.5497243524482975,0.2464953187003847,0.05673371504752811,1.0427149898490669,-0.043786709076275576,5.368831152205197,1.5689684019230759,0.27483312829270984,0.03311951997331578,-0.8419480453909761,3.787020137122103e-4,-127.21221824105507,250.68211849777737,0.01307601924135767,0.044730010570122616,0.14630925980594772,0.013649631276716446,0.0315389509314287,-4.190920716902836e-4,-4.859870466631061,-8.06875279997669
2019-12-01,0.5855081805891017,0.5523432643315921,0.5582507126278493,0.24676323125427196,0.06472425011930538,1.0517771751363933,-0.005907448296257223,5.368831152205197,1.5689684019230759,0.27483312829270984,0.03311951997331578,-0.8419480453909761,3.787020137122103e-4,-127.21221824105507,250.68211849777737,0.01307601924135767,0.044730010570122616,0.14630925980594772,0.013649631276716446,0.0315389509314287,-4.190920716902836e-4,-4.859870466631061,-8.06875279997669
2020-01-01,0.5671170883917118,0.5767644957164235,0.5839038372404879,0.24754487816564746,0.08881408090919296,1.078993593571783,-0.007139341524064369,5.368831152205197,1.5689684019230759,0.27483312829270984,0.03311951997331578,-0.8419480453909761,3.787020137122103e-4,-127.21221824105507,250.68211849777737,0.01307601924135767,0.044730010570122616,0.14630925980594772,0.013649631276716446,0.0315389509314287,-4.190920716902836e-4,-4.859870466631061,-8.06875279997669
2020-02-01,0.5326186285298662,0.46280131794153717,0.3203795014667019,0.2458453115983636,-0.17131112173002527,0.8120701246634291,0.14242181647483526,5.368831152205197,1.5689684019230759,0.27483312829270984,0.03311951997331578,-0.8419480453909761,3.787020137122103e-4,-127.21221824105507,250.68211849777737,0.01307601924135767,0.044730010570122616,0.14630925980594772,0.013649631276716446,0.0315389509314287,-4.190920716902836e-4,-4.859870466631061,-8.06875279997669
2020-03-01,0.7893571248760308,0.894570183622648,0.652309142935966,0.26511285529648043,0.12208343234300512,1.1825348535289268,0.24226104068668197,5.368831152205197,1.5689684019230759,0.27483312829270984,0.03311951997331578,-0.8419480453909761,3.787020137122103e-4,-127.21221824105507,250.68211849777737,0.01307601924135767,0.044730010570122616,0.14630925980594772,0.013649631276716446,0.0315389509314287,-4.190920716902836e-4,-4.859870466631061,-8.06875279997669
2020-04-01,0.8072885902699233,2.0461801561537802,2.7198635481978446,0.3991485818955885,1.9215663844066677,3.5181607119890215,-0.6736833920440644,5.368831152205197,1.5689684019230759,0.27483312829270984,0.03311951997331578,-0.8419480453909761,3.787020137122103e-4,-127.21221824105507,250.68211849777737,0.01307601924135767,0.044730010570122616,0.14630925980594772,0.013649631276716446,0.0315389509314287,-4.190920716902836e-4,-4.859870466631061,-8.06875279997669
2020-05-01,0.8143898547273767,1.8383971876256926,1.7777582289752196,0.3398657593249737,1.0980267103252723,2.457489747625167,0.060638958650472974,5.368831152205197,1.5689684019230759,0.27483312829270984,0.03311951997331578,-0.8419480453909761,3.787020137122103e-4,-127.21221824105507,250.68211849777737,0.01307601924135767,0.044730010570122616,0.14630925980594772,0.013649631276716446,0.0315389509314287,-4.190920716902836e-4,-4.859870466631061,-8.06875279997669
2020-06-01,0.6336468859077344,2.000972848441364,1.8094902563895303,0.3365308623776488,1.1364285316342326,2.482551981144828,0.1914825920518335,5.368831152205197,1.5689684019230759,0.27483312829270984,0.03311951997331578,-0.8419480453909761,3.787020137122103e-4,-127.21221824105507,250.68211849777737,0.01307601924135767,0.044730010570122616,0.14630925980594772,0.013649631276716446,0.0315389509314287,-4.190920716902836e-4,-4.859870466631061,-8.06875279997669
2020-07-01,0.5850523963387874,1.8613014915786052,1.5723443873752205,0.335636216706856,0.9010719539615085,2.2436168207889327,0.2889571042033847,5.368831152205197,1.5689684019230759,0.27483312829270984,0.03311951997331578,-0.8419480453909761,3.787020137122103e-4,-127.21221824105507,250.68211849777737,0.01307601924135767,0.044730010570122616,0.14630925980594772,0.013649631276716446,0.0315389509314287,-4.190920716902836e-4,-4.859870466631061,-8.06875279997669
2020-08-01,0.5495372462772049,1.8506384803089155,1.5370026236595153,0.3374061141817635,0.8621903952959884,2.2118148520230423,0.3136358566494002,5.368831152205197,1.5689684019230759,0.27483312829270984,0.03311951997331578,-0.8419480453909761,3.787020137122103e-4,-127.21221824105507,250.68211849777737,0.01307601924135767,0.044730010570122616,0.14630925980594772,0.013649631276716446,0.0315389509314287,-4.190920716902836e-4,-4.859870466631061,-8.06875279997669
2020-09-01,0.5486909286051814,0.5329838813461801,0.03903343822073779,0.24035590138169283,-0.44167836454264786,0.5197452409841234,0.49395044312544234,5.368831152205197,1.5689684019230759,0.27483312829270984,0.03311951997331578,-0.8419480453909761,3.787020137122103e-4,-127.21221824105507,250.68211849777737,0.01307601924135767,0.044730010570122616,0.14630925980594772,0.013649631276716446,0.0315389509314287,-4.190920716902836e-4,-4.859870466631061,-8.06875279997669
2020-10-01,0.5081777354543425,0.5323597487587828,-0.16638537413849086,0.24146105938847043,-0.6493074929154317,0.31653674463845,0.6987451228972736,5.368831152205197,1.5689684019230759,0.27483312829270984,0.03311951997331578,-0.8419480453909761,3.787020137122103e-4,-127.21221824105507,250.68211849777737,0.01307601924135767,0.044730010570122616,0.14630925980594772,0.013649631276716446,0.0315389509314287,-4.190920716902836e-4,-4.859870466631061,-8.06875279997669
2020-11-01,0.4673754192103553,0.4128336832906547,0.018172998508618754,0.2463425658473937,-0.47451213318616864,0.5108581302034061,0.3946606847820359,5.368831152205197,1.5689684019230759,0.27483312829270984,0.03311951997331578,-0.8419480453909761,3.787020137122103e-4,-127.21221824105507,250.68211849777737,0.01307601924135767,0.044730010570122616,0.14630925980594772,0.013649631276716446,0.0315389509314287,-4.190920716902836e-4,-4.859870466631061,-8.06875279997669
2020-12-01,0.4341823070942886,0.6929360596165116,0.4808251211359744,0.2535457712843215,-0.026266421432668552,0.9879166637046174,0.2121109384805372,5.368831152205197,1.5689684019230759,0.27483312829270984,0.03311951997331578,-0.8419480453909761,3.787020137122103e-4,-127.21221824105507,250.68211849777737,0.01307601924135767,0.044730010570122616,0.14630925980594772,0.013649631276716446,0.0315389509314287,-4.190920716902836e-4,-4.859870466631061,-8.06875279997669
2021-01-01,0.4331516881079408,1.0077156259098043,0.7148659038662721,0.2789668998903093,0.1569321040856535,1.2727997036468908,0.2928497220435322,5.368831152205197,1.5689684019230759,0.27483312829270984,0.03311951997331578,-0.8419480453909761,3.787020137122103e-4,-127.21221824105507,250.68211849777737,0.01307601924135767,0.044730010570122616,0.14630925980594772,0.013649631276716446,0.0315389509314287,-4.190920716902836e-4,-4.859870466631061,-8.06875279997669
2021-02-01,0.40232189424525344,0.9116807802111777,0.7017158002110033,0.276493318331546,0.14872916354791132,1.2547024368740953,0.20996498000017438,5.368831152205197,1.5689684019230759,0.27483312829270984,0.03311951997331578,-0.8419480453909761,3.787020137122103e-4,-127.21221824105507,250.68211849777737,0.01307601924135767,0.044730010570122616,0.14630925980594772,0.013649631276716446,0.0315389509314287,-4.190920716902836e-4,-4.859870466631061,-8.06875279997669
2021-03-01,0.407217202570109,0.9282541481097188,0.9627504468062273,0.2832539708362927,0.3962425051336419,1.5292583884788127,-0.0344962986965085,5.368831152205197,1.5689684019230759,0.27483312829270984,0.03311951997331578,-0.8419480453909761,3.787020137122103e-4,-127.21221824105507,250.68211849777737,0.01307601924135767,0.044730010570122616,0.14630925980594772,0.013649631276716446,0.0315389509314287,-4.190920716902836e-4,-4.859870466631061,-8.06875279997669
2021-04-01,0.40388525162372296,0.3310339532087073,0.6579291459355865,0.27701282759344864,0.10390349074868921,1.2119548011224839,-0.32689519272687917,5.368831152205197,1.5689684019230759,0.27483312829270984,0.03311951997331578,-0.8419480453909761,3.787020137122103e-4,-127.21221824105507,250.68211849777737,0.01307601924135767,0.044730010570122616,0.14630925980594772,0.013649631276716446,0.0315389509314287,-4.190920716902836e-4,-4.859870466631061,-8.06875279997669
2021-05-01,0.4053339761437705,0.13527807832773858,0.13305664823092211,0.25785291070208616,-0.3826491731732502,0.6487624696350944,0.002221430096816468,5.368831152205197,1.5689684019230759,0.27483312829270984,0.03311951997331578,-0.8419480453909761,3.787020137122103e-4,-127.21221824105507,250.68211849777737,0.01307601924135767,0.044730010570122616,0.14630925980594772,0.013649631276716446,0.0315389509314287,-4.190920716902836e-4,-4.859870466631061,-8.06875279997669
2021-06-01,0.3755567887947911,-0.03814253656066391,0.3088370303523469,0.25279149508827137,-0.19674595982419585,0.8144200205288896,-0.3469795669130108,5.368831152205197,1.5689684019230759,0.27483312829270984,0.03311951997331578,-0.8419480453909761,3.787020137122103e-4,-127.21221824105507,250.68211849777737,0.01307601924135767,0.044730010570122616,0.14630925980594772,0.013649631276716446,0.0315389509314287,-4.190920716902836e-4,-4.859870466631061,-8.06875279997669
2021-07-01,0.3880380694032619,0.1338138558758588,0.18664183197394646,0.24541151761078092,-0.3041812032476154,0.6774648671955084,-0.05282797609808765,5.368831152205197,1.5689684019230759,0.27483312829270984,0.03311951997331578,-0.8419480453909761,3.787020137122103e-4,-127.21221824105507,250.68211849777737,0.01307601924135767,0.044730010570122616,0.14630925980594772,0.013649631276716446,0.0315389509314287,-4.190920716902836e-4,-4.859870466631061,-8.06875279997669
2021-08-01,0.3898887451930298,0.1086671988649851,0.2065154533356175,0.24417652835815515,-0.2818376033806928,0.6948685100519278,-0.09784825447063239,5.368831152205197,1.5689684019230759,0.27483312829270984,0.03311951997331578,-0.8419480453909761,3.787020137122103e-4,-127.21221824105507,250.68211849777737,0.01307601924135767,0.044730010570122616,0.14630925980594772,0.013649631276716446,0.0315389509314287,-4.190920716902836e-4,-4.859870466631061,-8.06875279997669
2021-09-01,0.39043497332383154,0.58648280515019,0.42101229638270965,0.24451817359433006,-0.06802405080595048,0.9100486435713697,0.16547050876748037,5.368831152205197,1.5689684019230759,0.27483312829270984,0.03311951997331578,-0.8419480453909761,3.787020137122103e-4,-127.21221824105507,250.68211849777737,0.01307601924135767,0.044730010570122616,0.14630925980594772,0.013649631276716446,0.0315389509314287,-4.190920716902836e-4,-4.859870466631061,-8.06875279997669
2021-10-01,0.38877926921759254,0.0881831637624309,0.30698280535245903,0.26525838757540293,-0.22353396979834683,0.8374995805032649,-0.21879964159002813,5.368831152205197,1.5689684019230759,0.27483312829270984,0.03311951997331578,-0.8419480453909761,3.787020137122103e-4,-127.21221824105507,250.68211849777737,0.01307601924135767,0.044730010570122616,0.14630925980594772,0.013649631276716446,0.0315389509314287,-4.190920716902836e-4,-4.859870466631061,-8.06875279997669
2021-11-01,0.49311296585574754,0.2889027253019657,0.3778590193565554,0.2587690470057483,-0.13967907465494123,0.89539711336805206,-0.08895629405458971,5.368831152205197,1.5689684019230759,0.27483312829270984,0.03311951997331578,-0.8419480453909761,3.787020137122103e-4,-127.21221824105507,250.68211849777737,0.01307601924135767,0.044730010570122616,0.14630925980594772,0.013649631276716446,0.0315389509314287,-4.190920716902836e-4,-4.859870466631061,-8.06875279997669
2021-12-01,0.5488512560232925,0.8901446910177017,0.5275831408358851,0.2738343874917736,-0.020085634147662068,1.0752519158194322,0.36256155018181657,5.368831152205197,1.5689684019230759,0.27483312829270984,0.03311951997331578,-0.8419480453909761,3.787020137122103e-4,-127.21221824105507,250.68211849777737,0.01307601924135767,0.044730010570122616,0.14630925980594772,0.013649631276716446,0.0315389509314287,-4.190920716902836e-4,-4.859870466631061,-8.06875279997669
2022-01-01,0.5683066456136773,1.1265816977418759,0.8174365908404582,0.27034298812393054,0.2767506145925971,1.3581225670883192,0.3091451069014177,5.368831152205197,1.5689684019230759,0.27483312829270984,0.03311951997331578,-0.8419480453909761,3.787020137122103e-4,-127.21221824105507,250.68211849777737,0.01307601924135767,0.044730010570122616,0.14630925980594772,0.013649631276716446,0.0315389509314287,-4.190920716902836e-4,-4.859870466631061,-8.06875279997669
2022-02-01,0.7011641344344272,1.3532088053029674,0.6288315880673006,0.2560765160743853,0.11667855591852994,1.1409846202160712,0.7243772172356668,5.368831152205197,1.5689684019230759,0.27483312829270984,0.03311951997331578,-0.8419480453909761,3.787020137122103e-4,-127.21221824105507,250.68211849777737,0.01307601924135767,0.044730010570122616,0.14630925980594772,0.013649631276716446,0.0315389509314287,-4.190920716902836e-4,-4.859870466631061,-8.06875279997669
2022-03-01,0.7118692773576077,1.048918411161473,0.5083344816227209,0.29775902465809606,-0.08718356769347124,1.1038525309389131,0.5405839295387522,5.368831152205197,1.5689684019230759,0.27483312829270984,0.03311951997331578,-0.8419480453909761,3.787020137122103e-4,-127.21221824105507,250.68211849777737,0.01307601924135767,0.044730010570122616,0.14630925980594772,0.013649631276716446,0.0315389509314287,-4.190920716902836e-4,-4.859870466631061,-8.06875279997669
2022-04-01,0.6701379935882956,1.3886594722817005,0.3533807069313344,0.27327046366084873,-0.19316022039036307,0.8999216342530318,1.0352787653503661,5.368831152205197,1.5689684019230759,0.27483312829270984,0.03311951997331578,-0.8419480453909761,3.787020137122103e-4,-127.21221824105507,250.68211849777737,0.01307601924135767,0.044730010570122616,0.14630925980594772,0.013649631276716446,0.0315389509314287,-4.190920716902836e-4,-4.859870466631061,-8.06875279997669
2022-05-01,0.7933513128408424,1.4301143629426085,0.45720012423472056,0.26336562417122317,-0.06953112410772577,0.9839313725771669,0.972914238707888,5.368831152205197,1.5689684019230759,0.27483312829270984,0.03311951997331578,-0.8419480453909761,3.787020137122103e-4,-127.21221824105507,250.68211849777737,0.01307601924135767,0.044730010570122616,0.14630925980594772,0.013649631276716446,0.0315389509314287,-4.190920716902836e-4,-4.859870466631061,-8.06875279997669
2022-06-01,0.7522201573772332,1.25597433027967,0.5620483817634057,0.26416756359258253,0.03371325457824059,1.0903835089485707,0.6939259485162643,5.368831152205197,1.5689684019230759,0.27483312829270984,0.03311951997331578,-0.8419480453909761,3.787020137122103e-4,-127.21221824105507,250.68211849777737,0.01307601924135767,0.044730010570122616,0.14630925980594772,0.013649631276716446,0.0315389509314287,-4.190920716902836e-4,-4.859870466631061,-8.06875279997669
2022-07-01,0.7412538984848588,0.7642895873840646,0.2362509891843967,0.29400177359840424,-0.3517525580124118,0.8242545363812052,0.5280385981996679,5.368831152205197,1.5689684019230759,0.27483312829270984,0.03311951997331578,-0.8419480453909761,3.787020137122103e-4,-127.21221824105507,250.68211849777737,0.01307601924135767,0.044730010570122616,0.14630925980594772,0.013649631276716446,0.0315389509314287,-4.190920716902836e-4,-4.859870466631061,-8.06875279997669
2022-08-01,0.77810137113308675,0.732042829709487,0.3684350182735585,0.29165964358399993,-0.21488426889444134,0.9517543054415584,0.36360781143592846,5.368831152205197,1.5689684019230759,0.27483312829270984,0.03311951997331578,-0.8419480453909761,3.787020137122103e-4,-127.21221824105507,250.68211849777737,0.01307601924135767,0.044730010570122616,0.14630925980594772,0.013649631276716446,0.0315389509314287,-4.190920716902836e-4,-4.859870466631061,-8.06875279997669
2022-09-01,0.8141825012251097,1.025645269867454,0.5191555428922578,0.3188947167353512,-0.11863389057844453,1.1569449763629602,0.5064897269751962,5.368831152205197,1.5689684019230759,0.27483312829270984,0.03311951997331578,-0.8419480453909761,3.787020137122103e-4,-127.21221824105507,250.68211849777737,0.01307601924135767,0.044730010570122616,0.14630925980594772,0.013649631276716446,0.0315389509314287,-4.190920716902836e-4,-4.859870466631061,-8.06875279997669
2022-10-01,0.8230091822170013,2.3818132569440493,0.9351414342889512,0.32862165627806755,0.27789812173281614,1.5923847468450862,1.446671822655098,5.368831152205197,1.5689684019230759,0.27483312829270984,0.03311951997331578,-0.8419480453909761,3.787020137122103e-4,-127.21221824105507,250.68211849777737,0.01307601924135767,0.044730010570122616,0.14630925980594772,0.013649631276716446,0.0315389509314287,-4.190920716902836e-4,-4.859870466631061,-8.06875279997669
2022-11-01,0.7459170497661667,0.8588383960786901,0.77510664564356,0.32158000400777986,0.1319466376280003,1.4182666536591197,0.08373175043513004,5.368831152205197,1.5689684019230759,0.27483312829270984,0.03311951997331578,-0.8419480453909761,3.787020137122103e-4,-127.21221824105507,250.68211849777737,0.01307601924135767,0.044730010570122616,0.14630925980594772,0.013649631276716446,0.0315389509314287,-4.190920716902836e-4,-4.859870466631061,-8.06875279997669
2022-12-01,0.7116169981660111,0.5694302136584755,0.7204700770211181,0.3037173734657046,0.1130353300897089,1.3279048239525273,-0.15103986336264263,5.368831152205197,1.5689684019230759,0.27483312829270984,0.03311951997331578,-0.8419480453909761,3.787020137122103e-4,-127.21221824105507,250.68211849777737,0.01307601924135767,0.044730010570122616,0.14630925980594772,0.013649631276716446,0.0315389509314287,-4.190920716902836e-4,-4.859870466631061,-8.06875279997669
2023-01-01,0.6743049649565485,-0.06028458711190132,0.4682161444895563,0.2999548738634624,-0.13169360323736856,1.0681258922164811,-0.5285007316014576,5.368831152205197,1.5689684019230759,0.27483312829270984,0.03311951997331578,-0.8419480453909761,3.787020137122103e-4,-127.21221824105507,250.68211849777737,0.01307601924135767,0.044730010570122616,0.14630925980594772,0.013649631276716446,0.0315389509314287,-4.190920716902836e-4,-4.859870466631061,-8.06875279997669
2023-02-01,0.6023000832582549,0.4891734702461793,0.8116397902649535,0.29189011179944724,0.227859566666059,1.395420013863848,-0.3224663200187742,5.368831152205197,1.5689684019230759,0.27483312829270984,0.03311951997331578,-0.8419480453909761,3.787020137122103e-4,-127.21221824105507,250.68211849777737,0.01307601924135767,0.044730010570122616,0.14630925980594772,0.013649631276716446,0.0315389509314287,-4.190920716902836e-4,-4.859870466631061,-8.06875279997669
2023-03-01,0.5901817146889115,0.9678057415183249,0.7320028983543692,0.2856220499122889,0.16075879852979136,1.303246998178947,0.23580284316395572,5.368831152205197,1.5689684019230759,0.27483312829270984,0.03311951997331578,-0.8419480453909761,3.787020137122103e-4,-127.21221824105507,250.68211849777737,0.01307601924135767,0.044730010570122616,0.14630925980594772,0.013649631276716446,0.0315389509314287,-4.190920716902836e-4,-4.859870466631061,-8.06875279997669
2023-04-01,0.5881438746292291,1.0112282053741248,1.2365293566776385,0.28118439167431963,0.6741605733289993,1.7988981400262778,-0.2253011513035137,5.368831152205197,1.5689684019230759,0.27483312829270984,0.03311951997331578,-0.8419480453909761,3.787020137122103e-4,-127.21221824105507,250.68211849777737,0.01307601924135767,0.044730010570122616,0.14630925980594772,0.013649631276716446,0.0315389509314287,-4.190920716902836e-4,-4.859870466631061,-8.06875279997669
2023-05-01,0.5635018531958847,1.0245173741626004,1.1232510003408613,0.2713604028777428,0.5805301945853757,1.6659718060963469,-0.09873362617826098,5.368831152205197,1.5689684019230759,0.27483312829270984,0.03311951997331578,-0.8419480453909761,3.787020137122103e-4,-127.21221824105507,250.68211849777737,0.01307601924135767,0.044730010570122616,0.14630925980594772,0.013649631276716446,0.0315389509314287,-4.190920716902836e-4,-4.859870466631061,-8.06875279997669
2023-06-01,0.4721225386548072,0.7643676296673417,0.9586715708340492,0.27042370092013013,0.41782416899378894,1.4995189726743094,-0.19430394116670746,5.368831152205197,1.5689684019230759,0.27483312829270984,0.03311951997331578,-0.8419480453909761,3.787020137122103e-4,-127.21221824105507,250.68211849777737,0.01307601924135767,0.044730010570122616,0.14630925980594772,0.013649631276716446,0.0315389509314287,-4.190920716902836e-4,-4.859870466631061,-8.06875279997669
2023-07-01,0.4759734620141192,0.9120997134482183,0.8732226118041586,0.27131886098340025,0.3305848898373581,1.4158603337709592,0.038877101644059664,5.368831152205197,1.5689684019230759,0.27483312829270984,0.03311951997331578,-0.8419480453909761,3.787020137122103e-4,-127.21221824105507,250.68211849777737,0.01307601924135767,0.044730010570122616,0.14630925980594772,0.013649631276716446,0.0315389509314287,-4.190920716902836e-4,-4.859870466631061,-8.06875279997669
2023-08-01,0.4658775880089824,1.1953739208994307,0.912418249696298,0.2845052741777703,0.3434077013407575,1.4814287980518386,0.2829556712031327,5.368831152205197,1.5689684019230759,0.27483312829270984,0.03311951997331578,-0.8419480453909761,3.787020137122103e-4,-127.21221824105507,250.68211849777737,0.01307601924135767,0.044730010570122616,0.14630925980594772,0.013649631276716446,0.0315389509314287,-4.190920716902836e-4,-4.859870466631061,-8.06875279997669
2023-09-01,0.5157748344652832,1.6545932078193482,1.1950902297808295,0.30288599770088714,0.5893182343790552,1.8008622251826036,0.4595029780385187,5.368831152205197,1.5689684019230759,0.27483312829270984,0.03311951997331578,-0.8419480453909761,3.787020137122103e-4,-127.21221824105507,250.68211849777737,0.01307601924135767,0.044730010570122616,0.14630925980594772,0.013649631276716446,0.0315389509314287,-4.190920716902836e-4,-4.859870466631061,-8.06875279997669
2023-10-01,0.5756833496930249,0.5272086401886447,0.22507396304504645,0.24099583562860974,-0.256917708212173,0.7070656343022659,0.3021346771435982,5.368831152205197,1.5689684019230759,0.27483312829270984,0.03311951997331578,-0.8419480453909761,3.787020137122103e-4,-127.21221824105507,250.68211849777737,0.01307601924135767,0.044730010570122616,0.14630925980594772,0.013649631276716446,0.0315389509314287,-4.190920716902836e-4,-4.859870466631061,-8.06875279997669
2023-11-01,0.49790946454690505,0.36729323650308304,0.11140012993078585,0.2288979071764388,-0.34639568442209173,0.5691959442836634,0.2558931065722972,5.368831152205197,1.5689684019230759,0.27483312829270984,0.03311951997331578,-0.8419480453909761,3.787020137122103e-4,-127.21221824105507,250.68211849777737,0.01307601924135767,0.044730010570122616,0.14630925980594772,0.013649631276716446,0.0315389509314287,-4.190920716902836e-4,-4.859870466631061,-8.06875279997669
2023-12-01,0.476622321850823,0.785977391459564,0.35679517667895055,0.24562506007189958,-0.1344549434648486,0.8480452968227497,0.42918221478061347,5.368831152205197,1.5689684019230759,0.27483312829270984,0.03311951997331578,-0.8419480453909761,3.787020137122103e-4,-127.21221824105507,250.68211849777737,0.01307601924135767,0.044730010570122616,0.14630925980594772,0.013649631276716446,0.0315389509314287,-4.190920716902836e-4,-4.859870466631061,-8.06875279997669
2024-01-01,0.4370666467027883,1.2028831302745755,0.7266243405400044,0.2624617159758957,0.201700908588213,1.2515477724917958,0.47625878973457114,5.368831152205197,1.5689684019230759,0.27483312829270984,0.03311951997331578,-0.8419480453909761,3.787020137122103e-4,-127.21221824105507,250.68211849777737,0.01307601924135767,0.044730010570122616,0.14630925980594772,0.013649631276716446,0.0315389509314287,-4.190920716902836e-4,-4.859870466631061,-8.06875279997669
2024-02-01,0.4137452572321588,1.0791938861775787,0.5965551303250365,0.24754383098173052,0.10146746836157544,1.0916427922884975,0.48263875585254223,5.368831152205197,1.5689684019230759,0.27483312829270984,0.03311951997331578,-0.8419480453909761,3.787020137122103e-4,-127.21221824105507,250.68211849777737,0.01307601924135767,0.044730010570122616,0.14630925980594772,0.013649631276716446,0.0315389509314287,-4.190920716902836e-4,-4.859870466631061,-8.06875279997669
2024-03-01,0.36924581565998926,1.1632711582434725,0.5837207558996491,0.24609562401951068,0.09152950786062775,1.0759120039386705,0.5795504023438234,5.368831152205197,1.5689684019230759,0.27483312829270984,0.03311951997331578,-0.8419480453909761,3.787020137122103e-4,-127.21221824105507,250.68211849777737,0.01307601924135767,0.044730010570122616,0.14630925980594772,0.013649631276716446,0.0315389509314287,-4.190920716902836e-4,-4.859870466631061,-8.06875279997669
2024-04-01,0.3780051580321434,0.2758313791315441,-0.23432697989149442,0.26271654853139176,-0.7597600769542779,0.2911061171712891,0.5101583590230385,5.368831152205197,1.5689684019230759,0.27483312829270984,0.03311951997331578,-0.8419480453909761,3.787020137122103e-4,-127.21221824105507,250.68211849777737,0.01307601924135767,0.044730010570122616,0.14630925980594772,0.013649631276716446,0.0315389509314287,-4.190920716902836e-4,-4.859870466631061,-8.06875279997669
2024-05-01,0.35537506188476164,-0.015084837871524037,-0.6566420058205003,0.25159758534397075,-1.1598371765084416,-0.15344683513255875,0.6415571679489762,5.368831152205197,1.5689684019230759,0.27483312829270984,0.03311951997331578,-0.8419480453909761,3.787020137122103e-4,-127.21221824105507,250.68211849777737,0.01307601924135767,0.044730010570122616,0.14630925980594772,0.013649631276716446,0.0315389509314287,-4.190920716902836e-4,-4.859870466631061,-8.06875279997669
2024-06-01,0.3954388337620899,-0.1880143938580664,-0.7810474006756891,0.2544360006227789,-1.2899194019212468,-0.27217539943013136,0.5930330068176227,5.368831152205197,1.5689684019230759,0.27483312829270984,0.03311951997331578,-0.8419480453909761,3.787020137122103e-4,-127.21221824105507,250.68211849777737,0.01307601924135767,0.044730010570122616,0.14630925980594772,0.013649631276716446,0.0315389509314287,-4.190920716902836e-4,-4.859870466631061,-8.06875279997669
2024-07-01,0.3690083634542154,0.463757766239017,-0.5733702622359482,0.30543475773818474,-1.1842397777123177,0.03749925324042125,1.037128028474965,5.368831152205197,1.5689684019230759,0.27483312829270984,0.03311951997331578,-0.8419480453909761,3.787020137122103e-4,-127.21221824105507,250.68211849777737,0.01307601924135767,0.044730010570122616,0.14630925980594772,0.013649631276716446,0.0315389509314287,-4.190920716902836e-4,-4.859870466631061,-8.06875279997669
2024-08-01,0.391445210196832,0.1560948157907872,-0.44664844841136553,0.2629283071529649,-0.9725050627172953,0.07920816589456425,0.6027432642021527,5.368831152205197,1.5689684019230759,0.27483312829270984,0.03311951997331578,-0.8419480453909761,3.787020137122103e-4,-127.21221824105507,250.68211849777737,0.01307601924135767,0.044730010570122616,0.14630925980594772,0.013649631276716446,0.0315389509314287,-4.190920716902836e-4,-4.859870466631061,-8.06875279997669
2024-09-01,0.3718509653252563,0.23377689824521763,-0.5226252202571491,0.2785645740159308,-1.0797543682890107,0.03450392777471256,0.7564021185023667,5.368831152205197,1.5689684019230759,0.27483312829270984,0.03311951997331578,-0.8419480453909761,3.787020137122103e-4,-127.21221824105507,250.68211849777737,0.01307601924135767,0.044730010570122616,0.14630925980594772,0.013649631276716446,0.0315389509314287,-4.190920716902836e-4,-4.859870466631061,-8.06875279997669
2024-10-01,0.3371124202932704,-0.3391764162563621,-0.9486362388906144,0.31105062763059593,-1.5707374941518064,-0.32653498362942257,0.6094598226342524,5.368831152205197,1.5689684019230759,0.27483312829270984,0.03311951997331578,-0.8419480453909761,3.787020137122103e-4,-127.21221824105507,250.68211849777737,0.01307601924135767,0.044730010570122616,0.14630925980594772,0.013649631276716446,0.0315389509314287,-4.190920716902836e-4,-4.859870466631061,-8.06875279997669
2024-11-01,0.3397968809918232,0.05203924063731269,-0.8740931443608728,0.3636854316743085,-1.60146400770949,-0.14672228101225582,0.9261323849981855,5.368831152205197,1.5689684019230759,0.27483312829270984,0.03311951997331578,-0.8419480453909761,3.787020137122103e-4,-127.21221824105507,250.68211849777737,0.01307601924135767,0.044730010570122616,0.14630925980594772,0.013649631276716446,0.0315389509314287,-4.190920716902836e-4,-4.859870466631061,-8.06875279997669
2024-12-01,0.3258770828908862,0.3119683433705296,-0.9275333101202126,0.34872675379331136,-1.6249868177068354,-0.23007980253358984,1.2395016534907422,5.368831152205197,1.5689684019230759,0.27483312829270984,0.03311951997331578,-0.8419480453909761,3.787020137122103e-4,-127.21221824105507,250.68211849777737,0.01307601924135767,0.044730010570122616,0.14630925980594772,0.013649631276716446,0.0315389509314287,-4.190920716902836e-4,-4.859870466631061,-8.06875279997669
2025-01-01,0.33022252725299306,0.48016490464537864,-0.8009996201357863,0.365714467902727,-1.5324285559412403,-0.06957068433033231,1.281164524781165,5.368831152205197,1.5689684019230759,0.27483312829270984,0.03311951997331578,-0.8419480453909761,3.787020137122103e-4,-127.21221824105507,250.68211849777737,0.01307601924135767,0.044730010570122616,0.14630925980594772,0.013649631276716446,0.0315389509314287,-4.190920716902836e-4,-4.859870466631061,-8.06875279997669
2025-02-01,0.3261862426582198,-0.06713943515896992,-1.0877712241307336,0.3189561433328352,-1.725683510796404,-0.4498589374650632,1.0206317889717638,5.368831152205197,1.5689684019230759,0.27483312829270984,0.03311951997331578,-0.8419480453909761,3.787020137122103e-4,-127.21221824105507,250.68211849777737,0.01307601924135767,0.044730010570122616,0.14630925980594772,0.013649631276716446,0.0315389509314287,-4.190920716902836e-4,-4.859870466631061,-8.06875279997669
2025-03-01,0.32610446005653954,-0.533625817116563,-1.1756499663165103,0.3573999273149537,-1.8904498209464178,-0.46085011168660295,0.6420241491999473,5.368831152205197,1.5689684019230759,0.27483312829270984,0.03311951997331578,-0.8419480453909761,3.787020137122103e-4,-127.21221824105507,250.68211849777737,0.01307601924135767,0.044730010570122616,0.14630925980594772,0.013649631276716446,0.0315389509314287,-4.190920716902836e-4,-4.859870466631061,-8.06875279997669
2025-04-01,0.3349148160163607,-1.2151648216166064,-0.4930068858860812,0.46754403705697495,-1.4280949600000312,0.4420811882278687,-0.7221579357305252,5.368831152205197,1.5689684019230759,0.27483312829270984,0.03311951997331578,-0.8419480453909761,3.787020137122103e-4,-127.21221824105507,250.68211849777737,0.01307601924135767,0.044730010570122616,0.14630925980594772,0.013649631276716446,0.0315389509314287,-4.190920716902836e-4,-4.859870466631061,-8.06875279997669
2025-05-01,0.2915348974097233,0.2416392601659047,-0.5986180834332808,0.39110079459533564,-1.380819672623952,0.18358350575739046,0.8402573435991856,5.368831152205197,1.5689684019230759,0.27483312829270984,0.03311951997331578,-0.8419480453909761,3.787020137122103e-4,-127.21221824105507,250.68211849777737,0.01307601924135767,0.044730010570122616,0.14630925980594772,0.013649631276716446,0.0315389509314287,-4.190920716902836e-4,-4.859870466631061,-8.06875279997669
2025-06-01,0.27415577466450636,0.059981425354727,-0.5808514828104556,0.3363932437419454,-1.2536379702943465,0.09193500467343518,0.6408329081651827,5.368831152205197,1.5689684019230759,0.27483312829270984,0.03311951997331578,-0.8419480453909761,3.787020137122103e-4,-127.21221824105507,250.68211849777737,0.01307601924135767,0.044730010570122616,0.14630925980594772,0.013649631276716446,0.0315389509314287,-4.190920716902836e-4,-4.859870466631061,-8.06875279997669
2025-07-01,0.26016784654036307,0.5658761177414431,-0.6216218601622687,0.44001384544063527,-1.5016495510435393,0.2584058307190018,1.1874979779037118,5.368831152205197,1.5689684019230759,0.27483312829270984,0.03311951997331578,-0.8419480453909761,3.787020137122103e-4,-127.21221824105507,250.68211849777737,0.01307601924135767,0.044730010570122616,0.14630925980594772,0.013649631276716446,0.0315389509314287,-4.190920716902836e-4,-4.859870466631061,-8.06875279997669
2025-08-01,0.25383690951404597,0.21759613789955734,-0.7651692651492885,0.34861400251239494,-1.4623972701740784,-0.06794126012449864,0.9827654030488459,5.368831152205197,1.5689684019230759,0.27483312829270984,0.03311951997331578,-0.8419480453909761,3.787020137122103e-4,-127.21221824105507,250.68211849777737,0.01307601924135767,0.044730010570122616,0.14630925980594772,0.013649631276716446,0.0315389509314287,-4.190920716902836e-4,-4.859870466631061,-8.06875279997669
2025-09-01,0.27037744616292436,0.13577195539508446,-0.9388762304900888,0.3498950426740752,-1.6386663158382393,-0.2390861451419385,1.0746481858851733,5.368831152205197,1.5689684019230759,0.27483312829270984,0.03311951997331578,-0.8419480453909761,3.787020137122103e-4,-127.21221824105507,250.68211849777737,0.01307601924135767,0.044730010570122616,0.14630925980594772,0.013649631276716446,0.0315389509314287,-4.190920716902836e-4,-4.859870466631061,-8.06875279997669
