vintage,vintage_year,vintage_month,forecast_year,iso3,country,subject_code,subject_descriptor,units,value
1990-Apr,1990,Apr,1991,AUT,Austria,BCA_GDP_BP6,Current account balance,Percent of GDP,-0.38415127862008347
1990-Apr,1990,Apr,1991,BEL,Belgium,BCA_GDP_BP6,Current account balance,Percent of GDP,2.1330260733720454
1990-Apr,1990,Apr,1991,DEU,Germany,BCA_GDP_BP6,Current account balance,Percent of GDP,4.470383288858084
1990-Apr,1990,Apr,1991,ESP,Spain,BCA_GDP_BP6,Current account balance,Percent of GDP,-4.149385155896058
1990-Apr,1990,Apr,1991,FIN,Finland,BCA_GDP_BP6,Current account balance,Percent of GDP,-4.1721432182123985
1990-Apr,1990,Apr,1991,FRA,France,BCA_GDP_BP6,Current account balance,Percent of GDP,-0.25839471333382485
1990-Apr,1990,Apr,1991,GRC,Greece,BCA_GDP_BP6,Current account balance,Percent of GDP,-2.2566090699814785
1990-Apr,1990,Apr,1991,IRL,Ireland,BCA_GDP_BP6,Current account balance,Percent of GDP,1.0252220365993303
1990-Apr,1990,Apr,1991,ITA,Italy,BCA_GDP_BP6,Current account balance,Percent of GDP,-1.019071698533241
1990-Apr,1990,Apr,1991,LUX,Luxembourg,BCA_GDP_BP6,Current account balance,Percent of GDP,
1990-Apr,1990,Apr,1991,NLD,Netherlands,BCA_GDP_BP6,Current account balance,Percent of GDP,2.335276364189394
1990-Apr,1990,Apr,1991,PRT,Portugal,BCA_GDP_BP6,Current account balance,Percent of GDP,-3.603541741534645
1990-Oct,1990,Oct,1991,AUT,Austria,BCA_GDP_BP6,Current account balance,Percent of GDP,-0.20886582071543203
1990-Oct,1990,Oct,1991,BEL,Belgium,BCA_GDP_BP6,Current account balance,Percent of GDP,1.8762205194732842
1990-Oct,1990,Oct,1991,DEU,Germany,BCA_GDP_BP6,Current account balance,Percent of GDP,2.3363297009057855
1990-Oct,1990,Oct,1991,ESP,Spain,BCA_GDP_BP6,Current account balance,Percent of GDP,-4.276251108365695
1990-Oct,1990,Oct,1991,FIN,Finland,BCA_GDP_BP6,Current account balance,Percent of GDP,-4.415383565430359
1990-Oct,1990,Oct,1991,FRA,France,BCA_GDP_BP6,Current account balance,Percent of GDP,-0.3686348434015925
1990-Oct,1990,Oct,1991,GRC,Greece,BCA_GDP_BP6,Current account balance,Percent of GDP,-4.269443187375673
1990-Oct,1990,Oct,1991,IRL,Ireland,BCA_GDP_BP6,Current account balance,Percent of GDP,1.3920081836529734
1990-Oct,1990,Oct,1991,ITA,Italy,BCA_GDP_BP6,Current account balance,Percent of GDP,-0.972719711754867
1990-Oct,1990,Oct,1991,LUX,Luxembourg,BCA_GDP_BP6,Current account balance,Percent of GDP,
1990-Oct,1990,Oct,1991,NLD,Netherlands,BCA_GDP_BP6,Current account balance,Percent of GDP,3.050812003850845
1990-Oct,1990,Oct,1991,PRT,Portugal,BCA_GDP_BP6,Current account balance,Percent of GDP,-2.0380601297340566
1991-Apr,1991,Apr,1992,AUT,Austria,BCA_GDP_BP6,Current account balance,Percent of GDP,-0.2212886623659446
1991-Apr,1991,Apr,1992,BEL,Belgium,BCA_GDP_BP6,Current account balance,Percent of GDP,2.107230024252456
1991-Apr,1991,Apr,1992,DEU,Germany,BCA_GDP_BP6,Current account balance,Percent of GDP,1.332876060422305
1991-Apr,1991,Apr,1992,ESP,Spain,BCA_GDP_BP6,Current account balance,Percent of GDP,-3.658098361483255
1991-Apr,1991,Apr,1992,FIN,Finland,BCA_GDP_BP6,Current account balance,Percent of GDP,-3.7750971539680904
1991-Apr,1991,Apr,1992,FRA,France,BCA_GDP_BP6,Current account balance,Percent of GDP,-0.4004328689073096
1991-Apr,1991,Apr,1992,GRC,Greece,BCA_GDP_BP6,Current account balance,Percent of GDP,-4.273563423972111
1991-Apr,1991,Apr,1992,IRL,Ireland,BCA_GDP_BP6,Current account balance,Percent of GDP,0.6555359517861248
1991-Apr,1991,Apr,1992,ITA,Italy,BCA_GDP_BP6,Current account balance,Percent of GDP,-1.4399734241361175
1991-Apr,1991,Apr,1992,LUX,Luxembourg,BCA_GDP_BP6,Current account balance,Percent of GDP,
1991-Apr,1991,Apr,1992,NLD,Netherlands,BCA_GDP_BP6,Current account balance,Percent of GDP,3.2984944391345623
1991-Apr,1991,Apr,1992,PRT,Portugal,BCA_GDP_BP6,Current account balance,Percent of GDP,-2.0933091697509467
1991-Oct,1991,Oct,1992,AUT,Austria,BCA_GDP_BP6,Current account balance,Percent of GDP,-0.4350928342429871
1991-Oct,1991,Oct,1992,BEL,Belgium,BCA_GDP_BP6,Current account balance,Percent of GDP,1.780287185708745
1991-Oct,1991,Oct,1992,DEU,Germany,BCA_GDP_BP6,Current account balance,Percent of GDP,0.6092787713892389
1991-Oct,1991,Oct,1992,ESP,Spain,BCA_GDP_BP6,Current account balance,Percent of GDP,-3.5937300590854573
1991-Oct,1991,Oct,1992,FIN,Finland,BCA_GDP_BP6,Current account balance,Percent of GDP,-3.802429891535285
1991-Oct,1991,Oct,1992,FRA,France,BCA_GDP_BP6,Current account balance,Percent of GDP,-0.6869441016328829
1991-Oct,1991,Oct,1992,GRC,Greece,BCA_GDP_BP6,Current account balance,Percent of GDP,-5.2114454583248175
1991-Oct,1991,Oct,1992,IRL,Ireland,BCA_GDP_BP6,Current account balance,Percent of GDP,0.6555359517861248
1991-Oct,1991,Oct,1992,ITA,Italy,BCA_GDP_BP6,Current account balance,Percent of GDP,-1.410089120450887
1991-Oct,1991,Oct,1992,LUX,Luxembourg,BCA_GDP_BP6,Current account balance,Percent of GDP,
1991-Oct,1991,Oct,1992,NLD,Netherlands,BCA_GDP_BP6,Current account balance,Percent of GDP,3.437447687190808
1991-Oct,1991,Oct,1992,PRT,Portugal,BCA_GDP_BP6,Current account balance,Percent of GDP,-2.0933091697509467
1992-Apr,1992,Apr,1993,AUT,Austria,BCA_GDP_BP6,Current account balance,Percent of GDP,-0.5623807043913661
1992-Apr,1992,Apr,1993,BEL,Belgium,BCA_GDP_BP6,Current account balance,Percent of GDP,2.008645259724375
1992-Apr,1992,Apr,1993,DEU,Germany,BCA_GDP_BP6,Current account balance,Percent of GDP,-0.4955212399167736
1992-Apr,1992,Apr,1993,ESP,Spain,BCA_GDP_BP6,Current account balance,Percent of GDP,-3.6685702898272554
1992-Apr,1992,Apr,1993,FIN,Finland,BCA_GDP_BP6,Current account balance,Percent of GDP,-3.577307055383975
1992-Apr,1992,Apr,1993,FRA,France,BCA_GDP_BP6,Current account balance,Percent of GDP,-0.3383169918980857
1992-Apr,1992,Apr,1993,GRC,Greece,BCA_GDP_BP6,Current account balance,Percent of GDP,-5.893842196112188
1992-Apr,1992,Apr,1993,IRL,Ireland,BCA_GDP_BP6,Current account balance,Percent of GDP,0.6392202010593883
1992-Apr,1992,Apr,1993,ITA,Italy,BCA_GDP_BP6,Current account balance,Percent of GDP,-1.8040673447226219
1992-Apr,1992,Apr,1993,LUX,Luxembourg,BCA_GDP_BP6,Current account balance,Percent of GDP,
1992-Apr,1992,Apr,1993,NLD,Netherlands,BCA_GDP_BP6,Current account balance,Percent of GDP,5.184050298311465
1992-Apr,1992,Apr,1993,PRT,Portugal,BCA_GDP_BP6,Current account balance,Percent of GDP,-1.1103198382321025
1992-Oct,1992,Oct,1993,AUT,Austria,BCA_GDP_BP6,Current account balance,Percent of GDP,-0.5623807043913661
1992-Oct,1992,Oct,1993,BEL,Belgium,BCA_GDP_BP6,Current account balance,Percent of GDP,2.008645259724375
1992-Oct,1992,Oct,1993,DEU,Germany,BCA_GDP_BP6,Current account balance,Percent of GDP,-0.40315659753737054
1992-Oct,1992,Oct,1993,ESP,Spain,BCA_GDP_BP6,Current account balance,Percent of GDP,-1.9563746138170806
1992-Oct,1992,Oct,1993,FIN,Finland,BCA_GDP_BP6,Current account balance,Percent of GDP,-1.4311267364989873
1992-Oct,1992,Oct,1993,FRA,France,BCA_GDP_BP6,Current account balance,Percent of GDP,-0.030727045967501913
1992-Oct,1992,Oct,1993,GRC,Greece,BCA_GDP_BP6,Current account balance,Percent of GDP,-5.893842196112188
1992-Oct,1992,Oct,1993,IRL,Ireland,BCA_GDP_BP6,Current account balance,Percent of GDP,2.7426968236023237
1992-Oct,1992,Oct,1993,ITA,Italy,BCA_GDP_BP6,Current account balance,Percent of GDP,-2.368491920616728
1992-Oct,1992,Oct,1993,LUX,Luxembourg,BCA_GDP_BP6,Current account balance,Percent of GDP,
1992-Oct,1992,Oct,1993,NLD,Netherlands,BCA_GDP_BP6,Current account balance,Percent of GDP,3.7478899979911677
1992-Oct,1992,Oct,1993,PRT,Portugal,BCA_GDP_BP6,Current account balance,Percent of GDP,-1.1103198382321025
1993-Apr,1993,Apr,1994,AUT,Austria,BCA_GDP_BP6,Current account balance,Percent of GDP,-0.8403436772200084
1993-Apr,1993,Apr,1994,BEL,Belgium,BCA_GDP_BP6,Current account balance,Percent of GDP,2.252483189317182
1993-Apr,1993,Apr,1994,DEU,Germany,BCA_GDP_BP6,Current account balance,Percent of GDP,-1.2496574375720246
1993-Apr,1993,Apr,1994,ESP,Spain,BCA_GDP_BP6,Current account balance,Percent of GDP,-2.041079809225827
1993-Apr,1993,Apr,1994,FIN,Finland,BCA_GDP_BP6,Current account balance,Percent of GDP,-1.2431993967349806
1993-Apr,1993,Apr,1994,FRA,France,BCA_GDP_BP6,Current account balance,Percent of GDP,0.25360721673202463
1993-Apr,1993,Apr,1994,GRC,Greece,BCA_GDP_BP6,Current account balance,Percent of GDP,-2.8418610315896067
1993-Apr,1993,Apr,1994,IRL,Ireland,BCA_GDP_BP6,Current account balance,Percent of GDP,6.3993294063866974
1993-Apr,1993,Apr,1994,ITA,Italy,BCA_GDP_BP6,Current account balance,Percent of GDP,-1.3461893855626368
1993-Apr,1993,Apr,1994,LUX,Luxembourg,BCA_GDP_BP6,Current account balance,Percent of GDP,0.0
1993-Apr,1993,Apr,1994,NLD,Netherlands,BCA_GDP_BP6,Current account balance,Percent of GDP,3.345015882653126
1993-Apr,1993,Apr,1994,PRT,Portugal,BCA_GDP_BP6,Current account balance,Percent of GDP,-1.6069681500228754
1993-Oct,1993,Oct,1994,AUT,Austria,BCA_GDP_BP6,Current account balance,Percent of GDP,-0.8403436772200084
1993-Oct,1993,Oct,1994,BEL,Belgium,BCA_GDP_BP6,Current account balance,Percent of GDP,2.0267530298149237
1993-Oct,1993,Oct,1994,DEU,Germany,BCA_GDP_BP6,Current account balance,Percent of GDP,-1.5175739678371567
1993-Oct,1993,Oct,1994,ESP,Spain,BCA_GDP_BP6,Current account balance,Percent of GDP,-1.4324495516582252
1993-Oct,1993,Oct,1994,FIN,Finland,BCA_GDP_BP6,Current account balance,Percent of GDP,-1.2784663472394402
1993-Oct,1993,Oct,1994,FRA,France,BCA_GDP_BP6,Current account balance,Percent of GDP,0.25647667065917984
1993-Oct,1993,Oct,1994,GRC,Greece,BCA_GDP_BP6,Current account balance,Percent of GDP,-2.6637048037670605
1993-Oct,1993,Oct,1994,IRL,Ireland,BCA_GDP_BP6,Current account balance,Percent of GDP,7.30415815470428
1993-Oct,1993,Oct,1994,ITA,Italy,BCA_GDP_BP6,Current account balance,Percent of GDP,-1.2622102652609288
1993-Oct,1993,Oct,1994,LUX,Luxembourg,BCA_GDP_BP6,Current account balance,Percent of GDP,0.0
1993-Oct,1993,Oct,1994,NLD,Netherlands,BCA_GDP_BP6,Current account balance,Percent of GDP,2.944118625769457
1993-Oct,1993,Oct,1994,PRT,Portugal,BCA_GDP_BP6,Current account balance,Percent of GDP,-0.012746516370929162
1994-Apr,1994,Apr,1995,AUT,Austria,BCA_GDP_BP6,Current account balance,Percent of GDP,0.22996802393767812
1994-Apr,1994,Apr,1995,BEL,Belgium,BCA_GDP_BP6,Current account balance,Percent of GDP,1.9757568093886468
1994-Apr,1994,Apr,1995,DEU,Germany,BCA_GDP_BP6,Current account balance,Percent of GDP,-0.5315468565725581
1994-Apr,1994,Apr,1995,ESP,Spain,BCA_GDP_BP6,Current account balance,Percent of GDP,-0.671584484294972
1994-Apr,1994,Apr,1995,FIN,Finland,BCA_GDP_BP6,Current account balance,Percent of GDP,3.060407197203367
1994-Apr,1994,Apr,1995,FRA,France,BCA_GDP_BP6,Current account balance,Percent of GDP,1.0151660561918099
1994-Apr,1994,Apr,1995,GRC,Greece,BCA_GDP_BP6,Current account balance,Percent of GDP,-0.9055272466359932
1994-Apr,1994,Apr,1995,IRL,Ireland,BCA_GDP_BP6,Current account balance,Percent of GDP,6.228398692807851
1994-Apr,1994,Apr,1995,ITA,Italy,BCA_GDP_BP6,Current account balance,Percent of GDP,3.0500820311160557
1994-Apr,1994,Apr,1995,LUX,Luxembourg,BCA_GDP_BP6,Current account balance,Percent of GDP,0.0
1994-Apr,1994,Apr,1995,NLD,Netherlands,BCA_GDP_BP6,Current account balance,Percent of GDP,3.493679827277149
1994-Apr,1994,Apr,1995,PRT,Portugal,BCA_GDP_BP6,Current account balance,Percent of GDP,-1.3846923242946365
1994-Oct,1994,Oct,1995,AUT,Austria,BCA_GDP_BP6,Current account balance,Percent of GDP,-0.6250566520603353
1994-Oct,1994,Oct,1995,BEL,Belgium,BCA_GDP_BP6,Current account balance,Percent of GDP,4.333326164369419
1994-Oct,1994,Oct,1995,DEU,Germany,BCA_GDP_BP6,Current account balance,Percent of GDP,-0.6333462699373773
1994-Oct,1994,Oct,1995,ESP,Spain,BCA_GDP_BP6,Current account balance,Percent of GDP,-0.143301620457629
1994-Oct,1994,Oct,1995,FIN,Finland,BCA_GDP_BP6,Current account balance,Percent of GDP,2.314207191444495
1994-Oct,1994,Oct,1995,FRA,France,BCA_GDP_BP6,Current account balance,Percent of GDP,0.85931680350157
1994-Oct,1994,Oct,1995,GRC,Greece,BCA_GDP_BP6,Current account balance,Percent of GDP,-1.5771804551175352
1994-Oct,1994,Oct,1995,IRL,Ireland,BCA_GDP_BP6,Current account balance,Percent of GDP,7.299995893689097
1994-Oct,1994,Oct,1995,ITA,Italy,BCA_GDP_BP6,Current account balance,Percent of GDP,3.441872752194619
1994-Oct,1994,Oct,1995,LUX,Luxembourg,BCA_GDP_BP6,Current account balance,Percent of GDP,0.0
1994-Oct,1994,Oct,1995,NLD,Netherlands,BCA_GDP_BP6,Current account balance,Percent of GDP,3.3518462635905117
1994-Oct,1994,Oct,1995,PRT,Portugal,BCA_GDP_BP6,Current account balance,Percent of GDP,-0.7875739028861403
1995-Apr,1995,Apr,1996,AUT,Austria,BCA_GDP_BP6,Current account balance,Percent of GDP,-0.5178781774378854
1995-Apr,1995,Apr,1996,BEL,Belgium,BCA_GDP_BP6,Current account balance,Percent of GDP,6.2761153995881696
1995-Apr,1995,Apr,1996,DEU,Germany,BCA_GDP_BP6,Current account balance,Percent of GDP,-1.2944687663081214
1995-Apr,1995,Apr,1996,ESP,Spain,BCA_GDP_BP6,Current account balance,Percent of GDP,-0.6408449863986247
1995-Apr,1995,Apr,1996,FIN,Finland,BCA_GDP_BP6,Current account balance,Percent of GDP,1.4019641874317401
1995-Apr,1995,Apr,1996,FRA,France,BCA_GDP_BP6,Current account balance,Percent of GDP,0.6521525213518697
1995-Apr,1995,Apr,1996,GRC,Greece,BCA_GDP_BP6,Current account balance,Percent of GDP,-2.198518136262217
1995-Apr,1995,Apr,1996,IRL,Ireland,BCA_GDP_BP6,Current account balance,Percent of GDP,7.010375273995346
1995-Apr,1995,Apr,1996,ITA,Italy,BCA_GDP_BP6,Current account balance,Percent of GDP,2.4750303261091946
1995-Apr,1995,Apr,1996,LUX,Luxembourg,BCA_GDP_BP6,Current account balance,Percent of GDP,0.0
1995-Apr,1995,Apr,1996,NLD,Netherlands,BCA_GDP_BP6,Current account balance,Percent of GDP,3.314120446423051
1995-Apr,1995,Apr,1996,PRT,Portugal,BCA_GDP_BP6,Current account balance,Percent of GDP,-0.7707808762509774
1995-Oct,1995,Oct,1996,AUT,Austria,BCA_GDP_BP6,Current account balance,Percent of GDP,-1.0689436482564425
1995-Oct,1995,Oct,1996,BEL,Belgium,BCA_GDP_BP6,Current account balance,Percent of GDP,6.113906389802663
1995-Oct,1995,Oct,1996,DEU,Germany,BCA_GDP_BP6,Current account balance,Percent of GDP,-1.0762107127135263
1995-Oct,1995,Oct,1996,ESP,Spain,BCA_GDP_BP6,Current account balance,Percent of GDP,-0.1874776013680756
1995-Oct,1995,Oct,1996,FIN,Finland,BCA_GDP_BP6,Current account balance,Percent of GDP,1.0207505961087082
1995-Oct,1995,Oct,1996,FRA,France,BCA_GDP_BP6,Current account balance,Percent of GDP,0.9702723828155293
1995-Oct,1995,Oct,1996,GRC,Greece,BCA_GDP_BP6,Current account balance,Percent of GDP,-1.634858150118889
1995-Oct,1995,Oct,1996,IRL,Ireland,BCA_GDP_BP6,Current account balance,Percent of GDP,7.010375273995346
1995-Oct,1995,Oct,1996,ITA,Italy,BCA_GDP_BP6,Current account balance,Percent of GDP,2.288191601543331
1995-Oct,1995,Oct,1996,LUX,Luxembourg,BCA_GDP_BP6,Current account balance,Percent of GDP,
1995-Oct,1995,Oct,1996,NLD,Netherlands,BCA_GDP_BP6,Current account balance,Percent of GDP,2.752868094062889
1995-Oct,1995,Oct,1996,PRT,Portugal,BCA_GDP_BP6,Current account balance,Percent of GDP,-0.34513439344607594
1996-Apr,1996,Apr,1997,AUT,Austria,BCA_GDP_BP6,Current account balance,Percent of GDP,-0.7844410657608054
1996-Apr,1996,Apr,1997,BEL,Belgium,BCA_GDP_BP6,Current account balance,Percent of GDP,6.32271922568602
1996-Apr,1996,Apr,1997,DEU,Germany,BCA_GDP_BP6,Current account balance,Percent of GDP,-0.457091377479278
1996-Apr,1996,Apr,1997,ESP,Spain,BCA_GDP_BP6,Current account balance,Percent of GDP,0.23803291613109126
1996-Apr,1996,Apr,1997,FIN,Finland,BCA_GDP_BP6,Current account balance,Percent of GDP,2.6242159108581453
1996-Apr,1996,Apr,1997,FRA,France,BCA_GDP_BP6,Current account balance,Percent of GDP,0.7820732716354183
1996-Apr,1996,Apr,1997,GRC,Greece,BCA_GDP_BP6,Current account balance,Percent of GDP,-2.0308480692288713
1996-Apr,1996,Apr,1997,IRL,Ireland,BCA_GDP_BP6,Current account balance,Percent of GDP,6.138974761159279
1996-Apr,1996,Apr,1997,ITA,Italy,BCA_GDP_BP6,Current account balance,Percent of GDP,2.575118576369526
1996-Apr,1996,Apr,1997,LUX,Luxembourg,BCA_GDP_BP6,Current account balance,Percent of GDP,
1996-Apr,1996,Apr,1997,NLD,Netherlands,BCA_GDP_BP6,Current account balance,Percent of GDP,3.848257302334094
1996-Apr,1996,Apr,1997,PRT,Portugal,BCA_GDP_BP6,Current account balance,Percent of GDP,-1.4133255646430243
1996-Oct,1996,Oct,1997,AUT,Austria,BCA_GDP_BP6,Current account balance,Percent of GDP,-0.8465932576620699
1996-Oct,1996,Oct,1997,BEL,Belgium,BCA_GDP_BP6,Current account balance,Percent of GDP,6.025298475274636
1996-Oct,1996,Oct,1997,DEU,Germany,BCA_GDP_BP6,Current account balance,Percent of GDP,-0.7028333111780973
1996-Oct,1996,Oct,1997,ESP,Spain,BCA_GDP_BP6,Current account balance,Percent of GDP,0.5325743134809128
1996-Oct,1996,Oct,1997,FIN,Finland,BCA_GDP_BP6,Current account balance,Percent of GDP,2.7996613017611165
1996-Oct,1996,Oct,1997,FRA,France,BCA_GDP_BP6,Current account balance,Percent of GDP,1.5279771811133596
1996-Oct,1996,Oct,1997,GRC,Greece,BCA_GDP_BP6,Current account balance,Percent of GDP,-2.102480504848558
1996-Oct,1996,Oct,1997,IRL,Ireland,BCA_GDP_BP6,Current account balance,Percent of GDP,1.7284617237667863
1996-Oct,1996,Oct,1997,ITA,Italy,BCA_GDP_BP6,Current account balance,Percent of GDP,1.9053238519782454
1996-Oct,1996,Oct,1997,LUX,Luxembourg,BCA_GDP_BP6,Current account balance,Percent of GDP,
1996-Oct,1996,Oct,1997,NLD,Netherlands,BCA_GDP_BP6,Current account balance,Percent of GDP,4.443487892272159
1996-Oct,1996,Oct,1997,PRT,Portugal,BCA_GDP_BP6,Current account balance,Percent of GDP,-0.39718038138124606
1997-Apr,1997,Apr,1998,AUT,Austria,BCA_GDP_BP6,Current account balance,Percent of GDP,-1.4099198624739173
1997-Apr,1997,Apr,1998,BEL,Belgium,BCA_GDP_BP6,Current account balance,Percent of GDP,5.253272012522192
1997-Apr,1997,Apr,1998,DEU,Germany,BCA_GDP_BP6,Current account balance,Percent of GDP,-0.36645294120394467
1997-Apr,1997,Apr,1998,ESP,Spain,BCA_GDP_BP6,Current account balance,Percent of GDP,0.5498950920529014
1997-Apr,1997,Apr,1998,FIN,Finland,BCA_GDP_BP6,Current account balance,Percent of GDP,3.3735623987449834
1997-Apr,1997,Apr,1998,FRA,France,BCA_GDP_BP6,Current account balance,Percent of GDP,1.7251475032411097
1997-Apr,1997,Apr,1998,GRC,Greece,BCA_GDP_BP6,Current account balance,Percent of GDP,-2.0694272497486916
1997-Apr,1997,Apr,1998,IRL,Ireland,BCA_GDP_BP6,Current account balance,Percent of GDP,0.8523465891692336
1997-Apr,1997,Apr,1998,ITA,Italy,BCA_GDP_BP6,Current account balance,Percent of GDP,3.4757916883041493
1997-Apr,1997,Apr,1998,LUX,Luxembourg,BCA_GDP_BP6,Current account balance,Percent of GDP,
1997-Apr,1997,Apr,1998,NLD,Netherlands,BCA_GDP_BP6,Current account balance,Percent of GDP,4.3127504707344455
1997-Apr,1997,Apr,1998,PRT,Portugal,BCA_GDP_BP6,Current account balance,Percent of GDP,-1.76225888673116
1997-Oct,1997,Oct,1998,AUT,Austria,BCA_GDP_BP6,Current account balance,Percent of GDP,-1.3564719137149441
1997-Oct,1997,Oct,1998,BEL,Belgium,BCA_GDP_BP6,Current account balance,Percent of GDP,5.713146113536611
1997-Oct,1997,Oct,1998,DEU,Germany,BCA_GDP_BP6,Current account balance,Percent of GDP,0.04191544812719955
1997-Oct,1997,Oct,1998,ESP,Spain,BCA_GDP_BP6,Current account balance,Percent of GDP,0.5256796202115654
1997-Oct,1997,Oct,1998,FIN,Finland,BCA_GDP_BP6,Current account balance,Percent of GDP,3.556378373646744
1997-Oct,1997,Oct,1998,FRA,France,BCA_GDP_BP6,Current account balance,Percent of GDP,2.1674423555910556
1997-Oct,1997,Oct,1998,GRC,Greece,BCA_GDP_BP6,Current account balance,Percent of GDP,-5.005353155047518
1997-Oct,1997,Oct,1998,IRL,Ireland,BCA_GDP_BP6,Current account balance,Percent of GDP,1.2802178046762187
1997-Oct,1997,Oct,1998,ITA,Italy,BCA_GDP_BP6,Current account balance,Percent of GDP,3.4243732119399626
1997-Oct,1997,Oct,1998,LUX,Luxembourg,BCA_GDP_BP6,Current account balance,Percent of GDP,
1997-Oct,1997,Oct,1998,NLD,Netherlands,BCA_GDP_BP6,Current account balance,Percent of GDP,5.716176140433564
1997-Oct,1997,Oct,1998,PRT,Portugal,BCA_GDP_BP6,Current account balance,Percent of GDP,-2.037139568771577
1998-Apr,1998,Apr,1999,AUT,Austria,BCA_GDP_BP6,Current account balance,Percent of GDP,-1.458655170628874
1998-Apr,1998,Apr,1999,BEL,Belgium,BCA_GDP_BP6,Current account balance,Percent of GDP,6.172228047436318
1998-Apr,1998,Apr,1999,DEU,Germany,BCA_GDP_BP6,Current account balance,Percent of GDP,0.061436718510386006
1998-Apr,1998,Apr,1999,ESP,Spain,BCA_GDP_BP6,Current account balance,Percent of GDP,-0.23937091759162232
1998-Apr,1998,Apr,1999,FIN,Finland,BCA_GDP_BP6,Current account balance,Percent of GDP,5.035168908179348
1998-Apr,1998,Apr,1999,FRA,France,BCA_GDP_BP6,Current account balance,Percent of GDP,2.2566858143880344
1998-Apr,1998,Apr,1999,GRC,Greece,BCA_GDP_BP6,Current account balance,Percent of GDP,-2.0589685269770235
1998-Apr,1998,Apr,1999,IRL,Ireland,BCA_GDP_BP6,Current account balance,Percent of GDP,1.5457622958691526
1998-Apr,1998,Apr,1999,ITA,Italy,BCA_GDP_BP6,Current account balance,Percent of GDP,2.3798647104119612
1998-Apr,1998,Apr,1999,LUX,Luxembourg,BCA_GDP_BP6,Current account balance,Percent of GDP,
1998-Apr,1998,Apr,1999,NLD,Netherlands,BCA_GDP_BP6,Current account balance,Percent of GDP,6.13928541244184
1998-Apr,1998,Apr,1999,PRT,Portugal,BCA_GDP_BP6,Current account balance,Percent of GDP,-1.4082577167570796
1998-Oct,1998,Oct,1999,AUT,Austria,BCA_GDP_BP6,Current account balance,Percent of GDP,-0.586505603889137
1998-Oct,1998,Oct,1999,BEL,Belgium,BCA_GDP_BP6,Current account balance,Percent of GDP,5.982194976591363
1998-Oct,1998,Oct,1999,DEU,Germany,BCA_GDP_BP6,Current account balance,Percent of GDP,0.3636532054818003
1998-Oct,1998,Oct,1999,ESP,Spain,BCA_GDP_BP6,Current account balance,Percent of GDP,-0.19407045558539746
1998-Oct,1998,Oct,1999,FIN,Finland,BCA_GDP_BP6,Current account balance,Percent of GDP,4.669215089073546
1998-Oct,1998,Oct,1999,FRA,France,BCA_GDP_BP6,Current account balance,Percent of GDP,1.922834109792946
1998-Oct,1998,Oct,1999,GRC,Greece,BCA_GDP_BP6,Current account balance,Percent of GDP,-2.0937335500193077
1998-Oct,1998,Oct,1999,IRL,Ireland,BCA_GDP_BP6,Current account balance,Percent of GDP,3.596027405364056
1998-Oct,1998,Oct,1999,ITA,Italy,BCA_GDP_BP6,Current account balance,Percent of GDP,2.3193956064195853
1998-Oct,1998,Oct,1999,LUX,Luxembourg,BCA_GDP_BP6,Current account balance,Percent of GDP,
1998-Oct,1998,Oct,1999,NLD,Netherlands,BCA_GDP_BP6,Current account balance,Percent of GDP,6.1227075787513385
1998-Oct,1998,Oct,1999,PRT,Portugal,BCA_GDP_BP6,Current account balance,Percent of GDP,-2.066871460834434
1999-Apr,1999,Apr,2000,AUT,Austria,BCA_GDP_BP6,Current account balance,Percent of GDP,-1.3155862754087015
1999-Apr,1999,Apr,2000,BEL,Belgium,BCA_GDP_BP6,Current account balance,Percent of GDP,5.375108977525246
1999-Apr,1999,Apr,2000,DEU,Germany,BCA_GDP_BP6,Current account balance,Percent of GDP,0.019944591668083416
1999-Apr,1999,Apr,2000,ESP,Spain,BCA_GDP_BP6,Current account balance,Percent of GDP,-0.8235689173510108
1999-Apr,1999,Apr,2000,FIN,Finland,BCA_GDP_BP6,Current account balance,Percent of GDP,4.88551814239264
1999-Apr,1999,Apr,2000,FRA,France,BCA_GDP_BP6,Current account balance,Percent of GDP,2.983752577155898
1999-Apr,1999,Apr,2000,GRC,Greece,BCA_GDP_BP6,Current account balance,Percent of GDP,-2.632493132422945
1999-Apr,1999,Apr,2000,IRL,Ireland,BCA_GDP_BP6,Current account balance,Percent of GDP,1.8158312974309612
1999-Apr,1999,Apr,2000,ITA,Italy,BCA_GDP_BP6,Current account balance,Percent of GDP,2.3452546689595706
1999-Apr,1999,Apr,2000,LUX,Luxembourg,BCA_GDP_BP6,Current account balance,Percent of GDP,
1999-Apr,1999,Apr,2000,NLD,Netherlands,BCA_GDP_BP6,Current account balance,Percent of GDP,5.84122085796919
1999-Apr,1999,Apr,2000,PRT,Portugal,BCA_GDP_BP6,Current account balance,Percent of GDP,-3.6979843236284795
1999-Oct,1999,Oct,2000,AUT,Austria,BCA_GDP_BP6,Current account balance,Percent of GDP,-1.5289251212290043
1999-Oct,1999,Oct,2000,BEL,Belgium,BCA_GDP_BP6,Current account balance,Percent of GDP,4.5187227126565945
1999-Oct,1999,Oct,2000,DEU,Germany,BCA_GDP_BP6,Current account balance,Percent of GDP,0.24925135577559668
1999-Oct,1999,Oct,2000,ESP,Spain,BCA_GDP_BP6,Current account balance,Percent of GDP,-0.7429778708806605
1999-Oct,1999,Oct,2000,FIN,Finland,BCA_GDP_BP6,Current account balance,Percent of GDP,5.402411921804314
1999-Oct,1999,Oct,2000,FRA,France,BCA_GDP_BP6,Current account balance,Percent of GDP,2.78934616625036
1999-Oct,1999,Oct,2000,GRC,Greece,BCA_GDP_BP6,Current account balance,Percent of GDP,-2.391105827034321
1999-Oct,1999,Oct,2000,IRL,Ireland,BCA_GDP_BP6,Current account balance,Percent of GDP,0.4363267744761528
1999-Oct,1999,Oct,2000,ITA,Italy,BCA_GDP_BP6,Current account balance,Percent of GDP,1.7219743205934748
1999-Oct,1999,Oct,2000,LUX,Luxembourg,BCA_GDP_BP6,Current account balance,Percent of GDP,
1999-Oct,1999,Oct,2000,NLD,Netherlands,BCA_GDP_BP6,Current account balance,Percent of GDP,5.896091345657278
1999-Oct,1999,Oct,2000,PRT,Portugal,BCA_GDP_BP6,Current account balance,Percent of GDP,-7.367327148859318
2000-Apr,2000,Apr,2001,AUT,Austria,BCA_GDP_BP6,Current account balance,Percent of GDP,-1.0109113990255132
2000-Apr,2000,Apr,2001,BEL,Belgium,BCA_GDP_BP6,Current account balance,Percent of GDP,5.229491272644853
2000-Apr,2000,Apr,2001,DEU,Germany,BCA_GDP_BP6,Current account balance,Percent of GDP,0.6736668707610582
2000-Apr,2000,Apr,2001,ESP,Spain,BCA_GDP_BP6,Current account balance,Percent of GDP,-1.7208797939714697
2000-Apr,2000,Apr,2001,FIN,Finland,BCA_GDP_BP6,Current account balance,Percent of GDP,5.654052961987584
2000-Apr,2000,Apr,2001,FRA,France,BCA_GDP_BP6,Current account balance,Percent of GDP,3.1429599477403682
2000-Apr,2000,Apr,2001,GRC,Greece,BCA_GDP_BP6,Current account balance,Percent of GDP,-1.7742631991925206
2000-Apr,2000,Apr,2001,IRL,Ireland,BCA_GDP_BP6,Current account balance,Percent of GDP,-0.8839449561316035
2000-Apr,2000,Apr,2001,ITA,Italy,BCA_GDP_BP6,Current account balance,Percent of GDP,1.1141196302746252
2000-Apr,2000,Apr,2001,LUX,Luxembourg,BCA_GDP_BP6,Current account balance,Percent of GDP,
2000-Apr,2000,Apr,2001,NLD,Netherlands,BCA_GDP_BP6,Current account balance,Percent of GDP,6.122081020715737
2000-Apr,2000,Apr,2001,PRT,Portugal,BCA_GDP_BP6,Current account balance,Percent of GDP,-9.29454827183154
2000-Oct,2000,Oct,2001,AUT,Austria,BCA_GDP_BP6,Current account balance,Percent of GDP,-1.7953592908894183
2000-Oct,2000,Oct,2001,BEL,Belgium,BCA_GDP_BP6,Current account balance,Percent of GDP,5.128096302521261
2000-Oct,2000,Oct,2001,DEU,Germany,BCA_GDP_BP6,Current account balance,Percent of GDP,-0.0010804771671624816
2000-Oct,2000,Oct,2001,ESP,Spain,BCA_GDP_BP6,Current account balance,Percent of GDP,-1.8773152521806422
2000-Oct,2000,Oct,2001,FIN,Finland,BCA_GDP_BP6,Current account balance,Percent of GDP,5.300174277695322
2000-Oct,2000,Oct,2001,FRA,France,BCA_GDP_BP6,Current account balance,Percent of GDP,3.4454226098821206
2000-Oct,2000,Oct,2001,GRC,Greece,BCA_GDP_BP6,Current account balance,Percent of GDP,-4.929749976805526
2000-Oct,2000,Oct,2001,IRL,Ireland,BCA_GDP_BP6,Current account balance,Percent of GDP,-0.8964016631130765
2000-Oct,2000,Oct,2001,ITA,Italy,BCA_GDP_BP6,Current account balance,Percent of GDP,1.3143068248203813
2000-Oct,2000,Oct,2001,LUX,Luxembourg,BCA_GDP_BP6,Current account balance,Percent of GDP,0.0
2000-Oct,2000,Oct,2001,NLD,Netherlands,BCA_GDP_BP6,Current account balance,Percent of GDP,6.487998552255908
2000-Oct,2000,Oct,2001,PRT,Portugal,BCA_GDP_BP6,Current account balance,Percent of GDP,-10.492038511526337
2001-Apr,2001,Apr,2002,AUT,Austria,BCA_GDP_BP6,Current account balance,Percent of GDP,-2.2501063082965143
2001-Apr,2001,Apr,2002,BEL,Belgium,BCA_GDP_BP6,Current account balance,Percent of GDP,4.921951519766735
2001-Apr,2001,Apr,2002,DEU,Germany,BCA_GDP_BP6,Current account balance,Percent of GDP,-0.9533257126543505
2001-Apr,2001,Apr,2002,ESP,Spain,BCA_GDP_BP6,Current account balance,Percent of GDP,-3.0383506051816
2001-Apr,2001,Apr,2002,FIN,Finland,BCA_GDP_BP6,Current account balance,Percent of GDP,7.64448532094006
2001-Apr,2001,Apr,2002,FRA,France,BCA_GDP_BP6,Current account balance,Percent of GDP,2.3257154484060525
2001-Apr,2001,Apr,2002,GRC,Greece,BCA_GDP_BP6,Current account balance,Percent of GDP,-7.131289292938339
2001-Apr,2001,Apr,2002,IRL,Ireland,BCA_GDP_BP6,Current account balance,Percent of GDP,-2.610741320297173
2001-Apr,2001,Apr,2002,ITA,Italy,BCA_GDP_BP6,Current account balance,Percent of GDP,0.05880956980217213
2001-Apr,2001,Apr,2002,LUX,Luxembourg,BCA_GDP_BP6,Current account balance,Percent of GDP,0.0
2001-Apr,2001,Apr,2002,NLD,Netherlands,BCA_GDP_BP6,Current account balance,Percent of GDP,3.3540769579989345
2001-Apr,2001,Apr,2002,PRT,Portugal,BCA_GDP_BP6,Current account balance,Percent of GDP,-9.320324248406662
2001-Oct,2001,Oct,2002,AUT,Austria,BCA_GDP_BP6,Current account balance,Percent of GDP,-2.551716512305825
2001-Oct,2001,Oct,2002,BEL,Belgium,BCA_GDP_BP6,Current account balance,Percent of GDP,5.229778392962257
2001-Oct,2001,Oct,2002,DEU,Germany,BCA_GDP_BP6,Current account balance,Percent of GDP,-0.4867890736530256
2001-Oct,2001,Oct,2002,ESP,Spain,BCA_GDP_BP6,Current account balance,Percent of GDP,-2.103657930335077
2001-Oct,2001,Oct,2002,FIN,Finland,BCA_GDP_BP6,Current account balance,Percent of GDP,5.325165781238296
2001-Oct,2001,Oct,2002,FRA,France,BCA_GDP_BP6,Current account balance,Percent of GDP,2.582939565373703
2001-Oct,2001,Oct,2002,GRC,Greece,BCA_GDP_BP6,Current account balance,Percent of GDP,-6.406200256456311
2001-Oct,2001,Oct,2002,IRL,Ireland,BCA_GDP_BP6,Current account balance,Percent of GDP,-2.1932559041384043
2001-Oct,2001,Oct,2002,ITA,Italy,BCA_GDP_BP6,Current account balance,Percent of GDP,0.09969213949855599
2001-Oct,2001,Oct,2002,LUX,Luxembourg,BCA_GDP_BP6,Current account balance,Percent of GDP,0.0
2001-Oct,2001,Oct,2002,NLD,Netherlands,BCA_GDP_BP6,Current account balance,Percent of GDP,4.627933142126504
2001-Oct,2001,Oct,2002,PRT,Portugal,BCA_GDP_BP6,Current account balance,Percent of GDP,-8.740093051239333
2002-Apr,2002,Apr,2003,AUT,Austria,BCA_GDP_BP6,Current account balance,Percent of GDP,-1.4261240211120456
2002-Apr,2002,Apr,2003,BEL,Belgium,BCA_GDP_BP6,Current account balance,Percent of GDP,5.134397587586714
2002-Apr,2002,Apr,2003,DEU,Germany,BCA_GDP_BP6,Current account balance,Percent of GDP,0.6302043440732306
2002-Apr,2002,Apr,2003,ESP,Spain,BCA_GDP_BP6,Current account balance,Percent of GDP,-1.5601543392267154
2002-Apr,2002,Apr,2003,FIN,Finland,BCA_GDP_BP6,Current account balance,Percent of GDP,4.883188145913422
2002-Apr,2002,Apr,2003,FRA,France,BCA_GDP_BP6,Current account balance,Percent of GDP,2.228467302067055
2002-Apr,2002,Apr,2003,GRC,Greece,BCA_GDP_BP6,Current account balance,Percent of GDP,-6.0096806728977334
2002-Apr,2002,Apr,2003,IRL,Ireland,BCA_GDP_BP6,Current account balance,Percent of GDP,-1.6314033971643211
2002-Apr,2002,Apr,2003,ITA,Italy,BCA_GDP_BP6,Current account balance,Percent of GDP,1.00496132148505
2002-Apr,2002,Apr,2003,LUX,Luxembourg,BCA_GDP_BP6,Current account balance,Percent of GDP,0.0
2002-Apr,2002,Apr,2003,NLD,Netherlands,BCA_GDP_BP6,Current account balance,Percent of GDP,3.332221221000711
2002-Apr,2002,Apr,2003,PRT,Portugal,BCA_GDP_BP6,Current account balance,Percent of GDP,-8.947220943724963
2002-Oct,2002,Oct,2003,AUT,Austria,BCA_GDP_BP6,Current account balance,Percent of GDP,-2.276323270349068
2002-Oct,2002,Oct,2003,BEL,Belgium,BCA_GDP_BP6,Current account balance,Percent of GDP,4.859528759165305
2002-Oct,2002,Oct,2003,DEU,Germany,BCA_GDP_BP6,Current account balance,Percent of GDP,2.123158123525608
2002-Oct,2002,Oct,2003,ESP,Spain,BCA_GDP_BP6,Current account balance,Percent of GDP,-1.7969094667509986
2002-Oct,2002,Oct,2003,FIN,Finland,BCA_GDP_BP6,Current account balance,Percent of GDP,7.583295130360555
2002-Oct,2002,Oct,2003,FRA,France,BCA_GDP_BP6,Current account balance,Percent of GDP,1.4372218130828542
2002-Oct,2002,Oct,2003,GRC,Greece,BCA_GDP_BP6,Current account balance,Percent of GDP,-5.401014686112979
2002-Oct,2002,Oct,2003,IRL,Ireland,BCA_GDP_BP6,Current account balance,Percent of GDP,-0.9415137033801042
2002-Oct,2002,Oct,2003,ITA,Italy,BCA_GDP_BP6,Current account balance,Percent of GDP,0.24860254894368813
2002-Oct,2002,Oct,2003,LUX,Luxembourg,BCA_GDP_BP6,Current account balance,Percent of GDP,0.0
2002-Oct,2002,Oct,2003,NLD,Netherlands,BCA_GDP_BP6,Current account balance,Percent of GDP,2.961137417125431
2002-Oct,2002,Oct,2003,PRT,Portugal,BCA_GDP_BP6,Current account balance,Percent of GDP,-7.523042171871912
2003-Apr,2003,Apr,2004,AUT,Austria,BCA_GDP_BP6,Current account balance,Percent of GDP,-1.055529141734181
2003-Apr,2003,Apr,2004,BEL,Belgium,BCA_GDP_BP6,Current account balance,Percent of GDP,3.359800394965008
2003-Apr,2003,Apr,2004,DEU,Germany,BCA_GDP_BP6,Current account balance,Percent of GDP,2.63242767040572
2003-Apr,2003,Apr,2004,ESP,Spain,BCA_GDP_BP6,Current account balance,Percent of GDP,-1.8081401164223305
2003-Apr,2003,Apr,2004,FIN,Finland,BCA_GDP_BP6,Current account balance,Percent of GDP,6.23816903493684
2003-Apr,2003,Apr,2004,FRA,France,BCA_GDP_BP6,Current account balance,Percent of GDP,1.901814803550954
2003-Apr,2003,Apr,2004,GRC,Greece,BCA_GDP_BP6,Current account balance,Percent of GDP,-6.783403780732522
2003-Apr,2003,Apr,2004,IRL,Ireland,BCA_GDP_BP6,Current account balance,Percent of GDP,-1.1121855037889075
2003-Apr,2003,Apr,2004,ITA,Italy,BCA_GDP_BP6,Current account balance,Percent of GDP,0.34328987498252583
2003-Apr,2003,Apr,2004,LUX,Luxembourg,BCA_GDP_BP6,Current account balance,Percent of GDP,9.8313665934363
2003-Apr,2003,Apr,2004,NLD,Netherlands,BCA_GDP_BP6,Current account balance,Percent of GDP,2.2096975167933905
2003-Apr,2003,Apr,2004,PRT,Portugal,BCA_GDP_BP6,Current account balance,Percent of GDP,-6.908807259835475
2003-Oct,2003,Oct,2004,AUT,Austria,BCA_GDP_BP6,Current account balance,Percent of GDP,-0.15355289502071912
2003-Oct,2003,Oct,2004,BEL,Belgium,BCA_GDP_BP6,Current account balance,Percent of GDP,4.37109028712948
2003-Oct,2003,Oct,2004,DEU,Germany,BCA_GDP_BP6,Current account balance,Percent of GDP,2.1059963519072227
2003-Oct,2003,Oct,2004,ESP,Spain,BCA_GDP_BP6,Current account balance,Percent of GDP,-2.6671358051558083
2003-Oct,2003,Oct,2004,FIN,Finland,BCA_GDP_BP6,Current account balance,Percent of GDP,5.764064981662209
2003-Oct,2003,Oct,2004,FRA,France,BCA_GDP_BP6,Current account balance,Percent of GDP,1.5655659306334428
2003-Oct,2003,Oct,2004,GRC,Greece,BCA_GDP_BP6,Current account balance,Percent of GDP,-6.550196503857351
2003-Oct,2003,Oct,2004,IRL,Ireland,BCA_GDP_BP6,Current account balance,Percent of GDP,-1.1067393008216888
2003-Oct,2003,Oct,2004,ITA,Italy,BCA_GDP_BP6,Current account balance,Percent of GDP,-0.8534707096565279
2003-Oct,2003,Oct,2004,LUX,Luxembourg,BCA_GDP_BP6,Current account balance,Percent of GDP,9.8313665934363
2003-Oct,2003,Oct,2004,NLD,Netherlands,BCA_GDP_BP6,Current account balance,Percent of GDP,3.307088239573878
2003-Oct,2003,Oct,2004,PRT,Portugal,BCA_GDP_BP6,Current account balance,Percent of GDP,-4.211961717196868
2004-Apr,2004,Apr,2005,AUT,Austria,BCA_GDP_BP6,Current account balance,Percent of GDP,-0.4533361084524965
2004-Apr,2004,Apr,2005,BEL,Belgium,BCA_GDP_BP6,Current account balance,Percent of GDP,4.503193199114647
2004-Apr,2004,Apr,2005,DEU,Germany,BCA_GDP_BP6,Current account balance,Percent of GDP,2.6692237880054805
2004-Apr,2004,Apr,2005,ESP,Spain,BCA_GDP_BP6,Current account balance,Percent of GDP,-2.8920983256215087
2004-Apr,2004,Apr,2005,FIN,Finland,BCA_GDP_BP6,Current account balance,Percent of GDP,6.259444712434769
2004-Apr,2004,Apr,2005,FRA,France,BCA_GDP_BP6,Current account balance,Percent of GDP,0.6518047803090533
2004-Apr,2004,Apr,2005,GRC,Greece,BCA_GDP_BP6,Current account balance,Percent of GDP,-4.417430598517133
2004-Apr,2004,Apr,2005,IRL,Ireland,BCA_GDP_BP6,Current account balance,Percent of GDP,-1.319040534661532
2004-Apr,2004,Apr,2005,ITA,Italy,BCA_GDP_BP6,Current account balance,Percent of GDP,-0.528028689139912
2004-Apr,2004,Apr,2005,LUX,Luxembourg,BCA_GDP_BP6,Current account balance,Percent of GDP,7.972404296791489
2004-Apr,2004,Apr,2005,NLD,Netherlands,BCA_GDP_BP6,Current account balance,Percent of GDP,2.8548344197565
2004-Apr,2004,Apr,2005,PRT,Portugal,BCA_GDP_BP6,Current account balance,Percent of GDP,-4.005366757616461
2004-Oct,2004,Oct,2005,AUT,Austria,BCA_GDP_BP6,Current account balance,Percent of GDP,-1.1148090942310338
2004-Oct,2004,Oct,2005,BEL,Belgium,BCA_GDP_BP6,Current account balance,Percent of GDP,4.6057545057962255
2004-Oct,2004,Oct,2005,DEU,Germany,BCA_GDP_BP6,Current account balance,Percent of GDP,4.751683662790318
2004-Oct,2004,Oct,2005,ESP,Spain,BCA_GDP_BP6,Current account balance,Percent of GDP,-3.5781274277820954
2004-Oct,2004,Oct,2005,FIN,Finland,BCA_GDP_BP6,Current account balance,Percent of GDP,6.157788121334972
2004-Oct,2004,Oct,2005,FRA,France,BCA_GDP_BP6,Current account balance,Percent of GDP,-0.6445978071358962
2004-Oct,2004,Oct,2005,GRC,Greece,BCA_GDP_BP6,Current account balance,Percent of GDP,-5.694585444191041
2004-Oct,2004,Oct,2005,IRL,Ireland,BCA_GDP_BP6,Current account balance,Percent of GDP,-1.330964566174633
2004-Oct,2004,Oct,2005,ITA,Italy,BCA_GDP_BP6,Current account balance,Percent of GDP,-0.7788275018077985
2004-Oct,2004,Oct,2005,LUX,Luxembourg,BCA_GDP_BP6,Current account balance,Percent of GDP,11.412582763526258
2004-Oct,2004,Oct,2005,NLD,Netherlands,BCA_GDP_BP6,Current account balance,Percent of GDP,3.1485240387569515
2004-Oct,2004,Oct,2005,PRT,Portugal,BCA_GDP_BP6,Current account balance,Percent of GDP,-6.3127340192974435
2005-Apr,2005,Apr,2006,AUT,Austria,BCA_GDP_BP6,Current account balance,Percent of GDP,-1.1297518615610747
2005-Apr,2005,Apr,2006,BEL,Belgium,BCA_GDP_BP6,Current account balance,Percent of GDP,4.229861276225395
2005-Apr,2005,Apr,2006,DEU,Germany,BCA_GDP_BP6,Current account balance,Percent of GDP,3.4241694619849494
2005-Apr,2005,Apr,2006,ESP,Spain,BCA_GDP_BP6,Current account balance,Percent of GDP,-5.354933963528284
2005-Apr,2005,Apr,2006,FIN,Finland,BCA_GDP_BP6,Current account balance,Percent of GDP,4.955718459505587
2005-Apr,2005,Apr,2006,FRA,France,BCA_GDP_BP6,Current account balance,Percent of GDP,-0.06521369169388239
2005-Apr,2005,Apr,2006,GRC,Greece,BCA_GDP_BP6,Current account balance,Percent of GDP,-3.2115159090073537
2005-Apr,2005,Apr,2006,IRL,Ireland,BCA_GDP_BP6,Current account balance,Percent of GDP,-1.4009930262757104
2005-Apr,2005,Apr,2006,ITA,Italy,BCA_GDP_BP6,Current account balance,Percent of GDP,-0.9495070001585674
2005-Apr,2005,Apr,2006,LUX,Luxembourg,BCA_GDP_BP6,Current account balance,Percent of GDP,10.11009630395789
2005-Apr,2005,Apr,2006,NLD,Netherlands,BCA_GDP_BP6,Current account balance,Percent of GDP,4.533142964465725
2005-Apr,2005,Apr,2006,PRT,Portugal,BCA_GDP_BP6,Current account balance,Percent of GDP,-6.908719165530061
2005-Oct,2005,Oct,2006,AUT,Austria,BCA_GDP_BP6,Current account balance,Percent of GDP,-0.30708950804923363
2005-Oct,2005,Oct,2006,BEL,Belgium,BCA_GDP_BP6,Current account balance,Percent of GDP,3.952766417148808
2005-Oct,2005,Oct,2006,DEU,Germany,BCA_GDP_BP6,Current account balance,Percent of GDP,4.401713037971873
2005-Oct,2005,Oct,2006,ESP,Spain,BCA_GDP_BP6,Current account balance,Percent of GDP,-6.875078652827122
2005-Oct,2005,Oct,2006,FIN,Finland,BCA_GDP_BP6,Current account balance,Percent of GDP,4.426362508377992
2005-Oct,2005,Oct,2006,FRA,France,BCA_GDP_BP6,Current account balance,Percent of GDP,-1.460294505133606
2005-Oct,2005,Oct,2006,GRC,Greece,BCA_GDP_BP6,Current account balance,Percent of GDP,-4.033923939609842
2005-Oct,2005,Oct,2006,IRL,Ireland,BCA_GDP_BP6,Current account balance,Percent of GDP,-1.773928469307069
2005-Oct,2005,Oct,2006,ITA,Italy,BCA_GDP_BP6,Current account balance,Percent of GDP,-1.4155382783197614
2005-Oct,2005,Oct,2006,LUX,Luxembourg,BCA_GDP_BP6,Current account balance,Percent of GDP,9.103781317644694
2005-Oct,2005,Oct,2006,NLD,Netherlands,BCA_GDP_BP6,Current account balance,Percent of GDP,5.274069848255851
2005-Oct,2005,Oct,2006,PRT,Portugal,BCA_GDP_BP6,Current account balance,Percent of GDP,-7.68920346808466
2006-Apr,2006,Apr,2007,AUT,Austria,BCA_GDP_BP6,Current account balance,Percent of GDP,0.9380648591089367
2006-Apr,2006,Apr,2007,BEL,Belgium,BCA_GDP_BP6,Current account balance,Percent of GDP,4.777063850915384
2006-Apr,2006,Apr,2007,DEU,Germany,BCA_GDP_BP6,Current account balance,Percent of GDP,4.310025396371346
2006-Apr,2006,Apr,2007,ESP,Spain,BCA_GDP_BP6,Current account balance,Percent of GDP,-8.476660477821962
2006-Apr,2006,Apr,2007,FIN,Finland,BCA_GDP_BP6,Current account balance,Percent of GDP,2.6876753455827407
2006-Apr,2006,Apr,2007,FRA,France,BCA_GDP_BP6,Current account balance,Percent of GDP,-2.061932820479563
2006-Apr,2006,Apr,2007,GRC,Greece,BCA_GDP_BP6,Current account balance,Percent of GDP,-7.8836036241397105
2006-Apr,2006,Apr,2007,IRL,Ireland,BCA_GDP_BP6,Current account balance,Percent of GDP,-3.2991406563655996
2006-Apr,2006,Apr,2007,ITA,Italy,BCA_GDP_BP6,Current account balance,Percent of GDP,-0.6569804560695199
2006-Apr,2006,Apr,2007,LUX,Luxembourg,BCA_GDP_BP6,Current account balance,Percent of GDP,7.287369203855677
2006-Apr,2006,Apr,2007,NLD,Netherlands,BCA_GDP_BP6,Current account balance,Percent of GDP,7.858413767615723
2006-Apr,2006,Apr,2007,PRT,Portugal,BCA_GDP_BP6,Current account balance,Percent of GDP,-9.382562541454067
2006-Oct,2006,Oct,2007,AUT,Austria,BCA_GDP_BP6,Current account balance,Percent of GDP,1.7369673271753798
2006-Oct,2006,Oct,2007,BEL,Belgium,BCA_GDP_BP6,Current account balance,Percent of GDP,2.6615381534114992
2006-Oct,2006,Oct,2007,DEU,Germany,BCA_GDP_BP6,Current account balance,Percent of GDP,3.974114832298821
2006-Oct,2006,Oct,2007,ESP,Spain,BCA_GDP_BP6,Current account balance,Percent of GDP,-8.683616976388906
2006-Oct,2006,Oct,2007,FIN,Finland,BCA_GDP_BP6,Current account balance,Percent of GDP,4.641424715768242
2006-Oct,2006,Oct,2007,FRA,France,BCA_GDP_BP6,Current account balance,Percent of GDP,-1.6918644961780902
2006-Oct,2006,Oct,2007,GRC,Greece,BCA_GDP_BP6,Current account balance,Percent of GDP,-7.964726736519477
2006-Oct,2006,Oct,2007,IRL,Ireland,BCA_GDP_BP6,Current account balance,Percent of GDP,-3.228972281879204
2006-Oct,2006,Oct,2007,ITA,Italy,BCA_GDP_BP6,Current account balance,Percent of GDP,-1.0341495320505056
2006-Oct,2006,Oct,2007,LUX,Luxembourg,BCA_GDP_BP6,Current account balance,Percent of GDP,8.18917419636795
2006-Oct,2006,Oct,2007,NLD,Netherlands,BCA_GDP_BP6,Current account balance,Percent of GDP,7.88047882171293
2006-Oct,2006,Oct,2007,PRT,Portugal,BCA_GDP_BP6,Current account balance,Percent of GDP,-9.630147579183225
2007-Apr,2007,Apr,2008,AUT,Austria,BCA_GDP_BP6,Current account balance,Percent of GDP,1.6475140718873744
2007-Apr,2007,Apr,2008,BEL,Belgium,BCA_GDP_BP6,Current account balance,Percent of GDP,2.523329289282834
2007-Apr,2007,Apr,2008,DEU,Germany,BCA_GDP_BP6,Current account balance,Percent of GDP,5.172843682638098
2007-Apr,2007,Apr,2008,ESP,Spain,BCA_GDP_BP6,Current account balance,Percent of GDP,-9.792381559339452
2007-Apr,2007,Apr,2008,FIN,Finland,BCA_GDP_BP6,Current account balance,Percent of GDP,5.196838988409615
2007-Apr,2007,Apr,2008,FRA,France,BCA_GDP_BP6,Current account balance,Percent of GDP,-2.32818350863185
2007-Apr,2007,Apr,2008,GRC,Greece,BCA_GDP_BP6,Current account balance,Percent of GDP,-8.67465468435588
2007-Apr,2007,Apr,2008,IRL,Ireland,BCA_GDP_BP6,Current account balance,Percent of GDP,-3.0000000000000115
2007-Apr,2007,Apr,2008,ITA,Italy,BCA_GDP_BP6,Current account balance,Percent of GDP,-2.2278585153033497
2007-Apr,2007,Apr,2008,LUX,Luxembourg,BCA_GDP_BP6,Current account balance,Percent of GDP,11.405530550385869
2007-Apr,2007,Apr,2008,NLD,Netherlands,BCA_GDP_BP6,Current account balance,Percent of GDP,7.637643672608663
2007-Apr,2007,Apr,2008,PRT,Portugal,BCA_GDP_BP6,Current account balance,Percent of GDP,-9.056120583189236
2007-Oct,2007,Oct,2008,AUT,Austria,BCA_GDP_BP6,Current account balance,Percent of GDP,3.6640372085594044
2007-Oct,2007,Oct,2008,BEL,Belgium,BCA_GDP_BP6,Current account balance,Percent of GDP,2.5487125508693484
2007-Oct,2007,Oct,2008,DEU,Germany,BCA_GDP_BP6,Current account balance,Percent of GDP,5.099735868218809
2007-Oct,2007,Oct,2008,ESP,Spain,BCA_GDP_BP6,Current account balance,Percent of GDP,-10.154699214325213
2007-Oct,2007,Oct,2008,FIN,Finland,BCA_GDP_BP6,Current account balance,Percent of GDP,5.005368594928415
2007-Oct,2007,Oct,2008,FRA,France,BCA_GDP_BP6,Current account balance,Percent of GDP,-1.8401694772598045
2007-Oct,2007,Oct,2008,GRC,Greece,BCA_GDP_BP6,Current account balance,Percent of GDP,-9.575202115145686
2007-Oct,2007,Oct,2008,IRL,Ireland,BCA_GDP_BP6,Current account balance,Percent of GDP,-3.2993799660249756
2007-Oct,2007,Oct,2008,ITA,Italy,BCA_GDP_BP6,Current account balance,Percent of GDP,-2.237288173084799
2007-Oct,2007,Oct,2008,LUX,Luxembourg,BCA_GDP_BP6,Current account balance,Percent of GDP,10.317496155449753
2007-Oct,2007,Oct,2008,NLD,Netherlands,BCA_GDP_BP6,Current account balance,Percent of GDP,6.748579842121881
2007-Oct,2007,Oct,2008,PRT,Portugal,BCA_GDP_BP6,Current account balance,Percent of GDP,-9.16612669864499
2008-Apr,2008,Apr,2009,AUT,Austria,BCA_GDP_BP6,Current account balance,Percent of GDP,2.903472283733755
2008-Apr,2008,Apr,2009,BEL,Belgium,BCA_GDP_BP6,Current account balance,Percent of GDP,2.808447164195164
2008-Apr,2008,Apr,2009,DEU,Germany,BCA_GDP_BP6,Current account balance,Percent of GDP,4.911047986366703
2008-Apr,2008,Apr,2009,ESP,Spain,BCA_GDP_BP6,Current account balance,Percent of GDP,-10.311997837613095
2008-Apr,2008,Apr,2009,FIN,Finland,BCA_GDP_BP6,Current account balance,Percent of GDP,3.9132944192102648
2008-Apr,2008,Apr,2009,FRA,France,BCA_GDP_BP6,Current account balance,Percent of GDP,-2.471615130670374
2008-Apr,2008,Apr,2009,GRC,Greece,BCA_GDP_BP6,Current account balance,Percent of GDP,-14.06591098069819
2008-Apr,2008,Apr,2009,IRL,Ireland,BCA_GDP_BP6,Current account balance,Percent of GDP,-2.8933770191384154
2008-Apr,2008,Apr,2009,ITA,Italy,BCA_GDP_BP6,Current account balance,Percent of GDP,-2.3195187920131
2008-Apr,2008,Apr,2009,LUX,Luxembourg,BCA_GDP_BP6,Current account balance,Percent of GDP,7.284485425444699
2008-Apr,2008,Apr,2009,NLD,Netherlands,BCA_GDP_BP6,Current account balance,Percent of GDP,5.611969816712791
2008-Apr,2008,Apr,2009,PRT,Portugal,BCA_GDP_BP6,Current account balance,Percent of GDP,-9.531842229825118
2008-Oct,2008,Oct,2009,AUT,Austria,BCA_GDP_BP6,Current account balance,Percent of GDP,2.4184740283385793
2008-Oct,2008,Oct,2009,BEL,Belgium,BCA_GDP_BP6,Current account balance,Percent of GDP,-1.0703758057936072
2008-Oct,2008,Oct,2009,DEU,Germany,BCA_GDP_BP6,Current account balance,Percent of GDP,6.821610795385453
2008-Oct,2008,Oct,2009,ESP,Spain,BCA_GDP_BP6,Current account balance,Percent of GDP,-7.73190726161303
2008-Oct,2008,Oct,2009,FIN,Finland,BCA_GDP_BP6,Current account balance,Percent of GDP,2.85625551179855
2008-Oct,2008,Oct,2009,FRA,France,BCA_GDP_BP6,Current account balance,Percent of GDP,-2.733412481198802
2008-Oct,2008,Oct,2009,GRC,Greece,BCA_GDP_BP6,Current account balance,Percent of GDP,-14.102476898130394
2008-Oct,2008,Oct,2009,IRL,Ireland,BCA_GDP_BP6,Current account balance,Percent of GDP,-4.377448503868298
2008-Oct,2008,Oct,2009,ITA,Italy,BCA_GDP_BP6,Current account balance,Percent of GDP,-2.3866458270311077
2008-Oct,2008,Oct,2009,LUX,Luxembourg,BCA_GDP_BP6,Current account balance,Percent of GDP,8.160647309574045
2008-Oct,2008,Oct,2009,NLD,Netherlands,BCA_GDP_BP6,Current account balance,Percent of GDP,5.0623962766702855
2008-Oct,2008,Oct,2009,PRT,Portugal,BCA_GDP_BP6,Current account balance,Percent of GDP,-12.722542253158068
2009-Apr,2009,Apr,2010,AUT,Austria,BCA_GDP_BP6,Current account balance,Percent of GDP,1.3084967011547695
2009-Apr,2009,Apr,2010,BEL,Belgium,BCA_GDP_BP6,Current account balance,Percent of GDP,-2.955971110245059
2009-Apr,2009,Apr,2010,DEU,Germany,BCA_GDP_BP6,Current account balance,Percent of GDP,2.423973728039163
2009-Apr,2009,Apr,2010,ESP,Spain,BCA_GDP_BP6,Current account balance,Percent of GDP,-4.416336395278899
2009-Apr,2009,Apr,2010,FIN,Finland,BCA_GDP_BP6,Current account balance,Percent of GDP,0.5523270828913788
2009-Apr,2009,Apr,2010,FRA,France,BCA_GDP_BP6,Current account balance,Percent of GDP,-0.9464054062646811
2009-Apr,2009,Apr,2010,GRC,Greece,BCA_GDP_BP6,Current account balance,Percent of GDP,-12.645634354537124
2009-Apr,2009,Apr,2010,IRL,Ireland,BCA_GDP_BP6,Current account balance,Percent of GDP,-1.799996638428197
2009-Apr,2009,Apr,2010,ITA,Italy,BCA_GDP_BP6,Current account balance,Percent of GDP,-3.069269864049558
2009-Apr,2009,Apr,2010,LUX,Luxembourg,BCA_GDP_BP6,Current account balance,Percent of GDP,6.983441672426105
2009-Apr,2009,Apr,2010,NLD,Netherlands,BCA_GDP_BP6,Current account balance,Percent of GDP,2.097151342792695
2009-Apr,2009,Apr,2010,PRT,Portugal,BCA_GDP_BP6,Current account balance,Percent of GDP,-8.818782748391502
2009-Oct,2009,Oct,2010,AUT,Austria,BCA_GDP_BP6,Current account balance,Percent of GDP,1.9696204627992195
2009-Oct,2009,Oct,2010,BEL,Belgium,BCA_GDP_BP6,Current account balance,Percent of GDP,-0.9407455337653307
2009-Oct,2009,Oct,2010,DEU,Germany,BCA_GDP_BP6,Current account balance,Percent of GDP,3.613010866025481
2009-Oct,2009,Oct,2010,ESP,Spain,BCA_GDP_BP6,Current account balance,Percent of GDP,-4.673580007714939
2009-Oct,2009,Oct,2010,FIN,Finland,BCA_GDP_BP6,Current account balance,Percent of GDP,1.9715845453133782
2009-Oct,2009,Oct,2010,FRA,France,BCA_GDP_BP6,Current account balance,Percent of GDP,-1.4181228597667104
2009-Oct,2009,Oct,2010,GRC,Greece,BCA_GDP_BP6,Current account balance,Percent of GDP,-9.024732314129666
2009-Oct,2009,Oct,2010,IRL,Ireland,BCA_GDP_BP6,Current account balance,Percent of GDP,0.5870461382459087
2009-Oct,2009,Oct,2010,ITA,Italy,BCA_GDP_BP6,Current account balance,Percent of GDP,-2.3438681991479826
2009-Oct,2009,Oct,2010,LUX,Luxembourg,BCA_GDP_BP6,Current account balance,Percent of GDP,6.983441672426105
2009-Oct,2009,Oct,2010,NLD,Netherlands,BCA_GDP_BP6,Current account balance,Percent of GDP,6.819907323862004
2009-Oct,2009,Oct,2010,PRT,Portugal,BCA_GDP_BP6,Current account balance,Percent of GDP,-9.668072068996594
2010-Apr,2010,Apr,2011,AUT,Austria,BCA_GDP_BP6,Current account balance,Percent of GDP,1.66850672121704
2010-Apr,2010,Apr,2011,BEL,Belgium,BCA_GDP_BP6,Current account balance,Percent of GDP,-0.123719874490807
2010-Apr,2010,Apr,2011,DEU,Germany,BCA_GDP_BP6,Current account balance,Percent of GDP,5.59689845530549
2010-Apr,2010,Apr,2011,ESP,Spain,BCA_GDP_BP6,Current account balance,Percent of GDP,-5.09351566795502
2010-Apr,2010,Apr,2011,FIN,Finland,BCA_GDP_BP6,Current account balance,Percent of GDP,1.84295666927291
2010-Apr,2010,Apr,2011,FRA,France,BCA_GDP_BP6,Current account balance,Percent of GDP,-1.84927378385113
2010-Apr,2010,Apr,2011,GRC,Greece,BCA_GDP_BP6,Current account balance,Percent of GDP,-8.09005722153833
2010-Apr,2010,Apr,2011,IRL,Ireland,BCA_GDP_BP6,Current account balance,Percent of GDP,-0.0840713246129267
2010-Apr,2010,Apr,2011,ITA,Italy,BCA_GDP_BP6,Current account balance,Percent of GDP,-2.67784797956442
2010-Apr,2010,Apr,2011,LUX,Luxembourg,BCA_GDP_BP6,Current account balance,Percent of GDP,11.5869884442298
2010-Apr,2010,Apr,2011,NLD,Netherlands,BCA_GDP_BP6,Current account balance,Percent of GDP,5.29999375435999
2010-Apr,2010,Apr,2011,PRT,Portugal,BCA_GDP_BP6,Current account balance,Percent of GDP,-10.1651026490411
2010-Oct,2010,Oct,2011,AUT,Austria,BCA_GDP_BP6,Current account balance,Percent of GDP,2.39715166472944
2010-Oct,2010,Oct,2011,BEL,Belgium,BCA_GDP_BP6,Current account balance,Percent of GDP,1.76879674715079
2010-Oct,2010,Oct,2011,DEU,Germany,BCA_GDP_BP6,Current account balance,Percent of GDP,5.82984615223359
2010-Oct,2010,Oct,2011,ESP,Spain,BCA_GDP_BP6,Current account balance,Percent of GDP,-4.75049413524027
2010-Oct,2010,Oct,2011,FIN,Finland,BCA_GDP_BP6,Current account balance,Percent of GDP,1.63490741364342
2010-Oct,2010,Oct,2011,FRA,France,BCA_GDP_BP6,Current account balance,Percent of GDP,-1.75779403450412
2010-Oct,2010,Oct,2011,GRC,Greece,BCA_GDP_BP6,Current account balance,Percent of GDP,-7.74842296460737
2010-Oct,2010,Oct,2011,IRL,Ireland,BCA_GDP_BP6,Current account balance,Percent of GDP,-1.12555214921891
2010-Oct,2010,Oct,2011,ITA,Italy,BCA_GDP_BP6,Current account balance,Percent of GDP,-2.69406968197813
2010-Oct,2010,Oct,2011,LUX,Luxembourg,BCA_GDP_BP6,Current account balance,Percent of GDP,7.17002154838073
2010-Oct,2010,Oct,2011,NLD,Netherlands,BCA_GDP_BP6,Current account balance,Percent of GDP,6.75289180298308
2010-Oct,2010,Oct,2011,PRT,Portugal,BCA_GDP_BP6,Current account balance,Percent of GDP,-9.17060232376221
2011-Apr,2011,Apr,2012,AUT,Austria,BCA_GDP_BP6,Current account balance,Percent of GDP,3.10905629991147
2011-Apr,2011,Apr,2012,BEL,Belgium,BCA_GDP_BP6,Current account balance,Percent of GDP,1.19561655195101
2011-Apr,2011,Apr,2012,DEU,Germany,BCA_GDP_BP6,Current account balance,Percent of GDP,4.55840180441034
2011-Apr,2011,Apr,2012,ESP,Spain,BCA_GDP_BP6,Current account balance,Percent of GDP,-4.54659928311787
2011-Apr,2011,Apr,2012,FIN,Finland,BCA_GDP_BP6,Current account balance,Percent of GDP,2.57338659188854
2011-Apr,2011,Apr,2012,FRA,France,BCA_GDP_BP6,Current account balance,Percent of GDP,-2.69559355383515
2011-Apr,2011,Apr,2012,GRC,Greece,BCA_GDP_BP6,Current account balance,Percent of GDP,-7.05535372033071
2011-Apr,2011,Apr,2012,IRL,Ireland,BCA_GDP_BP6,Current account balance,Percent of GDP,0.589660466612798
2011-Apr,2011,Apr,2012,ITA,Italy,BCA_GDP_BP6,Current account balance,Percent of GDP,-2.9547865506466
2011-Apr,2011,Apr,2012,LUX,Luxembourg,BCA_GDP_BP6,Current account balance,Percent of GDP,8.69593974785495
2011-Apr,2011,Apr,2012,NLD,Netherlands,BCA_GDP_BP6,Current account balance,Percent of GDP,8.22853587381126
2011-Apr,2011,Apr,2012,PRT,Portugal,BCA_GDP_BP6,Current account balance,Percent of GDP,-8.53351780984489
2011-Oct,2011,Oct,2012,AUT,Austria,BCA_GDP_BP6,Current account balance,Percent of GDP,2.73606284278825
2011-Oct,2011,Oct,2012,BEL,Belgium,BCA_GDP_BP6,Current account balance,Percent of GDP,0.8930945493653
2011-Oct,2011,Oct,2012,DEU,Germany,BCA_GDP_BP6,Current account balance,Percent of GDP,4.91963900399628
2011-Oct,2011,Oct,2012,ESP,Spain,BCA_GDP_BP6,Current account balance,Percent of GDP,-3.14485411533424
2011-Oct,2011,Oct,2012,FIN,Finland,BCA_GDP_BP6,Current account balance,Percent of GDP,2.50342584455257
2011-Oct,2011,Oct,2012,FRA,France,BCA_GDP_BP6,Current account balance,Percent of GDP,-2.49817478817326
2011-Oct,2011,Oct,2012,GRC,Greece,BCA_GDP_BP6,Current account balance,Percent of GDP,-6.65317085002986
2011-Oct,2011,Oct,2012,IRL,Ireland,BCA_GDP_BP6,Current account balance,Percent of GDP,1.89505680733126
2011-Oct,2011,Oct,2012,ITA,Italy,BCA_GDP_BP6,Current account balance,Percent of GDP,-2.97697972684713
2011-Oct,2011,Oct,2012,LUX,Luxembourg,BCA_GDP_BP6,Current account balance,Percent of GDP,10.264604758363
2011-Oct,2011,Oct,2012,NLD,Netherlands,BCA_GDP_BP6,Current account balance,Percent of GDP,7.72160377635507
2011-Oct,2011,Oct,2012,PRT,Portugal,BCA_GDP_BP6,Current account balance,Percent of GDP,-6.39732406428607
2012-Apr,2012,Apr,2013,AUT,Austria,BCA_GDP_BP6,Current account balance,Percent of GDP,1.36824725217964
2012-Apr,2012,Apr,2013,BEL,Belgium,BCA_GDP_BP6,Current account balance,Percent of GDP,0.388413517722906
2012-Apr,2012,Apr,2013,DEU,Germany,BCA_GDP_BP6,Current account balance,Percent of GDP,4.87469039112342
2012-Apr,2012,Apr,2013,ESP,Spain,BCA_GDP_BP6,Current account balance,Percent of GDP,-1.7210527817373
2012-Apr,2012,Apr,2013,FIN,Finland,BCA_GDP_BP6,Current account balance,Percent of GDP,-0.346480717980129
2012-Apr,2012,Apr,2013,FRA,France,BCA_GDP_BP6,Current account balance,Percent of GDP,-1.5377097811645
2012-Apr,2012,Apr,2013,GRC,Greece,BCA_GDP_BP6,Current account balance,Percent of GDP,-6.62932689930505
2012-Apr,2012,Apr,2013,IRL,Ireland,BCA_GDP_BP6,Current account balance,Percent of GDP,1.72749907349726
2012-Apr,2012,Apr,2013,ITA,Italy,BCA_GDP_BP6,Current account balance,Percent of GDP,-1.52876339916682
2012-Apr,2012,Apr,2013,LUX,Luxembourg,BCA_GDP_BP6,Current account balance,Percent of GDP,5.5782054252125
2012-Apr,2012,Apr,2013,NLD,Netherlands,BCA_GDP_BP6,Current account balance,Percent of GDP,7.80277135258001
2012-Apr,2012,Apr,2013,PRT,Portugal,BCA_GDP_BP6,Current account balance,Percent of GDP,-3.5450348277201
2012-Oct,2012,Oct,2013,AUT,Austria,BCA_GDP_BP6,Current account balance,Percent of GDP,1.62874628517818
2012-Oct,2012,Oct,2013,BEL,Belgium,BCA_GDP_BP6,Current account balance,Percent of GDP,0.345386624900482
2012-Oct,2012,Oct,2013,DEU,Germany,BCA_GDP_BP6,Current account balance,Percent of GDP,4.678570370839
2012-Oct,2012,Oct,2013,ESP,Spain,BCA_GDP_BP6,Current account balance,Percent of GDP,-0.148348446169477
2012-Oct,2012,Oct,2013,FIN,Finland,BCA_GDP_BP6,Current account balance,Percent of GDP,-1.68061661485838
2012-Oct,2012,Oct,2013,FRA,France,BCA_GDP_BP6,Current account balance,Percent of GDP,-1.68873749065231
2012-Oct,2012,Oct,2013,GRC,Greece,BCA_GDP_BP6,Current account balance,Percent of GDP,-2.90851172457416
2012-Oct,2012,Oct,2013,IRL,Ireland,BCA_GDP_BP6,Current account balance,Percent of GDP,2.70592739824264
2012-Oct,2012,Oct,2013,ITA,Italy,BCA_GDP_BP6,Current account balance,Percent of GDP,-1.3597085128074
2012-Oct,2012,Oct,2013,LUX,Luxembourg,BCA_GDP_BP6,Current account balance,Percent of GDP,7.13367631710556
2012-Oct,2012,Oct,2013,NLD,Netherlands,BCA_GDP_BP6,Current account balance,Percent of GDP,8.16155202316532
2012-Oct,2012,Oct,2013,PRT,Portugal,BCA_GDP_BP6,Current account balance,Percent of GDP,-1.69829641589038
2013-Apr,2013,Apr,2014,AUT,Austria,BCA_GDP_BP6,Current account balance,Percent of GDP,2.28662154784546
2013-Apr,2013,Apr,2014,BEL,Belgium,BCA_GDP_BP6,Current account balance,Percent of GDP,0.195039428243208
2013-Apr,2013,Apr,2014,DEU,Germany,BCA_GDP_BP6,Current account balance,Percent of GDP,5.67307588046909
2013-Apr,2013,Apr,2014,ESP,Spain,BCA_GDP_BP6,Current account balance,Percent of GDP,2.1678601403422
2013-Apr,2013,Apr,2014,FIN,Finland,BCA_GDP_BP6,Current account balance,Percent of GDP,-1.76413869228548
2013-Apr,2013,Apr,2014,FRA,France,BCA_GDP_BP6,Current account balance,Percent of GDP,-1.40063546819906
2013-Apr,2013,Apr,2014,GRC,Greece,BCA_GDP_BP6,Current account balance,Percent of GDP,0.35762060852716
2013-Apr,2013,Apr,2014,IRL,Ireland,BCA_GDP_BP6,Current account balance,Percent of GDP,3.92710670173615
2013-Apr,2013,Apr,2014,ITA,Italy,BCA_GDP_BP6,Current account balance,Percent of GDP,0.250579073591521
2013-Apr,2013,Apr,2014,LUX,Luxembourg,BCA_GDP_BP6,Current account balance,Percent of GDP,6.84421247389137
2013-Apr,2013,Apr,2014,NLD,Netherlands,BCA_GDP_BP6,Current account balance,Percent of GDP,9.02602332821703
2013-Apr,2013,Apr,2014,PRT,Portugal,BCA_GDP_BP6,Current account balance,Percent of GDP,-0.0825402438361293
2013-Oct,2013,Oct,2014,AUT,Austria,BCA_GDP_BP6,Current account balance,Percent of GDP,2.43582137919989
2013-Oct,2013,Oct,2014,BEL,Belgium,BCA_GDP_BP6,Current account balance,Percent of GDP,-0.278916178649724
2013-Oct,2013,Oct,2014,DEU,Germany,BCA_GDP_BP6,Current account balance,Percent of GDP,5.72065724258413
2013-Oct,2013,Oct,2014,ESP,Spain,BCA_GDP_BP6,Current account balance,Percent of GDP,2.64943727288804
2013-Oct,2013,Oct,2014,FIN,Finland,BCA_GDP_BP6,Current account balance,Percent of GDP,-1.82950182344257
2013-Oct,2013,Oct,2014,FRA,France,BCA_GDP_BP6,Current account balance,Percent of GDP,-1.57818012489017
2013-Oct,2013,Oct,2014,GRC,Greece,BCA_GDP_BP6,Current account balance,Percent of GDP,-0.459367169696705
2013-Oct,2013,Oct,2014,IRL,Ireland,BCA_GDP_BP6,Current account balance,Percent of GDP,3.04994907174015
2013-Oct,2013,Oct,2014,ITA,Italy,BCA_GDP_BP6,Current account balance,Percent of GDP,0.20593670293872
2013-Oct,2013,Oct,2014,LUX,Luxembourg,BCA_GDP_BP6,Current account balance,Percent of GDP,6.60925301614739
2013-Oct,2013,Oct,2014,NLD,Netherlands,BCA_GDP_BP6,Current account balance,Percent of GDP,11.0287780381073
2013-Oct,2013,Oct,2014,PRT,Portugal,BCA_GDP_BP6,Current account balance,Percent of GDP,0.863385561775177
2014-Apr,2014,Apr,2015,AUT,Austria,BCA_GDP_BP6,Current account balance,Percent of GDP,3.54173061396176
2014-Apr,2014,Apr,2015,BEL,Belgium,BCA_GDP_BP6,Current account balance,Percent of GDP,-0.988119903773238
2014-Apr,2014,Apr,2015,DEU,Germany,BCA_GDP_BP6,Current account balance,Percent of GDP,7.10206532857592
2014-Apr,2014,Apr,2015,ESP,Spain,BCA_GDP_BP6,Current account balance,Percent of GDP,1.37448379981396
2014-Apr,2014,Apr,2015,FIN,Finland,BCA_GDP_BP6,Current account balance,Percent of GDP,0.24497285040488
2014-Apr,2014,Apr,2015,FRA,France,BCA_GDP_BP6,Current account balance,Percent of GDP,-1.03305671722946
2014-Apr,2014,Apr,2015,GRC,Greece,BCA_GDP_BP6,Current account balance,Percent of GDP,0.308934315244283
2014-Apr,2014,Apr,2015,IRL,Ireland,BCA_GDP_BP6,Current account balance,Percent of GDP,6.51692726695094
2014-Apr,2014,Apr,2015,ITA,Italy,BCA_GDP_BP6,Current account balance,Percent of GDP,1.08256760285472
2014-Apr,2014,Apr,2015,LUX,Luxembourg,BCA_GDP_BP6,Current account balance,Percent of GDP,5.54772478502187
2014-Apr,2014,Apr,2015,NLD,Netherlands,BCA_GDP_BP6,Current account balance,Percent of GDP,10.1058149729376
2014-Apr,2014,Apr,2015,PRT,Portugal,BCA_GDP_BP6,Current account balance,Percent of GDP,1.17352770513194
2014-Oct,2014,Oct,2015,AUT,Austria,BCA_GDP_BP6,Current account balance,Percent of GDP,3.19450064393165
2014-Oct,2014,Oct,2015,BEL,Belgium,BCA_GDP_BP6,Current account balance,Percent of GDP,-0.985317804125664
2014-Oct,2014,Oct,2015,DEU,Germany,BCA_GDP_BP6,Current account balance,Percent of GDP,5.84291470713666
2014-Oct,2014,Oct,2015,ESP,Spain,BCA_GDP_BP6,Current account balance,Percent of GDP,0.366311201809404
2014-Oct,2014,Oct,2015,FIN,Finland,BCA_GDP_BP6,Current account balance,Percent of GDP,-0.465669586838446
2014-Oct,2014,Oct,2015,FRA,France,BCA_GDP_BP6,Current account balance,Percent of GDP,-1.0465089906773
2014-Oct,2014,Oct,2015,GRC,Greece,BCA_GDP_BP6,Current account balance,Percent of GDP,0.105279114024057
2014-Oct,2014,Oct,2015,IRL,Ireland,BCA_GDP_BP6,Current account balance,Percent of GDP,2.40979869690434
2014-Oct,2014,Oct,2015,ITA,Italy,BCA_GDP_BP6,Current account balance,Percent of GDP,1.20132055637471
2014-Oct,2014,Oct,2015,LUX,Luxembourg,BCA_GDP_BP6,Current account balance,Percent of GDP,3.99666239913721
2014-Oct,2014,Oct,2015,NLD,Netherlands,BCA_GDP_BP6,Current account balance,Percent of GDP,9.62495767987379
2014-Oct,2014,Oct,2015,PRT,Portugal,BCA_GDP_BP6,Current account balance,Percent of GDP,0.831677420074081
2015-Apr,2015,Apr,2016,AUT,Austria,BCA_GDP_BP6,Current account balance,Percent of GDP,1.82657621746254
2015-Apr,2015,Apr,2016,BEL,Belgium,BCA_GDP_BP6,Current account balance,Percent of GDP,2.42127792722105
2015-Apr,2015,Apr,2016,DEU,Germany,BCA_GDP_BP6,Current account balance,Percent of GDP,7.87972909539527
2015-Apr,2015,Apr,2016,ESP,Spain,BCA_GDP_BP6,Current account balance,Percent of GDP,0.377468710883801
2015-Apr,2015,Apr,2016,FIN,Finland,BCA_GDP_BP6,Current account balance,Percent of GDP,-0.33837370670875
2015-Apr,2015,Apr,2016,FRA,France,BCA_GDP_BP6,Current account balance,Percent of GDP,-0.305623071354048
2015-Apr,2015,Apr,2016,GRC,Greece,BCA_GDP_BP6,Current account balance,Percent of GDP,1.09836680978087
2015-Apr,2015,Apr,2016,IRL,Ireland,BCA_GDP_BP6,Current account balance,Percent of GDP,4.84561641159129
2015-Apr,2015,Apr,2016,ITA,Italy,BCA_GDP_BP6,Current account balance,Percent of GDP,2.49655063121986
2015-Apr,2015,Apr,2016,LUX,Luxembourg,BCA_GDP_BP6,Current account balance,Percent of GDP,4.59999999999994
2015-Apr,2015,Apr,2016,NLD,Netherlands,BCA_GDP_BP6,Current account balance,Percent of GDP,10.1231680402004
2015-Apr,2015,Apr,2016,PRT,Portugal,BCA_GDP_BP6,Current account balance,Percent of GDP,1.01247094999988
2015-Oct,2015,Oct,2016,AUT,Austria,BCA_GDP_BP6,Current account balance,Percent of GDP,1.65341799192911
2015-Oct,2015,Oct,2016,BEL,Belgium,BCA_GDP_BP6,Current account balance,Percent of GDP,2.09626184509967
2015-Oct,2015,Oct,2016,DEU,Germany,BCA_GDP_BP6,Current account balance,Percent of GDP,8.00194107570149
2015-Oct,2015,Oct,2016,ESP,Spain,BCA_GDP_BP6,Current account balance,Percent of GDP,1.09765983252241
2015-Oct,2015,Oct,2016,FIN,Finland,BCA_GDP_BP6,Current account balance,Percent of GDP,-0.749855725595364
2015-Oct,2015,Oct,2016,FRA,France,BCA_GDP_BP6,Current account balance,Percent of GDP,-0.3700324671289
2015-Oct,2015,Oct,2016,GRC,Greece,BCA_GDP_BP6,Current account balance,Percent of GDP,1.54737359437001
2015-Oct,2015,Oct,2016,IRL,Ireland,BCA_GDP_BP6,Current account balance,Percent of GDP,3.01085042214457
2015-Oct,2015,Oct,2016,ITA,Italy,BCA_GDP_BP6,Current account balance,Percent of GDP,2.28608410524808
2015-Oct,2015,Oct,2016,LUX,Luxembourg,BCA_GDP_BP6,Current account balance,Percent of GDP,5.58232429915178
2015-Oct,2015,Oct,2016,NLD,Netherlands,BCA_GDP_BP6,Current account balance,Percent of GDP,9.2336575250486
2015-Oct,2015,Oct,2016,PRT,Portugal,BCA_GDP_BP6,Current account balance,Percent of GDP,1.57572153501135
2016-Apr,2016,Apr,2017,AUT,Austria,BCA_GDP_BP6,Current account balance,Percent of GDP,3.54253676830524
2016-Apr,2016,Apr,2017,BEL,Belgium,BCA_GDP_BP6,Current account balance,Percent of GDP,0.139785483264925
2016-Apr,2016,Apr,2017,DEU,Germany,BCA_GDP_BP6,Current account balance,Percent of GDP,7.98963934837727
2016-Apr,2016,Apr,2017,ESP,Spain,BCA_GDP_BP6,Current account balance,Percent of GDP,1.99768589340418
2016-Apr,2016,Apr,2017,FIN,Finland,BCA_GDP_BP6,Current account balance,Percent of GDP,-0.0949874010546216
2016-Apr,2016,Apr,2017,FRA,France,BCA_GDP_BP6,Current account balance,Percent of GDP,0.25741940047559
2016-Apr,2016,Apr,2017,GRC,Greece,BCA_GDP_BP6,Current account balance,Percent of GDP,-0.295571974269727
2016-Apr,2016,Apr,2017,IRL,Ireland,BCA_GDP_BP6,Current account balance,Percent of GDP,3.4519465657633
2016-Apr,2016,Apr,2017,ITA,Italy,BCA_GDP_BP6,Current account balance,Percent of GDP,1.95462779523465
2016-Apr,2016,Apr,2017,LUX,Luxembourg,BCA_GDP_BP6,Current account balance,Percent of GDP,5.04218626731755
2016-Apr,2016,Apr,2017,NLD,Netherlands,BCA_GDP_BP6,Current account balance,Percent of GDP,10.2
2016-Apr,2016,Apr,2017,PRT,Portugal,BCA_GDP_BP6,Current account balance,Percent of GDP,0.443012343832571
2016-Oct,2016,Oct,2017,AUT,Austria,BCA_GDP_BP6,Current account balance,Percent of GDP,2.66003745865635
2016-Oct,2016,Oct,2017,BEL,Belgium,BCA_GDP_BP6,Current account balance,Percent of GDP,0.39821552656787
2016-Oct,2016,Oct,2017,DEU,Germany,BCA_GDP_BP6,Current account balance,Percent of GDP,8.06113049112487
2016-Oct,2016,Oct,2017,ESP,Spain,BCA_GDP_BP6,Current account balance,Percent of GDP,1.7284951016517
2016-Oct,2016,Oct,2017,FIN,Finland,BCA_GDP_BP6,Current account balance,Percent of GDP,0.19580087740108
2016-Oct,2016,Oct,2017,FRA,France,BCA_GDP_BP6,Current account balance,Percent of GDP,-0.37854199051455
2016-Oct,2016,Oct,2017,GRC,Greece,BCA_GDP_BP6,Current account balance,Percent of GDP,-0.0287773840748176
2016-Oct,2016,Oct,2017,IRL,Ireland,BCA_GDP_BP6,Current account balance,Percent of GDP,9.13787506414626
2016-Oct,2016,Oct,2017,ITA,Italy,BCA_GDP_BP6,Current account balance,Percent of GDP,1.87479111799299
2016-Oct,2016,Oct,2017,LUX,Luxembourg,BCA_GDP_BP6,Current account balance,Percent of GDP,4.34118363936714
2016-Oct,2016,Oct,2017,NLD,Netherlands,BCA_GDP_BP6,Current account balance,Percent of GDP,8.18478167998475
2016-Oct,2016,Oct,2017,PRT,Portugal,BCA_GDP_BP6,Current account balance,Percent of GDP,-0.655665198601187
2017-Apr,2017,Apr,2018,AUT,Austria,BCA_GDP_BP6,Current account balance,Percent of GDP,2.24520067918236
2017-Apr,2017,Apr,2018,BEL,Belgium,BCA_GDP_BP6,Current account balance,Percent of GDP,1.0478106169069
2017-Apr,2017,Apr,2018,DEU,Germany,BCA_GDP_BP6,Current account balance,Percent of GDP,7.97136811193842
2017-Apr,2017,Apr,2018,ESP,Spain,BCA_GDP_BP6,Current account balance,Percent of GDP,1.58251725689815
2017-Apr,2017,Apr,2018,FIN,Finland,BCA_GDP_BP6,Current account balance,Percent of GDP,-1.2497215932421
2017-Apr,2017,Apr,2018,FRA,France,BCA_GDP_BP6,Current account balance,Percent of GDP,-0.452941041562134
2017-Apr,2017,Apr,2018,GRC,Greece,BCA_GDP_BP6,Current account balance,Percent of GDP,-0.037140895785719
2017-Apr,2017,Apr,2018,IRL,Ireland,BCA_GDP_BP6,Current account balance,Percent of GDP,4.72574542941548
2017-Apr,2017,Apr,2018,ITA,Italy,BCA_GDP_BP6,Current account balance,Percent of GDP,1.75233579838435
2017-Apr,2017,Apr,2018,LUX,Luxembourg,BCA_GDP_BP6,Current account balance,Percent of GDP,5.05535009839151
2017-Apr,2017,Apr,2018,NLD,Netherlands,BCA_GDP_BP6,Current account balance,Percent of GDP,9.12779413198371
2017-Apr,2017,Apr,2018,PRT,Portugal,BCA_GDP_BP6,Current account balance,Percent of GDP,-0.404919196590597
2017-Oct,2017,Oct,2018,AUT,Austria,BCA_GDP_BP6,Current account balance,Percent of GDP,2.1512486521001
2017-Oct,2017,Oct,2018,BEL,Belgium,BCA_GDP_BP6,Current account balance,Percent of GDP,0.000960611815957173
2017-Oct,2017,Oct,2018,DEU,Germany,BCA_GDP_BP6,Current account balance,Percent of GDP,7.73429558000655
2017-Oct,2017,Oct,2018,ESP,Spain,BCA_GDP_BP6,Current account balance,Percent of GDP,1.99043723382556
2017-Oct,2017,Oct,2018,FIN,Finland,BCA_GDP_BP6,Current account balance,Percent of GDP,0.367819460676226
2017-Oct,2017,Oct,2018,FRA,France,BCA_GDP_BP6,Current account balance,Percent of GDP,-0.774668140782082
2017-Oct,2017,Oct,2018,GRC,Greece,BCA_GDP_BP6,Current account balance,Percent of GDP,-0.0836178640186472
2017-Oct,2017,Oct,2018,IRL,Ireland,BCA_GDP_BP6,Current account balance,Percent of GDP,3.4513525039198
2017-Oct,2017,Oct,2018,ITA,Italy,BCA_GDP_BP6,Current account balance,Percent of GDP,2.31856235251751
2017-Oct,2017,Oct,2018,LUX,Luxembourg,BCA_GDP_BP6,Current account balance,Percent of GDP,4.92879523124164
2017-Oct,2017,Oct,2018,NLD,Netherlands,BCA_GDP_BP6,Current account balance,Percent of GDP,9.99744735046794
2017-Oct,2017,Oct,2018,PRT,Portugal,BCA_GDP_BP6,Current account balance,Percent of GDP,0.324684880718202
2018-Apr,2018,Apr,2019,AUT,Austria,BCA_GDP_BP6,Current account balance,Percent of GDP,1.97382776289505
2018-Apr,2018,Apr,2019,BEL,Belgium,BCA_GDP_BP6,Current account balance,Percent of GDP,0.239918207050692
2018-Apr,2018,Apr,2019,DEU,Germany,BCA_GDP_BP6,Current account balance,Percent of GDP,8.24351844856146
2018-Apr,2018,Apr,2019,ESP,Spain,BCA_GDP_BP6,Current account balance,Percent of GDP,1.65669928112201
2018-Apr,2018,Apr,2019,FIN,Finland,BCA_GDP_BP6,Current account balance,Percent of GDP,1.87424317886558
2018-Apr,2018,Apr,2019,FRA,France,BCA_GDP_BP6,Current account balance,Percent of GDP,-0.869577458982459
2018-Apr,2018,Apr,2019,GRC,Greece,BCA_GDP_BP6,Current account balance,Percent of GDP,-0.591346742200696
2018-Apr,2018,Apr,2019,IRL,Ireland,BCA_GDP_BP6,Current account balance,Percent of GDP,8.67673275816294
2018-Apr,2018,Apr,2019,ITA,Italy,BCA_GDP_BP6,Current account balance,Percent of GDP,2.24421127803782
2018-Apr,2018,Apr,2019,LUX,Luxembourg,BCA_GDP_BP6,Current account balance,Percent of GDP,5.30022657326308
2018-Apr,2018,Apr,2019,NLD,Netherlands,BCA_GDP_BP6,Current account balance,Percent of GDP,8.88946601565483
2018-Apr,2018,Apr,2019,PRT,Portugal,BCA_GDP_BP6,Current account balance,Percent of GDP,-0.137278633610489
2018-Oct,2018,Oct,2019,AUT,Austria,BCA_GDP_BP6,Current account balance,Percent of GDP,1.77842394074167
2018-Oct,2018,Oct,2019,BEL,Belgium,BCA_GDP_BP6,Current account balance,Percent of GDP,-0.0567166805944017
2018-Oct,2018,Oct,2019,DEU,Germany,BCA_GDP_BP6,Current account balance,Percent of GDP,7.85945234025726
2018-Oct,2018,Oct,2019,ESP,Spain,BCA_GDP_BP6,Current account balance,Percent of GDP,1.17225856802508
2018-Oct,2018,Oct,2019,FIN,Finland,BCA_GDP_BP6,Current account balance,Percent of GDP,0.916979973949594
2018-Oct,2018,Oct,2019,FRA,France,BCA_GDP_BP6,Current account balance,Percent of GDP,-0.700546621768066
2018-Oct,2018,Oct,2019,GRC,Greece,BCA_GDP_BP6,Current account balance,Percent of GDP,-0.446945968161881
2018-Oct,2018,Oct,2019,IRL,Ireland,BCA_GDP_BP6,Current account balance,Percent of GDP,6.68781737961085
2018-Oct,2018,Oct,2019,ITA,Italy,BCA_GDP_BP6,Current account balance,Percent of GDP,1.591093682393
2018-Oct,2018,Oct,2019,LUX,Luxembourg,BCA_GDP_BP6,Current account balance,Percent of GDP,4.8488302458256
2018-Oct,2018,Oct,2019,NLD,Netherlands,BCA_GDP_BP6,Current account balance,Percent of GDP,9.66494481811937
2018-Oct,2018,Oct,2019,PRT,Portugal,BCA_GDP_BP6,Current account balance,Percent of GDP,-0.273443697240489
2019-Apr,2019,Apr,2020,AUT,Austria,BCA_GDP_BP6,Current account balance,Percent of GDP,1.92142818016259
2019-Apr,2019,Apr,2020,BEL,Belgium,BCA_GDP_BP6,Current account balance,Percent of GDP,0.49794910162126
2019-Apr,2019,Apr,2020,DEU,Germany,BCA_GDP_BP6,Current account balance,Percent of GDP,6.78360987479796
2019-Apr,2019,Apr,2020,ESP,Spain,BCA_GDP_BP6,Current account balance,Percent of GDP,0.831960834915376
2019-Apr,2019,Apr,2020,FIN,Finland,BCA_GDP_BP6,Current account balance,Percent of GDP,0.417816727257563
2019-Apr,2019,Apr,2020,FRA,France,BCA_GDP_BP6,Current account balance,Percent of GDP,-0.0189884334240932
2019-Apr,2019,Apr,2020,GRC,Greece,BCA_GDP_BP6,Current account balance,Percent of GDP,-2.64402338007392
2019-Apr,2019,Apr,2020,IRL,Ireland,BCA_GDP_BP6,Current account balance,Percent of GDP,8.30443651075168
2019-Apr,2019,Apr,2020,ITA,Italy,BCA_GDP_BP6,Current account balance,Percent of GDP,2.59725894263115
2019-Apr,2019,Apr,2020,LUX,Luxembourg,BCA_GDP_BP6,Current account balance,Percent of GDP,5.04199657871915
2019-Apr,2019,Apr,2020,NLD,Netherlands,BCA_GDP_BP6,Current account balance,Percent of GDP,8.93586790370654
2019-Apr,2019,Apr,2020,PRT,Portugal,BCA_GDP_BP6,Current account balance,Percent of GDP,-0.535535775318307
2019-Oct,2019,Oct,2020,AUT,Austria,BCA_GDP_BP6,Current account balance,Percent of GDP,1.84204533995288
2019-Oct,2019,Oct,2020,BEL,Belgium,BCA_GDP_BP6,Current account balance,Percent of GDP,-0.838889536622597
2019-Oct,2019,Oct,2020,DEU,Germany,BCA_GDP_BP6,Current account balance,Percent of GDP,6.55312157883728
2019-Oct,2019,Oct,2020,ESP,Spain,BCA_GDP_BP6,Current account balance,Percent of GDP,1.04139974224749
2019-Oct,2019,Oct,2020,FIN,Finland,BCA_GDP_BP6,Current account balance,Percent of GDP,-0.521871351637724
2019-Oct,2019,Oct,2020,FRA,France,BCA_GDP_BP6,Current account balance,Percent of GDP,-0.495678913958984
2019-Oct,2019,Oct,2020,GRC,Greece,BCA_GDP_BP6,Current account balance,Percent of GDP,-3.30558289167907
2019-Oct,2019,Oct,2020,IRL,Ireland,BCA_GDP_BP6,Current account balance,Percent of GDP,9.64127062408986
2019-Oct,2019,Oct,2020,ITA,Italy,BCA_GDP_BP6,Current account balance,Percent of GDP,2.92178193753066
2019-Oct,2019,Oct,2020,LUX,Luxembourg,BCA_GDP_BP6,Current account balance,Percent of GDP,4.48246219040221
2019-Oct,2019,Oct,2020,NLD,Netherlands,BCA_GDP_BP6,Current account balance,Percent of GDP,9.46315461761703
2019-Oct,2019,Oct,2020,PRT,Portugal,BCA_GDP_BP6,Current account balance,Percent of GDP,-0.712980317469919
2020-Apr,2020,Apr,2021,AUT,Austria,BCA_GDP_BP6,Current account balance,Percent of GDP,1.97925347587732
2020-Apr,2020,Apr,2021,BEL,Belgium,BCA_GDP_BP6,Current account balance,Percent of GDP,-1.07838437009581
2020-Apr,2020,Apr,2021,DEU,Germany,BCA_GDP_BP6,Current account balance,Percent of GDP,6.66223997465655
2020-Apr,2020,Apr,2021,ESP,Spain,BCA_GDP_BP6,Current account balance,Percent of GDP,2.38959420206697
2020-Apr,2020,Apr,2021,FIN,Finland,BCA_GDP_BP6,Current account balance,Percent of GDP,-2.9743856758895
2020-Apr,2020,Apr,2021,FRA,France,BCA_GDP_BP6,Current account balance,Percent of GDP,-0.5986430802637
2020-Apr,2020,Apr,2021,GRC,Greece,BCA_GDP_BP6,Current account balance,Percent of GDP,-3.38622361879912
2020-Apr,2020,Apr,2021,IRL,Ireland,BCA_GDP_BP6,Current account balance,Percent of GDP,5.30944714554785
2020-Apr,2020,Apr,2021,ITA,Italy,BCA_GDP_BP6,Current account balance,Percent of GDP,3.0495831658845
2020-Apr,2020,Apr,2021,LUX,Luxembourg,BCA_GDP_BP6,Current account balance,Percent of GDP,4.36650373990026
2020-Apr,2020,Apr,2021,NLD,Netherlands,BCA_GDP_BP6,Current account balance,Percent of GDP,9.38444428383153
2020-Apr,2020,Apr,2021,PRT,Portugal,BCA_GDP_BP6,Current account balance,Percent of GDP,-0.356220075973461
2020-Oct,2020,Oct,2021,AUT,Austria,BCA_GDP_BP6,Current account balance,Percent of GDP,2.49794703794131
2020-Oct,2020,Oct,2021,BEL,Belgium,BCA_GDP_BP6,Current account balance,Percent of GDP,-0.82452853802032
2020-Oct,2020,Oct,2021,DEU,Germany,BCA_GDP_BP6,Current account balance,Percent of GDP,6.828920583671
2020-Oct,2020,Oct,2021,ESP,Spain,BCA_GDP_BP6,Current account balance,Percent of GDP,0.926716636569472
2020-Oct,2020,Oct,2021,FIN,Finland,BCA_GDP_BP6,Current account balance,Percent of GDP,-0.690959280115454
2020-Oct,2020,Oct,2021,FRA,France,BCA_GDP_BP6,Current account balance,Percent of GDP,-1.77350927623954
2020-Oct,2020,Oct,2021,GRC,Greece,BCA_GDP_BP6,Current account balance,Percent of GDP,-4.46756180798394
2020-Oct,2020,Oct,2021,IRL,Ireland,BCA_GDP_BP6,Current account balance,Percent of GDP,5.46054847625551
2020-Oct,2020,Oct,2021,ITA,Italy,BCA_GDP_BP6,Current account balance,Percent of GDP,2.99333320309745
2020-Oct,2020,Oct,2021,LUX,Luxembourg,BCA_GDP_BP6,Current account balance,Percent of GDP,4.2833607782933
2020-Oct,2020,Oct,2021,NLD,Netherlands,BCA_GDP_BP6,Current account balance,Percent of GDP,8.96117950759075
2020-Oct,2020,Oct,2021,PRT,Portugal,BCA_GDP_BP6,Current account balance,Percent of GDP,-3.53665986725723
2021-Apr,2021,Apr,2022,AUT,Austria,BCA_GDP_BP6,Current account balance,Percent of GDP,2.47087324897859
2021-Apr,2021,Apr,2022,BEL,Belgium,BCA_GDP_BP6,Current account balance,Percent of GDP,-1.50993288718506
2021-Apr,2021,Apr,2022,DEU,Germany,BCA_GDP_BP6,Current account balance,Percent of GDP,6.98015902627772
2021-Apr,2021,Apr,2022,ESP,Spain,BCA_GDP_BP6,Current account balance,Percent of GDP,1.93469371156327
2021-Apr,2021,Apr,2022,FIN,Finland,BCA_GDP_BP6,Current account balance,Percent of GDP,1.3548270800548
2021-Apr,2021,Apr,2022,FRA,France,BCA_GDP_BP6,Current account balance,Percent of GDP,-1.75916592537991
2021-Apr,2021,Apr,2022,GRC,Greece,BCA_GDP_BP6,Current account balance,Percent of GDP,-3.47467924423414
2021-Apr,2021,Apr,2022,IRL,Ireland,BCA_GDP_BP6,Current account balance,Percent of GDP,6.85310495255899
2021-Apr,2021,Apr,2022,ITA,Italy,BCA_GDP_BP6,Current account balance,Percent of GDP,3.35312904655098
2021-Apr,2021,Apr,2022,LUX,Luxembourg,BCA_GDP_BP6,Current account balance,Percent of GDP,4.9185658846747
2021-Apr,2021,Apr,2022,NLD,Netherlands,BCA_GDP_BP6,Current account balance,Percent of GDP,8.89918208019539
2021-Apr,2021,Apr,2022,PRT,Portugal,BCA_GDP_BP6,Current account balance,Percent of GDP,0.255841104643052
2021-Oct,2021,Oct,2022,AUT,Austria,BCA_GDP_BP6,Current account balance,Percent of GDP,2.00017906897497
2021-Oct,2021,Oct,2022,BEL,Belgium,BCA_GDP_BP6,Current account balance,Percent of GDP,-0.616206878013163
2021-Oct,2021,Oct,2022,DEU,Germany,BCA_GDP_BP6,Current account balance,Percent of GDP,6.94901402659738
2021-Oct,2021,Oct,2022,ESP,Spain,BCA_GDP_BP6,Current account balance,Percent of GDP,1.41417864946776
2021-Oct,2021,Oct,2022,FIN,Finland,BCA_GDP_BP6,Current account balance,Percent of GDP,0.357649949020415
2021-Oct,2021,Oct,2022,FRA,France,BCA_GDP_BP6,Current account balance,Percent of GDP,-1.41192767224841
2021-Oct,2021,Oct,2022,GRC,Greece,BCA_GDP_BP6,Current account balance,Percent of GDP,-5.13543749726718
2021-Oct,2021,Oct,2022,IRL,Ireland,BCA_GDP_BP6,Current account balance,Percent of GDP,8.83395428913483
2021-Oct,2021,Oct,2022,ITA,Italy,BCA_GDP_BP6,Current account balance,Percent of GDP,3.55722341957646
2021-Oct,2021,Oct,2022,LUX,Luxembourg,BCA_GDP_BP6,Current account balance,Percent of GDP,4.32837056497837
2021-Oct,2021,Oct,2022,NLD,Netherlands,BCA_GDP_BP6,Current account balance,Percent of GDP,8.66689960064714
2021-Oct,2021,Oct,2022,PRT,Portugal,BCA_GDP_BP6,Current account balance,Percent of GDP,-2.12693064630594
2022-Apr,2022,Apr,2023,AUT,Austria,BCA_GDP_BP6,Current account balance,Percent of GDP,0.759235971292537
2022-Apr,2022,Apr,2023,BEL,Belgium,BCA_GDP_BP6,Current account balance,Percent of GDP,0.926785456751696
2022-Apr,2022,Apr,2023,DEU,Germany,BCA_GDP_BP6,Current account balance,Percent of GDP,6.86665711422124
2022-Apr,2022,Apr,2023,ESP,Spain,BCA_GDP_BP6,Current account balance,Percent of GDP,0.431962164636372
2022-Apr,2022,Apr,2023,FIN,Finland,BCA_GDP_BP6,Current account balance,Percent of GDP,-0.00862886575034066
2022-Apr,2022,Apr,2023,FRA,France,BCA_GDP_BP6,Current account balance,Percent of GDP,-1.66169773276003
2022-Apr,2022,Apr,2023,GRC,Greece,BCA_GDP_BP6,Current account balance,Percent of GDP,-6.11671102344468
2022-Apr,2022,Apr,2023,IRL,Ireland,BCA_GDP_BP6,Current account balance,Percent of GDP,8.40812628285009
2022-Apr,2022,Apr,2023,ITA,Italy,BCA_GDP_BP6,Current account balance,Percent of GDP,2.41870376420503
2022-Apr,2022,Apr,2023,LUX,Luxembourg,BCA_GDP_BP6,Current account balance,Percent of GDP,2.69664413181586
2022-Apr,2022,Apr,2023,NLD,Netherlands,BCA_GDP_BP6,Current account balance,Percent of GDP,7.28174304000789
2022-Apr,2022,Apr,2023,PRT,Portugal,BCA_GDP_BP6,Current account balance,Percent of GDP,-1.44105137398402
2022-Oct,2022,Oct,2023,AUT,Austria,BCA_GDP_BP6,Current account balance,Percent of GDP,-2.07737147452983
2022-Oct,2022,Oct,2023,BEL,Belgium,BCA_GDP_BP6,Current account balance,Percent of GDP,-0.872548492731245
2022-Oct,2022,Oct,2023,DEU,Germany,BCA_GDP_BP6,Current account balance,Percent of GDP,5.25654703778809
2022-Oct,2022,Oct,2023,ESP,Spain,BCA_GDP_BP6,Current account balance,Percent of GDP,-0.247665148842713
2022-Oct,2022,Oct,2023,FIN,Finland,BCA_GDP_BP6,Current account balance,Percent of GDP,-0.248168833663964
2022-Oct,2022,Oct,2023,FRA,France,BCA_GDP_BP6,Current account balance,Percent of GDP,-1.50851111146976
2022-Oct,2022,Oct,2023,GRC,Greece,BCA_GDP_BP6,Current account balance,Percent of GDP,-6.3337044885353
2022-Oct,2022,Oct,2023,IRL,Ireland,BCA_GDP_BP6,Current account balance,Percent of GDP,9.80941882164716
2022-Oct,2022,Oct,2023,ITA,Italy,BCA_GDP_BP6,Current account balance,Percent of GDP,0.283201383870512
2022-Oct,2022,Oct,2023,LUX,Luxembourg,BCA_GDP_BP6,Current account balance,Percent of GDP,4.37888449502351
2022-Oct,2022,Oct,2023,NLD,Netherlands,BCA_GDP_BP6,Current account balance,Percent of GDP,7.69229084353467
2022-Oct,2022,Oct,2023,PRT,Portugal,BCA_GDP_BP6,Current account balance,Percent of GDP,-0.37266379675925
2023-Apr,2023,Apr,2024,AUT,Austria,BCA_GDP_BP6,Current account balance,Percent of GDP,0.626283858878872
2023-Apr,2023,Apr,2024,BEL,Belgium,BCA_GDP_BP6,Current account balance,Percent of GDP,-1.42602097043942
2023-Apr,2023,Apr,2024,DEU,Germany,BCA_GDP_BP6,Current account balance,Percent of GDP,5.12635251323931
2023-Apr,2023,Apr,2024,ESP,Spain,BCA_GDP_BP6,Current account balance,Percent of GDP,0.814793200088797
2023-Apr,2023,Apr,2024,FIN,Finland,BCA_GDP_BP6,Current account balance,Percent of GDP,-2.18961551664495
2023-Apr,2023,Apr,2024,FRA,France,BCA_GDP_BP6,Current account balance,Percent of GDP,-0.696117211762531
2023-Apr,2023,Apr,2024,GRC,Greece,BCA_GDP_BP6,Current account balance,Percent of GDP,-6.03307239766328
2023-Apr,2023,Apr,2024,IRL,Ireland,BCA_GDP_BP6,Current account balance,Percent of GDP,7.49075608360031
2023-Apr,2023,Apr,2024,ITA,Italy,BCA_GDP_BP6,Current account balance,Percent of GDP,0.990263979805545
2023-Apr,2023,Apr,2024,LUX,Luxembourg,BCA_GDP_BP6,Current account balance,Percent of GDP,4.27379858127444
2023-Apr,2023,Apr,2024,NLD,Netherlands,BCA_GDP_BP6,Current account balance,Percent of GDP,6.33440417587333
2023-Apr,2023,Apr,2024,PRT,Portugal,BCA_GDP_BP6,Current account balance,Percent of GDP,-0.731698967782909
2023-Oct,2023,Oct,2024,AUT,Austria,BCA_GDP_BP6,Current account balance,Percent of GDP,0.029037424156455
2023-Oct,2023,Oct,2024,BEL,Belgium,BCA_GDP_BP6,Current account balance,Percent of GDP,-1.94247899829732
2023-Oct,2023,Oct,2024,DEU,Germany,BCA_GDP_BP6,Current account balance,Percent of GDP,6.57561077061513
2023-Oct,2023,Oct,2024,ESP,Spain,BCA_GDP_BP6,Current account balance,Percent of GDP,2.01054745859573
2023-Oct,2023,Oct,2024,FIN,Finland,BCA_GDP_BP6,Current account balance,Percent of GDP,-0.944058315143122
2023-Oct,2023,Oct,2024,FRA,France,BCA_GDP_BP6,Current account balance,Percent of GDP,-1.29372926056621
2023-Oct,2023,Oct,2024,GRC,Greece,BCA_GDP_BP6,Current account balance,Percent of GDP,-5.96604724763309
2023-Oct,2023,Oct,2024,IRL,Ireland,BCA_GDP_BP6,Current account balance,Percent of GDP,7.23180297527342
2023-Oct,2023,Oct,2024,ITA,Italy,BCA_GDP_BP6,Current account balance,Percent of GDP,0.86516886855422
2023-Oct,2023,Oct,2024,LUX,Luxembourg,BCA_GDP_BP6,Current account balance,Percent of GDP,4.02558752368391
2023-Oct,2023,Oct,2024,NLD,Netherlands,BCA_GDP_BP6,Current account balance,Percent of GDP,7.57592459209612
2023-Oct,2023,Oct,2024,PRT,Portugal,BCA_GDP_BP6,Current account balance,Percent of GDP,1.13395217216778
2024-Apr,2024,Apr,2025,AUT,Austria,BCA_GDP_BP6,Current account balance,Percent of GDP,2.09751134421341
2024-Apr,2024,Apr,2025,BEL,Belgium,BCA_GDP_BP6,Current account balance,Percent of GDP,-0.372346527558017
2024-Apr,2024,Apr,2025,DEU,Germany,BCA_GDP_BP6,Current account balance,Percent of GDP,6.89539999791454
2024-Apr,2024,Apr,2025,ESP,Spain,BCA_GDP_BP6,Current account balance,Percent of GDP,2.35363251397921
2024-Apr,2024,Apr,2025,FIN,Finland,BCA_GDP_BP6,Current account balance,Percent of GDP,-0.402228271442214
2024-Apr,2024,Apr,2025,FRA,France,BCA_GDP_BP6,Current account balance,Percent of GDP,-0.550014910082569
2024-Apr,2024,Apr,2025,GRC,Greece,BCA_GDP_BP6,Current account balance,Percent of GDP,-5.32510532435614
2024-Apr,2024,Apr,2025,IRL,Ireland,BCA_GDP_BP6,Current account balance,Percent of GDP,9.64141218390819
2024-Apr,2024,Apr,2025,ITA,Italy,BCA_GDP_BP6,Current account balance,Percent of GDP,1.31779290860379
2024-Apr,2024,Apr,2025,LUX,Luxembourg,BCA_GDP_BP6,Current account balance,Percent of GDP,7.61567666205679
2024-Apr,2024,Apr,2025,NLD,Netherlands,BCA_GDP_BP6,Current account balance,Percent of GDP,8.84048805020737
2024-Apr,2024,Apr,2025,PRT,Portugal,BCA_GDP_BP6,Current account balance,Percent of GDP,1.51848118921666
2024-Oct,2024,Oct,2025,AUT,Austria,BCA_GDP_BP6,Current account balance,Percent of GDP,2.44083985186888
2024-Oct,2024,Oct,2025,BEL,Belgium,BCA_GDP_BP6,Current account balance,Percent of GDP,-0.0292482324379188
2024-Oct,2024,Oct,2025,DEU,Germany,BCA_GDP_BP6,Current account balance,Percent of GDP,6.36862581950566
2024-Oct,2024,Oct,2025,ESP,Spain,BCA_GDP_BP6,Current account balance,Percent of GDP,3.21394416448737
2024-Oct,2024,Oct,2025,FIN,Finland,BCA_GDP_BP6,Current account balance,Percent of GDP,-1.17581766835274
2024-Oct,2024,Oct,2025,FRA,France,BCA_GDP_BP6,Current account balance,Percent of GDP,-0.120186555497055
2024-Oct,2024,Oct,2025,GRC,Greece,BCA_GDP_BP6,Current account balance,Percent of GDP,-5.27290752049443
2024-Oct,2024,Oct,2025,IRL,Ireland,BCA_GDP_BP6,Current account balance,Percent of GDP,11.2055645859543
2024-Oct,2024,Oct,2025,ITA,Italy,BCA_GDP_BP6,Current account balance,Percent of GDP,1.42343262440071
2024-Oct,2024,Oct,2025,LUX,Luxembourg,BCA_GDP_BP6,Current account balance,Percent of GDP,7.00987627138718
2024-Oct,2024,Oct,2025,NLD,Netherlands,BCA_GDP_BP6,Current account balance,Percent of GDP,10.0558005424217
2024-Oct,2024,Oct,2025,PRT,Portugal,BCA_GDP_BP6,Current account balance,Percent of GDP,2.27702938857085
2025-Apr,2025,Apr,2026,AUT,Austria,BCA_GDP_BP6,Current account balance,Percent of GDP,2.76817544443653
2025-Apr,2025,Apr,2026,BEL,Belgium,BCA_GDP_BP6,Current account balance,Percent of GDP,-1.3043673740196
2025-Apr,2025,Apr,2026,DEU,Germany,BCA_GDP_BP6,Current account balance,Percent of GDP,4.97151613760658
2025-Apr,2025,Apr,2026,ESP,Spain,BCA_GDP_BP6,Current account balance,Percent of GDP,2.22918879876925
2025-Apr,2025,Apr,2026,FIN,Finland,BCA_GDP_BP6,Current account balance,Percent of GDP,-0.557373386610893
2025-Apr,2025,Apr,2026,FRA,France,BCA_GDP_BP6,Current account balance,Percent of GDP,-0.182804422844425
2025-Apr,2025,Apr,2026,GRC,Greece,BCA_GDP_BP6,Current account balance,Percent of GDP,-5.90236668905453
2025-Apr,2025,Apr,2026,IRL,Ireland,BCA_GDP_BP6,Current account balance,Percent of GDP,11.0418220593903
2025-Apr,2025,Apr,2026,ITA,Italy,BCA_GDP_BP6,Current account balance,Percent of GDP,0.88213702368935
2025-Apr,2025,Apr,2026,LUX,Luxembourg,BCA_GDP_BP6,Current account balance,Percent of GDP,7.77429099689653
2025-Apr,2025,Apr,2026,NLD,Netherlands,BCA_GDP_BP6,Current account balance,Percent of GDP,10.4597526534723
2025-Apr,2025,Apr,2026,PRT,Portugal,BCA_GDP_BP6,Current account balance,Percent of GDP,1.54591113217687
2025-Oct,2025,Oct,2026,AUT,Austria,BCA_GDP_BP6,Current account balance,Percent of GDP,2.15714139326163
2025-Oct,2025,Oct,2026,BEL,Belgium,BCA_GDP_BP6,Current account balance,Percent of GDP,-0.928385134166934
2025-Oct,2025,Oct,2026,DEU,Germany,BCA_GDP_BP6,Current account balance,Percent of GDP,5.09240134592946
2025-Oct,2025,Oct,2026,ESP,Spain,BCA_GDP_BP6,Current account balance,Percent of GDP,2.63830244912574
2025-Oct,2025,Oct,2026,FIN,Finland,BCA_GDP_BP6,Current account balance,Percent of GDP,-0.0708501338529684
2025-Oct,2025,Oct,2026,FRA,France,BCA_GDP_BP6,Current account balance,Percent of GDP,-0.168998369974519
2025-Oct,2025,Oct,2026,GRC,Greece,BCA_GDP_BP6,Current account balance,Percent of GDP,-5.26881512355898
2025-Oct,2025,Oct,2026,IRL,Ireland,BCA_GDP_BP6,Current account balance,Percent of GDP,11.5105321375186
2025-Oct,2025,Oct,2026,ITA,Italy,BCA_GDP_BP6,Current account balance,Percent of GDP,0.950699302268013
2025-Oct,2025,Oct,2026,LUX,Luxembourg,BCA_GDP_BP6,Current account balance,Percent of GDP,12.4472542836892
2025-Oct,2025,Oct,2026,NLD,Netherlands,BCA_GDP_BP6,Current account balance,Percent of GDP,9.28222528467395
2025-Oct,2025,Oct,2026,PRT,Portugal,BCA_GDP_BP6,Current account balance,Percent of GDP,1.92788501542435
1990-Apr,1990,Apr,1991,AUT,Austria,NGDP_RPCH,"Gross domestic product, constant prices",Annual percent change,2.5040069006409205
1990-Apr,1990,Apr,1991,BEL,Belgium,NGDP_RPCH,"Gross domestic product, constant prices",Annual percent change,2.836708223524065
1990-Apr,1990,Apr,1991,DEU,Germany,NGDP_RPCH,"Gross domestic product, constant prices",Annual percent change,2.68618005557959
1990-Apr,1990,Apr,1991,ESP,Spain,NGDP_RPCH,"Gross domestic product, constant prices",Annual percent change,4.181981297924975
1990-Apr,1990,Apr,1991,FIN,Finland,NGDP_RPCH,"Gross domestic product, constant prices",Annual percent change,1.099997462812663
1990-Apr,1990,Apr,1991,FRA,France,NGDP_RPCH,"Gross domestic product, constant prices",Annual percent change,3.053258442154805
1990-Apr,1990,Apr,1991,GRC,Greece,NGDP_RPCH,"Gross domestic product, constant prices",Annual percent change,3.0590160814879974
1990-Apr,1990,Apr,1991,IRL,Ireland,NGDP_RPCH,"Gross domestic product, constant prices",Annual percent change,3.9840375969863118
1990-Apr,1990,Apr,1991,ITA,Italy,NGDP_RPCH,"Gross domestic product, constant prices",Annual percent change,2.891602836496565
1990-Apr,1990,Apr,1991,LUX,Luxembourg,NGDP_RPCH,"Gross domestic product, constant prices",Annual percent change,
1990-Apr,1990,Apr,1991,NLD,Netherlands,NGDP_RPCH,"Gross domestic product, constant prices",Annual percent change,3.332783804976436
1990-Apr,1990,Apr,1991,PRT,Portugal,NGDP_RPCH,"Gross domestic product, constant prices",Annual percent change,3.7564832811048054
1990-Oct,1990,Oct,1991,AUT,Austria,NGDP_RPCH,"Gross domestic product, constant prices",Annual percent change,2.937743365907064
1990-Oct,1990,Oct,1991,BEL,Belgium,NGDP_RPCH,"Gross domestic product, constant prices",Annual percent change,2.8705691266656785
1990-Oct,1990,Oct,1991,DEU,Germany,NGDP_RPCH,"Gross domestic product, constant prices",Annual percent change,3.297073187861921
1990-Oct,1990,Oct,1991,ESP,Spain,NGDP_RPCH,"Gross domestic product, constant prices",Annual percent change,3.298409359839627
1990-Oct,1990,Oct,1991,FIN,Finland,NGDP_RPCH,"Gross domestic product, constant prices",Annual percent change,0.8762656250251633
1990-Oct,1990,Oct,1991,FRA,France,NGDP_RPCH,"Gross domestic product, constant prices",Annual percent change,3.027997831280871
1990-Oct,1990,Oct,1991,GRC,Greece,NGDP_RPCH,"Gross domestic product, constant prices",Annual percent change,1.500003183510712
1990-Oct,1990,Oct,1991,IRL,Ireland,NGDP_RPCH,"Gross domestic product, constant prices",Annual percent change,3.9644707118925204
1990-Oct,1990,Oct,1991,ITA,Italy,NGDP_RPCH,"Gross domestic product, constant prices",Annual percent change,2.6798690909276557
1990-Oct,1990,Oct,1991,LUX,Luxembourg,NGDP_RPCH,"Gross domestic product, constant prices",Annual percent change,
1990-Oct,1990,Oct,1991,NLD,Netherlands,NGDP_RPCH,"Gross domestic product, constant prices",Annual percent change,3.2422707562332453
1990-Oct,1990,Oct,1991,PRT,Portugal,NGDP_RPCH,"Gross domestic product, constant prices",Annual percent change,4.344527694072653
1991-Apr,1991,Apr,1992,AUT,Austria,NGDP_RPCH,"Gross domestic product, constant prices",Annual percent change,2.91411692477217
1991-Apr,1991,Apr,1992,BEL,Belgium,NGDP_RPCH,"Gross domestic product, constant prices",Annual percent change,2.9304648334947947
1991-Apr,1991,Apr,1992,DEU,Germany,NGDP_RPCH,"Gross domestic product, constant prices",Annual percent change,1.9278532781635827
1991-Apr,1991,Apr,1992,ESP,Spain,NGDP_RPCH,"Gross domestic product, constant prices",Annual percent change,2.697968467645251
1991-Apr,1991,Apr,1992,FIN,Finland,NGDP_RPCH,"Gross domestic product, constant prices",Annual percent change,1.4594043760827846
1991-Apr,1991,Apr,1992,FRA,France,NGDP_RPCH,"Gross domestic product, constant prices",Annual percent change,2.692101600329355
1991-Apr,1991,Apr,1992,GRC,Greece,NGDP_RPCH,"Gross domestic product, constant prices",Annual percent change,1.4999999449743173
1991-Apr,1991,Apr,1992,IRL,Ireland,NGDP_RPCH,"Gross domestic product, constant prices",Annual percent change,3.7830916345016563
1991-Apr,1991,Apr,1992,ITA,Italy,NGDP_RPCH,"Gross domestic product, constant prices",Annual percent change,2.5009153313448884
1991-Apr,1991,Apr,1992,LUX,Luxembourg,NGDP_RPCH,"Gross domestic product, constant prices",Annual percent change,
1991-Apr,1991,Apr,1992,NLD,Netherlands,NGDP_RPCH,"Gross domestic product, constant prices",Annual percent change,2.305755761498607
1991-Apr,1991,Apr,1992,PRT,Portugal,NGDP_RPCH,"Gross domestic product, constant prices",Annual percent change,4.319129701339031
1991-Oct,1991,Oct,1992,AUT,Austria,NGDP_RPCH,"Gross domestic product, constant prices",Annual percent change,3.089003656098277
1991-Oct,1991,Oct,1992,BEL,Belgium,NGDP_RPCH,"Gross domestic product, constant prices",Annual percent change,2.347734872323759
1991-Oct,1991,Oct,1992,DEU,Germany,NGDP_RPCH,"Gross domestic product, constant prices",Annual percent change,2.009992902378488
1991-Oct,1991,Oct,1992,ESP,Spain,NGDP_RPCH,"Gross domestic product, constant prices",Annual percent change,2.663764581477457
1991-Oct,1991,Oct,1992,FIN,Finland,NGDP_RPCH,"Gross domestic product, constant prices",Annual percent change,0.7841087172351768
1991-Oct,1991,Oct,1992,FRA,France,NGDP_RPCH,"Gross domestic product, constant prices",Annual percent change,2.377784857271825
1991-Oct,1991,Oct,1992,GRC,Greece,NGDP_RPCH,"Gross domestic product, constant prices",Annual percent change,1.0000012200413133
1991-Oct,1991,Oct,1992,IRL,Ireland,NGDP_RPCH,"Gross domestic product, constant prices",Annual percent change,3.7830916345016563
1991-Oct,1991,Oct,1992,ITA,Italy,NGDP_RPCH,"Gross domestic product, constant prices",Annual percent change,2.507088334663865
1991-Oct,1991,Oct,1992,LUX,Luxembourg,NGDP_RPCH,"Gross domestic product, constant prices",Annual percent change,
1991-Oct,1991,Oct,1992,NLD,Netherlands,NGDP_RPCH,"Gross domestic product, constant prices",Annual percent change,1.8491414186286192
1991-Oct,1991,Oct,1992,PRT,Portugal,NGDP_RPCH,"Gross domestic product, constant prices",Annual percent change,4.319129701339031
1992-Apr,1992,Apr,1993,AUT,Austria,NGDP_RPCH,"Gross domestic product, constant prices",Annual percent change,3.088998440200341
1992-Apr,1992,Apr,1993,BEL,Belgium,NGDP_RPCH,"Gross domestic product, constant prices",Annual percent change,2.704417200545439
1992-Apr,1992,Apr,1993,DEU,Germany,NGDP_RPCH,"Gross domestic product, constant prices",Annual percent change,2.979768957696627
1992-Apr,1992,Apr,1993,ESP,Spain,NGDP_RPCH,"Gross domestic product, constant prices",Annual percent change,3.461980898826722
1992-Apr,1992,Apr,1993,FIN,Finland,NGDP_RPCH,"Gross domestic product, constant prices",Annual percent change,2.515555377571488
1992-Apr,1992,Apr,1993,FRA,France,NGDP_RPCH,"Gross domestic product, constant prices",Annual percent change,2.583562084061519
1992-Apr,1992,Apr,1993,GRC,Greece,NGDP_RPCH,"Gross domestic product, constant prices",Annual percent change,2.499997254632813
1992-Apr,1992,Apr,1993,IRL,Ireland,NGDP_RPCH,"Gross domestic product, constant prices",Annual percent change,3.640780090445239
1992-Apr,1992,Apr,1993,ITA,Italy,NGDP_RPCH,"Gross domestic product, constant prices",Annual percent change,2.4250925181956484
1992-Apr,1992,Apr,1993,LUX,Luxembourg,NGDP_RPCH,"Gross domestic product, constant prices",Annual percent change,
1992-Apr,1992,Apr,1993,NLD,Netherlands,NGDP_RPCH,"Gross domestic product, constant prices",Annual percent change,2.15418719072189
1992-Apr,1992,Apr,1993,PRT,Portugal,NGDP_RPCH,"Gross domestic product, constant prices",Annual percent change,3.5999984361542836
1992-Oct,1992,Oct,1993,AUT,Austria,NGDP_RPCH,"Gross domestic product, constant prices",Annual percent change,3.0889905308661536
1992-Oct,1992,Oct,1993,BEL,Belgium,NGDP_RPCH,"Gross domestic product, constant prices",Annual percent change,2.704417200545439
1992-Oct,1992,Oct,1993,DEU,Germany,NGDP_RPCH,"Gross domestic product, constant prices",Annual percent change,2.595505702874723
1992-Oct,1992,Oct,1993,ESP,Spain,NGDP_RPCH,"Gross domestic product, constant prices",Annual percent change,2.0599027091928734
1992-Oct,1992,Oct,1993,FIN,Finland,NGDP_RPCH,"Gross domestic product, constant prices",Annual percent change,2.849389416553594
1992-Oct,1992,Oct,1993,FRA,France,NGDP_RPCH,"Gross domestic product, constant prices",Annual percent change,2.697032269471311
1992-Oct,1992,Oct,1993,GRC,Greece,NGDP_RPCH,"Gross domestic product, constant prices",Annual percent change,2.499997254632813
1992-Oct,1992,Oct,1993,IRL,Ireland,NGDP_RPCH,"Gross domestic product, constant prices",Annual percent change,3.0073204092469608
1992-Oct,1992,Oct,1993,ITA,Italy,NGDP_RPCH,"Gross domestic product, constant prices",Annual percent change,1.5445113900808938
1992-Oct,1992,Oct,1993,LUX,Luxembourg,NGDP_RPCH,"Gross domestic product, constant prices",Annual percent change,
1992-Oct,1992,Oct,1993,NLD,Netherlands,NGDP_RPCH,"Gross domestic product, constant prices",Annual percent change,1.9618405190339416
1992-Oct,1992,Oct,1993,PRT,Portugal,NGDP_RPCH,"Gross domestic product, constant prices",Annual percent change,3.5999984361542836
1993-Apr,1993,Apr,1994,AUT,Austria,NGDP_RPCH,"Gross domestic product, constant prices",Annual percent change,1.799992991591215
1993-Apr,1993,Apr,1994,BEL,Belgium,NGDP_RPCH,"Gross domestic product, constant prices",Annual percent change,1.8999986511641476
1993-Apr,1993,Apr,1994,DEU,Germany,NGDP_RPCH,"Gross domestic product, constant prices",Annual percent change,1.660728865137684
1993-Apr,1993,Apr,1994,ESP,Spain,NGDP_RPCH,"Gross domestic product, constant prices",Annual percent change,2.0837837573539852
1993-Apr,1993,Apr,1994,FIN,Finland,NGDP_RPCH,"Gross domestic product, constant prices",Annual percent change,2.5127017175956556
1993-Apr,1993,Apr,1994,FRA,France,NGDP_RPCH,"Gross domestic product, constant prices",Annual percent change,2.295759346480808
1993-Apr,1993,Apr,1994,GRC,Greece,NGDP_RPCH,"Gross domestic product, constant prices",Annual percent change,1.8000030514991439
1993-Apr,1993,Apr,1994,IRL,Ireland,NGDP_RPCH,"Gross domestic product, constant prices",Annual percent change,2.4010581207873916
1993-Apr,1993,Apr,1994,ITA,Italy,NGDP_RPCH,"Gross domestic product, constant prices",Annual percent change,1.8900699765556972
1993-Apr,1993,Apr,1994,LUX,Luxembourg,NGDP_RPCH,"Gross domestic product, constant prices",Annual percent change,4.245360402536469
1993-Apr,1993,Apr,1994,NLD,Netherlands,NGDP_RPCH,"Gross domestic product, constant prices",Annual percent change,1.7979010516476102
1993-Apr,1993,Apr,1994,PRT,Portugal,NGDP_RPCH,"Gross domestic product, constant prices",Annual percent change,1.9999990064681006
1993-Oct,1993,Oct,1994,AUT,Austria,NGDP_RPCH,"Gross domestic product, constant prices",Annual percent change,1.2999847073114967
1993-Oct,1993,Oct,1994,BEL,Belgium,NGDP_RPCH,"Gross domestic product, constant prices",Annual percent change,1.0000001686796045
1993-Oct,1993,Oct,1994,DEU,Germany,NGDP_RPCH,"Gross domestic product, constant prices",Annual percent change,1.2400423327625587
1993-Oct,1993,Oct,1994,ESP,Spain,NGDP_RPCH,"Gross domestic product, constant prices",Annual percent change,1.5816544196698201
1993-Oct,1993,Oct,1994,FIN,Finland,NGDP_RPCH,"Gross domestic product, constant prices",Annual percent change,1.5020166106589627
1993-Oct,1993,Oct,1994,FRA,France,NGDP_RPCH,"Gross domestic product, constant prices",Annual percent change,1.1468903284036713
1993-Oct,1993,Oct,1994,GRC,Greece,NGDP_RPCH,"Gross domestic product, constant prices",Annual percent change,1.5999984673936485
1993-Oct,1993,Oct,1994,IRL,Ireland,NGDP_RPCH,"Gross domestic product, constant prices",Annual percent change,2.5999988598865764
1993-Oct,1993,Oct,1994,ITA,Italy,NGDP_RPCH,"Gross domestic product, constant prices",Annual percent change,1.6597791732015699
1993-Oct,1993,Oct,1994,LUX,Luxembourg,NGDP_RPCH,"Gross domestic product, constant prices",Annual percent change,2.5399989242005594
1993-Oct,1993,Oct,1994,NLD,Netherlands,NGDP_RPCH,"Gross domestic product, constant prices",Annual percent change,1.2010620693120977
1993-Oct,1993,Oct,1994,PRT,Portugal,NGDP_RPCH,"Gross domestic product, constant prices",Annual percent change,1.099998390166812
1994-Apr,1994,Apr,1995,AUT,Austria,NGDP_RPCH,"Gross domestic product, constant prices",Annual percent change,2.399997883090621
1994-Apr,1994,Apr,1995,BEL,Belgium,NGDP_RPCH,"Gross domestic product, constant prices",Annual percent change,2.532758017847714
1994-Apr,1994,Apr,1995,DEU,Germany,NGDP_RPCH,"Gross domestic product, constant prices",Annual percent change,2.148583391916681
1994-Apr,1994,Apr,1995,ESP,Spain,NGDP_RPCH,"Gross domestic product, constant prices",Annual percent change,3.0242725606697274
1994-Apr,1994,Apr,1995,FIN,Finland,NGDP_RPCH,"Gross domestic product, constant prices",Annual percent change,3.7848623783339086
1994-Apr,1994,Apr,1995,FRA,France,NGDP_RPCH,"Gross domestic product, constant prices",Annual percent change,2.5507718033801696
1994-Apr,1994,Apr,1995,GRC,Greece,NGDP_RPCH,"Gross domestic product, constant prices",Annual percent change,0.8000018076218973
1994-Apr,1994,Apr,1995,IRL,Ireland,NGDP_RPCH,"Gross domestic product, constant prices",Annual percent change,3.8999977647628192
1994-Apr,1994,Apr,1995,ITA,Italy,NGDP_RPCH,"Gross domestic product, constant prices",Annual percent change,2.536201329914145
1994-Apr,1994,Apr,1995,LUX,Luxembourg,NGDP_RPCH,"Gross domestic product, constant prices",Annual percent change,3.4933483561558676
1994-Apr,1994,Apr,1995,NLD,Netherlands,NGDP_RPCH,"Gross domestic product, constant prices",Annual percent change,2.259374635939926
1994-Apr,1994,Apr,1995,PRT,Portugal,NGDP_RPCH,"Gross domestic product, constant prices",Annual percent change,4.500002338558207
1994-Oct,1994,Oct,1995,AUT,Austria,NGDP_RPCH,"Gross domestic product, constant prices",Annual percent change,2.940003181517792
1994-Oct,1994,Oct,1995,BEL,Belgium,NGDP_RPCH,"Gross domestic product, constant prices",Annual percent change,2.3999979508214198
1994-Oct,1994,Oct,1995,DEU,Germany,NGDP_RPCH,"Gross domestic product, constant prices",Annual percent change,2.7505316762171717
1994-Oct,1994,Oct,1995,ESP,Spain,NGDP_RPCH,"Gross domestic product, constant prices",Annual percent change,2.9741916123831036
1994-Oct,1994,Oct,1995,FIN,Finland,NGDP_RPCH,"Gross domestic product, constant prices",Annual percent change,5.200006700141002
1994-Oct,1994,Oct,1995,FRA,France,NGDP_RPCH,"Gross domestic product, constant prices",Annual percent change,3.0416030158337826
1994-Oct,1994,Oct,1995,GRC,Greece,NGDP_RPCH,"Gross domestic product, constant prices",Annual percent change,0.999997687773635
1994-Oct,1994,Oct,1995,IRL,Ireland,NGDP_RPCH,"Gross domestic product, constant prices",Annual percent change,5.331139315503397
1994-Oct,1994,Oct,1995,ITA,Italy,NGDP_RPCH,"Gross domestic product, constant prices",Annual percent change,2.8322949125721975
1994-Oct,1994,Oct,1995,LUX,Luxembourg,NGDP_RPCH,"Gross domestic product, constant prices",Annual percent change,2.1382214416760803
1994-Oct,1994,Oct,1995,NLD,Netherlands,NGDP_RPCH,"Gross domestic product, constant prices",Annual percent change,2.625028763702697
1994-Oct,1994,Oct,1995,PRT,Portugal,NGDP_RPCH,"Gross domestic product, constant prices",Annual percent change,4.000004450541383
1995-Apr,1995,Apr,1996,AUT,Austria,NGDP_RPCH,"Gross domestic product, constant prices",Annual percent change,2.7999957972422163
1995-Apr,1995,Apr,1996,BEL,Belgium,NGDP_RPCH,"Gross domestic product, constant prices",Annual percent change,2.8689906355092054
1995-Apr,1995,Apr,1996,DEU,Germany,NGDP_RPCH,"Gross domestic product, constant prices",Annual percent change,3.275503791702583
1995-Apr,1995,Apr,1996,ESP,Spain,NGDP_RPCH,"Gross domestic product, constant prices",Annual percent change,2.97416769302139
1995-Apr,1995,Apr,1996,FIN,Finland,NGDP_RPCH,"Gross domestic product, constant prices",Annual percent change,4.799934006750228
1995-Apr,1995,Apr,1996,FRA,France,NGDP_RPCH,"Gross domestic product, constant prices",Annual percent change,3.0319973426028657
1995-Apr,1995,Apr,1996,GRC,Greece,NGDP_RPCH,"Gross domestic product, constant prices",Annual percent change,2.300003506281567
1995-Apr,1995,Apr,1996,IRL,Ireland,NGDP_RPCH,"Gross domestic product, constant prices",Annual percent change,4.902660062495845
1995-Apr,1995,Apr,1996,ITA,Italy,NGDP_RPCH,"Gross domestic product, constant prices",Annual percent change,3.0280020009140873
1995-Apr,1995,Apr,1996,LUX,Luxembourg,NGDP_RPCH,"Gross domestic product, constant prices",Annual percent change,3.2999968192224616
1995-Apr,1995,Apr,1996,NLD,Netherlands,NGDP_RPCH,"Gross domestic product, constant prices",Annual percent change,2.7009114982249782
1995-Apr,1995,Apr,1996,PRT,Portugal,NGDP_RPCH,"Gross domestic product, constant prices",Annual percent change,4.500003506314099
1995-Oct,1995,Oct,1996,AUT,Austria,NGDP_RPCH,"Gross domestic product, constant prices",Annual percent change,2.488584101962177
1995-Oct,1995,Oct,1996,BEL,Belgium,NGDP_RPCH,"Gross domestic product, constant prices",Annual percent change,2.500004544876866
1995-Oct,1995,Oct,1996,DEU,Germany,NGDP_RPCH,"Gross domestic product, constant prices",Annual percent change,2.9000005860645217
1995-Oct,1995,Oct,1996,ESP,Spain,NGDP_RPCH,"Gross domestic product, constant prices",Annual percent change,3.1639807841730816
1995-Oct,1995,Oct,1996,FIN,Finland,NGDP_RPCH,"Gross domestic product, constant prices",Annual percent change,4.599865863683283
1995-Oct,1995,Oct,1996,FRA,France,NGDP_RPCH,"Gross domestic product, constant prices",Annual percent change,2.653398992814515
1995-Oct,1995,Oct,1996,GRC,Greece,NGDP_RPCH,"Gross domestic product, constant prices",Annual percent change,2.3000002439304
1995-Oct,1995,Oct,1996,IRL,Ireland,NGDP_RPCH,"Gross domestic product, constant prices",Annual percent change,4.902660062495845
1995-Oct,1995,Oct,1996,ITA,Italy,NGDP_RPCH,"Gross domestic product, constant prices",Annual percent change,2.7951938048085045
1995-Oct,1995,Oct,1996,LUX,Luxembourg,NGDP_RPCH,"Gross domestic product, constant prices",Annual percent change,3.2999968192224616
1995-Oct,1995,Oct,1996,NLD,Netherlands,NGDP_RPCH,"Gross domestic product, constant prices",Annual percent change,2.413520066691155
1995-Oct,1995,Oct,1996,PRT,Portugal,NGDP_RPCH,"Gross domestic product, constant prices",Annual percent change,3.1999975448189444
1996-Apr,1996,Apr,1997,AUT,Austria,NGDP_RPCH,"Gross domestic product, constant prices",Annual percent change,1.4170414851800484
1996-Apr,1996,Apr,1997,BEL,Belgium,NGDP_RPCH,"Gross domestic product, constant prices",Annual percent change,2.4999932256627
1996-Apr,1996,Apr,1997,DEU,Germany,NGDP_RPCH,"Gross domestic product, constant prices",Annual percent change,2.9372327049358438
1996-Apr,1996,Apr,1997,ESP,Spain,NGDP_RPCH,"Gross domestic product, constant prices",Annual percent change,2.8927743105713333
1996-Apr,1996,Apr,1997,FIN,Finland,NGDP_RPCH,"Gross domestic product, constant prices",Annual percent change,2.499996861710896
1996-Apr,1996,Apr,1997,FRA,France,NGDP_RPCH,"Gross domestic product, constant prices",Annual percent change,2.7700056193009193
1996-Apr,1996,Apr,1997,GRC,Greece,NGDP_RPCH,"Gross domestic product, constant prices",Annual percent change,2.499990943616104
1996-Apr,1996,Apr,1997,IRL,Ireland,NGDP_RPCH,"Gross domestic product, constant prices",Annual percent change,4.282445950674352
1996-Apr,1996,Apr,1997,ITA,Italy,NGDP_RPCH,"Gross domestic product, constant prices",Annual percent change,2.7372662823568428
1996-Apr,1996,Apr,1997,LUX,Luxembourg,NGDP_RPCH,"Gross domestic product, constant prices",Annual percent change,3.5000008314331144
1996-Apr,1996,Apr,1997,NLD,Netherlands,NGDP_RPCH,"Gross domestic product, constant prices",Annual percent change,2.6713486016796795
1996-Apr,1996,Apr,1997,PRT,Portugal,NGDP_RPCH,"Gross domestic product, constant prices",Annual percent change,2.7999973745922446
1996-Oct,1996,Oct,1997,AUT,Austria,NGDP_RPCH,"Gross domestic product, constant prices",Annual percent change,0.9825901012518568
1996-Oct,1996,Oct,1997,BEL,Belgium,NGDP_RPCH,"Gross domestic product, constant prices",Annual percent change,2.424999258928562
1996-Oct,1996,Oct,1997,DEU,Germany,NGDP_RPCH,"Gross domestic product, constant prices",Annual percent change,2.3750480591287815
1996-Oct,1996,Oct,1997,ESP,Spain,NGDP_RPCH,"Gross domestic product, constant prices",Annual percent change,2.8739370051338753
1996-Oct,1996,Oct,1997,FIN,Finland,NGDP_RPCH,"Gross domestic product, constant prices",Annual percent change,4.060008276764648
1996-Oct,1996,Oct,1997,FRA,France,NGDP_RPCH,"Gross domestic product, constant prices",Annual percent change,2.4400030489343028
1996-Oct,1996,Oct,1997,GRC,Greece,NGDP_RPCH,"Gross domestic product, constant prices",Annual percent change,2.700004421044433
1996-Oct,1996,Oct,1997,IRL,Ireland,NGDP_RPCH,"Gross domestic product, constant prices",Annual percent change,5.489042364851704
1996-Oct,1996,Oct,1997,ITA,Italy,NGDP_RPCH,"Gross domestic product, constant prices",Annual percent change,2.2419477624288087
1996-Oct,1996,Oct,1997,LUX,Luxembourg,NGDP_RPCH,"Gross domestic product, constant prices",Annual percent change,3.5000008314331144
1996-Oct,1996,Oct,1997,NLD,Netherlands,NGDP_RPCH,"Gross domestic product, constant prices",Annual percent change,2.530246510449885
1996-Oct,1996,Oct,1997,PRT,Portugal,NGDP_RPCH,"Gross domestic product, constant prices",Annual percent change,2.800004020293012
1997-Apr,1997,Apr,1998,AUT,Austria,NGDP_RPCH,"Gross domestic product, constant prices",Annual percent change,2.7540032622822785
1997-Apr,1997,Apr,1998,BEL,Belgium,NGDP_RPCH,"Gross domestic product, constant prices",Annual percent change,2.225003082134669
1997-Apr,1997,Apr,1998,DEU,Germany,NGDP_RPCH,"Gross domestic product, constant prices",Annual percent change,3.0370715994183506
1997-Apr,1997,Apr,1998,ESP,Spain,NGDP_RPCH,"Gross domestic product, constant prices",Annual percent change,3.373254216567778
1997-Apr,1997,Apr,1998,FIN,Finland,NGDP_RPCH,"Gross domestic product, constant prices",Annual percent change,3.399995752901064
1997-Apr,1997,Apr,1998,FRA,France,NGDP_RPCH,"Gross domestic product, constant prices",Annual percent change,2.9600035364095056
1997-Apr,1997,Apr,1998,GRC,Greece,NGDP_RPCH,"Gross domestic product, constant prices",Annual percent change,3.100005243931103
1997-Apr,1997,Apr,1998,IRL,Ireland,NGDP_RPCH,"Gross domestic product, constant prices",Annual percent change,5.604184200918838
1997-Apr,1997,Apr,1998,ITA,Italy,NGDP_RPCH,"Gross domestic product, constant prices",Annual percent change,2.40000056766958
1997-Apr,1997,Apr,1998,LUX,Luxembourg,NGDP_RPCH,"Gross domestic product, constant prices",Annual percent change,3.500005631371761
1997-Apr,1997,Apr,1998,NLD,Netherlands,NGDP_RPCH,"Gross domestic product, constant prices",Annual percent change,2.866021397218277
1997-Apr,1997,Apr,1998,PRT,Portugal,NGDP_RPCH,"Gross domestic product, constant prices",Annual percent change,3.4996827434206734
1997-Oct,1997,Oct,1998,AUT,Austria,NGDP_RPCH,"Gross domestic product, constant prices",Annual percent change,2.697199149491114
1997-Oct,1997,Oct,1998,BEL,Belgium,NGDP_RPCH,"Gross domestic product, constant prices",Annual percent change,2.5982021176419234
1997-Oct,1997,Oct,1998,DEU,Germany,NGDP_RPCH,"Gross domestic product, constant prices",Annual percent change,2.8220814655541826
1997-Oct,1997,Oct,1998,ESP,Spain,NGDP_RPCH,"Gross domestic product, constant prices",Annual percent change,3.419904688380404
1997-Oct,1997,Oct,1998,FIN,Finland,NGDP_RPCH,"Gross domestic product, constant prices",Annual percent change,3.4751377053843235
1997-Oct,1997,Oct,1998,FRA,France,NGDP_RPCH,"Gross domestic product, constant prices",Annual percent change,2.7769086298924606
1997-Oct,1997,Oct,1998,GRC,Greece,NGDP_RPCH,"Gross domestic product, constant prices",Annual percent change,3.49999421673719
1997-Oct,1997,Oct,1998,IRL,Ireland,NGDP_RPCH,"Gross domestic product, constant prices",Annual percent change,5.8370327502816455
1997-Oct,1997,Oct,1998,ITA,Italy,NGDP_RPCH,"Gross domestic product, constant prices",Annual percent change,2.059997248441414
1997-Oct,1997,Oct,1998,LUX,Luxembourg,NGDP_RPCH,"Gross domestic product, constant prices",Annual percent change,3.500005631371761
1997-Oct,1997,Oct,1998,NLD,Netherlands,NGDP_RPCH,"Gross domestic product, constant prices",Annual percent change,3.6689143693090287
1997-Oct,1997,Oct,1998,PRT,Portugal,NGDP_RPCH,"Gross domestic product, constant prices",Annual percent change,3.5000017587720533
1998-Apr,1998,Apr,1999,AUT,Austria,NGDP_RPCH,"Gross domestic product, constant prices",Annual percent change,2.740666307688988
1998-Apr,1998,Apr,1999,BEL,Belgium,NGDP_RPCH,"Gross domestic product, constant prices",Annual percent change,2.7674057770508353
1998-Apr,1998,Apr,1999,DEU,Germany,NGDP_RPCH,"Gross domestic product, constant prices",Annual percent change,2.806056488416253
1998-Apr,1998,Apr,1999,ESP,Spain,NGDP_RPCH,"Gross domestic product, constant prices",Annual percent change,3.652740625855766
1998-Apr,1998,Apr,1999,FIN,Finland,NGDP_RPCH,"Gross domestic product, constant prices",Annual percent change,3.3638202011061047
1998-Apr,1998,Apr,1999,FRA,France,NGDP_RPCH,"Gross domestic product, constant prices",Annual percent change,3.0114551485040497
1998-Apr,1998,Apr,1999,GRC,Greece,NGDP_RPCH,"Gross domestic product, constant prices",Annual percent change,3.2999979659176226
1998-Apr,1998,Apr,1999,IRL,Ireland,NGDP_RPCH,"Gross domestic product, constant prices",Annual percent change,6.834971177515903
1998-Apr,1998,Apr,1999,ITA,Italy,NGDP_RPCH,"Gross domestic product, constant prices",Annual percent change,2.650005067483785
1998-Apr,1998,Apr,1999,LUX,Luxembourg,NGDP_RPCH,"Gross domestic product, constant prices",Annual percent change,3.5000043622057886
1998-Apr,1998,Apr,1999,NLD,Netherlands,NGDP_RPCH,"Gross domestic product, constant prices",Annual percent change,3.1009283185656544
1998-Apr,1998,Apr,1999,PRT,Portugal,NGDP_RPCH,"Gross domestic product, constant prices",Annual percent change,3.2499990990244143
1998-Oct,1998,Oct,1999,AUT,Austria,NGDP_RPCH,"Gross domestic product, constant prices",Annual percent change,2.613474232181767
1998-Oct,1998,Oct,1999,BEL,Belgium,NGDP_RPCH,"Gross domestic product, constant prices",Annual percent change,2.591432415661399
1998-Oct,1998,Oct,1999,DEU,Germany,NGDP_RPCH,"Gross domestic product, constant prices",Annual percent change,2.4580812252409157
1998-Oct,1998,Oct,1999,ESP,Spain,NGDP_RPCH,"Gross domestic product, constant prices",Annual percent change,3.551287468718578
1998-Oct,1998,Oct,1999,FIN,Finland,NGDP_RPCH,"Gross domestic product, constant prices",Annual percent change,3.5400042953895428
1998-Oct,1998,Oct,1999,FRA,France,NGDP_RPCH,"Gross domestic product, constant prices",Annual percent change,2.849328772152848
1998-Oct,1998,Oct,1999,GRC,Greece,NGDP_RPCH,"Gross domestic product, constant prices",Annual percent change,3.5778259445102822
1998-Oct,1998,Oct,1999,IRL,Ireland,NGDP_RPCH,"Gross domestic product, constant prices",Annual percent change,7.013807409325312
1998-Oct,1998,Oct,1999,ITA,Italy,NGDP_RPCH,"Gross domestic product, constant prices",Annual percent change,2.450003394290756
1998-Oct,1998,Oct,1999,LUX,Luxembourg,NGDP_RPCH,"Gross domestic product, constant prices",Annual percent change,3.5000043622057886
1998-Oct,1998,Oct,1999,NLD,Netherlands,NGDP_RPCH,"Gross domestic product, constant prices",Annual percent change,2.953827243038698
1998-Oct,1998,Oct,1999,PRT,Portugal,NGDP_RPCH,"Gross domestic product, constant prices",Annual percent change,3.740000503820573
1999-Apr,1999,Apr,2000,AUT,Austria,NGDP_RPCH,"Gross domestic product, constant prices",Annual percent change,2.522501459065829
1999-Apr,1999,Apr,2000,BEL,Belgium,NGDP_RPCH,"Gross domestic product, constant prices",Annual percent change,2.220414412941385
1999-Apr,1999,Apr,2000,DEU,Germany,NGDP_RPCH,"Gross domestic product, constant prices",Annual percent change,2.8341455513270164
1999-Apr,1999,Apr,2000,ESP,Spain,NGDP_RPCH,"Gross domestic product, constant prices",Annual percent change,3.488076137587437
1999-Apr,1999,Apr,2000,FIN,Finland,NGDP_RPCH,"Gross domestic product, constant prices",Annual percent change,3.5000048655992932
1999-Apr,1999,Apr,2000,FRA,France,NGDP_RPCH,"Gross domestic product, constant prices",Annual percent change,2.9236801516007827
1999-Apr,1999,Apr,2000,GRC,Greece,NGDP_RPCH,"Gross domestic product, constant prices",Annual percent change,3.430235315867969
1999-Apr,1999,Apr,2000,IRL,Ireland,NGDP_RPCH,"Gross domestic product, constant prices",Annual percent change,6.382265025037714
1999-Apr,1999,Apr,2000,ITA,Italy,NGDP_RPCH,"Gross domestic product, constant prices",Annual percent change,2.3999992434649897
1999-Apr,1999,Apr,2000,LUX,Luxembourg,NGDP_RPCH,"Gross domestic product, constant prices",Annual percent change,4.399998232224989
1999-Apr,1999,Apr,2000,NLD,Netherlands,NGDP_RPCH,"Gross domestic product, constant prices",Annual percent change,2.645088449417843
1999-Apr,1999,Apr,2000,PRT,Portugal,NGDP_RPCH,"Gross domestic product, constant prices",Annual percent change,3.1999968401446033
1999-Oct,1999,Oct,2000,AUT,Austria,NGDP_RPCH,"Gross domestic product, constant prices",Annual percent change,2.522501459065829
1999-Oct,1999,Oct,2000,BEL,Belgium,NGDP_RPCH,"Gross domestic product, constant prices",Annual percent change,2.4907650997677333
1999-Oct,1999,Oct,2000,DEU,Germany,NGDP_RPCH,"Gross domestic product, constant prices",Annual percent change,2.5352313672797333
1999-Oct,1999,Oct,2000,ESP,Spain,NGDP_RPCH,"Gross domestic product, constant prices",Annual percent change,3.4657558546829836
1999-Oct,1999,Oct,2000,FIN,Finland,NGDP_RPCH,"Gross domestic product, constant prices",Annual percent change,3.800004034051363
1999-Oct,1999,Oct,2000,FRA,France,NGDP_RPCH,"Gross domestic product, constant prices",Annual percent change,2.998936763014304
1999-Oct,1999,Oct,2000,GRC,Greece,NGDP_RPCH,"Gross domestic product, constant prices",Annual percent change,3.598360875230333
1999-Oct,1999,Oct,2000,IRL,Ireland,NGDP_RPCH,"Gross domestic product, constant prices",Annual percent change,7.047857849033634
1999-Oct,1999,Oct,2000,ITA,Italy,NGDP_RPCH,"Gross domestic product, constant prices",Annual percent change,2.420316053190019
1999-Oct,1999,Oct,2000,LUX,Luxembourg,NGDP_RPCH,"Gross domestic product, constant prices",Annual percent change,4.400000000000048
1999-Oct,1999,Oct,2000,NLD,Netherlands,NGDP_RPCH,"Gross domestic product, constant prices",Annual percent change,2.523846553848097
1999-Oct,1999,Oct,2000,PRT,Portugal,NGDP_RPCH,"Gross domestic product, constant prices",Annual percent change,3.2000000000002915
2000-Apr,2000,Apr,2001,AUT,Austria,NGDP_RPCH,"Gross domestic product, constant prices",Annual percent change,3.279850085785485
2000-Apr,2000,Apr,2001,BEL,Belgium,NGDP_RPCH,"Gross domestic product, constant prices",Annual percent change,2.8660381660337686
2000-Apr,2000,Apr,2001,DEU,Germany,NGDP_RPCH,"Gross domestic product, constant prices",Annual percent change,3.2625155213617862
2000-Apr,2000,Apr,2001,ESP,Spain,NGDP_RPCH,"Gross domestic product, constant prices",Annual percent change,3.3978308000973234
2000-Apr,2000,Apr,2001,FIN,Finland,NGDP_RPCH,"Gross domestic product, constant prices",Annual percent change,3.499996072105205
2000-Apr,2000,Apr,2001,FRA,France,NGDP_RPCH,"Gross domestic product, constant prices",Annual percent change,3.1115966968751962
2000-Apr,2000,Apr,2001,GRC,Greece,NGDP_RPCH,"Gross domestic product, constant prices",Annual percent change,3.0766821327903315
2000-Apr,2000,Apr,2001,IRL,Ireland,NGDP_RPCH,"Gross domestic product, constant prices",Annual percent change,7.197025662841261
2000-Apr,2000,Apr,2001,ITA,Italy,NGDP_RPCH,"Gross domestic product, constant prices",Annual percent change,2.8000000000000025
2000-Apr,2000,Apr,2001,LUX,Luxembourg,NGDP_RPCH,"Gross domestic product, constant prices",Annual percent change,4.993845166615141
2000-Apr,2000,Apr,2001,NLD,Netherlands,NGDP_RPCH,"Gross domestic product, constant prices",Annual percent change,3.3686645714600782
2000-Apr,2000,Apr,2001,PRT,Portugal,NGDP_RPCH,"Gross domestic product, constant prices",Annual percent change,3.099999999999814
2000-Oct,2000,Oct,2001,AUT,Austria,NGDP_RPCH,"Gross domestic product, constant prices",Annual percent change,2.910636202456307
2000-Oct,2000,Oct,2001,BEL,Belgium,NGDP_RPCH,"Gross domestic product, constant prices",Annual percent change,3.0141930291001096
2000-Oct,2000,Oct,2001,DEU,Germany,NGDP_RPCH,"Gross domestic product, constant prices",Annual percent change,3.286417417054399
2000-Oct,2000,Oct,2001,ESP,Spain,NGDP_RPCH,"Gross domestic product, constant prices",Annual percent change,3.5020916163670535
2000-Oct,2000,Oct,2001,FIN,Finland,NGDP_RPCH,"Gross domestic product, constant prices",Annual percent change,3.961415670234625
2000-Oct,2000,Oct,2001,FRA,France,NGDP_RPCH,"Gross domestic product, constant prices",Annual percent change,3.5265038608799815
2000-Oct,2000,Oct,2001,GRC,Greece,NGDP_RPCH,"Gross domestic product, constant prices",Annual percent change,3.907127440002478
2000-Oct,2000,Oct,2001,IRL,Ireland,NGDP_RPCH,"Gross domestic product, constant prices",Annual percent change,6.944387423527076
2000-Oct,2000,Oct,2001,ITA,Italy,NGDP_RPCH,"Gross domestic product, constant prices",Annual percent change,2.9500000000002524
2000-Oct,2000,Oct,2001,LUX,Luxembourg,NGDP_RPCH,"Gross domestic product, constant prices",Annual percent change,4.993845166615141
2000-Oct,2000,Oct,2001,NLD,Netherlands,NGDP_RPCH,"Gross domestic product, constant prices",Annual percent change,3.5308294291863884
2000-Oct,2000,Oct,2001,PRT,Portugal,NGDP_RPCH,"Gross domestic product, constant prices",Annual percent change,3.500000000000081
2001-Apr,2001,Apr,2002,AUT,Austria,NGDP_RPCH,"Gross domestic product, constant prices",Annual percent change,2.599999999999847
2001-Apr,2001,Apr,2002,BEL,Belgium,NGDP_RPCH,"Gross domestic product, constant prices",Annual percent change,2.4191077684157625
2001-Apr,2001,Apr,2002,DEU,Germany,NGDP_RPCH,"Gross domestic product, constant prices",Annual percent change,2.5853808022501923
2001-Apr,2001,Apr,2002,ESP,Spain,NGDP_RPCH,"Gross domestic product, constant prices",Annual percent change,3.1613197717980546
2001-Apr,2001,Apr,2002,FIN,Finland,NGDP_RPCH,"Gross domestic product, constant prices",Annual percent change,3.987578700400851
2001-Apr,2001,Apr,2002,FRA,France,NGDP_RPCH,"Gross domestic product, constant prices",Annual percent change,2.628110567769215
2001-Apr,2001,Apr,2002,GRC,Greece,NGDP_RPCH,"Gross domestic product, constant prices",Annual percent change,3.8421255169036383
2001-Apr,2001,Apr,2002,IRL,Ireland,NGDP_RPCH,"Gross domestic product, constant prices",Annual percent change,6.208054207255387
2001-Apr,2001,Apr,2002,ITA,Italy,NGDP_RPCH,"Gross domestic product, constant prices",Annual percent change,2.5000000000000577
2001-Apr,2001,Apr,2002,LUX,Luxembourg,NGDP_RPCH,"Gross domestic product, constant prices",Annual percent change,4.29141582821051
2001-Apr,2001,Apr,2002,NLD,Netherlands,NGDP_RPCH,"Gross domestic product, constant prices",Annual percent change,2.717899149017211
2001-Apr,2001,Apr,2002,PRT,Portugal,NGDP_RPCH,"Gross domestic product, constant prices",Annual percent change,2.8000000000003356
2001-Oct,2001,Oct,2002,AUT,Austria,NGDP_RPCH,"Gross domestic product, constant prices",Annual percent change,2.59999999999998
2001-Oct,2001,Oct,2002,BEL,Belgium,NGDP_RPCH,"Gross domestic product, constant prices",Annual percent change,2.045554999999988
2001-Oct,2001,Oct,2002,DEU,Germany,NGDP_RPCH,"Gross domestic product, constant prices",Annual percent change,1.756737289964505
2001-Oct,2001,Oct,2002,ESP,Spain,NGDP_RPCH,"Gross domestic product, constant prices",Annual percent change,2.8397654153261342
2001-Oct,2001,Oct,2002,FIN,Finland,NGDP_RPCH,"Gross domestic product, constant prices",Annual percent change,2.5965973895648364
2001-Oct,2001,Oct,2002,FRA,France,NGDP_RPCH,"Gross domestic product, constant prices",Annual percent change,2.0961624004906865
2001-Oct,2001,Oct,2002,GRC,Greece,NGDP_RPCH,"Gross domestic product, constant prices",Annual percent change,3.7591544625564355
2001-Oct,2001,Oct,2002,IRL,Ireland,NGDP_RPCH,"Gross domestic product, constant prices",Annual percent change,4.87878077757149
2001-Oct,2001,Oct,2002,ITA,Italy,NGDP_RPCH,"Gross domestic product, constant prices",Annual percent change,1.990000000000336
2001-Oct,2001,Oct,2002,LUX,Luxembourg,NGDP_RPCH,"Gross domestic product, constant prices",Annual percent change,4.29141582821051
2001-Oct,2001,Oct,2002,NLD,Netherlands,NGDP_RPCH,"Gross domestic product, constant prices",Annual percent change,2.2231947820803954
2001-Oct,2001,Oct,2002,PRT,Portugal,NGDP_RPCH,"Gross domestic product, constant prices",Annual percent change,1.7000000000001458
2002-Apr,2002,Apr,2003,AUT,Austria,NGDP_RPCH,"Gross domestic product, constant prices",Annual percent change,2.9000000000001247
2002-Apr,2002,Apr,2003,BEL,Belgium,NGDP_RPCH,"Gross domestic product, constant prices",Annual percent change,3.1533571175088593
2002-Apr,2002,Apr,2003,DEU,Germany,NGDP_RPCH,"Gross domestic product, constant prices",Annual percent change,2.7393339794023808
2002-Apr,2002,Apr,2003,ESP,Spain,NGDP_RPCH,"Gross domestic product, constant prices",Annual percent change,3.1838545867369783
2002-Apr,2002,Apr,2003,FIN,Finland,NGDP_RPCH,"Gross domestic product, constant prices",Annual percent change,3.0655583495752037
2002-Apr,2002,Apr,2003,FRA,France,NGDP_RPCH,"Gross domestic product, constant prices",Annual percent change,2.954206850385521
2002-Apr,2002,Apr,2003,GRC,Greece,NGDP_RPCH,"Gross domestic product, constant prices",Annual percent change,2.8816223791356954
2002-Apr,2002,Apr,2003,IRL,Ireland,NGDP_RPCH,"Gross domestic product, constant prices",Annual percent change,6.236659883776596
2002-Apr,2002,Apr,2003,ITA,Italy,NGDP_RPCH,"Gross domestic product, constant prices",Annual percent change,2.8799999999999937
2002-Apr,2002,Apr,2003,LUX,Luxembourg,NGDP_RPCH,"Gross domestic product, constant prices",Annual percent change,5.99766015202825
2002-Apr,2002,Apr,2003,NLD,Netherlands,NGDP_RPCH,"Gross domestic product, constant prices",Annual percent change,2.7244362641122954
2002-Apr,2002,Apr,2003,PRT,Portugal,NGDP_RPCH,"Gross domestic product, constant prices",Annual percent change,1.9999999999999574
2002-Oct,2002,Oct,2003,AUT,Austria,NGDP_RPCH,"Gross domestic product, constant prices",Annual percent change,2.2500000000000187
2002-Oct,2002,Oct,2003,BEL,Belgium,NGDP_RPCH,"Gross domestic product, constant prices",Annual percent change,2.2459685745540137
2002-Oct,2002,Oct,2003,DEU,Germany,NGDP_RPCH,"Gross domestic product, constant prices",Annual percent change,2.000531352039703
2002-Oct,2002,Oct,2003,ESP,Spain,NGDP_RPCH,"Gross domestic product, constant prices",Annual percent change,2.6895057600795136
2002-Oct,2002,Oct,2003,FIN,Finland,NGDP_RPCH,"Gross domestic product, constant prices",Annual percent change,2.9677723601984063
2002-Oct,2002,Oct,2003,FRA,France,NGDP_RPCH,"Gross domestic product, constant prices",Annual percent change,2.3392820881329435
2002-Oct,2002,Oct,2003,GRC,Greece,NGDP_RPCH,"Gross domestic product, constant prices",Annual percent change,3.2022947256802547
2002-Oct,2002,Oct,2003,IRL,Ireland,NGDP_RPCH,"Gross domestic product, constant prices",Annual percent change,5.263856764727026
2002-Oct,2002,Oct,2003,ITA,Italy,NGDP_RPCH,"Gross domestic product, constant prices",Annual percent change,2.2509999999998254
2002-Oct,2002,Oct,2003,LUX,Luxembourg,NGDP_RPCH,"Gross domestic product, constant prices",Annual percent change,5.136327439192256
2002-Oct,2002,Oct,2003,NLD,Netherlands,NGDP_RPCH,"Gross domestic product, constant prices",Annual percent change,1.973917099701361
2002-Oct,2002,Oct,2003,PRT,Portugal,NGDP_RPCH,"Gross domestic product, constant prices",Annual percent change,1.500000000000079
2003-Apr,2003,Apr,2004,AUT,Austria,NGDP_RPCH,"Gross domestic product, constant prices",Annual percent change,2.3800000000001598
2003-Apr,2003,Apr,2004,BEL,Belgium,NGDP_RPCH,"Gross domestic product, constant prices",Annual percent change,2.235708904207545
2003-Apr,2003,Apr,2004,DEU,Germany,NGDP_RPCH,"Gross domestic product, constant prices",Annual percent change,1.902002395276936
2003-Apr,2003,Apr,2004,ESP,Spain,NGDP_RPCH,"Gross domestic product, constant prices",Annual percent change,3.0539970666439764
2003-Apr,2003,Apr,2004,FIN,Finland,NGDP_RPCH,"Gross domestic product, constant prices",Annual percent change,2.7824624583189683
2003-Apr,2003,Apr,2004,FRA,France,NGDP_RPCH,"Gross domestic product, constant prices",Annual percent change,2.4434698467810545
2003-Apr,2003,Apr,2004,GRC,Greece,NGDP_RPCH,"Gross domestic product, constant prices",Annual percent change,3.636709450566711
2003-Apr,2003,Apr,2004,IRL,Ireland,NGDP_RPCH,"Gross domestic product, constant prices",Annual percent change,4.514157911437233
2003-Apr,2003,Apr,2004,ITA,Italy,NGDP_RPCH,"Gross domestic product, constant prices",Annual percent change,2.3400000000000087
2003-Apr,2003,Apr,2004,LUX,Luxembourg,NGDP_RPCH,"Gross domestic product, constant prices",Annual percent change,3.95755328364944
2003-Apr,2003,Apr,2004,NLD,Netherlands,NGDP_RPCH,"Gross domestic product, constant prices",Annual percent change,1.8328195346021925
2003-Apr,2003,Apr,2004,PRT,Portugal,NGDP_RPCH,"Gross domestic product, constant prices",Annual percent change,1.8000000000000016
2003-Oct,2003,Oct,2004,AUT,Austria,NGDP_RPCH,"Gross domestic product, constant prices",Annual percent change,1.5496516400941296
2003-Oct,2003,Oct,2004,BEL,Belgium,NGDP_RPCH,"Gross domestic product, constant prices",Annual percent change,1.8970070508956383
2003-Oct,2003,Oct,2004,DEU,Germany,NGDP_RPCH,"Gross domestic product, constant prices",Annual percent change,1.5292205081026244
2003-Oct,2003,Oct,2004,ESP,Spain,NGDP_RPCH,"Gross domestic product, constant prices",Annual percent change,2.764781187556631
2003-Oct,2003,Oct,2004,FIN,Finland,NGDP_RPCH,"Gross domestic product, constant prices",Annual percent change,2.5749292967837345
2003-Oct,2003,Oct,2004,FRA,France,NGDP_RPCH,"Gross domestic product, constant prices",Annual percent change,1.9512114739991482
2003-Oct,2003,Oct,2004,GRC,Greece,NGDP_RPCH,"Gross domestic product, constant prices",Annual percent change,3.852505841112319
2003-Oct,2003,Oct,2004,IRL,Ireland,NGDP_RPCH,"Gross domestic product, constant prices",Annual percent change,3.776314413385129
2003-Oct,2003,Oct,2004,ITA,Italy,NGDP_RPCH,"Gross domestic product, constant prices",Annual percent change,1.6599999999999948
2003-Oct,2003,Oct,2004,LUX,Luxembourg,NGDP_RPCH,"Gross domestic product, constant prices",Annual percent change,3.95755328364944
2003-Oct,2003,Oct,2004,NLD,Netherlands,NGDP_RPCH,"Gross domestic product, constant prices",Annual percent change,1.4218141214930924
2003-Oct,2003,Oct,2004,PRT,Portugal,NGDP_RPCH,"Gross domestic product, constant prices",Annual percent change,1.6000000000000236
2004-Apr,2004,Apr,2005,AUT,Austria,NGDP_RPCH,"Gross domestic product, constant prices",Annual percent change,2.408680434803512
2004-Apr,2004,Apr,2005,BEL,Belgium,NGDP_RPCH,"Gross domestic product, constant prices",Annual percent change,2.434747958078032
2004-Apr,2004,Apr,2005,DEU,Germany,NGDP_RPCH,"Gross domestic product, constant prices",Annual percent change,1.9117271696835303
2004-Apr,2004,Apr,2005,ESP,Spain,NGDP_RPCH,"Gross domestic product, constant prices",Annual percent change,3.3375006634943416
2004-Apr,2004,Apr,2005,FIN,Finland,NGDP_RPCH,"Gross domestic product, constant prices",Annual percent change,2.5205893671413904
2004-Apr,2004,Apr,2005,FRA,France,NGDP_RPCH,"Gross domestic product, constant prices",Annual percent change,2.449893288552163
2004-Apr,2004,Apr,2005,GRC,Greece,NGDP_RPCH,"Gross domestic product, constant prices",Annual percent change,3.0000000000000027
2004-Apr,2004,Apr,2005,IRL,Ireland,NGDP_RPCH,"Gross domestic product, constant prices",Annual percent change,4.698782460481232
2004-Apr,2004,Apr,2005,ITA,Italy,NGDP_RPCH,"Gross domestic product, constant prices",Annual percent change,2.0000000000000018
2004-Apr,2004,Apr,2005,LUX,Luxembourg,NGDP_RPCH,"Gross domestic product, constant prices",Annual percent change,3.3132877706724573
2004-Apr,2004,Apr,2005,NLD,Netherlands,NGDP_RPCH,"Gross domestic product, constant prices",Annual percent change,1.9776186498781323
2004-Apr,2004,Apr,2005,PRT,Portugal,NGDP_RPCH,"Gross domestic product, constant prices",Annual percent change,2.690958924406961
2004-Oct,2004,Oct,2005,AUT,Austria,NGDP_RPCH,"Gross domestic product, constant prices",Annual percent change,2.404275819394286
2004-Oct,2004,Oct,2005,BEL,Belgium,NGDP_RPCH,"Gross domestic product, constant prices",Annual percent change,2.2559797145023763
2004-Oct,2004,Oct,2005,DEU,Germany,NGDP_RPCH,"Gross domestic product, constant prices",Annual percent change,1.7906650072194052
2004-Oct,2004,Oct,2005,ESP,Spain,NGDP_RPCH,"Gross domestic product, constant prices",Annual percent change,2.9117915708271935
2004-Oct,2004,Oct,2005,FIN,Finland,NGDP_RPCH,"Gross domestic product, constant prices",Annual percent change,2.623470324115007
2004-Oct,2004,Oct,2005,FRA,France,NGDP_RPCH,"Gross domestic product, constant prices",Annual percent change,2.3456520361579303
2004-Oct,2004,Oct,2005,GRC,Greece,NGDP_RPCH,"Gross domestic product, constant prices",Annual percent change,3.0200000000000005
2004-Oct,2004,Oct,2005,IRL,Ireland,NGDP_RPCH,"Gross domestic product, constant prices",Annual percent change,5.041038940868314
2004-Oct,2004,Oct,2005,ITA,Italy,NGDP_RPCH,"Gross domestic product, constant prices",Annual percent change,1.8999999999999906
2004-Oct,2004,Oct,2005,LUX,Luxembourg,NGDP_RPCH,"Gross domestic product, constant prices",Annual percent change,3.3791874736229133
2004-Oct,2004,Oct,2005,NLD,Netherlands,NGDP_RPCH,"Gross domestic product, constant prices",Annual percent change,1.7802287495613855
2004-Oct,2004,Oct,2005,PRT,Portugal,NGDP_RPCH,"Gross domestic product, constant prices",Annual percent change,2.200000000000002
2005-Apr,2005,Apr,2006,AUT,Austria,NGDP_RPCH,"Gross domestic product, constant prices",Annual percent change,2.3453954913394526
2005-Apr,2005,Apr,2006,BEL,Belgium,NGDP_RPCH,"Gross domestic product, constant prices",Annual percent change,2.3130398475990965
2005-Apr,2005,Apr,2006,DEU,Germany,NGDP_RPCH,"Gross domestic product, constant prices",Annual percent change,1.948185429543492
2005-Apr,2005,Apr,2006,ESP,Spain,NGDP_RPCH,"Gross domestic product, constant prices",Annual percent change,2.955677674515389
2005-Apr,2005,Apr,2006,FIN,Finland,NGDP_RPCH,"Gross domestic product, constant prices",Annual percent change,2.9884448333270752
2005-Apr,2005,Apr,2006,FRA,France,NGDP_RPCH,"Gross domestic product, constant prices",Annual percent change,2.1892054215032264
2005-Apr,2005,Apr,2006,GRC,Greece,NGDP_RPCH,"Gross domestic product, constant prices",Annual percent change,2.950000000000008
2005-Apr,2005,Apr,2006,IRL,Ireland,NGDP_RPCH,"Gross domestic product, constant prices",Annual percent change,4.618997176848527
2005-Apr,2005,Apr,2006,ITA,Italy,NGDP_RPCH,"Gross domestic product, constant prices",Annual percent change,2.049000000000345
2005-Apr,2005,Apr,2006,LUX,Luxembourg,NGDP_RPCH,"Gross domestic product, constant prices",Annual percent change,3.422951648364503
2005-Apr,2005,Apr,2006,NLD,Netherlands,NGDP_RPCH,"Gross domestic product, constant prices",Annual percent change,2.2464574530964843
2005-Apr,2005,Apr,2006,PRT,Portugal,NGDP_RPCH,"Gross domestic product, constant prices",Annual percent change,2.2999999999997467
2005-Oct,2005,Oct,2006,AUT,Austria,NGDP_RPCH,"Gross domestic product, constant prices",Annual percent change,2.1728244513864237
2005-Oct,2005,Oct,2006,BEL,Belgium,NGDP_RPCH,"Gross domestic product, constant prices",Annual percent change,1.9846684793135783
2005-Oct,2005,Oct,2006,DEU,Germany,NGDP_RPCH,"Gross domestic product, constant prices",Annual percent change,1.2388094513628989
2005-Oct,2005,Oct,2006,ESP,Spain,NGDP_RPCH,"Gross domestic product, constant prices",Annual percent change,3.023490228371095
2005-Oct,2005,Oct,2006,FIN,Finland,NGDP_RPCH,"Gross domestic product, constant prices",Annual percent change,3.2183307993348453
2005-Oct,2005,Oct,2006,FRA,France,NGDP_RPCH,"Gross domestic product, constant prices",Annual percent change,1.7544750664059139
2005-Oct,2005,Oct,2006,GRC,Greece,NGDP_RPCH,"Gross domestic product, constant prices",Annual percent change,2.9200000000000115
2005-Oct,2005,Oct,2006,IRL,Ireland,NGDP_RPCH,"Gross domestic product, constant prices",Annual percent change,4.86226408212953
2005-Oct,2005,Oct,2006,ITA,Italy,NGDP_RPCH,"Gross domestic product, constant prices",Annual percent change,1.4365169717304838
2005-Oct,2005,Oct,2006,LUX,Luxembourg,NGDP_RPCH,"Gross domestic product, constant prices",Annual percent change,3.1626454456532116
2005-Oct,2005,Oct,2006,NLD,Netherlands,NGDP_RPCH,"Gross domestic product, constant prices",Annual percent change,2.005275802253026
2005-Oct,2005,Oct,2006,PRT,Portugal,NGDP_RPCH,"Gross domestic product, constant prices",Annual percent change,1.200000000000001
2006-Apr,2006,Apr,2007,AUT,Austria,NGDP_RPCH,"Gross domestic product, constant prices",Annual percent change,2.0841559594534154
2006-Apr,2006,Apr,2007,BEL,Belgium,NGDP_RPCH,"Gross domestic product, constant prices",Annual percent change,2.382599394367979
2006-Apr,2006,Apr,2007,DEU,Germany,NGDP_RPCH,"Gross domestic product, constant prices",Annual percent change,1.0042867811272949
2006-Apr,2006,Apr,2007,ESP,Spain,NGDP_RPCH,"Gross domestic product, constant prices",Annual percent change,3.187187664260782
2006-Apr,2006,Apr,2007,FIN,Finland,NGDP_RPCH,"Gross domestic product, constant prices",Annual percent change,2.691611066067612
2006-Apr,2006,Apr,2007,FRA,France,NGDP_RPCH,"Gross domestic product, constant prices",Annual percent change,2.1298382282656902
2006-Apr,2006,Apr,2007,GRC,Greece,NGDP_RPCH,"Gross domestic product, constant prices",Annual percent change,3.2179628828034934
2006-Apr,2006,Apr,2007,IRL,Ireland,NGDP_RPCH,"Gross domestic product, constant prices",Annual percent change,5.182676776866324
2006-Apr,2006,Apr,2007,ITA,Italy,NGDP_RPCH,"Gross domestic product, constant prices",Annual percent change,1.4000000000000012
2006-Apr,2006,Apr,2007,LUX,Luxembourg,NGDP_RPCH,"Gross domestic product, constant prices",Annual percent change,3.8043282810751977
2006-Apr,2006,Apr,2007,NLD,Netherlands,NGDP_RPCH,"Gross domestic product, constant prices",Annual percent change,2.4373440689740233
2006-Apr,2006,Apr,2007,PRT,Portugal,NGDP_RPCH,"Gross domestic product, constant prices",Annual percent change,1.5000000000000124
2006-Oct,2006,Oct,2007,AUT,Austria,NGDP_RPCH,"Gross domestic product, constant prices",Annual percent change,2.2570407105204637
2006-Oct,2006,Oct,2007,BEL,Belgium,NGDP_RPCH,"Gross domestic product, constant prices",Annual percent change,2.0837174098176314
2006-Oct,2006,Oct,2007,DEU,Germany,NGDP_RPCH,"Gross domestic product, constant prices",Annual percent change,1.2991693794956127
2006-Oct,2006,Oct,2007,ESP,Spain,NGDP_RPCH,"Gross domestic product, constant prices",Annual percent change,2.95399055671024
2006-Oct,2006,Oct,2007,FIN,Finland,NGDP_RPCH,"Gross domestic product, constant prices",Annual percent change,2.4798416252785893
2006-Oct,2006,Oct,2007,FRA,France,NGDP_RPCH,"Gross domestic product, constant prices",Annual percent change,2.298752275557736
2006-Oct,2006,Oct,2007,GRC,Greece,NGDP_RPCH,"Gross domestic product, constant prices",Annual percent change,3.453570412391338
2006-Oct,2006,Oct,2007,IRL,Ireland,NGDP_RPCH,"Gross domestic product, constant prices",Annual percent change,5.644000000000116
2006-Oct,2006,Oct,2007,ITA,Italy,NGDP_RPCH,"Gross domestic product, constant prices",Annual percent change,1.3400000000003187
2006-Oct,2006,Oct,2007,LUX,Luxembourg,NGDP_RPCH,"Gross domestic product, constant prices",Annual percent change,3.822232362175315
2006-Oct,2006,Oct,2007,NLD,Netherlands,NGDP_RPCH,"Gross domestic product, constant prices",Annual percent change,2.9320347955144044
2006-Oct,2006,Oct,2007,PRT,Portugal,NGDP_RPCH,"Gross domestic product, constant prices",Annual percent change,1.5000000000000124
2007-Apr,2007,Apr,2008,AUT,Austria,NGDP_RPCH,"Gross domestic product, constant prices",Annual percent change,2.421641427052057
2007-Apr,2007,Apr,2008,BEL,Belgium,NGDP_RPCH,"Gross domestic product, constant prices",Annual percent change,2.0150500624999124
2007-Apr,2007,Apr,2008,DEU,Germany,NGDP_RPCH,"Gross domestic product, constant prices",Annual percent change,1.8808982431743226
2007-Apr,2007,Apr,2008,ESP,Spain,NGDP_RPCH,"Gross domestic product, constant prices",Annual percent change,3.382753978523745
2007-Apr,2007,Apr,2008,FIN,Finland,NGDP_RPCH,"Gross domestic product, constant prices",Annual percent change,2.669682183621447
2007-Apr,2007,Apr,2008,FRA,France,NGDP_RPCH,"Gross domestic product, constant prices",Annual percent change,2.407392150082477
2007-Apr,2007,Apr,2008,GRC,Greece,NGDP_RPCH,"Gross domestic product, constant prices",Annual percent change,3.500000000000303
2007-Apr,2007,Apr,2008,IRL,Ireland,NGDP_RPCH,"Gross domestic product, constant prices",Annual percent change,3.7381859756101754
2007-Apr,2007,Apr,2008,ITA,Italy,NGDP_RPCH,"Gross domestic product, constant prices",Annual percent change,1.7400000000000082
2007-Apr,2007,Apr,2008,LUX,Luxembourg,NGDP_RPCH,"Gross domestic product, constant prices",Annual percent change,4.101122899494247
2007-Apr,2007,Apr,2008,NLD,Netherlands,NGDP_RPCH,"Gross domestic product, constant prices",Annual percent change,2.6727413033246883
2007-Apr,2007,Apr,2008,PRT,Portugal,NGDP_RPCH,"Gross domestic product, constant prices",Annual percent change,2.100000000000013
2007-Oct,2007,Oct,2008,AUT,Austria,NGDP_RPCH,"Gross domestic product, constant prices",Annual percent change,2.485614359375532
2007-Oct,2007,Oct,2008,BEL,Belgium,NGDP_RPCH,"Gross domestic product, constant prices",Annual percent change,1.9441156593206665
2007-Oct,2007,Oct,2008,DEU,Germany,NGDP_RPCH,"Gross domestic product, constant prices",Annual percent change,1.9724431666133357
2007-Oct,2007,Oct,2008,ESP,Spain,NGDP_RPCH,"Gross domestic product, constant prices",Annual percent change,2.7452664316249153
2007-Oct,2007,Oct,2008,FIN,Finland,NGDP_RPCH,"Gross domestic product, constant prices",Annual percent change,3.0179016645095036
2007-Oct,2007,Oct,2008,FRA,France,NGDP_RPCH,"Gross domestic product, constant prices",Annual percent change,1.9974612052462426
2007-Oct,2007,Oct,2008,GRC,Greece,NGDP_RPCH,"Gross domestic product, constant prices",Annual percent change,3.5999999999999366
2007-Oct,2007,Oct,2008,IRL,Ireland,NGDP_RPCH,"Gross domestic product, constant prices",Annual percent change,2.966301912011171
2007-Oct,2007,Oct,2008,ITA,Italy,NGDP_RPCH,"Gross domestic product, constant prices",Annual percent change,1.339999999999697
2007-Oct,2007,Oct,2008,LUX,Luxembourg,NGDP_RPCH,"Gross domestic product, constant prices",Annual percent change,4.20340233702845
2007-Oct,2007,Oct,2008,NLD,Netherlands,NGDP_RPCH,"Gross domestic product, constant prices",Annual percent change,2.542660244301276
2007-Oct,2007,Oct,2008,PRT,Portugal,NGDP_RPCH,"Gross domestic product, constant prices",Annual percent change,1.749999999999985
2008-Apr,2008,Apr,2009,AUT,Austria,NGDP_RPCH,"Gross domestic product, constant prices",Annual percent change,1.6700746373479403
2008-Apr,2008,Apr,2009,BEL,Belgium,NGDP_RPCH,"Gross domestic product, constant prices",Annual percent change,1.1760696901987
2008-Apr,2008,Apr,2009,DEU,Germany,NGDP_RPCH,"Gross domestic product, constant prices",Annual percent change,1.036772457289703
2008-Apr,2008,Apr,2009,ESP,Spain,NGDP_RPCH,"Gross domestic product, constant prices",Annual percent change,1.6596074101830727
2008-Apr,2008,Apr,2009,FIN,Finland,NGDP_RPCH,"Gross domestic product, constant prices",Annual percent change,2.1094975738653376
2008-Apr,2008,Apr,2009,FRA,France,NGDP_RPCH,"Gross domestic product, constant prices",Annual percent change,1.2422832406773443
2008-Apr,2008,Apr,2009,GRC,Greece,NGDP_RPCH,"Gross domestic product, constant prices",Annual percent change,3.3322977706633283
2008-Apr,2008,Apr,2009,IRL,Ireland,NGDP_RPCH,"Gross domestic product, constant prices",Annual percent change,2.9999999999998472
2008-Apr,2008,Apr,2009,ITA,Italy,NGDP_RPCH,"Gross domestic product, constant prices",Annual percent change,0.2510000000004009
2008-Apr,2008,Apr,2009,LUX,Luxembourg,NGDP_RPCH,"Gross domestic product, constant prices",Annual percent change,3.1837366623450603
2008-Apr,2008,Apr,2009,NLD,Netherlands,NGDP_RPCH,"Gross domestic product, constant prices",Annual percent change,1.5523571223210908
2008-Apr,2008,Apr,2009,PRT,Portugal,NGDP_RPCH,"Gross domestic product, constant prices",Annual percent change,1.4000000000000012
2008-Oct,2008,Oct,2009,AUT,Austria,NGDP_RPCH,"Gross domestic product, constant prices",Annual percent change,0.7596235572215004
2008-Oct,2008,Oct,2009,BEL,Belgium,NGDP_RPCH,"Gross domestic product, constant prices",Annual percent change,0.17376377569977564
2008-Oct,2008,Oct,2009,DEU,Germany,NGDP_RPCH,"Gross domestic product, constant prices",Annual percent change,-0.0021917482846300906
2008-Oct,2008,Oct,2009,ESP,Spain,NGDP_RPCH,"Gross domestic product, constant prices",Annual percent change,-0.2488155025533012
2008-Oct,2008,Oct,2009,FIN,Finland,NGDP_RPCH,"Gross domestic product, constant prices",Annual percent change,1.623393002885276
2008-Oct,2008,Oct,2009,FRA,France,NGDP_RPCH,"Gross domestic product, constant prices",Annual percent change,0.15204840426845667
2008-Oct,2008,Oct,2009,GRC,Greece,NGDP_RPCH,"Gross domestic product, constant prices",Annual percent change,2.000000000000446
2008-Oct,2008,Oct,2009,IRL,Ireland,NGDP_RPCH,"Gross domestic product, constant prices",Annual percent change,-0.5787648984872829
2008-Oct,2008,Oct,2009,ITA,Italy,NGDP_RPCH,"Gross domestic product, constant prices",Annual percent change,-0.24000000000000687
2008-Oct,2008,Oct,2009,LUX,Luxembourg,NGDP_RPCH,"Gross domestic product, constant prices",Annual percent change,1.7797740476985124
2008-Oct,2008,Oct,2009,NLD,Netherlands,NGDP_RPCH,"Gross domestic product, constant prices",Annual percent change,1.0471611730933805
2008-Oct,2008,Oct,2009,PRT,Portugal,NGDP_RPCH,"Gross domestic product, constant prices",Annual percent change,0.09999999999998899
2009-Apr,2009,Apr,2010,AUT,Austria,NGDP_RPCH,"Gross domestic product, constant prices",Annual percent change,0.1814646623101268
2009-Apr,2009,Apr,2010,BEL,Belgium,NGDP_RPCH,"Gross domestic product, constant prices",Annual percent change,0.2863002526856562
2009-Apr,2009,Apr,2010,DEU,Germany,NGDP_RPCH,"Gross domestic product, constant prices",Annual percent change,-0.9997693201814206
2009-Apr,2009,Apr,2010,ESP,Spain,NGDP_RPCH,"Gross domestic product, constant prices",Annual percent change,-0.7142737179564596
2009-Apr,2009,Apr,2010,FIN,Finland,NGDP_RPCH,"Gross domestic product, constant prices",Annual percent change,-1.2383374194600894
2009-Apr,2009,Apr,2010,FRA,France,NGDP_RPCH,"Gross domestic product, constant prices",Annual percent change,0.4119712207234505
2009-Apr,2009,Apr,2010,GRC,Greece,NGDP_RPCH,"Gross domestic product, constant prices",Annual percent change,-0.6000000000001227
2009-Apr,2009,Apr,2010,IRL,Ireland,NGDP_RPCH,"Gross domestic product, constant prices",Annual percent change,-2.9999999999999916
2009-Apr,2009,Apr,2010,ITA,Italy,NGDP_RPCH,"Gross domestic product, constant prices",Annual percent change,-0.3888165692771173
2009-Apr,2009,Apr,2010,LUX,Luxembourg,NGDP_RPCH,"Gross domestic product, constant prices",Annual percent change,-0.19999999999983364
2009-Apr,2009,Apr,2010,NLD,Netherlands,NGDP_RPCH,"Gross domestic product, constant prices",Annual percent change,-0.6599935460521733
2009-Apr,2009,Apr,2010,PRT,Portugal,NGDP_RPCH,"Gross domestic product, constant prices",Annual percent change,-0.5000000000000004
2009-Oct,2009,Oct,2010,AUT,Austria,NGDP_RPCH,"Gross domestic product, constant prices",Annual percent change,0.3034605991579786
2009-Oct,2009,Oct,2010,BEL,Belgium,NGDP_RPCH,"Gross domestic product, constant prices",Annual percent change,0.04108449995290364
2009-Oct,2009,Oct,2010,DEU,Germany,NGDP_RPCH,"Gross domestic product, constant prices",Annual percent change,0.3358336461316558
2009-Oct,2009,Oct,2010,ESP,Spain,NGDP_RPCH,"Gross domestic product, constant prices",Annual percent change,-0.7432045660827225
2009-Oct,2009,Oct,2010,FIN,Finland,NGDP_RPCH,"Gross domestic product, constant prices",Annual percent change,0.9360324073694137
2009-Oct,2009,Oct,2010,FRA,France,NGDP_RPCH,"Gross domestic product, constant prices",Annual percent change,0.9026587665583952
2009-Oct,2009,Oct,2010,GRC,Greece,NGDP_RPCH,"Gross domestic product, constant prices",Annual percent change,-0.06352073319395579
2009-Oct,2009,Oct,2010,IRL,Ireland,NGDP_RPCH,"Gross domestic product, constant prices",Annual percent change,-2.499999999999991
2009-Oct,2009,Oct,2010,ITA,Italy,NGDP_RPCH,"Gross domestic product, constant prices",Annual percent change,0.24043137939078196
2009-Oct,2009,Oct,2010,LUX,Luxembourg,NGDP_RPCH,"Gross domestic product, constant prices",Annual percent change,-0.19999999999983364
2009-Oct,2009,Oct,2010,NLD,Netherlands,NGDP_RPCH,"Gross domestic product, constant prices",Annual percent change,0.6694055924910902
2009-Oct,2009,Oct,2010,PRT,Portugal,NGDP_RPCH,"Gross domestic product, constant prices",Annual percent change,0.40000000000000036
2010-Apr,2010,Apr,2011,AUT,Austria,NGDP_RPCH,"Gross domestic product, constant prices",Annual percent change,1.7077577604523997
2010-Apr,2010,Apr,2011,BEL,Belgium,NGDP_RPCH,"Gross domestic product, constant prices",Annual percent change,1.3358420773752044
2010-Apr,2010,Apr,2011,DEU,Germany,NGDP_RPCH,"Gross domestic product, constant prices",Annual percent change,1.7475021290510373
2010-Apr,2010,Apr,2011,ESP,Spain,NGDP_RPCH,"Gross domestic product, constant prices",Annual percent change,0.9017091912006503
2010-Apr,2010,Apr,2011,FIN,Finland,NGDP_RPCH,"Gross domestic product, constant prices",Annual percent change,2.200157455278462
2010-Apr,2010,Apr,2011,FRA,France,NGDP_RPCH,"Gross domestic product, constant prices",Annual percent change,1.7532043778534678
2010-Apr,2010,Apr,2011,GRC,Greece,NGDP_RPCH,"Gross domestic product, constant prices",Annual percent change,-1.050000000000162
2010-Apr,2010,Apr,2011,IRL,Ireland,NGDP_RPCH,"Gross domestic product, constant prices",Annual percent change,1.9362313565661982
2010-Apr,2010,Apr,2011,ITA,Italy,NGDP_RPCH,"Gross domestic product, constant prices",Annual percent change,1.158750459874236
2010-Apr,2010,Apr,2011,LUX,Luxembourg,NGDP_RPCH,"Gross domestic product, constant prices",Annual percent change,2.388915252879409
2010-Apr,2010,Apr,2011,NLD,Netherlands,NGDP_RPCH,"Gross domestic product, constant prices",Annual percent change,1.348207218298958
2010-Apr,2010,Apr,2011,PRT,Portugal,NGDP_RPCH,"Gross domestic product, constant prices",Annual percent change,0.6525658964499526
2010-Oct,2010,Oct,2011,AUT,Austria,NGDP_RPCH,"Gross domestic product, constant prices",Annual percent change,1.6392848994248643
2010-Oct,2010,Oct,2011,BEL,Belgium,NGDP_RPCH,"Gross domestic product, constant prices",Annual percent change,1.7126850071474298
2010-Oct,2010,Oct,2011,DEU,Germany,NGDP_RPCH,"Gross domestic product, constant prices",Annual percent change,2.021566732021496
2010-Oct,2010,Oct,2011,ESP,Spain,NGDP_RPCH,"Gross domestic product, constant prices",Annual percent change,0.7331406725135103
2010-Oct,2010,Oct,2011,FIN,Finland,NGDP_RPCH,"Gross domestic product, constant prices",Annual percent change,1.9631993634301903
2010-Oct,2010,Oct,2011,FRA,France,NGDP_RPCH,"Gross domestic product, constant prices",Annual percent change,1.6475628779487606
2010-Oct,2010,Oct,2011,GRC,Greece,NGDP_RPCH,"Gross domestic product, constant prices",Annual percent change,-2.63255346774951
2010-Oct,2010,Oct,2011,IRL,Ireland,NGDP_RPCH,"Gross domestic product, constant prices",Annual percent change,2.277233207039564
2010-Oct,2010,Oct,2011,ITA,Italy,NGDP_RPCH,"Gross domestic product, constant prices",Annual percent change,1.0008252237668547
2010-Oct,2010,Oct,2011,LUX,Luxembourg,NGDP_RPCH,"Gross domestic product, constant prices",Annual percent change,3.1319428200621724
2010-Oct,2010,Oct,2011,NLD,Netherlands,NGDP_RPCH,"Gross domestic product, constant prices",Annual percent change,1.6753253671910162
2010-Oct,2010,Oct,2011,PRT,Portugal,NGDP_RPCH,"Gross domestic product, constant prices",Annual percent change,-0.04980326409610436
2011-Apr,2011,Apr,2012,AUT,Austria,NGDP_RPCH,"Gross domestic product, constant prices",Annual percent change,2.2599999999999953
2011-Apr,2011,Apr,2012,BEL,Belgium,NGDP_RPCH,"Gross domestic product, constant prices",Annual percent change,1.9485626151923174
2011-Apr,2011,Apr,2012,DEU,Germany,NGDP_RPCH,"Gross domestic product, constant prices",Annual percent change,2.091617491874498
2011-Apr,2011,Apr,2012,ESP,Spain,NGDP_RPCH,"Gross domestic product, constant prices",Annual percent change,1.6132652278811
2011-Apr,2011,Apr,2012,FIN,Finland,NGDP_RPCH,"Gross domestic product, constant prices",Annual percent change,2.475781284690415
2011-Apr,2011,Apr,2012,FRA,France,NGDP_RPCH,"Gross domestic product, constant prices",Annual percent change,1.7842527938357389
2011-Apr,2011,Apr,2012,GRC,Greece,NGDP_RPCH,"Gross domestic product, constant prices",Annual percent change,1.078826792135068
2011-Apr,2011,Apr,2012,IRL,Ireland,NGDP_RPCH,"Gross domestic product, constant prices",Annual percent change,1.9084605997080173
2011-Apr,2011,Apr,2012,ITA,Italy,NGDP_RPCH,"Gross domestic product, constant prices",Annual percent change,1.3042035060060408
2011-Apr,2011,Apr,2012,LUX,Luxembourg,NGDP_RPCH,"Gross domestic product, constant prices",Annual percent change,3.131604874407201
2011-Apr,2011,Apr,2012,NLD,Netherlands,NGDP_RPCH,"Gross domestic product, constant prices",Annual percent change,1.5002595802374286
2011-Apr,2011,Apr,2012,PRT,Portugal,NGDP_RPCH,"Gross domestic product, constant prices",Annual percent change,-0.4758869665005938
2011-Oct,2011,Oct,2012,AUT,Austria,NGDP_RPCH,"Gross domestic product, constant prices",Annual percent change,1.639999999999664
2011-Oct,2011,Oct,2012,BEL,Belgium,NGDP_RPCH,"Gross domestic product, constant prices",Annual percent change,1.5439494063030468
2011-Oct,2011,Oct,2012,DEU,Germany,NGDP_RPCH,"Gross domestic product, constant prices",Annual percent change,1.273122847580277
2011-Oct,2011,Oct,2012,ESP,Spain,NGDP_RPCH,"Gross domestic product, constant prices",Annual percent change,1.1229530218886286
2011-Oct,2011,Oct,2012,FIN,Finland,NGDP_RPCH,"Gross domestic product, constant prices",Annual percent change,2.2447064838264197
2011-Oct,2011,Oct,2012,FRA,France,NGDP_RPCH,"Gross domestic product, constant prices",Annual percent change,1.3989933381786779
2011-Oct,2011,Oct,2012,GRC,Greece,NGDP_RPCH,"Gross domestic product, constant prices",Annual percent change,-2.0000000000000018
2011-Oct,2011,Oct,2012,IRL,Ireland,NGDP_RPCH,"Gross domestic product, constant prices",Annual percent change,1.48357371058232
2011-Oct,2011,Oct,2012,ITA,Italy,NGDP_RPCH,"Gross domestic product, constant prices",Annual percent change,0.3229328092705819
2011-Oct,2011,Oct,2012,LUX,Luxembourg,NGDP_RPCH,"Gross domestic product, constant prices",Annual percent change,2.740967905841618
2011-Oct,2011,Oct,2012,NLD,Netherlands,NGDP_RPCH,"Gross domestic product, constant prices",Annual percent change,1.3451967787787789
2011-Oct,2011,Oct,2012,PRT,Portugal,NGDP_RPCH,"Gross domestic product, constant prices",Annual percent change,-1.8440000000001677
2012-Apr,2012,Apr,2013,AUT,Austria,NGDP_RPCH,"Gross domestic product, constant prices",Annual percent change,1.8282517988141622
2012-Apr,2012,Apr,2013,BEL,Belgium,NGDP_RPCH,"Gross domestic product, constant prices",Annual percent change,0.8268172050642786
2012-Apr,2012,Apr,2013,DEU,Germany,NGDP_RPCH,"Gross domestic product, constant prices",Annual percent change,1.4728130751795243
2012-Apr,2012,Apr,2013,ESP,Spain,NGDP_RPCH,"Gross domestic product, constant prices",Annual percent change,0.12468277850115062
2012-Apr,2012,Apr,2013,FIN,Finland,NGDP_RPCH,"Gross domestic product, constant prices",Annual percent change,1.8360555783052845
2012-Apr,2012,Apr,2013,FRA,France,NGDP_RPCH,"Gross domestic product, constant prices",Annual percent change,1.0079177122316985
2012-Apr,2012,Apr,2013,GRC,Greece,NGDP_RPCH,"Gross domestic product, constant prices",Annual percent change,0.04571503812964561
2012-Apr,2012,Apr,2013,IRL,Ireland,NGDP_RPCH,"Gross domestic product, constant prices",Annual percent change,2.025477603699133
2012-Apr,2012,Apr,2013,ITA,Italy,NGDP_RPCH,"Gross domestic product, constant prices",Annual percent change,-0.2885520897893845
2012-Apr,2012,Apr,2013,LUX,Luxembourg,NGDP_RPCH,"Gross domestic product, constant prices",Annual percent change,1.914337774748942
2012-Apr,2012,Apr,2013,NLD,Netherlands,NGDP_RPCH,"Gross domestic product, constant prices",Annual percent change,0.8235797121098676
2012-Apr,2012,Apr,2013,PRT,Portugal,NGDP_RPCH,"Gross domestic product, constant prices",Annual percent change,0.34922727025636924
2012-Oct,2012,Oct,2013,AUT,Austria,NGDP_RPCH,"Gross domestic product, constant prices",Annual percent change,1.0578599323190607
2012-Oct,2012,Oct,2013,BEL,Belgium,NGDP_RPCH,"Gross domestic product, constant prices",Annual percent change,0.3395229099165453
2012-Oct,2012,Oct,2013,DEU,Germany,NGDP_RPCH,"Gross domestic product, constant prices",Annual percent change,0.8521789817282244
2012-Oct,2012,Oct,2013,ESP,Spain,NGDP_RPCH,"Gross domestic product, constant prices",Annual percent change,-1.3155669850499763
2012-Oct,2012,Oct,2013,FIN,Finland,NGDP_RPCH,"Gross domestic product, constant prices",Annual percent change,1.341426350662167
2012-Oct,2012,Oct,2013,FRA,France,NGDP_RPCH,"Gross domestic product, constant prices",Annual percent change,0.3660915127542408
2012-Oct,2012,Oct,2013,GRC,Greece,NGDP_RPCH,"Gross domestic product, constant prices",Annual percent change,-3.999999999999837
2012-Oct,2012,Oct,2013,IRL,Ireland,NGDP_RPCH,"Gross domestic product, constant prices",Annual percent change,1.39359971347095
2012-Oct,2012,Oct,2013,ITA,Italy,NGDP_RPCH,"Gross domestic product, constant prices",Annual percent change,-0.7304128320843484
2012-Oct,2012,Oct,2013,LUX,Luxembourg,NGDP_RPCH,"Gross domestic product, constant prices",Annual percent change,0.7185316572458911
2012-Oct,2012,Oct,2013,NLD,Netherlands,NGDP_RPCH,"Gross domestic product, constant prices",Annual percent change,0.3939985246259381
2012-Oct,2012,Oct,2013,PRT,Portugal,NGDP_RPCH,"Gross domestic product, constant prices",Annual percent change,-1.0149615878472629
2013-Apr,2013,Apr,2014,AUT,Austria,NGDP_RPCH,"Gross domestic product, constant prices",Annual percent change,1.6460686218364051
2013-Apr,2013,Apr,2014,BEL,Belgium,NGDP_RPCH,"Gross domestic product, constant prices",Annual percent change,1.2342850138638672
2013-Apr,2013,Apr,2014,DEU,Germany,NGDP_RPCH,"Gross domestic product, constant prices",Annual percent change,1.4545717473953168
2013-Apr,2013,Apr,2014,ESP,Spain,NGDP_RPCH,"Gross domestic product, constant prices",Annual percent change,0.7384113199268239
2013-Apr,2013,Apr,2014,FIN,Finland,NGDP_RPCH,"Gross domestic product, constant prices",Annual percent change,1.1595623132002908
2013-Apr,2013,Apr,2014,FRA,France,NGDP_RPCH,"Gross domestic product, constant prices",Annual percent change,0.882032315678738
2013-Apr,2013,Apr,2014,GRC,Greece,NGDP_RPCH,"Gross domestic product, constant prices",Annual percent change,0.5964387812714467
2013-Apr,2013,Apr,2014,IRL,Ireland,NGDP_RPCH,"Gross domestic product, constant prices",Annual percent change,2.22340342701266
2013-Apr,2013,Apr,2014,ITA,Italy,NGDP_RPCH,"Gross domestic product, constant prices",Annual percent change,0.5164227102048891
2013-Apr,2013,Apr,2014,LUX,Luxembourg,NGDP_RPCH,"Gross domestic product, constant prices",Annual percent change,1.331841974417558
2013-Apr,2013,Apr,2014,NLD,Netherlands,NGDP_RPCH,"Gross domestic product, constant prices",Annual percent change,1.0794995612125158
2013-Apr,2013,Apr,2014,PRT,Portugal,NGDP_RPCH,"Gross domestic product, constant prices",Annual percent change,0.6386011022069704
2013-Oct,2013,Oct,2014,AUT,Austria,NGDP_RPCH,"Gross domestic product, constant prices",Annual percent change,1.6382903094164014
2013-Oct,2013,Oct,2014,BEL,Belgium,NGDP_RPCH,"Gross domestic product, constant prices",Annual percent change,1.0437265134077611
2013-Oct,2013,Oct,2014,DEU,Germany,NGDP_RPCH,"Gross domestic product, constant prices",Annual percent change,1.3996574792642047
2013-Oct,2013,Oct,2014,ESP,Spain,NGDP_RPCH,"Gross domestic product, constant prices",Annual percent change,0.1705790334327384
2013-Oct,2013,Oct,2014,FIN,Finland,NGDP_RPCH,"Gross domestic product, constant prices",Annual percent change,1.1454812061372666
2013-Oct,2013,Oct,2014,FRA,France,NGDP_RPCH,"Gross domestic product, constant prices",Annual percent change,0.9809799710002398
2013-Oct,2013,Oct,2014,GRC,Greece,NGDP_RPCH,"Gross domestic product, constant prices",Annual percent change,0.6328971286131857
2013-Oct,2013,Oct,2014,IRL,Ireland,NGDP_RPCH,"Gross domestic product, constant prices",Annual percent change,1.750881541555338
2013-Oct,2013,Oct,2014,ITA,Italy,NGDP_RPCH,"Gross domestic product, constant prices",Annual percent change,0.7119951211215225
2013-Oct,2013,Oct,2014,LUX,Luxembourg,NGDP_RPCH,"Gross domestic product, constant prices",Annual percent change,1.2564989111102376
2013-Oct,2013,Oct,2014,NLD,Netherlands,NGDP_RPCH,"Gross domestic product, constant prices",Annual percent change,0.3105223806565416
2013-Oct,2013,Oct,2014,PRT,Portugal,NGDP_RPCH,"Gross domestic product, constant prices",Annual percent change,0.7685038053609095
2014-Apr,2014,Apr,2015,AUT,Austria,NGDP_RPCH,"Gross domestic product, constant prices",Annual percent change,1.7457491455488583
2014-Apr,2014,Apr,2015,BEL,Belgium,NGDP_RPCH,"Gross domestic product, constant prices",Annual percent change,1.2129995830195028
2014-Apr,2014,Apr,2015,DEU,Germany,NGDP_RPCH,"Gross domestic product, constant prices",Annual percent change,1.5593237370177926
2014-Apr,2014,Apr,2015,ESP,Spain,NGDP_RPCH,"Gross domestic product, constant prices",Annual percent change,0.9621002248123567
2014-Apr,2014,Apr,2015,FIN,Finland,NGDP_RPCH,"Gross domestic product, constant prices",Annual percent change,1.107047605920508
2014-Apr,2014,Apr,2015,FRA,France,NGDP_RPCH,"Gross domestic product, constant prices",Annual percent change,1.530000000000098
2014-Apr,2014,Apr,2015,GRC,Greece,NGDP_RPCH,"Gross domestic product, constant prices",Annual percent change,2.9170354000920717
2014-Apr,2014,Apr,2015,IRL,Ireland,NGDP_RPCH,"Gross domestic product, constant prices",Annual percent change,2.465566265456687
2014-Apr,2014,Apr,2015,ITA,Italy,NGDP_RPCH,"Gross domestic product, constant prices",Annual percent change,1.1486507344037333
2014-Apr,2014,Apr,2015,LUX,Luxembourg,NGDP_RPCH,"Gross domestic product, constant prices",Annual percent change,1.8601653504296545
2014-Apr,2014,Apr,2015,NLD,Netherlands,NGDP_RPCH,"Gross domestic product, constant prices",Annual percent change,1.6195135898407154
2014-Apr,2014,Apr,2015,PRT,Portugal,NGDP_RPCH,"Gross domestic product, constant prices",Annual percent change,1.4505159078691099
2014-Oct,2014,Oct,2015,AUT,Austria,NGDP_RPCH,"Gross domestic product, constant prices",Annual percent change,1.8550951210670963
2014-Oct,2014,Oct,2015,BEL,Belgium,NGDP_RPCH,"Gross domestic product, constant prices",Annual percent change,1.4009556382431176
2014-Oct,2014,Oct,2015,DEU,Germany,NGDP_RPCH,"Gross domestic product, constant prices",Annual percent change,1.451329946020219
2014-Oct,2014,Oct,2015,ESP,Spain,NGDP_RPCH,"Gross domestic product, constant prices",Annual percent change,1.687425632441264
2014-Oct,2014,Oct,2015,FIN,Finland,NGDP_RPCH,"Gross domestic product, constant prices",Annual percent change,0.9228434053236034
2014-Oct,2014,Oct,2015,FRA,France,NGDP_RPCH,"Gross domestic product, constant prices",Annual percent change,0.9540713668936274
2014-Oct,2014,Oct,2015,GRC,Greece,NGDP_RPCH,"Gross domestic product, constant prices",Annual percent change,2.8701588233628783
2014-Oct,2014,Oct,2015,IRL,Ireland,NGDP_RPCH,"Gross domestic product, constant prices",Annual percent change,3.0448664664048275
2014-Oct,2014,Oct,2015,ITA,Italy,NGDP_RPCH,"Gross domestic product, constant prices",Annual percent change,0.849990000000056
2014-Oct,2014,Oct,2015,LUX,Luxembourg,NGDP_RPCH,"Gross domestic product, constant prices",Annual percent change,1.9024949018036752
2014-Oct,2014,Oct,2015,NLD,Netherlands,NGDP_RPCH,"Gross domestic product, constant prices",Annual percent change,1.4261034416911178
2014-Oct,2014,Oct,2015,PRT,Portugal,NGDP_RPCH,"Gross domestic product, constant prices",Annual percent change,1.5452136047112042
2015-Apr,2015,Apr,2016,AUT,Austria,NGDP_RPCH,"Gross domestic product, constant prices",Annual percent change,1.5645304871537924
2015-Apr,2015,Apr,2016,BEL,Belgium,NGDP_RPCH,"Gross domestic product, constant prices",Annual percent change,1.5039409798465853
2015-Apr,2015,Apr,2016,DEU,Germany,NGDP_RPCH,"Gross domestic product, constant prices",Annual percent change,1.665020955248675
2015-Apr,2015,Apr,2016,ESP,Spain,NGDP_RPCH,"Gross domestic product, constant prices",Annual percent change,2.047014232107225
2015-Apr,2015,Apr,2016,FIN,Finland,NGDP_RPCH,"Gross domestic product, constant prices",Annual percent change,1.4213786115586657
2015-Apr,2015,Apr,2016,FRA,France,NGDP_RPCH,"Gross domestic product, constant prices",Annual percent change,1.4864958756404478
2015-Apr,2015,Apr,2016,GRC,Greece,NGDP_RPCH,"Gross domestic product, constant prices",Annual percent change,3.6853999513968727
2015-Apr,2015,Apr,2016,IRL,Ireland,NGDP_RPCH,"Gross domestic product, constant prices",Annual percent change,3.277014063881345
2015-Apr,2015,Apr,2016,ITA,Italy,NGDP_RPCH,"Gross domestic product, constant prices",Annual percent change,1.096114669787207
2015-Apr,2015,Apr,2016,LUX,Luxembourg,NGDP_RPCH,"Gross domestic product, constant prices",Annual percent change,2.310366058015356
2015-Apr,2015,Apr,2016,NLD,Netherlands,NGDP_RPCH,"Gross domestic product, constant prices",Annual percent change,1.5597672145509778
2015-Apr,2015,Apr,2016,PRT,Portugal,NGDP_RPCH,"Gross domestic product, constant prices",Annual percent change,1.5426987567882744
2015-Oct,2015,Oct,2016,AUT,Austria,NGDP_RPCH,"Gross domestic product, constant prices",Annual percent change,1.58758411724631
2015-Oct,2015,Oct,2016,BEL,Belgium,NGDP_RPCH,"Gross domestic product, constant prices",Annual percent change,1.4513368538473514
2015-Oct,2015,Oct,2016,DEU,Germany,NGDP_RPCH,"Gross domestic product, constant prices",Annual percent change,1.573022575683125
2015-Oct,2015,Oct,2016,ESP,Spain,NGDP_RPCH,"Gross domestic product, constant prices",Annual percent change,2.5419725658989867
2015-Oct,2015,Oct,2016,FIN,Finland,NGDP_RPCH,"Gross domestic product, constant prices",Annual percent change,0.8634942376005927
2015-Oct,2015,Oct,2016,FRA,France,NGDP_RPCH,"Gross domestic product, constant prices",Annual percent change,1.459998999999934
2015-Oct,2015,Oct,2016,GRC,Greece,NGDP_RPCH,"Gross domestic product, constant prices",Annual percent change,-1.2967003569350766
2015-Oct,2015,Oct,2016,IRL,Ireland,NGDP_RPCH,"Gross domestic product, constant prices",Annual percent change,3.825976892227523
2015-Oct,2015,Oct,2016,ITA,Italy,NGDP_RPCH,"Gross domestic product, constant prices",Annual percent change,1.2825293047053377
2015-Oct,2015,Oct,2016,LUX,Luxembourg,NGDP_RPCH,"Gross domestic product, constant prices",Annual percent change,3.3736642614976775
2015-Oct,2015,Oct,2016,NLD,Netherlands,NGDP_RPCH,"Gross domestic product, constant prices",Annual percent change,1.8650373873529746
2015-Oct,2015,Oct,2016,PRT,Portugal,NGDP_RPCH,"Gross domestic product, constant prices",Annual percent change,1.5440000000001453
2016-Apr,2016,Apr,2017,AUT,Austria,NGDP_RPCH,"Gross domestic product, constant prices",Annual percent change,1.3780587457497884
2016-Apr,2016,Apr,2017,BEL,Belgium,NGDP_RPCH,"Gross domestic product, constant prices",Annual percent change,1.3878816452111975
2016-Apr,2016,Apr,2017,DEU,Germany,NGDP_RPCH,"Gross domestic product, constant prices",Annual percent change,1.6233252697073652
2016-Apr,2016,Apr,2017,ESP,Spain,NGDP_RPCH,"Gross domestic product, constant prices",Annual percent change,2.258443114238906
2016-Apr,2016,Apr,2017,FIN,Finland,NGDP_RPCH,"Gross domestic product, constant prices",Annual percent change,1.0679999010536179
2016-Apr,2016,Apr,2017,FRA,France,NGDP_RPCH,"Gross domestic product, constant prices",Annual percent change,1.2948543111944488
2016-Apr,2016,Apr,2017,GRC,Greece,NGDP_RPCH,"Gross domestic product, constant prices",Annual percent change,2.661707257210688
2016-Apr,2016,Apr,2017,IRL,Ireland,NGDP_RPCH,"Gross domestic product, constant prices",Annual percent change,3.6403122902951557
2016-Apr,2016,Apr,2017,ITA,Italy,NGDP_RPCH,"Gross domestic product, constant prices",Annual percent change,1.1498381080906839
2016-Apr,2016,Apr,2017,LUX,Luxembourg,NGDP_RPCH,"Gross domestic product, constant prices",Annual percent change,3.422975985897514
2016-Apr,2016,Apr,2017,NLD,Netherlands,NGDP_RPCH,"Gross domestic product, constant prices",Annual percent change,1.8857980714304556
2016-Apr,2016,Apr,2017,PRT,Portugal,NGDP_RPCH,"Gross domestic product, constant prices",Annual percent change,1.2592798422766505
2016-Oct,2016,Oct,2017,AUT,Austria,NGDP_RPCH,"Gross domestic product, constant prices",Annual percent change,1.1800000000000033
2016-Oct,2016,Oct,2017,BEL,Belgium,NGDP_RPCH,"Gross domestic product, constant prices",Annual percent change,1.3673248844201291
2016-Oct,2016,Oct,2017,DEU,Germany,NGDP_RPCH,"Gross domestic product, constant prices",Annual percent change,1.4250939532707063
2016-Oct,2016,Oct,2017,ESP,Spain,NGDP_RPCH,"Gross domestic product, constant prices",Annual percent change,2.170265413215433
2016-Oct,2016,Oct,2017,FIN,Finland,NGDP_RPCH,"Gross domestic product, constant prices",Annual percent change,1.1065955655611193
2016-Oct,2016,Oct,2017,FRA,France,NGDP_RPCH,"Gross domestic product, constant prices",Annual percent change,1.3486557950626699
2016-Oct,2016,Oct,2017,GRC,Greece,NGDP_RPCH,"Gross domestic product, constant prices",Annual percent change,2.766228229663792
2016-Oct,2016,Oct,2017,IRL,Ireland,NGDP_RPCH,"Gross domestic product, constant prices",Annual percent change,3.207668428792232
2016-Oct,2016,Oct,2017,ITA,Italy,NGDP_RPCH,"Gross domestic product, constant prices",Annual percent change,0.9409225946091393
2016-Oct,2016,Oct,2017,LUX,Luxembourg,NGDP_RPCH,"Gross domestic product, constant prices",Annual percent change,3.129646965374766
2016-Oct,2016,Oct,2017,NLD,Netherlands,NGDP_RPCH,"Gross domestic product, constant prices",Annual percent change,1.6100335709099634
2016-Oct,2016,Oct,2017,PRT,Portugal,NGDP_RPCH,"Gross domestic product, constant prices",Annual percent change,1.0851467696922468
2017-Apr,2017,Apr,2018,AUT,Austria,NGDP_RPCH,"Gross domestic product, constant prices",Annual percent change,1.29999999999999
2017-Apr,2017,Apr,2018,BEL,Belgium,NGDP_RPCH,"Gross domestic product, constant prices",Annual percent change,1.5049999856330487
2017-Apr,2017,Apr,2018,DEU,Germany,NGDP_RPCH,"Gross domestic product, constant prices",Annual percent change,1.5323509096390797
2017-Apr,2017,Apr,2018,ESP,Spain,NGDP_RPCH,"Gross domestic product, constant prices",Annual percent change,2.0697027794311484
2017-Apr,2017,Apr,2018,FIN,Finland,NGDP_RPCH,"Gross domestic product, constant prices",Annual percent change,1.4009634029683804
2017-Apr,2017,Apr,2018,FRA,France,NGDP_RPCH,"Gross domestic product, constant prices",Annual percent change,1.6497241857155398
2017-Apr,2017,Apr,2018,GRC,Greece,NGDP_RPCH,"Gross domestic product, constant prices",Annual percent change,2.6983534597462278
2017-Apr,2017,Apr,2018,IRL,Ireland,NGDP_RPCH,"Gross domestic product, constant prices",Annual percent change,3.1546619450790514
2017-Apr,2017,Apr,2018,ITA,Italy,NGDP_RPCH,"Gross domestic product, constant prices",Annual percent change,0.8147866598480213
2017-Apr,2017,Apr,2018,LUX,Luxembourg,NGDP_RPCH,"Gross domestic product, constant prices",Annual percent change,3.5294627401922574
2017-Apr,2017,Apr,2018,NLD,Netherlands,NGDP_RPCH,"Gross domestic product, constant prices",Annual percent change,1.8403044467095953
2017-Apr,2017,Apr,2018,PRT,Portugal,NGDP_RPCH,"Gross domestic product, constant prices",Annual percent change,1.453792010328514
2017-Oct,2017,Oct,2018,AUT,Austria,NGDP_RPCH,"Gross domestic product, constant prices",Annual percent change,1.849999999999996
2017-Oct,2017,Oct,2018,BEL,Belgium,NGDP_RPCH,"Gross domestic product, constant prices",Annual percent change,1.637369906530517
2017-Oct,2017,Oct,2018,DEU,Germany,NGDP_RPCH,"Gross domestic product, constant prices",Annual percent change,1.843450874900343
2017-Oct,2017,Oct,2018,ESP,Spain,NGDP_RPCH,"Gross domestic product, constant prices",Annual percent change,2.5086363243433274
2017-Oct,2017,Oct,2018,FIN,Finland,NGDP_RPCH,"Gross domestic product, constant prices",Annual percent change,2.3399999999999865
2017-Oct,2017,Oct,2018,FRA,France,NGDP_RPCH,"Gross domestic product, constant prices",Annual percent change,1.7613025062261922
2017-Oct,2017,Oct,2018,GRC,Greece,NGDP_RPCH,"Gross domestic product, constant prices",Annual percent change,2.640192995725843
2017-Oct,2017,Oct,2018,IRL,Ireland,NGDP_RPCH,"Gross domestic product, constant prices",Annual percent change,3.3961258962147634
2017-Oct,2017,Oct,2018,ITA,Italy,NGDP_RPCH,"Gross domestic product, constant prices",Annual percent change,1.1245810705568626
2017-Oct,2017,Oct,2018,LUX,Luxembourg,NGDP_RPCH,"Gross domestic product, constant prices",Annual percent change,3.6341718482941987
2017-Oct,2017,Oct,2018,NLD,Netherlands,NGDP_RPCH,"Gross domestic product, constant prices",Annual percent change,2.585137088541045
2017-Oct,2017,Oct,2018,PRT,Portugal,NGDP_RPCH,"Gross domestic product, constant prices",Annual percent change,2.0149261461392287
2018-Apr,2018,Apr,2019,AUT,Austria,NGDP_RPCH,"Gross domestic product, constant prices",Annual percent change,1.9500000000000073
2018-Apr,2018,Apr,2019,BEL,Belgium,NGDP_RPCH,"Gross domestic product, constant prices",Annual percent change,1.6860745677769406
2018-Apr,2018,Apr,2019,DEU,Germany,NGDP_RPCH,"Gross domestic product, constant prices",Annual percent change,2.011020176063316
2018-Apr,2018,Apr,2019,ESP,Spain,NGDP_RPCH,"Gross domestic product, constant prices",Annual percent change,2.188377364682337
2018-Apr,2018,Apr,2019,FIN,Finland,NGDP_RPCH,"Gross domestic product, constant prices",Annual percent change,1.9528630693394833
2018-Apr,2018,Apr,2019,FRA,France,NGDP_RPCH,"Gross domestic product, constant prices",Annual percent change,2.0242948021298446
2018-Apr,2018,Apr,2019,GRC,Greece,NGDP_RPCH,"Gross domestic product, constant prices",Annual percent change,1.8290837037974628
2018-Apr,2018,Apr,2019,IRL,Ireland,NGDP_RPCH,"Gross domestic product, constant prices",Annual percent change,4.011631926293346
2018-Apr,2018,Apr,2019,ITA,Italy,NGDP_RPCH,"Gross domestic product, constant prices",Annual percent change,1.1355373070503383
2018-Apr,2018,Apr,2019,LUX,Luxembourg,NGDP_RPCH,"Gross domestic product, constant prices",Annual percent change,3.7448699490971293
2018-Apr,2018,Apr,2019,NLD,Netherlands,NGDP_RPCH,"Gross domestic product, constant prices",Annual percent change,2.40186875717463
2018-Apr,2018,Apr,2019,PRT,Portugal,NGDP_RPCH,"Gross domestic product, constant prices",Annual percent change,1.8000000000000016
2018-Oct,2018,Oct,2019,AUT,Austria,NGDP_RPCH,"Gross domestic product, constant prices",Annual percent change,2.1500000000000075
2018-Oct,2018,Oct,2019,BEL,Belgium,NGDP_RPCH,"Gross domestic product, constant prices",Annual percent change,1.5388720796663646
2018-Oct,2018,Oct,2019,DEU,Germany,NGDP_RPCH,"Gross domestic product, constant prices",Annual percent change,1.85823354197594
2018-Oct,2018,Oct,2019,ESP,Spain,NGDP_RPCH,"Gross domestic product, constant prices",Annual percent change,2.202023913772
2018-Oct,2018,Oct,2019,FIN,Finland,NGDP_RPCH,"Gross domestic product, constant prices",Annual percent change,1.7626666976127359
2018-Oct,2018,Oct,2019,FRA,France,NGDP_RPCH,"Gross domestic product, constant prices",Annual percent change,1.623817753252843
2018-Oct,2018,Oct,2019,GRC,Greece,NGDP_RPCH,"Gross domestic product, constant prices",Annual percent change,2.35099921740336
2018-Oct,2018,Oct,2019,IRL,Ireland,NGDP_RPCH,"Gross domestic product, constant prices",Annual percent change,4.007137039451858
2018-Oct,2018,Oct,2019,ITA,Italy,NGDP_RPCH,"Gross domestic product, constant prices",Annual percent change,1.0258691402422082
2018-Oct,2018,Oct,2019,LUX,Luxembourg,NGDP_RPCH,"Gross domestic product, constant prices",Annual percent change,3.511135476110705
2018-Oct,2018,Oct,2019,NLD,Netherlands,NGDP_RPCH,"Gross domestic product, constant prices",Annual percent change,2.5981773201691594
2018-Oct,2018,Oct,2019,PRT,Portugal,NGDP_RPCH,"Gross domestic product, constant prices",Annual percent change,1.800021584558098
2019-Apr,2019,Apr,2020,AUT,Austria,NGDP_RPCH,"Gross domestic product, constant prices",Annual percent change,1.6999999999999904
2019-Apr,2019,Apr,2020,BEL,Belgium,NGDP_RPCH,"Gross domestic product, constant prices",Annual percent change,1.389809396334174
2019-Apr,2019,Apr,2020,DEU,Germany,NGDP_RPCH,"Gross domestic product, constant prices",Annual percent change,1.4400140468989298
2019-Apr,2019,Apr,2020,ESP,Spain,NGDP_RPCH,"Gross domestic product, constant prices",Annual percent change,1.8754976933858636
2019-Apr,2019,Apr,2020,FIN,Finland,NGDP_RPCH,"Gross domestic product, constant prices",Annual percent change,1.7314832394892843
2019-Apr,2019,Apr,2020,FRA,France,NGDP_RPCH,"Gross domestic product, constant prices",Annual percent change,1.4126380576949593
2019-Apr,2019,Apr,2020,GRC,Greece,NGDP_RPCH,"Gross domestic product, constant prices",Annual percent change,2.1576118261939614
2019-Apr,2019,Apr,2020,IRL,Ireland,NGDP_RPCH,"Gross domestic product, constant prices",Annual percent change,3.447907701141717
2019-Apr,2019,Apr,2020,ITA,Italy,NGDP_RPCH,"Gross domestic product, constant prices",Annual percent change,0.9087760803847544
2019-Apr,2019,Apr,2020,LUX,Luxembourg,NGDP_RPCH,"Gross domestic product, constant prices",Annual percent change,2.753981036351494
2019-Apr,2019,Apr,2020,NLD,Netherlands,NGDP_RPCH,"Gross domestic product, constant prices",Annual percent change,1.6890350945037103
2019-Apr,2019,Apr,2020,PRT,Portugal,NGDP_RPCH,"Gross domestic product, constant prices",Annual percent change,1.5000319443353893
2019-Oct,2019,Oct,2020,AUT,Austria,NGDP_RPCH,"Gross domestic product, constant prices",Annual percent change,1.6999999999999904
2019-Oct,2019,Oct,2020,BEL,Belgium,NGDP_RPCH,"Gross domestic product, constant prices",Annual percent change,1.3001869670728805
2019-Oct,2019,Oct,2020,DEU,Germany,NGDP_RPCH,"Gross domestic product, constant prices",Annual percent change,1.2472783359905204
2019-Oct,2019,Oct,2020,ESP,Spain,NGDP_RPCH,"Gross domestic product, constant prices",Annual percent change,1.8469401179981082
2019-Oct,2019,Oct,2020,FIN,Finland,NGDP_RPCH,"Gross domestic product, constant prices",Annual percent change,1.464918468559584
2019-Oct,2019,Oct,2020,FRA,France,NGDP_RPCH,"Gross domestic product, constant prices",Annual percent change,1.2631235479729996
2019-Oct,2019,Oct,2020,GRC,Greece,NGDP_RPCH,"Gross domestic product, constant prices",Annual percent change,2.2199133986719133
2019-Oct,2019,Oct,2020,IRL,Ireland,NGDP_RPCH,"Gross domestic product, constant prices",Annual percent change,3.500640873980454
2019-Oct,2019,Oct,2020,ITA,Italy,NGDP_RPCH,"Gross domestic product, constant prices",Annual percent change,0.5368342939330084
2019-Oct,2019,Oct,2020,LUX,Luxembourg,NGDP_RPCH,"Gross domestic product, constant prices",Annual percent change,2.77383656768464
2019-Oct,2019,Oct,2020,NLD,Netherlands,NGDP_RPCH,"Gross domestic product, constant prices",Annual percent change,1.6394164484328178
2019-Oct,2019,Oct,2020,PRT,Portugal,NGDP_RPCH,"Gross domestic product, constant prices",Annual percent change,1.6000072077506644
2020-Apr,2020,Apr,2021,AUT,Austria,NGDP_RPCH,"Gross domestic product, constant prices",Annual percent change,4.5097041201084265
2020-Apr,2020,Apr,2021,BEL,Belgium,NGDP_RPCH,"Gross domestic product, constant prices",Annual percent change,4.563925493866416
2020-Apr,2020,Apr,2021,DEU,Germany,NGDP_RPCH,"Gross domestic product, constant prices",Annual percent change,5.150657615365617
2020-Apr,2020,Apr,2021,ESP,Spain,NGDP_RPCH,"Gross domestic product, constant prices",Annual percent change,4.276084362393728
2020-Apr,2020,Apr,2021,FIN,Finland,NGDP_RPCH,"Gross domestic product, constant prices",Annual percent change,3.096125443753728
2020-Apr,2020,Apr,2021,FRA,France,NGDP_RPCH,"Gross domestic product, constant prices",Annual percent change,4.470356838345357
2020-Apr,2020,Apr,2021,GRC,Greece,NGDP_RPCH,"Gross domestic product, constant prices",Annual percent change,5.064016403891358
2020-Apr,2020,Apr,2021,IRL,Ireland,NGDP_RPCH,"Gross domestic product, constant prices",Annual percent change,6.274237295483798
2020-Apr,2020,Apr,2021,ITA,Italy,NGDP_RPCH,"Gross domestic product, constant prices",Annual percent change,4.829506534001116
2020-Apr,2020,Apr,2021,LUX,Luxembourg,NGDP_RPCH,"Gross domestic product, constant prices",Annual percent change,4.845644612670563
2020-Apr,2020,Apr,2021,NLD,Netherlands,NGDP_RPCH,"Gross domestic product, constant prices",Annual percent change,2.9833352757526743
2020-Apr,2020,Apr,2021,PRT,Portugal,NGDP_RPCH,"Gross domestic product, constant prices",Annual percent change,5.000000000000004
2020-Oct,2020,Oct,2021,AUT,Austria,NGDP_RPCH,"Gross domestic product, constant prices",Annual percent change,4.645999999999884
2020-Oct,2020,Oct,2021,BEL,Belgium,NGDP_RPCH,"Gross domestic product, constant prices",Annual percent change,5.351760481291135
2020-Oct,2020,Oct,2021,DEU,Germany,NGDP_RPCH,"Gross domestic product, constant prices",Annual percent change,4.184412429296991
2020-Oct,2020,Oct,2021,ESP,Spain,NGDP_RPCH,"Gross domestic product, constant prices",Annual percent change,7.154170941300975
2020-Oct,2020,Oct,2021,FIN,Finland,NGDP_RPCH,"Gross domestic product, constant prices",Annual percent change,3.571969432969513
2020-Oct,2020,Oct,2021,FRA,France,NGDP_RPCH,"Gross domestic product, constant prices",Annual percent change,6.026067689626813
2020-Oct,2020,Oct,2021,GRC,Greece,NGDP_RPCH,"Gross domestic product, constant prices",Annual percent change,4.117469096710091
2020-Oct,2020,Oct,2021,IRL,Ireland,NGDP_RPCH,"Gross domestic product, constant prices",Annual percent change,4.942970671784241
2020-Oct,2020,Oct,2021,ITA,Italy,NGDP_RPCH,"Gross domestic product, constant prices",Annual percent change,5.24009400079446
2020-Oct,2020,Oct,2021,LUX,Luxembourg,NGDP_RPCH,"Gross domestic product, constant prices",Annual percent change,5.85630986345973
2020-Oct,2020,Oct,2021,NLD,Netherlands,NGDP_RPCH,"Gross domestic product, constant prices",Annual percent change,4.047434590819465
2020-Oct,2020,Oct,2021,PRT,Portugal,NGDP_RPCH,"Gross domestic product, constant prices",Annual percent change,6.500000000000394
2021-Apr,2021,Apr,2022,AUT,Austria,NGDP_RPCH,"Gross domestic product, constant prices",Annual percent change,4.0000000000000036
2021-Apr,2021,Apr,2022,BEL,Belgium,NGDP_RPCH,"Gross domestic product, constant prices",Annual percent change,3.0908041413871157
2021-Apr,2021,Apr,2022,DEU,Germany,NGDP_RPCH,"Gross domestic product, constant prices",Annual percent change,3.424315413146628
2021-Apr,2021,Apr,2022,ESP,Spain,NGDP_RPCH,"Gross domestic product, constant prices",Annual percent change,4.70061024917463
2021-Apr,2021,Apr,2022,FIN,Finland,NGDP_RPCH,"Gross domestic product, constant prices",Annual percent change,2.5094180747187167
2021-Apr,2021,Apr,2022,FRA,France,NGDP_RPCH,"Gross domestic product, constant prices",Annual percent change,4.2174046890331995
2021-Apr,2021,Apr,2022,GRC,Greece,NGDP_RPCH,"Gross domestic product, constant prices",Annual percent change,5.000181620649169
2021-Apr,2021,Apr,2022,IRL,Ireland,NGDP_RPCH,"Gross domestic product, constant prices",Annual percent change,4.840494557717645
2021-Apr,2021,Apr,2022,ITA,Italy,NGDP_RPCH,"Gross domestic product, constant prices",Annual percent change,3.603918665602346
2021-Apr,2021,Apr,2022,LUX,Luxembourg,NGDP_RPCH,"Gross domestic product, constant prices",Annual percent change,3.6002254452998095
2021-Apr,2021,Apr,2022,NLD,Netherlands,NGDP_RPCH,"Gross domestic product, constant prices",Annual percent change,2.991015227489724
2021-Apr,2021,Apr,2022,PRT,Portugal,NGDP_RPCH,"Gross domestic product, constant prices",Annual percent change,4.799999999999982
2021-Oct,2021,Oct,2022,AUT,Austria,NGDP_RPCH,"Gross domestic product, constant prices",Annual percent change,4.499999999999993
2021-Oct,2021,Oct,2022,BEL,Belgium,NGDP_RPCH,"Gross domestic product, constant prices",Annual percent change,3.1072785677763504
2021-Oct,2021,Oct,2022,DEU,Germany,NGDP_RPCH,"Gross domestic product, constant prices",Annual percent change,4.560425075661789
2021-Oct,2021,Oct,2022,ESP,Spain,NGDP_RPCH,"Gross domestic product, constant prices",Annual percent change,6.385050050630103
2021-Oct,2021,Oct,2022,FIN,Finland,NGDP_RPCH,"Gross domestic product, constant prices",Annual percent change,2.9627578999016357
2021-Oct,2021,Oct,2022,FRA,France,NGDP_RPCH,"Gross domestic product, constant prices",Annual percent change,3.931427827920553
2021-Oct,2021,Oct,2022,GRC,Greece,NGDP_RPCH,"Gross domestic product, constant prices",Annual percent change,4.606746380866089
2021-Oct,2021,Oct,2022,IRL,Ireland,NGDP_RPCH,"Gross domestic product, constant prices",Annual percent change,3.537945187447522
2021-Oct,2021,Oct,2022,ITA,Italy,NGDP_RPCH,"Gross domestic product, constant prices",Annual percent change,4.233343179817117
2021-Oct,2021,Oct,2022,LUX,Luxembourg,NGDP_RPCH,"Gross domestic product, constant prices",Annual percent change,3.845056924253054
2021-Oct,2021,Oct,2022,NLD,Netherlands,NGDP_RPCH,"Gross domestic product, constant prices",Annual percent change,3.1595544623554295
2021-Oct,2021,Oct,2022,PRT,Portugal,NGDP_RPCH,"Gross domestic product, constant prices",Annual percent change,5.100000000000415
2022-Apr,2022,Apr,2023,AUT,Austria,NGDP_RPCH,"Gross domestic product, constant prices",Annual percent change,3.0000000000000693
2022-Apr,2022,Apr,2023,BEL,Belgium,NGDP_RPCH,"Gross domestic product, constant prices",Annual percent change,1.3556303699767458
2022-Apr,2022,Apr,2023,DEU,Germany,NGDP_RPCH,"Gross domestic product, constant prices",Annual percent change,2.721282550236981
2022-Apr,2022,Apr,2023,ESP,Spain,NGDP_RPCH,"Gross domestic product, constant prices",Annual percent change,3.3150066497878994
2022-Apr,2022,Apr,2023,FIN,Finland,NGDP_RPCH,"Gross domestic product, constant prices",Annual percent change,1.7473812158984803
2022-Apr,2022,Apr,2023,FRA,France,NGDP_RPCH,"Gross domestic product, constant prices",Annual percent change,1.3562428441214358
2022-Apr,2022,Apr,2023,GRC,Greece,NGDP_RPCH,"Gross domestic product, constant prices",Annual percent change,2.5646124623607935
2022-Apr,2022,Apr,2023,IRL,Ireland,NGDP_RPCH,"Gross domestic product, constant prices",Annual percent change,4.998897878292774
2022-Apr,2022,Apr,2023,ITA,Italy,NGDP_RPCH,"Gross domestic product, constant prices",Annual percent change,1.663208029616059
2022-Apr,2022,Apr,2023,LUX,Luxembourg,NGDP_RPCH,"Gross domestic product, constant prices",Annual percent change,2.0949624650116183
2022-Apr,2022,Apr,2023,NLD,Netherlands,NGDP_RPCH,"Gross domestic product, constant prices",Annual percent change,2.036865787149389
2022-Apr,2022,Apr,2023,PRT,Portugal,NGDP_RPCH,"Gross domestic product, constant prices",Annual percent change,2.0999999999999908
2022-Oct,2022,Oct,2023,AUT,Austria,NGDP_RPCH,"Gross domestic product, constant prices",Annual percent change,1.0000000000000009
2022-Oct,2022,Oct,2023,BEL,Belgium,NGDP_RPCH,"Gross domestic product, constant prices",Annual percent change,0.3806304570993735
2022-Oct,2022,Oct,2023,DEU,Germany,NGDP_RPCH,"Gross domestic product, constant prices",Annual percent change,-0.29373925662330436
2022-Oct,2022,Oct,2023,ESP,Spain,NGDP_RPCH,"Gross domestic product, constant prices",Annual percent change,1.2113375739180476
2022-Oct,2022,Oct,2023,FIN,Finland,NGDP_RPCH,"Gross domestic product, constant prices",Annual percent change,0.46688819907494405
2022-Oct,2022,Oct,2023,FRA,France,NGDP_RPCH,"Gross domestic product, constant prices",Annual percent change,0.657946695155065
2022-Oct,2022,Oct,2023,GRC,Greece,NGDP_RPCH,"Gross domestic product, constant prices",Annual percent change,1.8114673355011712
2022-Oct,2022,Oct,2023,IRL,Ireland,NGDP_RPCH,"Gross domestic product, constant prices",Annual percent change,3.999857325867806
2022-Oct,2022,Oct,2023,ITA,Italy,NGDP_RPCH,"Gross domestic product, constant prices",Annual percent change,-0.17278359066682514
2022-Oct,2022,Oct,2023,LUX,Luxembourg,NGDP_RPCH,"Gross domestic product, constant prices",Annual percent change,1.119902399660333
2022-Oct,2022,Oct,2023,NLD,Netherlands,NGDP_RPCH,"Gross domestic product, constant prices",Annual percent change,0.7983182678946266
2022-Oct,2022,Oct,2023,PRT,Portugal,NGDP_RPCH,"Gross domestic product, constant prices",Annual percent change,0.6500582011984335
2023-Apr,2023,Apr,2024,AUT,Austria,NGDP_RPCH,"Gross domestic product, constant prices",Annual percent change,1.0789458495122473
2023-Apr,2023,Apr,2024,BEL,Belgium,NGDP_RPCH,"Gross domestic product, constant prices",Annual percent change,1.1169370622386543
2023-Apr,2023,Apr,2024,DEU,Germany,NGDP_RPCH,"Gross domestic product, constant prices",Annual percent change,1.0976068817203588
2023-Apr,2023,Apr,2024,ESP,Spain,NGDP_RPCH,"Gross domestic product, constant prices",Annual percent change,1.9693147483981877
2023-Apr,2023,Apr,2024,FIN,Finland,NGDP_RPCH,"Gross domestic product, constant prices",Annual percent change,1.2849556296797848
2023-Apr,2023,Apr,2024,FRA,France,NGDP_RPCH,"Gross domestic product, constant prices",Annual percent change,1.2538384274972447
2023-Apr,2023,Apr,2024,GRC,Greece,NGDP_RPCH,"Gross domestic product, constant prices",Annual percent change,1.5024123658773814
2023-Apr,2023,Apr,2024,IRL,Ireland,NGDP_RPCH,"Gross domestic product, constant prices",Annual percent change,4.0276095860360295
2023-Apr,2023,Apr,2024,ITA,Italy,NGDP_RPCH,"Gross domestic product, constant prices",Annual percent change,0.7795566137582366
2023-Apr,2023,Apr,2024,LUX,Luxembourg,NGDP_RPCH,"Gross domestic product, constant prices",Annual percent change,1.7055887677415393
2023-Apr,2023,Apr,2024,NLD,Netherlands,NGDP_RPCH,"Gross domestic product, constant prices",Annual percent change,1.2279597466249514
2023-Apr,2023,Apr,2024,PRT,Portugal,NGDP_RPCH,"Gross domestic product, constant prices",Annual percent change,1.6655698277576958
2023-Oct,2023,Oct,2024,AUT,Austria,NGDP_RPCH,"Gross domestic product, constant prices",Annual percent change,0.766557503417653
2023-Oct,2023,Oct,2024,BEL,Belgium,NGDP_RPCH,"Gross domestic product, constant prices",Annual percent change,0.8520322870299024
2023-Oct,2023,Oct,2024,DEU,Germany,NGDP_RPCH,"Gross domestic product, constant prices",Annual percent change,0.9148639342728471
2023-Oct,2023,Oct,2024,ESP,Spain,NGDP_RPCH,"Gross domestic product, constant prices",Annual percent change,1.6601307834420043
2023-Oct,2023,Oct,2024,FIN,Finland,NGDP_RPCH,"Gross domestic product, constant prices",Annual percent change,1.048722526619117
2023-Oct,2023,Oct,2024,FRA,France,NGDP_RPCH,"Gross domestic product, constant prices",Annual percent change,1.3457763040915394
2023-Oct,2023,Oct,2024,GRC,Greece,NGDP_RPCH,"Gross domestic product, constant prices",Annual percent change,1.9741019431934514
2023-Oct,2023,Oct,2024,IRL,Ireland,NGDP_RPCH,"Gross domestic product, constant prices",Annual percent change,3.3491434571364165
2023-Oct,2023,Oct,2024,ITA,Italy,NGDP_RPCH,"Gross domestic product, constant prices",Annual percent change,0.6551260704420692
2023-Oct,2023,Oct,2024,LUX,Luxembourg,NGDP_RPCH,"Gross domestic product, constant prices",Annual percent change,1.4958782787813263
2023-Oct,2023,Oct,2024,NLD,Netherlands,NGDP_RPCH,"Gross domestic product, constant prices",Annual percent change,1.149849978274875
2023-Oct,2023,Oct,2024,PRT,Portugal,NGDP_RPCH,"Gross domestic product, constant prices",Annual percent change,1.509957167181386
2024-Apr,2024,Apr,2025,AUT,Austria,NGDP_RPCH,"Gross domestic product, constant prices",Annual percent change,1.5843210900383875
2024-Apr,2024,Apr,2025,BEL,Belgium,NGDP_RPCH,"Gross domestic product, constant prices",Annual percent change,1.193675032739261
2024-Apr,2024,Apr,2025,DEU,Germany,NGDP_RPCH,"Gross domestic product, constant prices",Annual percent change,1.3261725417484493
2024-Apr,2024,Apr,2025,ESP,Spain,NGDP_RPCH,"Gross domestic product, constant prices",Annual percent change,2.0818038877932654
2024-Apr,2024,Apr,2025,FIN,Finland,NGDP_RPCH,"Gross domestic product, constant prices",Annual percent change,1.8543999999998784
2024-Apr,2024,Apr,2025,FRA,France,NGDP_RPCH,"Gross domestic product, constant prices",Annual percent change,1.4422240313814338
2024-Apr,2024,Apr,2025,GRC,Greece,NGDP_RPCH,"Gross domestic product, constant prices",Annual percent change,1.9324446871967327
2024-Apr,2024,Apr,2025,IRL,Ireland,NGDP_RPCH,"Gross domestic product, constant prices",Annual percent change,2.453452937083389
2024-Apr,2024,Apr,2025,ITA,Italy,NGDP_RPCH,"Gross domestic product, constant prices",Annual percent change,0.7144646754388306
2024-Apr,2024,Apr,2025,LUX,Luxembourg,NGDP_RPCH,"Gross domestic product, constant prices",Annual percent change,2.905040201165976
2024-Apr,2024,Apr,2025,NLD,Netherlands,NGDP_RPCH,"Gross domestic product, constant prices",Annual percent change,1.2955363890404081
2024-Apr,2024,Apr,2025,PRT,Portugal,NGDP_RPCH,"Gross domestic product, constant prices",Annual percent change,2.065928179179699
2024-Oct,2024,Oct,2025,AUT,Austria,NGDP_RPCH,"Gross domestic product, constant prices",Annual percent change,1.0554955026472745
2024-Oct,2024,Oct,2025,BEL,Belgium,NGDP_RPCH,"Gross domestic product, constant prices",Annual percent change,1.1712467085041922
2024-Oct,2024,Oct,2025,DEU,Germany,NGDP_RPCH,"Gross domestic product, constant prices",Annual percent change,0.7858679081072184
2024-Oct,2024,Oct,2025,ESP,Spain,NGDP_RPCH,"Gross domestic product, constant prices",Annual percent change,2.132587163637134
2024-Oct,2024,Oct,2025,FIN,Finland,NGDP_RPCH,"Gross domestic product, constant prices",Annual percent change,2.02856219645684
2024-Oct,2024,Oct,2025,FRA,France,NGDP_RPCH,"Gross domestic product, constant prices",Annual percent change,1.0558507894016023
2024-Oct,2024,Oct,2025,GRC,Greece,NGDP_RPCH,"Gross domestic product, constant prices",Annual percent change,1.9594956159811217
2024-Oct,2024,Oct,2025,IRL,Ireland,NGDP_RPCH,"Gross domestic product, constant prices",Annual percent change,2.2482412836458243
2024-Oct,2024,Oct,2025,ITA,Italy,NGDP_RPCH,"Gross domestic product, constant prices",Annual percent change,0.7623887176527067
2024-Oct,2024,Oct,2025,LUX,Luxembourg,NGDP_RPCH,"Gross domestic product, constant prices",Annual percent change,2.678144341627653
2024-Oct,2024,Oct,2025,NLD,Netherlands,NGDP_RPCH,"Gross domestic product, constant prices",Annual percent change,1.626638334261954
2024-Oct,2024,Oct,2025,PRT,Portugal,NGDP_RPCH,"Gross domestic product, constant prices",Annual percent change,2.347640544062024
2025-Apr,2025,Apr,2026,AUT,Austria,NGDP_RPCH,"Gross domestic product, constant prices",Annual percent change,0.7753575792855516
2025-Apr,2025,Apr,2026,BEL,Belgium,NGDP_RPCH,"Gross domestic product, constant prices",Annual percent change,0.9686272500768922
2025-Apr,2025,Apr,2026,DEU,Germany,NGDP_RPCH,"Gross domestic product, constant prices",Annual percent change,0.9217481861319765
2025-Apr,2025,Apr,2026,ESP,Spain,NGDP_RPCH,"Gross domestic product, constant prices",Annual percent change,1.8171500092858839
2025-Apr,2025,Apr,2026,FIN,Finland,NGDP_RPCH,"Gross domestic product, constant prices",Annual percent change,1.40512137147073
2025-Apr,2025,Apr,2026,FRA,France,NGDP_RPCH,"Gross domestic product, constant prices",Annual percent change,1.014639528405481
2025-Apr,2025,Apr,2026,GRC,Greece,NGDP_RPCH,"Gross domestic product, constant prices",Annual percent change,1.755284533849677
2025-Apr,2025,Apr,2026,IRL,Ireland,NGDP_RPCH,"Gross domestic product, constant prices",Annual percent change,2.113029166607361
2025-Apr,2025,Apr,2026,ITA,Italy,NGDP_RPCH,"Gross domestic product, constant prices",Annual percent change,0.8353069305060412
2025-Apr,2025,Apr,2026,LUX,Luxembourg,NGDP_RPCH,"Gross domestic product, constant prices",Annual percent change,2.2146569352974987
2025-Apr,2025,Apr,2026,NLD,Netherlands,NGDP_RPCH,"Gross domestic product, constant prices",Annual percent change,1.4159516009728756
2025-Apr,2025,Apr,2026,PRT,Portugal,NGDP_RPCH,"Gross domestic product, constant prices",Annual percent change,1.6667777921743898
2025-Oct,2025,Oct,2026,AUT,Austria,NGDP_RPCH,"Gross domestic product, constant prices",Annual percent change,0.7635006693641255
2025-Oct,2025,Oct,2026,BEL,Belgium,NGDP_RPCH,"Gross domestic product, constant prices",Annual percent change,0.9795238701547415
2025-Oct,2025,Oct,2026,DEU,Germany,NGDP_RPCH,"Gross domestic product, constant prices",Annual percent change,0.9443441155851495
2025-Oct,2025,Oct,2026,ESP,Spain,NGDP_RPCH,"Gross domestic product, constant prices",Annual percent change,1.9575459413185836
2025-Oct,2025,Oct,2026,FIN,Finland,NGDP_RPCH,"Gross domestic product, constant prices",Annual percent change,1.3114555112858195
2025-Oct,2025,Oct,2026,FRA,France,NGDP_RPCH,"Gross domestic product, constant prices",Annual percent change,0.9111417981127579
2025-Oct,2025,Oct,2026,GRC,Greece,NGDP_RPCH,"Gross domestic product, constant prices",Annual percent change,2.043100699547651
2025-Oct,2025,Oct,2026,IRL,Ireland,NGDP_RPCH,"Gross domestic product, constant prices",Annual percent change,1.2678830156601872
2025-Oct,2025,Oct,2026,ITA,Italy,NGDP_RPCH,"Gross domestic product, constant prices",Annual percent change,0.7587264348871914
2025-Oct,2025,Oct,2026,LUX,Luxembourg,NGDP_RPCH,"Gross domestic product, constant prices",Annual percent change,2.092408149007907
2025-Oct,2025,Oct,2026,NLD,Netherlands,NGDP_RPCH,"Gross domestic product, constant prices",Annual percent change,1.2224062481125841
2025-Oct,2025,Oct,2026,PRT,Portugal,NGDP_RPCH,"Gross domestic product, constant prices",Annual percent change,2.1200104991029756
1990-Apr,1990,Apr,1991,AUT,Austria,PCPI_PCH,"Inflation, average consumer prices",Annual percent change,2.545879751532598
1990-Apr,1990,Apr,1991,BEL,Belgium,PCPI_PCH,"Inflation, average consumer prices",Annual percent change,2.249997647271096
1990-Apr,1990,Apr,1991,DEU,Germany,PCPI_PCH,"Inflation, average consumer prices",Annual percent change,3.0069438252321
1990-Apr,1990,Apr,1991,ESP,Spain,PCPI_PCH,"Inflation, average consumer prices",Annual percent change,4.4972870100423945
1990-Apr,1990,Apr,1991,FIN,Finland,PCPI_PCH,"Inflation, average consumer prices",Annual percent change,5.100000736671406
1990-Apr,1990,Apr,1991,FRA,France,PCPI_PCH,"Inflation, average consumer prices",Annual percent change,2.800002603149454
1990-Apr,1990,Apr,1991,GRC,Greece,PCPI_PCH,"Inflation, average consumer prices",Annual percent change,2.0490875546994136
1990-Apr,1990,Apr,1991,IRL,Ireland,PCPI_PCH,"Inflation, average consumer prices",Annual percent change,3.000002012879621
1990-Apr,1990,Apr,1991,ITA,Italy,PCPI_PCH,"Inflation, average consumer prices",Annual percent change,4.6999951453545075
1990-Apr,1990,Apr,1991,LUX,Luxembourg,PCPI_PCH,"Inflation, average consumer prices",Annual percent change,
1990-Apr,1990,Apr,1991,NLD,Netherlands,PCPI_PCH,"Inflation, average consumer prices",Annual percent change,2.25000900100516
1990-Apr,1990,Apr,1991,PRT,Portugal,PCPI_PCH,"Inflation, average consumer prices",Annual percent change,8.999993417514718
1990-Oct,1990,Oct,1991,AUT,Austria,PCPI_PCH,"Inflation, average consumer prices",Annual percent change,2.7501644586525043
1990-Oct,1990,Oct,1991,BEL,Belgium,PCPI_PCH,"Inflation, average consumer prices",Annual percent change,2.704191050200966
1990-Oct,1990,Oct,1991,DEU,Germany,PCPI_PCH,"Inflation, average consumer prices",Annual percent change,3.695592599229225
1990-Oct,1990,Oct,1991,ESP,Spain,PCPI_PCH,"Inflation, average consumer prices",Annual percent change,6.7121645239772265
1990-Oct,1990,Oct,1991,FIN,Finland,PCPI_PCH,"Inflation, average consumer prices",Annual percent change,4.708171259689431
1990-Oct,1990,Oct,1991,FRA,France,PCPI_PCH,"Inflation, average consumer prices",Annual percent change,3.000000394034452
1990-Oct,1990,Oct,1991,GRC,Greece,PCPI_PCH,"Inflation, average consumer prices",Annual percent change,9.576554822767115
1990-Oct,1990,Oct,1991,IRL,Ireland,PCPI_PCH,"Inflation, average consumer prices",Annual percent change,3.205195821483353
1990-Oct,1990,Oct,1991,ITA,Italy,PCPI_PCH,"Inflation, average consumer prices",Annual percent change,5.600005655985907
1990-Oct,1990,Oct,1991,LUX,Luxembourg,PCPI_PCH,"Inflation, average consumer prices",Annual percent change,
1990-Oct,1990,Oct,1991,NLD,Netherlands,PCPI_PCH,"Inflation, average consumer prices",Annual percent change,2.794794765403097
1990-Oct,1990,Oct,1991,PRT,Portugal,PCPI_PCH,"Inflation, average consumer prices",Annual percent change,10.400009466354065
1991-Apr,1991,Apr,1992,AUT,Austria,PCPI_PCH,"Inflation, average consumer prices",Annual percent change,2.54446284508163
1991-Apr,1991,Apr,1992,BEL,Belgium,PCPI_PCH,"Inflation, average consumer prices",Annual percent change,2.398106977690495
1991-Apr,1991,Apr,1992,DEU,Germany,PCPI_PCH,"Inflation, average consumer prices",Annual percent change,3.1611271327782076
1991-Apr,1991,Apr,1992,ESP,Spain,PCPI_PCH,"Inflation, average consumer prices",Annual percent change,5.500001890096029
1991-Apr,1991,Apr,1992,FIN,Finland,PCPI_PCH,"Inflation, average consumer prices",Annual percent change,3.896628944238123
1991-Apr,1991,Apr,1992,FRA,France,PCPI_PCH,"Inflation, average consumer prices",Annual percent change,2.800000431887928
1991-Apr,1991,Apr,1992,GRC,Greece,PCPI_PCH,"Inflation, average consumer prices",Annual percent change,6.799594880004789
1991-Apr,1991,Apr,1992,IRL,Ireland,PCPI_PCH,"Inflation, average consumer prices",Annual percent change,3.007886666657056
1991-Apr,1991,Apr,1992,ITA,Italy,PCPI_PCH,"Inflation, average consumer prices",Annual percent change,5.59999144433001
1991-Apr,1991,Apr,1992,LUX,Luxembourg,PCPI_PCH,"Inflation, average consumer prices",Annual percent change,
1991-Apr,1991,Apr,1992,NLD,Netherlands,PCPI_PCH,"Inflation, average consumer prices",Annual percent change,3.399995782871601
1991-Apr,1991,Apr,1992,PRT,Portugal,PCPI_PCH,"Inflation, average consumer prices",Annual percent change,8.900004590026889
1991-Oct,1991,Oct,1992,AUT,Austria,PCPI_PCH,"Inflation, average consumer prices",Annual percent change,4.441030708743976
1991-Oct,1991,Oct,1992,BEL,Belgium,PCPI_PCH,"Inflation, average consumer prices",Annual percent change,2.799998508159196
1991-Oct,1991,Oct,1992,DEU,Germany,PCPI_PCH,"Inflation, average consumer prices",Annual percent change,3.500003375263394
1991-Oct,1991,Oct,1992,ESP,Spain,PCPI_PCH,"Inflation, average consumer prices",Annual percent change,6.586248053794974
1991-Oct,1991,Oct,1992,FIN,Finland,PCPI_PCH,"Inflation, average consumer prices",Annual percent change,2.3413944459391045
1991-Oct,1991,Oct,1992,FRA,France,PCPI_PCH,"Inflation, average consumer prices",Annual percent change,2.9999982233587685
1991-Oct,1991,Oct,1992,GRC,Greece,PCPI_PCH,"Inflation, average consumer prices",Annual percent change,13.058333303157955
1991-Oct,1991,Oct,1992,IRL,Ireland,PCPI_PCH,"Inflation, average consumer prices",Annual percent change,3.007886666657056
1991-Oct,1991,Oct,1992,ITA,Italy,PCPI_PCH,"Inflation, average consumer prices",Annual percent change,5.600003048491686
1991-Oct,1991,Oct,1992,LUX,Luxembourg,PCPI_PCH,"Inflation, average consumer prices",Annual percent change,
1991-Oct,1991,Oct,1992,NLD,Netherlands,PCPI_PCH,"Inflation, average consumer prices",Annual percent change,3.4000004841410414
1991-Oct,1991,Oct,1992,PRT,Portugal,PCPI_PCH,"Inflation, average consumer prices",Annual percent change,8.900004590026889
1992-Apr,1992,Apr,1993,AUT,Austria,PCPI_PCH,"Inflation, average consumer prices",Annual percent change,4.066429218946621
1992-Apr,1992,Apr,1993,BEL,Belgium,PCPI_PCH,"Inflation, average consumer prices",Annual percent change,2.5000019435807763
1992-Apr,1992,Apr,1993,DEU,Germany,PCPI_PCH,"Inflation, average consumer prices",Annual percent change,3.7000021237561853
1992-Apr,1992,Apr,1993,ESP,Spain,PCPI_PCH,"Inflation, average consumer prices",Annual percent change,4.547200670599638
1992-Apr,1992,Apr,1993,FIN,Finland,PCPI_PCH,"Inflation, average consumer prices",Annual percent change,2.9520295202952074
1992-Apr,1992,Apr,1993,FRA,France,PCPI_PCH,"Inflation, average consumer prices",Annual percent change,2.5000051072948892
1992-Apr,1992,Apr,1993,GRC,Greece,PCPI_PCH,"Inflation, average consumer prices",Annual percent change,7.328217333428477
1992-Apr,1992,Apr,1993,IRL,Ireland,PCPI_PCH,"Inflation, average consumer prices",Annual percent change,2.9918662074115865
1992-Apr,1992,Apr,1993,ITA,Italy,PCPI_PCH,"Inflation, average consumer prices",Annual percent change,5.162613551041706
1992-Apr,1992,Apr,1993,LUX,Luxembourg,PCPI_PCH,"Inflation, average consumer prices",Annual percent change,
1992-Apr,1992,Apr,1993,NLD,Netherlands,PCPI_PCH,"Inflation, average consumer prices",Annual percent change,2.700001192153878
1992-Apr,1992,Apr,1993,PRT,Portugal,PCPI_PCH,"Inflation, average consumer prices",Annual percent change,9.650611082155546
1992-Oct,1992,Oct,1993,AUT,Austria,PCPI_PCH,"Inflation, average consumer prices",Annual percent change,3.600000408071957
1992-Oct,1992,Oct,1993,BEL,Belgium,PCPI_PCH,"Inflation, average consumer prices",Annual percent change,2.5000019435807763
1992-Oct,1992,Oct,1993,DEU,Germany,PCPI_PCH,"Inflation, average consumer prices",Annual percent change,4.203241471615904
1992-Oct,1992,Oct,1993,ESP,Spain,PCPI_PCH,"Inflation, average consumer prices",Annual percent change,4.859545154651346
1992-Oct,1992,Oct,1993,FIN,Finland,PCPI_PCH,"Inflation, average consumer prices",Annual percent change,3.501085032296669
1992-Oct,1992,Oct,1993,FRA,France,PCPI_PCH,"Inflation, average consumer prices",Annual percent change,2.7999978501525913
1992-Oct,1992,Oct,1993,GRC,Greece,PCPI_PCH,"Inflation, average consumer prices",Annual percent change,11.999998400634793
1992-Oct,1992,Oct,1993,IRL,Ireland,PCPI_PCH,"Inflation, average consumer prices",Annual percent change,3.499999576188939
1992-Oct,1992,Oct,1993,ITA,Italy,PCPI_PCH,"Inflation, average consumer prices",Annual percent change,5.089556562769837
1992-Oct,1992,Oct,1993,LUX,Luxembourg,PCPI_PCH,"Inflation, average consumer prices",Annual percent change,
1992-Oct,1992,Oct,1993,NLD,Netherlands,PCPI_PCH,"Inflation, average consumer prices",Annual percent change,3.5000043567032346
1992-Oct,1992,Oct,1993,PRT,Portugal,PCPI_PCH,"Inflation, average consumer prices",Annual percent change,6.500000880969425
1993-Apr,1993,Apr,1994,AUT,Austria,PCPI_PCH,"Inflation, average consumer prices",Annual percent change,2.2999971233939487
1993-Apr,1993,Apr,1994,BEL,Belgium,PCPI_PCH,"Inflation, average consumer prices",Annual percent change,2.700002237424659
1993-Apr,1993,Apr,1994,DEU,Germany,PCPI_PCH,"Inflation, average consumer prices",Annual percent change,2.4908442320396684
1993-Apr,1993,Apr,1994,ESP,Spain,PCPI_PCH,"Inflation, average consumer prices",Annual percent change,3.6347793123896244
1993-Apr,1993,Apr,1994,FIN,Finland,PCPI_PCH,"Inflation, average consumer prices",Annual percent change,4.482170447443479
1993-Apr,1993,Apr,1994,FRA,France,PCPI_PCH,"Inflation, average consumer prices",Annual percent change,2.5000079406112707
1993-Apr,1993,Apr,1994,GRC,Greece,PCPI_PCH,"Inflation, average consumer prices",Annual percent change,9.80000056398378
1993-Apr,1993,Apr,1994,IRL,Ireland,PCPI_PCH,"Inflation, average consumer prices",Annual percent change,3.4000001251836443
1993-Apr,1993,Apr,1994,ITA,Italy,PCPI_PCH,"Inflation, average consumer prices",Annual percent change,5.236288390395782
1993-Apr,1993,Apr,1994,LUX,Luxembourg,PCPI_PCH,"Inflation, average consumer prices",Annual percent change,3.29999890362489
1993-Apr,1993,Apr,1994,NLD,Netherlands,PCPI_PCH,"Inflation, average consumer prices",Annual percent change,2.80000241678271
1993-Apr,1993,Apr,1994,PRT,Portugal,PCPI_PCH,"Inflation, average consumer prices",Annual percent change,6.199995364753486
1993-Oct,1993,Oct,1994,AUT,Austria,PCPI_PCH,"Inflation, average consumer prices",Annual percent change,2.4999945260337775
1993-Oct,1993,Oct,1994,BEL,Belgium,PCPI_PCH,"Inflation, average consumer prices",Annual percent change,2.9000023945842335
1993-Oct,1993,Oct,1994,DEU,Germany,PCPI_PCH,"Inflation, average consumer prices",Annual percent change,2.910230642343392
1993-Oct,1993,Oct,1994,ESP,Spain,PCPI_PCH,"Inflation, average consumer prices",Annual percent change,4.0795600063389115
1993-Oct,1993,Oct,1994,FIN,Finland,PCPI_PCH,"Inflation, average consumer prices",Annual percent change,4.099524699511581
1993-Oct,1993,Oct,1994,FRA,France,PCPI_PCH,"Inflation, average consumer prices",Annual percent change,2.2000009184951264
1993-Oct,1993,Oct,1994,GRC,Greece,PCPI_PCH,"Inflation, average consumer prices",Annual percent change,9.500000337357562
1993-Oct,1993,Oct,1994,IRL,Ireland,PCPI_PCH,"Inflation, average consumer prices",Annual percent change,2.99999978913168
1993-Oct,1993,Oct,1994,ITA,Italy,PCPI_PCH,"Inflation, average consumer prices",Annual percent change,4.618347433320302
1993-Oct,1993,Oct,1994,LUX,Luxembourg,PCPI_PCH,"Inflation, average consumer prices",Annual percent change,3.299997612008254
1993-Oct,1993,Oct,1994,NLD,Netherlands,PCPI_PCH,"Inflation, average consumer prices",Annual percent change,2.80000241678271
1993-Oct,1993,Oct,1994,PRT,Portugal,PCPI_PCH,"Inflation, average consumer prices",Annual percent change,5.600002745122001
1994-Apr,1994,Apr,1995,AUT,Austria,PCPI_PCH,"Inflation, average consumer prices",Annual percent change,2.3000045415882076
1994-Apr,1994,Apr,1995,BEL,Belgium,PCPI_PCH,"Inflation, average consumer prices",Annual percent change,2.5000046154556754
1994-Apr,1994,Apr,1995,DEU,Germany,PCPI_PCH,"Inflation, average consumer prices",Annual percent change,2.206778902117512
1994-Apr,1994,Apr,1995,ESP,Spain,PCPI_PCH,"Inflation, average consumer prices",Annual percent change,3.1362172030519497
1994-Apr,1994,Apr,1995,FIN,Finland,PCPI_PCH,"Inflation, average consumer prices",Annual percent change,3.499998306157992
1994-Apr,1994,Apr,1995,FRA,France,PCPI_PCH,"Inflation, average consumer prices",Annual percent change,2.0999968339346253
1994-Apr,1994,Apr,1995,GRC,Greece,PCPI_PCH,"Inflation, average consumer prices",Annual percent change,9.199999063869235
1994-Apr,1994,Apr,1995,IRL,Ireland,PCPI_PCH,"Inflation, average consumer prices",Annual percent change,3.0000020673837113
1994-Apr,1994,Apr,1995,ITA,Italy,PCPI_PCH,"Inflation, average consumer prices",Annual percent change,3.1000043461806737
1994-Apr,1994,Apr,1995,LUX,Luxembourg,PCPI_PCH,"Inflation, average consumer prices",Annual percent change,3.2999997862010577
1994-Apr,1994,Apr,1995,NLD,Netherlands,PCPI_PCH,"Inflation, average consumer prices",Annual percent change,2.0000020345968705
1994-Apr,1994,Apr,1995,PRT,Portugal,PCPI_PCH,"Inflation, average consumer prices",Annual percent change,5.21833114018031
1994-Oct,1994,Oct,1995,AUT,Austria,PCPI_PCH,"Inflation, average consumer prices",Annual percent change,2.499993351753238
1994-Oct,1994,Oct,1995,BEL,Belgium,PCPI_PCH,"Inflation, average consumer prices",Annual percent change,2.500003768667325
1994-Oct,1994,Oct,1995,DEU,Germany,PCPI_PCH,"Inflation, average consumer prices",Annual percent change,2.160480087215766
1994-Oct,1994,Oct,1995,ESP,Spain,PCPI_PCH,"Inflation, average consumer prices",Annual percent change,3.228296427142907
1994-Oct,1994,Oct,1995,FIN,Finland,PCPI_PCH,"Inflation, average consumer prices",Annual percent change,2.5072898565624335
1994-Oct,1994,Oct,1995,FRA,France,PCPI_PCH,"Inflation, average consumer prices",Annual percent change,1.7600016893965398
1994-Oct,1994,Oct,1995,GRC,Greece,PCPI_PCH,"Inflation, average consumer prices",Annual percent change,9.50000199649903
1994-Oct,1994,Oct,1995,IRL,Ireland,PCPI_PCH,"Inflation, average consumer prices",Annual percent change,2.6000045482448053
1994-Oct,1994,Oct,1995,ITA,Italy,PCPI_PCH,"Inflation, average consumer prices",Annual percent change,3.099991415048442
1994-Oct,1994,Oct,1995,LUX,Luxembourg,PCPI_PCH,"Inflation, average consumer prices",Annual percent change,2.999988756622507
1994-Oct,1994,Oct,1995,NLD,Netherlands,PCPI_PCH,"Inflation, average consumer prices",Annual percent change,2.4000008699305297
1994-Oct,1994,Oct,1995,PRT,Portugal,PCPI_PCH,"Inflation, average consumer prices",Annual percent change,4.50000515417015
1995-Apr,1995,Apr,1996,AUT,Austria,PCPI_PCH,"Inflation, average consumer prices",Annual percent change,2.7000003440442066
1995-Apr,1995,Apr,1996,BEL,Belgium,PCPI_PCH,"Inflation, average consumer prices",Annual percent change,2.299995675528055
1995-Apr,1995,Apr,1996,DEU,Germany,PCPI_PCH,"Inflation, average consumer prices",Annual percent change,1.9999901416679622
1995-Apr,1995,Apr,1996,ESP,Spain,PCPI_PCH,"Inflation, average consumer prices",Annual percent change,3.4999975844523856
1995-Apr,1995,Apr,1996,FIN,Finland,PCPI_PCH,"Inflation, average consumer prices",Annual percent change,2.800096223562032
1995-Apr,1995,Apr,1996,FRA,France,PCPI_PCH,"Inflation, average consumer prices",Annual percent change,2.0000002725845345
1995-Apr,1995,Apr,1996,GRC,Greece,PCPI_PCH,"Inflation, average consumer prices",Annual percent change,7.3123917498222335
1995-Apr,1995,Apr,1996,IRL,Ireland,PCPI_PCH,"Inflation, average consumer prices",Annual percent change,2.5000035328555548
1995-Apr,1995,Apr,1996,ITA,Italy,PCPI_PCH,"Inflation, average consumer prices",Annual percent change,4.19999591965845
1995-Apr,1995,Apr,1996,LUX,Luxembourg,PCPI_PCH,"Inflation, average consumer prices",Annual percent change,2.3000006752227353
1995-Apr,1995,Apr,1996,NLD,Netherlands,PCPI_PCH,"Inflation, average consumer prices",Annual percent change,2.299996671457083
1995-Apr,1995,Apr,1996,PRT,Portugal,PCPI_PCH,"Inflation, average consumer prices",Annual percent change,4.0000051566393635
1995-Oct,1995,Oct,1996,AUT,Austria,PCPI_PCH,"Inflation, average consumer prices",Annual percent change,2.5000034013558325
1995-Oct,1995,Oct,1996,BEL,Belgium,PCPI_PCH,"Inflation, average consumer prices",Annual percent change,2.0000021582273098
1995-Oct,1995,Oct,1996,DEU,Germany,PCPI_PCH,"Inflation, average consumer prices",Annual percent change,1.748633788748788
1995-Oct,1995,Oct,1996,ESP,Spain,PCPI_PCH,"Inflation, average consumer prices",Annual percent change,3.700001030762823
1995-Oct,1995,Oct,1996,FIN,Finland,PCPI_PCH,"Inflation, average consumer prices",Annual percent change,2.4996564361440266
1995-Oct,1995,Oct,1996,FRA,France,PCPI_PCH,"Inflation, average consumer prices",Annual percent change,2.300001532861895
1995-Oct,1995,Oct,1996,GRC,Greece,PCPI_PCH,"Inflation, average consumer prices",Annual percent change,7.417268038001312
1995-Oct,1995,Oct,1996,IRL,Ireland,PCPI_PCH,"Inflation, average consumer prices",Annual percent change,2.5000035328555548
1995-Oct,1995,Oct,1996,ITA,Italy,PCPI_PCH,"Inflation, average consumer prices",Annual percent change,3.999996661691241
1995-Oct,1995,Oct,1996,LUX,Luxembourg,PCPI_PCH,"Inflation, average consumer prices",Annual percent change,2.3000006752227353
1995-Oct,1995,Oct,1996,NLD,Netherlands,PCPI_PCH,"Inflation, average consumer prices",Annual percent change,2.1999980848014244
1995-Oct,1995,Oct,1996,PRT,Portugal,PCPI_PCH,"Inflation, average consumer prices",Annual percent change,3.700003059794965
1996-Apr,1996,Apr,1997,AUT,Austria,PCPI_PCH,"Inflation, average consumer prices",Annual percent change,1.8999993129130477
1996-Apr,1996,Apr,1997,BEL,Belgium,PCPI_PCH,"Inflation, average consumer prices",Annual percent change,1.9999956273386799
1996-Apr,1996,Apr,1997,DEU,Germany,PCPI_PCH,"Inflation, average consumer prices",Annual percent change,1.4999931993900484
1996-Apr,1996,Apr,1997,ESP,Spain,PCPI_PCH,"Inflation, average consumer prices",Annual percent change,3.1500072673445567
1996-Apr,1996,Apr,1997,FIN,Finland,PCPI_PCH,"Inflation, average consumer prices",Annual percent change,2.0000034792788
1996-Apr,1996,Apr,1997,FRA,France,PCPI_PCH,"Inflation, average consumer prices",Annual percent change,1.7999990197659965
1996-Apr,1996,Apr,1997,GRC,Greece,PCPI_PCH,"Inflation, average consumer prices",Annual percent change,5.594902541960689
1996-Apr,1996,Apr,1997,IRL,Ireland,PCPI_PCH,"Inflation, average consumer prices",Annual percent change,2.7000028864770043
1996-Apr,1996,Apr,1997,ITA,Italy,PCPI_PCH,"Inflation, average consumer prices",Annual percent change,4.000002080034881
1996-Apr,1996,Apr,1997,LUX,Luxembourg,PCPI_PCH,"Inflation, average consumer prices",Annual percent change,1.9999968653924283
1996-Apr,1996,Apr,1997,NLD,Netherlands,PCPI_PCH,"Inflation, average consumer prices",Annual percent change,1.9999964765821776
1996-Apr,1996,Apr,1997,PRT,Portugal,PCPI_PCH,"Inflation, average consumer prices",Annual percent change,3.2999982911871673
1996-Oct,1996,Oct,1997,AUT,Austria,PCPI_PCH,"Inflation, average consumer prices",Annual percent change,1.8999983006523946
1996-Oct,1996,Oct,1997,BEL,Belgium,PCPI_PCH,"Inflation, average consumer prices",Annual percent change,1.9999956273386799
1996-Oct,1996,Oct,1997,DEU,Germany,PCPI_PCH,"Inflation, average consumer prices",Annual percent change,1.7030611561394515
1996-Oct,1996,Oct,1997,ESP,Spain,PCPI_PCH,"Inflation, average consumer prices",Annual percent change,3.1000097525718084
1996-Oct,1996,Oct,1997,FIN,Finland,PCPI_PCH,"Inflation, average consumer prices",Annual percent change,2.0000070274553527
1996-Oct,1996,Oct,1997,FRA,France,PCPI_PCH,"Inflation, average consumer prices",Annual percent change,1.599995715707636
1996-Oct,1996,Oct,1997,GRC,Greece,PCPI_PCH,"Inflation, average consumer prices",Annual percent change,6.600000366499903
1996-Oct,1996,Oct,1997,IRL,Ireland,PCPI_PCH,"Inflation, average consumer prices",Annual percent change,2.4999985172128314
1996-Oct,1996,Oct,1997,ITA,Italy,PCPI_PCH,"Inflation, average consumer prices",Annual percent change,3.0000060912191984
1996-Oct,1996,Oct,1997,LUX,Luxembourg,PCPI_PCH,"Inflation, average consumer prices",Annual percent change,1.9999968653924283
1996-Oct,1996,Oct,1997,NLD,Netherlands,PCPI_PCH,"Inflation, average consumer prices",Annual percent change,2.899996934292415
1996-Oct,1996,Oct,1997,PRT,Portugal,PCPI_PCH,"Inflation, average consumer prices",Annual percent change,3.000001148373599
1997-Apr,1997,Apr,1998,AUT,Austria,PCPI_PCH,"Inflation, average consumer prices",Annual percent change,1.9000034400375787
1997-Apr,1997,Apr,1998,BEL,Belgium,PCPI_PCH,"Inflation, average consumer prices",Annual percent change,1.9999997404407832
1997-Apr,1997,Apr,1998,DEU,Germany,PCPI_PCH,"Inflation, average consumer prices",Annual percent change,1.9898457619027976
1997-Apr,1997,Apr,1998,ESP,Spain,PCPI_PCH,"Inflation, average consumer prices",Annual percent change,2.2654303053250446
1997-Apr,1997,Apr,1998,FIN,Finland,PCPI_PCH,"Inflation, average consumer prices",Annual percent change,1.6000011786676094
1997-Apr,1997,Apr,1998,FRA,France,PCPI_PCH,"Inflation, average consumer prices",Annual percent change,1.8000008837630421
1997-Apr,1997,Apr,1998,GRC,Greece,PCPI_PCH,"Inflation, average consumer prices",Annual percent change,6.003941412692493
1997-Apr,1997,Apr,1998,IRL,Ireland,PCPI_PCH,"Inflation, average consumer prices",Annual percent change,2.100000811194569
1997-Apr,1997,Apr,1998,ITA,Italy,PCPI_PCH,"Inflation, average consumer prices",Annual percent change,1.9999950650913645
1997-Apr,1997,Apr,1998,LUX,Luxembourg,PCPI_PCH,"Inflation, average consumer prices",Annual percent change,2.000002304858217
1997-Apr,1997,Apr,1998,NLD,Netherlands,PCPI_PCH,"Inflation, average consumer prices",Annual percent change,2.500001430897436
1997-Apr,1997,Apr,1998,PRT,Portugal,PCPI_PCH,"Inflation, average consumer prices",Annual percent change,2.2999984488564884
1997-Oct,1997,Oct,1998,AUT,Austria,PCPI_PCH,"Inflation, average consumer prices",Annual percent change,1.5999953197199934
1997-Oct,1997,Oct,1998,BEL,Belgium,PCPI_PCH,"Inflation, average consumer prices",Annual percent change,1.8999997263906776
1997-Oct,1997,Oct,1998,DEU,Germany,PCPI_PCH,"Inflation, average consumer prices",Annual percent change,2.3227267263622897
1997-Oct,1997,Oct,1998,ESP,Spain,PCPI_PCH,"Inflation, average consumer prices",Annual percent change,2.1652180718081615
1997-Oct,1997,Oct,1998,FIN,Finland,PCPI_PCH,"Inflation, average consumer prices",Annual percent change,2.300002531456724
1997-Oct,1997,Oct,1998,FRA,France,PCPI_PCH,"Inflation, average consumer prices",Annual percent change,1.3249316071641815
1997-Oct,1997,Oct,1998,GRC,Greece,PCPI_PCH,"Inflation, average consumer prices",Annual percent change,4.707844053951349
1997-Oct,1997,Oct,1998,IRL,Ireland,PCPI_PCH,"Inflation, average consumer prices",Annual percent change,2.0999995629349844
1997-Oct,1997,Oct,1998,ITA,Italy,PCPI_PCH,"Inflation, average consumer prices",Annual percent change,2.1000101281776873
1997-Oct,1997,Oct,1998,LUX,Luxembourg,PCPI_PCH,"Inflation, average consumer prices",Annual percent change,2.000002304858217
1997-Oct,1997,Oct,1998,NLD,Netherlands,PCPI_PCH,"Inflation, average consumer prices",Annual percent change,2.2999995209359803
1997-Oct,1997,Oct,1998,PRT,Portugal,PCPI_PCH,"Inflation, average consumer prices",Annual percent change,2.3227147582900898
1998-Apr,1998,Apr,1999,AUT,Austria,PCPI_PCH,"Inflation, average consumer prices",Annual percent change,1.4999988184917434
1998-Apr,1998,Apr,1999,BEL,Belgium,PCPI_PCH,"Inflation, average consumer prices",Annual percent change,1.8000029326230127
1998-Apr,1998,Apr,1999,DEU,Germany,PCPI_PCH,"Inflation, average consumer prices",Annual percent change,1.73417618983418
1998-Apr,1998,Apr,1999,ESP,Spain,PCPI_PCH,"Inflation, average consumer prices",Annual percent change,2.3000030236143054
1998-Apr,1998,Apr,1999,FIN,Finland,PCPI_PCH,"Inflation, average consumer prices",Annual percent change,2.4999944300552857
1998-Apr,1998,Apr,1999,FRA,France,PCPI_PCH,"Inflation, average consumer prices",Annual percent change,1.8149300662289924
1998-Apr,1998,Apr,1999,GRC,Greece,PCPI_PCH,"Inflation, average consumer prices",Annual percent change,3.6977887861387337
1998-Apr,1998,Apr,1999,IRL,Ireland,PCPI_PCH,"Inflation, average consumer prices",Annual percent change,2.1000022300276644
1998-Apr,1998,Apr,1999,ITA,Italy,PCPI_PCH,"Inflation, average consumer prices",Annual percent change,1.7399903554561558
1998-Apr,1998,Apr,1999,LUX,Luxembourg,PCPI_PCH,"Inflation, average consumer prices",Annual percent change,1.4000012402006101
1998-Apr,1998,Apr,1999,NLD,Netherlands,PCPI_PCH,"Inflation, average consumer prices",Annual percent change,2.200002682876412
1998-Apr,1998,Apr,1999,PRT,Portugal,PCPI_PCH,"Inflation, average consumer prices",Annual percent change,2.000005413141026
1998-Oct,1998,Oct,1999,AUT,Austria,PCPI_PCH,"Inflation, average consumer prices",Annual percent change,1.3000037608593473
1998-Oct,1998,Oct,1999,BEL,Belgium,PCPI_PCH,"Inflation, average consumer prices",Annual percent change,1.8000003342890203
1998-Oct,1998,Oct,1999,DEU,Germany,PCPI_PCH,"Inflation, average consumer prices",Annual percent change,1.3593907674613215
1998-Oct,1998,Oct,1999,ESP,Spain,PCPI_PCH,"Inflation, average consumer prices",Annual percent change,2.35031940094077
1998-Oct,1998,Oct,1999,FIN,Finland,PCPI_PCH,"Inflation, average consumer prices",Annual percent change,2.0000064660646633
1998-Oct,1998,Oct,1999,FRA,France,PCPI_PCH,"Inflation, average consumer prices",Annual percent change,1.2974940671285573
1998-Oct,1998,Oct,1999,GRC,Greece,PCPI_PCH,"Inflation, average consumer prices",Annual percent change,3.7898011480188565
1998-Oct,1998,Oct,1999,IRL,Ireland,PCPI_PCH,"Inflation, average consumer prices",Annual percent change,2.499999682090537
1998-Oct,1998,Oct,1999,ITA,Italy,PCPI_PCH,"Inflation, average consumer prices",Annual percent change,1.7399903554561558
1998-Oct,1998,Oct,1999,LUX,Luxembourg,PCPI_PCH,"Inflation, average consumer prices",Annual percent change,1.4000012402006101
1998-Oct,1998,Oct,1999,NLD,Netherlands,PCPI_PCH,"Inflation, average consumer prices",Annual percent change,2.200002682876412
1998-Oct,1998,Oct,1999,PRT,Portugal,PCPI_PCH,"Inflation, average consumer prices",Annual percent change,2.60000003986256
1999-Apr,1999,Apr,2000,AUT,Austria,PCPI_PCH,"Inflation, average consumer prices",Annual percent change,1.2999986886627513
1999-Apr,1999,Apr,2000,BEL,Belgium,PCPI_PCH,"Inflation, average consumer prices",Annual percent change,1.3999973698426427
1999-Apr,1999,Apr,2000,DEU,Germany,PCPI_PCH,"Inflation, average consumer prices",Annual percent change,1.0496575264296482
1999-Apr,1999,Apr,2000,ESP,Spain,PCPI_PCH,"Inflation, average consumer prices",Annual percent change,2.0502354440305126
1999-Apr,1999,Apr,2000,FIN,Finland,PCPI_PCH,"Inflation, average consumer prices",Annual percent change,2.0000016356758854
1999-Apr,1999,Apr,2000,FRA,France,PCPI_PCH,"Inflation, average consumer prices",Annual percent change,1.1060272939018345
1999-Apr,1999,Apr,2000,GRC,Greece,PCPI_PCH,"Inflation, average consumer prices",Annual percent change,2.895388368470564
1999-Apr,1999,Apr,2000,IRL,Ireland,PCPI_PCH,"Inflation, average consumer prices",Annual percent change,2.0000025030381785
1999-Apr,1999,Apr,2000,ITA,Italy,PCPI_PCH,"Inflation, average consumer prices",Annual percent change,1.4999978698332361
1999-Apr,1999,Apr,2000,LUX,Luxembourg,PCPI_PCH,"Inflation, average consumer prices",Annual percent change,1.7000040008930517
1999-Apr,1999,Apr,2000,NLD,Netherlands,PCPI_PCH,"Inflation, average consumer prices",Annual percent change,2.200005996936527
1999-Apr,1999,Apr,2000,PRT,Portugal,PCPI_PCH,"Inflation, average consumer prices",Annual percent change,2.000001374997029
1999-Oct,1999,Oct,2000,AUT,Austria,PCPI_PCH,"Inflation, average consumer prices",Annual percent change,0.9462676380851409
1999-Oct,1999,Oct,2000,BEL,Belgium,PCPI_PCH,"Inflation, average consumer prices",Annual percent change,1.2000000000000677
1999-Oct,1999,Oct,2000,DEU,Germany,PCPI_PCH,"Inflation, average consumer prices",Annual percent change,0.8496960512228924
1999-Oct,1999,Oct,2000,ESP,Spain,PCPI_PCH,"Inflation, average consumer prices",Annual percent change,2.0502585579855515
1999-Oct,1999,Oct,2000,FIN,Finland,PCPI_PCH,"Inflation, average consumer prices",Annual percent change,2.299996937714921
1999-Oct,1999,Oct,2000,FRA,France,PCPI_PCH,"Inflation, average consumer prices",Annual percent change,1.0567256094236255
1999-Oct,1999,Oct,2000,GRC,Greece,PCPI_PCH,"Inflation, average consumer prices",Annual percent change,2.2291993720569447
1999-Oct,1999,Oct,2000,IRL,Ireland,PCPI_PCH,"Inflation, average consumer prices",Annual percent change,1.999999999999602
1999-Oct,1999,Oct,2000,ITA,Italy,PCPI_PCH,"Inflation, average consumer prices",Annual percent change,1.64000000000033
1999-Oct,1999,Oct,2000,LUX,Luxembourg,PCPI_PCH,"Inflation, average consumer prices",Annual percent change,1.40000000000029
1999-Oct,1999,Oct,2000,NLD,Netherlands,PCPI_PCH,"Inflation, average consumer prices",Annual percent change,2.099999999999791
1999-Oct,1999,Oct,2000,PRT,Portugal,PCPI_PCH,"Inflation, average consumer prices",Annual percent change,2.200000000000135
2000-Apr,2000,Apr,2001,AUT,Austria,PCPI_PCH,"Inflation, average consumer prices",Annual percent change,1.0457418242028504
2000-Apr,2000,Apr,2001,BEL,Belgium,PCPI_PCH,"Inflation, average consumer prices",Annual percent change,1.3999999999994017
2000-Apr,2000,Apr,2001,DEU,Germany,PCPI_PCH,"Inflation, average consumer prices",Annual percent change,1.272558744842045
2000-Apr,2000,Apr,2001,ESP,Spain,PCPI_PCH,"Inflation, average consumer prices",Annual percent change,2.2000037780676607
2000-Apr,2000,Apr,2001,FIN,Finland,PCPI_PCH,"Inflation, average consumer prices",Annual percent change,2.457662327385046
2000-Apr,2000,Apr,2001,FRA,France,PCPI_PCH,"Inflation, average consumer prices",Annual percent change,1.0628570683349103
2000-Apr,2000,Apr,2001,GRC,Greece,PCPI_PCH,"Inflation, average consumer prices",Annual percent change,2.729224164366628
2000-Apr,2000,Apr,2001,IRL,Ireland,PCPI_PCH,"Inflation, average consumer prices",Annual percent change,3.0000000000007576
2000-Apr,2000,Apr,2001,ITA,Italy,PCPI_PCH,"Inflation, average consumer prices",Annual percent change,1.6000000000003345
2000-Apr,2000,Apr,2001,LUX,Luxembourg,PCPI_PCH,"Inflation, average consumer prices",Annual percent change,1.3999999999997792
2000-Apr,2000,Apr,2001,NLD,Netherlands,PCPI_PCH,"Inflation, average consumer prices",Annual percent change,3.5000000000000586
2000-Apr,2000,Apr,2001,PRT,Portugal,PCPI_PCH,"Inflation, average consumer prices",Annual percent change,1.9027480902366944
2000-Oct,2000,Oct,2001,AUT,Austria,PCPI_PCH,"Inflation, average consumer prices",Annual percent change,2.0647776799990636
2000-Oct,2000,Oct,2001,BEL,Belgium,PCPI_PCH,"Inflation, average consumer prices",Annual percent change,1.3999999999997348
2000-Oct,2000,Oct,2001,DEU,Germany,PCPI_PCH,"Inflation, average consumer prices",Annual percent change,1.5000000000002567
2000-Oct,2000,Oct,2001,ESP,Spain,PCPI_PCH,"Inflation, average consumer prices",Annual percent change,2.4000077756183735
2000-Oct,2000,Oct,2001,FIN,Finland,PCPI_PCH,"Inflation, average consumer prices",Annual percent change,2.5000014296864936
2000-Oct,2000,Oct,2001,FRA,France,PCPI_PCH,"Inflation, average consumer prices",Annual percent change,1.0594496486433513
2000-Oct,2000,Oct,2001,GRC,Greece,PCPI_PCH,"Inflation, average consumer prices",Annual percent change,2.7914110429449357
2000-Oct,2000,Oct,2001,IRL,Ireland,PCPI_PCH,"Inflation, average consumer prices",Annual percent change,3.499999999999548
2000-Oct,2000,Oct,2001,ITA,Italy,PCPI_PCH,"Inflation, average consumer prices",Annual percent change,1.6499999999995074
2000-Oct,2000,Oct,2001,LUX,Luxembourg,PCPI_PCH,"Inflation, average consumer prices",Annual percent change,1.3999999999997792
2000-Oct,2000,Oct,2001,NLD,Netherlands,PCPI_PCH,"Inflation, average consumer prices",Annual percent change,3.4999999999997478
2000-Oct,2000,Oct,2001,PRT,Portugal,PCPI_PCH,"Inflation, average consumer prices",Annual percent change,2.3000000000004572
2001-Apr,2001,Apr,2002,AUT,Austria,PCPI_PCH,"Inflation, average consumer prices",Annual percent change,1.599999999999624
2001-Apr,2001,Apr,2002,BEL,Belgium,PCPI_PCH,"Inflation, average consumer prices",Annual percent change,1.3000000000009893
2001-Apr,2001,Apr,2002,DEU,Germany,PCPI_PCH,"Inflation, average consumer prices",Annual percent change,1.2999999999997458
2001-Apr,2001,Apr,2002,ESP,Spain,PCPI_PCH,"Inflation, average consumer prices",Annual percent change,2.3000053881295557
2001-Apr,2001,Apr,2002,FIN,Finland,PCPI_PCH,"Inflation, average consumer prices",Annual percent change,2.400000166792604
2001-Apr,2001,Apr,2002,FRA,France,PCPI_PCH,"Inflation, average consumer prices",Annual percent change,1.4303221551110523
2001-Apr,2001,Apr,2002,GRC,Greece,PCPI_PCH,"Inflation, average consumer prices",Annual percent change,3.31067100206881
2001-Apr,2001,Apr,2002,IRL,Ireland,PCPI_PCH,"Inflation, average consumer prices",Annual percent change,3.3000000000005913
2001-Apr,2001,Apr,2002,ITA,Italy,PCPI_PCH,"Inflation, average consumer prices",Annual percent change,1.5500000000006064
2001-Apr,2001,Apr,2002,LUX,Luxembourg,PCPI_PCH,"Inflation, average consumer prices",Annual percent change,1.3000000000000789
2001-Apr,2001,Apr,2002,NLD,Netherlands,PCPI_PCH,"Inflation, average consumer prices",Annual percent change,2.4000000000001576
2001-Apr,2001,Apr,2002,PRT,Portugal,PCPI_PCH,"Inflation, average consumer prices",Annual percent change,2.3000000000005016
2001-Oct,2001,Oct,2002,AUT,Austria,PCPI_PCH,"Inflation, average consumer prices",Annual percent change,1.9999999999998685
2001-Oct,2001,Oct,2002,BEL,Belgium,PCPI_PCH,"Inflation, average consumer prices",Annual percent change,1.7000000000005677
2001-Oct,2001,Oct,2002,DEU,Germany,PCPI_PCH,"Inflation, average consumer prices",Annual percent change,1.3272732881796978
2001-Oct,2001,Oct,2002,ESP,Spain,PCPI_PCH,"Inflation, average consumer prices",Annual percent change,2.5479765253551667
2001-Oct,2001,Oct,2002,FIN,Finland,PCPI_PCH,"Inflation, average consumer prices",Annual percent change,1.8800065130121668
2001-Oct,2001,Oct,2002,FRA,France,PCPI_PCH,"Inflation, average consumer prices",Annual percent change,1.0974185664803793
2001-Oct,2001,Oct,2002,GRC,Greece,PCPI_PCH,"Inflation, average consumer prices",Annual percent change,3.100088573959092
2001-Oct,2001,Oct,2002,IRL,Ireland,PCPI_PCH,"Inflation, average consumer prices",Annual percent change,3.1999999999999584
2001-Oct,2001,Oct,2002,ITA,Italy,PCPI_PCH,"Inflation, average consumer prices",Annual percent change,1.6399999999995085
2001-Oct,2001,Oct,2002,LUX,Luxembourg,PCPI_PCH,"Inflation, average consumer prices",Annual percent change,1.3000000000000789
2001-Oct,2001,Oct,2002,NLD,Netherlands,PCPI_PCH,"Inflation, average consumer prices",Annual percent change,2.488978127139929
2001-Oct,2001,Oct,2002,PRT,Portugal,PCPI_PCH,"Inflation, average consumer prices",Annual percent change,2.50000000000008
2002-Apr,2002,Apr,2003,AUT,Austria,PCPI_PCH,"Inflation, average consumer prices",Annual percent change,1.5999999999998682
2002-Apr,2002,Apr,2003,BEL,Belgium,PCPI_PCH,"Inflation, average consumer prices",Annual percent change,1.2378731462856285
2002-Apr,2002,Apr,2003,DEU,Germany,PCPI_PCH,"Inflation, average consumer prices",Annual percent change,1.205410808099927
2002-Apr,2002,Apr,2003,ESP,Spain,PCPI_PCH,"Inflation, average consumer prices",Annual percent change,2.2999989069914406
2002-Apr,2002,Apr,2003,FIN,Finland,PCPI_PCH,"Inflation, average consumer prices",Annual percent change,1.59999742553254
2002-Apr,2002,Apr,2003,FRA,France,PCPI_PCH,"Inflation, average consumer prices",Annual percent change,1.4093331014141341
2002-Apr,2002,Apr,2003,GRC,Greece,PCPI_PCH,"Inflation, average consumer prices",Annual percent change,2.7104136947225133
2002-Apr,2002,Apr,2003,IRL,Ireland,PCPI_PCH,"Inflation, average consumer prices",Annual percent change,2.9999999999999583
2002-Apr,2002,Apr,2003,ITA,Italy,PCPI_PCH,"Inflation, average consumer prices",Annual percent change,1.5585843544023703
2002-Apr,2002,Apr,2003,LUX,Luxembourg,PCPI_PCH,"Inflation, average consumer prices",Annual percent change,1.8000000000001126
2002-Apr,2002,Apr,2003,NLD,Netherlands,PCPI_PCH,"Inflation, average consumer prices",Annual percent change,2.3498907353004306
2002-Apr,2002,Apr,2003,PRT,Portugal,PCPI_PCH,"Inflation, average consumer prices",Annual percent change,2.199999999999891
2002-Oct,2002,Oct,2003,AUT,Austria,PCPI_PCH,"Inflation, average consumer prices",Annual percent change,1.5999999999996684
2002-Oct,2002,Oct,2003,BEL,Belgium,PCPI_PCH,"Inflation, average consumer prices",Annual percent change,1.237873146285251
2002-Oct,2002,Oct,2003,DEU,Germany,PCPI_PCH,"Inflation, average consumer prices",Annual percent change,1.1251668265489734
2002-Oct,2002,Oct,2003,ESP,Spain,PCPI_PCH,"Inflation, average consumer prices",Annual percent change,2.39949793496661
2002-Oct,2002,Oct,2003,FIN,Finland,PCPI_PCH,"Inflation, average consumer prices",Annual percent change,1.8999999796274203
2002-Oct,2002,Oct,2003,FRA,France,PCPI_PCH,"Inflation, average consumer prices",Annual percent change,1.350984291810553
2002-Oct,2002,Oct,2003,GRC,Greece,PCPI_PCH,"Inflation, average consumer prices",Annual percent change,3.293583191368743
2002-Oct,2002,Oct,2003,IRL,Ireland,PCPI_PCH,"Inflation, average consumer prices",Annual percent change,2.9999999999999583
2002-Oct,2002,Oct,2003,ITA,Italy,PCPI_PCH,"Inflation, average consumer prices",Annual percent change,1.8387983841765099
2002-Oct,2002,Oct,2003,LUX,Luxembourg,PCPI_PCH,"Inflation, average consumer prices",Annual percent change,1.8000000000004013
2002-Oct,2002,Oct,2003,NLD,Netherlands,PCPI_PCH,"Inflation, average consumer prices",Annual percent change,2.449465872345069
2002-Oct,2002,Oct,2003,PRT,Portugal,PCPI_PCH,"Inflation, average consumer prices",Annual percent change,2.700000000000391
2003-Apr,2003,Apr,2004,AUT,Austria,PCPI_PCH,"Inflation, average consumer prices",Annual percent change,1.3999999999996904
2003-Apr,2003,Apr,2004,BEL,Belgium,PCPI_PCH,"Inflation, average consumer prices",Annual percent change,1.200000000000223
2003-Apr,2003,Apr,2004,DEU,Germany,PCPI_PCH,"Inflation, average consumer prices",Annual percent change,0.6815274020885331
2003-Apr,2003,Apr,2004,ESP,Spain,PCPI_PCH,"Inflation, average consumer prices",Annual percent change,2.761343529937288
2003-Apr,2003,Apr,2004,FIN,Finland,PCPI_PCH,"Inflation, average consumer prices",Annual percent change,1.7000000000002569
2003-Apr,2003,Apr,2004,FRA,France,PCPI_PCH,"Inflation, average consumer prices",Annual percent change,1.567888064978451
2003-Apr,2003,Apr,2004,GRC,Greece,PCPI_PCH,"Inflation, average consumer prices",Annual percent change,3.0062858704565265
2003-Apr,2003,Apr,2004,IRL,Ireland,PCPI_PCH,"Inflation, average consumer prices",Annual percent change,3.200000000000003
2003-Apr,2003,Apr,2004,ITA,Italy,PCPI_PCH,"Inflation, average consumer prices",Annual percent change,1.596304208353505
2003-Apr,2003,Apr,2004,LUX,Luxembourg,PCPI_PCH,"Inflation, average consumer prices",Annual percent change,1.6999999999998128
2003-Apr,2003,Apr,2004,NLD,Netherlands,PCPI_PCH,"Inflation, average consumer prices",Annual percent change,2.2000000000006015
2003-Apr,2003,Apr,2004,PRT,Portugal,PCPI_PCH,"Inflation, average consumer prices",Annual percent change,2.1477730687341268
2003-Oct,2003,Oct,2004,AUT,Austria,PCPI_PCH,"Inflation, average consumer prices",Annual percent change,1.1599900000010432
2003-Oct,2003,Oct,2004,BEL,Belgium,PCPI_PCH,"Inflation, average consumer prices",Annual percent change,1.400000000000623
2003-Oct,2003,Oct,2004,DEU,Germany,PCPI_PCH,"Inflation, average consumer prices",Annual percent change,0.576246504392719
2003-Oct,2003,Oct,2004,ESP,Spain,PCPI_PCH,"Inflation, average consumer prices",Annual percent change,2.724675401934329
2003-Oct,2003,Oct,2004,FIN,Finland,PCPI_PCH,"Inflation, average consumer prices",Annual percent change,1.6999999999999904
2003-Oct,2003,Oct,2004,FRA,France,PCPI_PCH,"Inflation, average consumer prices",Annual percent change,1.6636478765797325
2003-Oct,2003,Oct,2004,GRC,Greece,PCPI_PCH,"Inflation, average consumer prices",Annual percent change,3.0062858704565265
2003-Oct,2003,Oct,2004,IRL,Ireland,PCPI_PCH,"Inflation, average consumer prices",Annual percent change,2.599999999999625
2003-Oct,2003,Oct,2004,ITA,Italy,PCPI_PCH,"Inflation, average consumer prices",Annual percent change,2.0137118889697714
2003-Oct,2003,Oct,2004,LUX,Luxembourg,PCPI_PCH,"Inflation, average consumer prices",Annual percent change,1.6999999999998128
2003-Oct,2003,Oct,2004,NLD,Netherlands,PCPI_PCH,"Inflation, average consumer prices",Annual percent change,2.0498477163360507
2003-Oct,2003,Oct,2004,PRT,Portugal,PCPI_PCH,"Inflation, average consumer prices",Annual percent change,2.0000000000002016
2004-Apr,2004,Apr,2005,AUT,Austria,PCPI_PCH,"Inflation, average consumer prices",Annual percent change,1.3000000000005674
2004-Apr,2004,Apr,2005,BEL,Belgium,PCPI_PCH,"Inflation, average consumer prices",Annual percent change,1.399999999999646
2004-Apr,2004,Apr,2005,DEU,Germany,PCPI_PCH,"Inflation, average consumer prices",Annual percent change,0.8525782139432003
2004-Apr,2004,Apr,2005,ESP,Spain,PCPI_PCH,"Inflation, average consumer prices",Annual percent change,2.700000000000413
2004-Apr,2004,Apr,2005,FIN,Finland,PCPI_PCH,"Inflation, average consumer prices",Annual percent change,1.0106792434862344
2004-Apr,2004,Apr,2005,FRA,France,PCPI_PCH,"Inflation, average consumer prices",Annual percent change,1.6150439821683182
2004-Apr,2004,Apr,2005,GRC,Greece,PCPI_PCH,"Inflation, average consumer prices",Annual percent change,3.099999999999481
2004-Apr,2004,Apr,2005,IRL,Ireland,PCPI_PCH,"Inflation, average consumer prices",Annual percent change,2.399999999999558
2004-Apr,2004,Apr,2005,ITA,Italy,PCPI_PCH,"Inflation, average consumer prices",Annual percent change,2.0399999999990204
2004-Apr,2004,Apr,2005,LUX,Luxembourg,PCPI_PCH,"Inflation, average consumer prices",Annual percent change,1.7000000000000348
2004-Apr,2004,Apr,2005,NLD,Netherlands,PCPI_PCH,"Inflation, average consumer prices",Annual percent change,1.000000000000667
2004-Apr,2004,Apr,2005,PRT,Portugal,PCPI_PCH,"Inflation, average consumer prices",Annual percent change,1.9150158857363486
2004-Oct,2004,Oct,2005,AUT,Austria,PCPI_PCH,"Inflation, average consumer prices",Annual percent change,1.5600000000002279
2004-Oct,2004,Oct,2005,BEL,Belgium,PCPI_PCH,"Inflation, average consumer prices",Annual percent change,1.5999999999994907
2004-Oct,2004,Oct,2005,DEU,Germany,PCPI_PCH,"Inflation, average consumer prices",Annual percent change,1.320271017827701
2004-Oct,2004,Oct,2005,ESP,Spain,PCPI_PCH,"Inflation, average consumer prices",Annual percent change,2.7496433903635875
2004-Oct,2004,Oct,2005,FIN,Finland,PCPI_PCH,"Inflation, average consumer prices",Annual percent change,1.3037769532854293
2004-Oct,2004,Oct,2005,FRA,France,PCPI_PCH,"Inflation, average consumer prices",Annual percent change,2.058800849452447
2004-Oct,2004,Oct,2005,GRC,Greece,PCPI_PCH,"Inflation, average consumer prices",Annual percent change,3.399999999999559
2004-Oct,2004,Oct,2005,IRL,Ireland,PCPI_PCH,"Inflation, average consumer prices",Annual percent change,2.099999999999902
2004-Oct,2004,Oct,2005,ITA,Italy,PCPI_PCH,"Inflation, average consumer prices",Annual percent change,2.0399999999990204
2004-Oct,2004,Oct,2005,LUX,Luxembourg,PCPI_PCH,"Inflation, average consumer prices",Annual percent change,2.0000000000001794
2004-Oct,2004,Oct,2005,NLD,Netherlands,PCPI_PCH,"Inflation, average consumer prices",Annual percent change,1.0748207486611427
2004-Oct,2004,Oct,2005,PRT,Portugal,PCPI_PCH,"Inflation, average consumer prices",Annual percent change,2.200000000000246
2005-Apr,2005,Apr,2006,AUT,Austria,PCPI_PCH,"Inflation, average consumer prices",Annual percent change,1.7599999999999394
2005-Apr,2005,Apr,2006,BEL,Belgium,PCPI_PCH,"Inflation, average consumer prices",Annual percent change,2.0000000000006457
2005-Apr,2005,Apr,2006,DEU,Germany,PCPI_PCH,"Inflation, average consumer prices",Annual percent change,1.1544312004577284
2005-Apr,2005,Apr,2006,ESP,Spain,PCPI_PCH,"Inflation, average consumer prices",Annual percent change,2.7489181951441344
2005-Apr,2005,Apr,2006,FIN,Finland,PCPI_PCH,"Inflation, average consumer prices",Annual percent change,1.5999999999999348
2005-Apr,2005,Apr,2006,FRA,France,PCPI_PCH,"Inflation, average consumer prices",Annual percent change,1.8557039961505817
2005-Apr,2005,Apr,2006,GRC,Greece,PCPI_PCH,"Inflation, average consumer prices",Annual percent change,3.099999999999792
2005-Apr,2005,Apr,2006,IRL,Ireland,PCPI_PCH,"Inflation, average consumer prices",Annual percent change,1.99999999999958
2005-Apr,2005,Apr,2006,ITA,Italy,PCPI_PCH,"Inflation, average consumer prices",Annual percent change,1.809872521357847
2005-Apr,2005,Apr,2006,LUX,Luxembourg,PCPI_PCH,"Inflation, average consumer prices",Annual percent change,2.4265767945409022
2005-Apr,2005,Apr,2006,NLD,Netherlands,PCPI_PCH,"Inflation, average consumer prices",Annual percent change,1.1000000000004118
2005-Apr,2005,Apr,2006,PRT,Portugal,PCPI_PCH,"Inflation, average consumer prices",Annual percent change,2.1999999999996245
2005-Oct,2005,Oct,2006,AUT,Austria,PCPI_PCH,"Inflation, average consumer prices",Annual percent change,1.7999999999997573
2005-Oct,2005,Oct,2006,BEL,Belgium,PCPI_PCH,"Inflation, average consumer prices",Annual percent change,1.9000000000000572
2005-Oct,2005,Oct,2006,DEU,Germany,PCPI_PCH,"Inflation, average consumer prices",Annual percent change,1.7118781214134904
2005-Oct,2005,Oct,2006,ESP,Spain,PCPI_PCH,"Inflation, average consumer prices",Annual percent change,2.999107033699744
2005-Oct,2005,Oct,2006,FIN,Finland,PCPI_PCH,"Inflation, average consumer prices",Annual percent change,1.5000000000000124
2005-Oct,2005,Oct,2006,FRA,France,PCPI_PCH,"Inflation, average consumer prices",Annual percent change,1.7561692680024832
2005-Oct,2005,Oct,2006,GRC,Greece,PCPI_PCH,"Inflation, average consumer prices",Annual percent change,3.299999999999792
2005-Oct,2005,Oct,2006,IRL,Ireland,PCPI_PCH,"Inflation, average consumer prices",Annual percent change,2.482772326802829
2005-Oct,2005,Oct,2006,ITA,Italy,PCPI_PCH,"Inflation, average consumer prices",Annual percent change,1.959115502847908
2005-Oct,2005,Oct,2006,LUX,Luxembourg,PCPI_PCH,"Inflation, average consumer prices",Annual percent change,2.689609967921358
2005-Oct,2005,Oct,2006,NLD,Netherlands,PCPI_PCH,"Inflation, average consumer prices",Annual percent change,-2.5665397049895566
2005-Oct,2005,Oct,2006,PRT,Portugal,PCPI_PCH,"Inflation, average consumer prices",Annual percent change,2.4855046215439547
2006-Apr,2006,Apr,2007,AUT,Austria,PCPI_PCH,"Inflation, average consumer prices",Annual percent change,1.6999999999999016
2006-Apr,2006,Apr,2007,BEL,Belgium,PCPI_PCH,"Inflation, average consumer prices",Annual percent change,1.7999999999996685
2006-Apr,2006,Apr,2007,DEU,Germany,PCPI_PCH,"Inflation, average consumer prices",Annual percent change,2.5000000000008793
2006-Apr,2006,Apr,2007,ESP,Spain,PCPI_PCH,"Inflation, average consumer prices",Annual percent change,3.0700169711557423
2006-Apr,2006,Apr,2007,FIN,Finland,PCPI_PCH,"Inflation, average consumer prices",Annual percent change,1.3000000000001677
2006-Apr,2006,Apr,2007,FRA,France,PCPI_PCH,"Inflation, average consumer prices",Annual percent change,1.764963704084388
2006-Apr,2006,Apr,2007,GRC,Greece,PCPI_PCH,"Inflation, average consumer prices",Annual percent change,3.019999999999534
2006-Apr,2006,Apr,2007,IRL,Ireland,PCPI_PCH,"Inflation, average consumer prices",Annual percent change,2.500071263274517
2006-Apr,2006,Apr,2007,ITA,Italy,PCPI_PCH,"Inflation, average consumer prices",Annual percent change,2.1215702894086474
2006-Apr,2006,Apr,2007,LUX,Luxembourg,PCPI_PCH,"Inflation, average consumer prices",Annual percent change,2.1885849678483282
2006-Apr,2006,Apr,2007,NLD,Netherlands,PCPI_PCH,"Inflation, average consumer prices",Annual percent change,1.5861443767986705
2006-Apr,2006,Apr,2007,PRT,Portugal,PCPI_PCH,"Inflation, average consumer prices",Annual percent change,2.101722786909632
2006-Oct,2006,Oct,2007,AUT,Austria,PCPI_PCH,"Inflation, average consumer prices",Annual percent change,1.7201779912767279
2006-Oct,2006,Oct,2007,BEL,Belgium,PCPI_PCH,"Inflation, average consumer prices",Annual percent change,1.9000000000003459
2006-Oct,2006,Oct,2007,DEU,Germany,PCPI_PCH,"Inflation, average consumer prices",Annual percent change,2.6139914014161825
2006-Oct,2006,Oct,2007,ESP,Spain,PCPI_PCH,"Inflation, average consumer prices",Annual percent change,3.396888099164874
2006-Oct,2006,Oct,2007,FIN,Finland,PCPI_PCH,"Inflation, average consumer prices",Annual percent change,1.5000000000005453
2006-Oct,2006,Oct,2007,FRA,France,PCPI_PCH,"Inflation, average consumer prices",Annual percent change,1.9160329628820305
2006-Oct,2006,Oct,2007,GRC,Greece,PCPI_PCH,"Inflation, average consumer prices",Annual percent change,3.499999999999548
2006-Oct,2006,Oct,2007,IRL,Ireland,PCPI_PCH,"Inflation, average consumer prices",Annual percent change,2.5145279085197814
2006-Oct,2006,Oct,2007,ITA,Italy,PCPI_PCH,"Inflation, average consumer prices",Annual percent change,2.0754340451005993
2006-Oct,2006,Oct,2007,LUX,Luxembourg,PCPI_PCH,"Inflation, average consumer prices",Annual percent change,2.31374188426523
2006-Oct,2006,Oct,2007,NLD,Netherlands,PCPI_PCH,"Inflation, average consumer prices",Annual percent change,1.8095717629946106
2006-Oct,2006,Oct,2007,PRT,Portugal,PCPI_PCH,"Inflation, average consumer prices",Annual percent change,2.1613824250084734
2007-Apr,2007,Apr,2008,AUT,Austria,PCPI_PCH,"Inflation, average consumer prices",Annual percent change,1.7124042811722973
2007-Apr,2007,Apr,2008,BEL,Belgium,PCPI_PCH,"Inflation, average consumer prices",Annual percent change,1.8000000000002236
2007-Apr,2007,Apr,2008,DEU,Germany,PCPI_PCH,"Inflation, average consumer prices",Annual percent change,1.6400498338616565
2007-Apr,2007,Apr,2008,ESP,Spain,PCPI_PCH,"Inflation, average consumer prices",Annual percent change,2.7314706201317485
2007-Apr,2007,Apr,2008,FIN,Finland,PCPI_PCH,"Inflation, average consumer prices",Annual percent change,1.6000000000001124
2007-Apr,2007,Apr,2008,FRA,France,PCPI_PCH,"Inflation, average consumer prices",Annual percent change,1.847091818287594
2007-Apr,2007,Apr,2008,GRC,Greece,PCPI_PCH,"Inflation, average consumer prices",Annual percent change,3.1999999999999806
2007-Apr,2007,Apr,2008,IRL,Ireland,PCPI_PCH,"Inflation, average consumer prices",Annual percent change,2.107190258047531
2007-Apr,2007,Apr,2008,ITA,Italy,PCPI_PCH,"Inflation, average consumer prices",Annual percent change,1.9602701289395341
2007-Apr,2007,Apr,2008,LUX,Luxembourg,PCPI_PCH,"Inflation, average consumer prices",Annual percent change,2.1450739513522166
2007-Apr,2007,Apr,2008,NLD,Netherlands,PCPI_PCH,"Inflation, average consumer prices",Annual percent change,2.056789364762013
2007-Apr,2007,Apr,2008,PRT,Portugal,PCPI_PCH,"Inflation, average consumer prices",Annual percent change,2.4154625376666683
2007-Oct,2007,Oct,2008,AUT,Austria,PCPI_PCH,"Inflation, average consumer prices",Annual percent change,1.8946567587515117
2007-Oct,2007,Oct,2008,BEL,Belgium,PCPI_PCH,"Inflation, average consumer prices",Annual percent change,1.8000000000000904
2007-Oct,2007,Oct,2008,DEU,Germany,PCPI_PCH,"Inflation, average consumer prices",Annual percent change,1.7725858456931087
2007-Oct,2007,Oct,2008,ESP,Spain,PCPI_PCH,"Inflation, average consumer prices",Annual percent change,2.760574796852122
2007-Oct,2007,Oct,2008,FIN,Finland,PCPI_PCH,"Inflation, average consumer prices",Annual percent change,1.7999999999995575
2007-Oct,2007,Oct,2008,FRA,France,PCPI_PCH,"Inflation, average consumer prices",Annual percent change,1.8121821856623255
2007-Oct,2007,Oct,2008,GRC,Greece,PCPI_PCH,"Inflation, average consumer prices",Annual percent change,3.173263651808167
2007-Oct,2007,Oct,2008,IRL,Ireland,PCPI_PCH,"Inflation, average consumer prices",Annual percent change,2.088001360720293
2007-Oct,2007,Oct,2008,ITA,Italy,PCPI_PCH,"Inflation, average consumer prices",Annual percent change,1.8662967691991383
2007-Oct,2007,Oct,2008,LUX,Luxembourg,PCPI_PCH,"Inflation, average consumer prices",Annual percent change,2.180123138787615
2007-Oct,2007,Oct,2008,NLD,Netherlands,PCPI_PCH,"Inflation, average consumer prices",Annual percent change,2.1985111446612082
2007-Oct,2007,Oct,2008,PRT,Portugal,PCPI_PCH,"Inflation, average consumer prices",Annual percent change,2.4000000000001354
2008-Apr,2008,Apr,2009,AUT,Austria,PCPI_PCH,"Inflation, average consumer prices",Annual percent change,1.9207762321654664
2008-Apr,2008,Apr,2009,BEL,Belgium,PCPI_PCH,"Inflation, average consumer prices",Annual percent change,1.90091823072156
2008-Apr,2008,Apr,2009,DEU,Germany,PCPI_PCH,"Inflation, average consumer prices",Annual percent change,1.59404188758554
2008-Apr,2008,Apr,2009,ESP,Spain,PCPI_PCH,"Inflation, average consumer prices",Annual percent change,3.0349605391201573
2008-Apr,2008,Apr,2009,FIN,Finland,PCPI_PCH,"Inflation, average consumer prices",Annual percent change,1.9000000000008566
2008-Apr,2008,Apr,2009,FRA,France,PCPI_PCH,"Inflation, average consumer prices",Annual percent change,1.6667689390189144
2008-Apr,2008,Apr,2009,GRC,Greece,PCPI_PCH,"Inflation, average consumer prices",Annual percent change,2.700000000000169
2008-Apr,2008,Apr,2009,IRL,Ireland,PCPI_PCH,"Inflation, average consumer prices",Annual percent change,2.0638911024677187
2008-Apr,2008,Apr,2009,ITA,Italy,PCPI_PCH,"Inflation, average consumer prices",Annual percent change,1.8624091909462681
2008-Apr,2008,Apr,2009,LUX,Luxembourg,PCPI_PCH,"Inflation, average consumer prices",Annual percent change,2.1220611824352975
2008-Apr,2008,Apr,2009,NLD,Netherlands,PCPI_PCH,"Inflation, average consumer prices",Annual percent change,1.841486533627812
2008-Apr,2008,Apr,2009,PRT,Portugal,PCPI_PCH,"Inflation, average consumer prices",Annual percent change,2.0236692651953048
2008-Oct,2008,Oct,2009,AUT,Austria,PCPI_PCH,"Inflation, average consumer prices",Annual percent change,2.255409910027839
2008-Oct,2008,Oct,2009,BEL,Belgium,PCPI_PCH,"Inflation, average consumer prices",Annual percent change,2.833167013912896
2008-Oct,2008,Oct,2009,DEU,Germany,PCPI_PCH,"Inflation, average consumer prices",Annual percent change,1.373823808082042
2008-Oct,2008,Oct,2009,ESP,Spain,PCPI_PCH,"Inflation, average consumer prices",Annual percent change,2.5942181683444865
2008-Oct,2008,Oct,2009,FIN,Finland,PCPI_PCH,"Inflation, average consumer prices",Annual percent change,2.499999999999969
2008-Oct,2008,Oct,2009,FRA,France,PCPI_PCH,"Inflation, average consumer prices",Annual percent change,1.5937622353759284
2008-Oct,2008,Oct,2009,GRC,Greece,PCPI_PCH,"Inflation, average consumer prices",Annual percent change,3.099999999999903
2008-Oct,2008,Oct,2009,IRL,Ireland,PCPI_PCH,"Inflation, average consumer prices",Annual percent change,2.400837551973578
2008-Oct,2008,Oct,2009,ITA,Italy,PCPI_PCH,"Inflation, average consumer prices",Annual percent change,1.8794644616634715
2008-Oct,2008,Oct,2009,LUX,Luxembourg,PCPI_PCH,"Inflation, average consumer prices",Annual percent change,1.8364343330771415
2008-Oct,2008,Oct,2009,NLD,Netherlands,PCPI_PCH,"Inflation, average consumer prices",Annual percent change,2.5904895664537353
2008-Oct,2008,Oct,2009,PRT,Portugal,PCPI_PCH,"Inflation, average consumer prices",Annual percent change,2.040807217923657
2009-Apr,2009,Apr,2010,AUT,Austria,PCPI_PCH,"Inflation, average consumer prices",Annual percent change,1.3000000000001455
2009-Apr,2009,Apr,2010,BEL,Belgium,PCPI_PCH,"Inflation, average consumer prices",Annual percent change,1.043543417400361
2009-Apr,2009,Apr,2010,DEU,Germany,PCPI_PCH,"Inflation, average consumer prices",Annual percent change,-0.41239108134408786
2009-Apr,2009,Apr,2010,ESP,Spain,PCPI_PCH,"Inflation, average consumer prices",Annual percent change,0.862626216821516
2009-Apr,2009,Apr,2010,FIN,Finland,PCPI_PCH,"Inflation, average consumer prices",Annual percent change,1.0999999999998122
2009-Apr,2009,Apr,2010,FRA,France,PCPI_PCH,"Inflation, average consumer prices",Annual percent change,1.0004789712865447
2009-Apr,2009,Apr,2010,GRC,Greece,PCPI_PCH,"Inflation, average consumer prices",Annual percent change,2.1000000000001906
2009-Apr,2009,Apr,2010,IRL,Ireland,PCPI_PCH,"Inflation, average consumer prices",Annual percent change,1.0015828808777494
2009-Apr,2009,Apr,2010,ITA,Italy,PCPI_PCH,"Inflation, average consumer prices",Annual percent change,0.6311558620520907
2009-Apr,2009,Apr,2010,LUX,Luxembourg,PCPI_PCH,"Inflation, average consumer prices",Annual percent change,1.842591206956734
2009-Apr,2009,Apr,2010,NLD,Netherlands,PCPI_PCH,"Inflation, average consumer prices",Annual percent change,1.122819686560339
2009-Apr,2009,Apr,2010,PRT,Portugal,PCPI_PCH,"Inflation, average consumer prices",Annual percent change,1.0000000000000453
2009-Oct,2009,Oct,2010,AUT,Austria,PCPI_PCH,"Inflation, average consumer prices",Annual percent change,1.0000000000000897
2009-Oct,2009,Oct,2010,BEL,Belgium,PCPI_PCH,"Inflation, average consumer prices",Annual percent change,0.9953628245215507
2009-Oct,2009,Oct,2010,DEU,Germany,PCPI_PCH,"Inflation, average consumer prices",Annual percent change,0.18286018704367635
2009-Oct,2009,Oct,2010,ESP,Spain,PCPI_PCH,"Inflation, average consumer prices",Annual percent change,0.8625182868263082
2009-Oct,2009,Oct,2010,FIN,Finland,PCPI_PCH,"Inflation, average consumer prices",Annual percent change,1.099999999999235
2009-Oct,2009,Oct,2010,FRA,France,PCPI_PCH,"Inflation, average consumer prices",Annual percent change,1.1388841678658501
2009-Oct,2009,Oct,2010,GRC,Greece,PCPI_PCH,"Inflation, average consumer prices",Annual percent change,1.6999999999997462
2009-Oct,2009,Oct,2010,IRL,Ireland,PCPI_PCH,"Inflation, average consumer prices",Annual percent change,-0.3025349815650835
2009-Oct,2009,Oct,2010,ITA,Italy,PCPI_PCH,"Inflation, average consumer prices",Annual percent change,0.9368100681235836
2009-Oct,2009,Oct,2010,LUX,Luxembourg,PCPI_PCH,"Inflation, average consumer prices",Annual percent change,1.842591206956734
2009-Oct,2009,Oct,2010,NLD,Netherlands,PCPI_PCH,"Inflation, average consumer prices",Annual percent change,0.95380167333039
2009-Oct,2009,Oct,2010,PRT,Portugal,PCPI_PCH,"Inflation, average consumer prices",Annual percent change,0.9601796393175599
2010-Apr,2010,Apr,2011,AUT,Austria,PCPI_PCH,"Inflation, average consumer prices",Annual percent change,1.5000000000000346
2010-Apr,2010,Apr,2011,BEL,Belgium,PCPI_PCH,"Inflation, average consumer prices",Annual percent change,1.5325799024322073
2010-Apr,2010,Apr,2011,DEU,Germany,PCPI_PCH,"Inflation, average consumer prices",Annual percent change,1.0454583624725178
2010-Apr,2010,Apr,2011,ESP,Spain,PCPI_PCH,"Inflation, average consumer prices",Annual percent change,0.9888648763641816
2010-Apr,2010,Apr,2011,FIN,Finland,PCPI_PCH,"Inflation, average consumer prices",Annual percent change,1.4000000000010449
2010-Apr,2010,Apr,2011,FRA,France,PCPI_PCH,"Inflation, average consumer prices",Annual percent change,1.5037015066834192
2010-Apr,2010,Apr,2011,GRC,Greece,PCPI_PCH,"Inflation, average consumer prices",Annual percent change,0.9999999999995568
2010-Apr,2010,Apr,2011,IRL,Ireland,PCPI_PCH,"Inflation, average consumer prices",Annual percent change,-0.6122503261397516
2010-Apr,2010,Apr,2011,ITA,Italy,PCPI_PCH,"Inflation, average consumer prices",Annual percent change,1.699999999999502
2010-Apr,2010,Apr,2011,LUX,Luxembourg,PCPI_PCH,"Inflation, average consumer prices",Annual percent change,1.349848115175889
2010-Apr,2010,Apr,2011,NLD,Netherlands,PCPI_PCH,"Inflation, average consumer prices",Annual percent change,1.2706831049700273
2010-Apr,2010,Apr,2011,PRT,Portugal,PCPI_PCH,"Inflation, average consumer prices",Annual percent change,1.0876180215214637
2010-Oct,2010,Oct,2011,AUT,Austria,PCPI_PCH,"Inflation, average consumer prices",Annual percent change,1.7400000000000082
2010-Oct,2010,Oct,2011,BEL,Belgium,PCPI_PCH,"Inflation, average consumer prices",Annual percent change,1.9098876039246315
2010-Oct,2010,Oct,2011,DEU,Germany,PCPI_PCH,"Inflation, average consumer prices",Annual percent change,1.3585873639237356
2010-Oct,2010,Oct,2011,ESP,Spain,PCPI_PCH,"Inflation, average consumer prices",Annual percent change,1.1389074219736228
2010-Oct,2010,Oct,2011,FIN,Finland,PCPI_PCH,"Inflation, average consumer prices",Annual percent change,1.7999999999998684
2010-Oct,2010,Oct,2011,FRA,France,PCPI_PCH,"Inflation, average consumer prices",Annual percent change,1.605813477564455
2010-Oct,2010,Oct,2011,GRC,Greece,PCPI_PCH,"Inflation, average consumer prices",Annual percent change,2.200000000000002
2010-Oct,2010,Oct,2011,IRL,Ireland,PCPI_PCH,"Inflation, average consumer prices",Annual percent change,-0.545916940671165
2010-Oct,2010,Oct,2011,ITA,Italy,PCPI_PCH,"Inflation, average consumer prices",Annual percent change,1.6885439572875693
2010-Oct,2010,Oct,2011,LUX,Luxembourg,PCPI_PCH,"Inflation, average consumer prices",Annual percent change,1.8731833635452277
2010-Oct,2010,Oct,2011,NLD,Netherlands,PCPI_PCH,"Inflation, average consumer prices",Annual percent change,1.0938687189972596
2010-Oct,2010,Oct,2011,PRT,Portugal,PCPI_PCH,"Inflation, average consumer prices",Annual percent change,1.23348317176033
2011-Apr,2011,Apr,2012,AUT,Austria,PCPI_PCH,"Inflation, average consumer prices",Annual percent change,2.0000000000000018
2011-Apr,2011,Apr,2012,BEL,Belgium,PCPI_PCH,"Inflation, average consumer prices",Annual percent change,2.2622866317782986
2011-Apr,2011,Apr,2012,DEU,Germany,PCPI_PCH,"Inflation, average consumer prices",Annual percent change,1.5268493536319871
2011-Apr,2011,Apr,2012,ESP,Spain,PCPI_PCH,"Inflation, average consumer prices",Annual percent change,1.532684522048955
2011-Apr,2011,Apr,2012,FIN,Finland,PCPI_PCH,"Inflation, average consumer prices",Annual percent change,2.1435500527084983
2011-Apr,2011,Apr,2012,FRA,France,PCPI_PCH,"Inflation, average consumer prices",Annual percent change,1.7244654893386002
2011-Apr,2011,Apr,2012,GRC,Greece,PCPI_PCH,"Inflation, average consumer prices",Annual percent change,0.4999999999997451
2011-Apr,2011,Apr,2012,IRL,Ireland,PCPI_PCH,"Inflation, average consumer prices",Annual percent change,0.522684727894096
2011-Apr,2011,Apr,2012,ITA,Italy,PCPI_PCH,"Inflation, average consumer prices",Annual percent change,2.1298395023095607
2011-Apr,2011,Apr,2012,LUX,Luxembourg,PCPI_PCH,"Inflation, average consumer prices",Annual percent change,1.740000198747027
2011-Apr,2011,Apr,2012,NLD,Netherlands,PCPI_PCH,"Inflation, average consumer prices",Annual percent change,2.1820511096308115
2011-Apr,2011,Apr,2012,PRT,Portugal,PCPI_PCH,"Inflation, average consumer prices",Annual percent change,1.4174877594866242
2011-Oct,2011,Oct,2012,AUT,Austria,PCPI_PCH,"Inflation, average consumer prices",Annual percent change,2.200000000000002
2011-Oct,2011,Oct,2012,BEL,Belgium,PCPI_PCH,"Inflation, average consumer prices",Annual percent change,2.0492359419330475
2011-Oct,2011,Oct,2012,DEU,Germany,PCPI_PCH,"Inflation, average consumer prices",Annual percent change,1.300000320979633
2011-Oct,2011,Oct,2012,ESP,Spain,PCPI_PCH,"Inflation, average consumer prices",Annual percent change,1.4632068449045077
2011-Oct,2011,Oct,2012,FIN,Finland,PCPI_PCH,"Inflation, average consumer prices",Annual percent change,1.9965086104081875
2011-Oct,2011,Oct,2012,FRA,France,PCPI_PCH,"Inflation, average consumer prices",Annual percent change,1.3500630812291803
2011-Oct,2011,Oct,2012,GRC,Greece,PCPI_PCH,"Inflation, average consumer prices",Annual percent change,1.0282261632525325
2011-Oct,2011,Oct,2012,IRL,Ireland,PCPI_PCH,"Inflation, average consumer prices",Annual percent change,0.6153273331891196
2011-Oct,2011,Oct,2012,ITA,Italy,PCPI_PCH,"Inflation, average consumer prices",Annual percent change,1.6444951276602726
2011-Oct,2011,Oct,2012,LUX,Luxembourg,PCPI_PCH,"Inflation, average consumer prices",Annual percent change,1.4456369403553992
2011-Oct,2011,Oct,2012,NLD,Netherlands,PCPI_PCH,"Inflation, average consumer prices",Annual percent change,2.000205318411119
2011-Oct,2011,Oct,2012,PRT,Portugal,PCPI_PCH,"Inflation, average consumer prices",Annual percent change,2.105739449837518
2012-Apr,2012,Apr,2013,AUT,Austria,PCPI_PCH,"Inflation, average consumer prices",Annual percent change,1.8999999999999906
2012-Apr,2012,Apr,2013,BEL,Belgium,PCPI_PCH,"Inflation, average consumer prices",Annual percent change,1.866785288313788
2012-Apr,2012,Apr,2013,DEU,Germany,PCPI_PCH,"Inflation, average consumer prices",Annual percent change,1.75020689610641
2012-Apr,2012,Apr,2013,ESP,Spain,PCPI_PCH,"Inflation, average consumer prices",Annual percent change,1.5607177480158052
2012-Apr,2012,Apr,2013,FIN,Finland,PCPI_PCH,"Inflation, average consumer prices",Annual percent change,2.141408265647704
2012-Apr,2012,Apr,2013,FRA,France,PCPI_PCH,"Inflation, average consumer prices",Annual percent change,1.6296534744733027
2012-Apr,2012,Apr,2013,GRC,Greece,PCPI_PCH,"Inflation, average consumer prices",Annual percent change,-0.25316115010243223
2012-Apr,2012,Apr,2013,IRL,Ireland,PCPI_PCH,"Inflation, average consumer prices",Annual percent change,1.2490000000000112
2012-Apr,2012,Apr,2013,ITA,Italy,PCPI_PCH,"Inflation, average consumer prices",Annual percent change,1.8365092308607167
2012-Apr,2012,Apr,2013,LUX,Luxembourg,PCPI_PCH,"Inflation, average consumer prices",Annual percent change,1.576231519739757
2012-Apr,2012,Apr,2013,NLD,Netherlands,PCPI_PCH,"Inflation, average consumer prices",Annual percent change,1.7609020843843304
2012-Apr,2012,Apr,2013,PRT,Portugal,PCPI_PCH,"Inflation, average consumer prices",Annual percent change,1.3996480497471264
2012-Oct,2012,Oct,2013,AUT,Austria,PCPI_PCH,"Inflation, average consumer prices",Annual percent change,1.8999999999999906
2012-Oct,2012,Oct,2013,BEL,Belgium,PCPI_PCH,"Inflation, average consumer prices",Annual percent change,1.9415934339526375
2012-Oct,2012,Oct,2013,DEU,Germany,PCPI_PCH,"Inflation, average consumer prices",Annual percent change,1.8603516133353981
2012-Oct,2012,Oct,2013,ESP,Spain,PCPI_PCH,"Inflation, average consumer prices",Annual percent change,2.426222810669909
2012-Oct,2012,Oct,2013,FIN,Finland,PCPI_PCH,"Inflation, average consumer prices",Annual percent change,2.304633679840351
2012-Oct,2012,Oct,2013,FRA,France,PCPI_PCH,"Inflation, average consumer prices",Annual percent change,0.9681705577665012
2012-Oct,2012,Oct,2013,GRC,Greece,PCPI_PCH,"Inflation, average consumer prices",Annual percent change,-1.0679601433983388
2012-Oct,2012,Oct,2013,IRL,Ireland,PCPI_PCH,"Inflation, average consumer prices",Annual percent change,0.9999999999995124
2012-Oct,2012,Oct,2013,ITA,Italy,PCPI_PCH,"Inflation, average consumer prices",Annual percent change,1.8129199123686934
2012-Oct,2012,Oct,2013,LUX,Luxembourg,PCPI_PCH,"Inflation, average consumer prices",Annual percent change,2.311147663394464
2012-Oct,2012,Oct,2013,NLD,Netherlands,PCPI_PCH,"Inflation, average consumer prices",Annual percent change,1.803770393501014
2012-Oct,2012,Oct,2013,PRT,Portugal,PCPI_PCH,"Inflation, average consumer prices",Annual percent change,0.6939504537667895
2013-Apr,2013,Apr,2014,AUT,Austria,PCPI_PCH,"Inflation, average consumer prices",Annual percent change,1.8999999999999906
2013-Apr,2013,Apr,2014,BEL,Belgium,PCPI_PCH,"Inflation, average consumer prices",Annual percent change,1.3588581662431265
2013-Apr,2013,Apr,2014,DEU,Germany,PCPI_PCH,"Inflation, average consumer prices",Annual percent change,1.700039082776339
2013-Apr,2013,Apr,2014,ESP,Spain,PCPI_PCH,"Inflation, average consumer prices",Annual percent change,1.5035581979540247
2013-Apr,2013,Apr,2014,FIN,Finland,PCPI_PCH,"Inflation, average consumer prices",Annual percent change,2.510705512494593
2013-Apr,2013,Apr,2014,FRA,France,PCPI_PCH,"Inflation, average consumer prices",Annual percent change,1.4558695452022485
2013-Apr,2013,Apr,2014,GRC,Greece,PCPI_PCH,"Inflation, average consumer prices",Annual percent change,-0.4399999999998294
2013-Apr,2013,Apr,2014,IRL,Ireland,PCPI_PCH,"Inflation, average consumer prices",Annual percent change,1.2723070000003611
2013-Apr,2013,Apr,2014,ITA,Italy,PCPI_PCH,"Inflation, average consumer prices",Annual percent change,1.432794596859277
2013-Apr,2013,Apr,2014,LUX,Luxembourg,PCPI_PCH,"Inflation, average consumer prices",Annual percent change,1.8970410434461238
2013-Apr,2013,Apr,2014,NLD,Netherlands,PCPI_PCH,"Inflation, average consumer prices",Annual percent change,1.735363712613025
2013-Apr,2013,Apr,2014,PRT,Portugal,PCPI_PCH,"Inflation, average consumer prices",Annual percent change,1.032631731762934
2013-Oct,2013,Oct,2014,AUT,Austria,PCPI_PCH,"Inflation, average consumer prices",Annual percent change,1.8000000000000016
2013-Oct,2013,Oct,2014,BEL,Belgium,PCPI_PCH,"Inflation, average consumer prices",Annual percent change,1.2215359003165949
2013-Oct,2013,Oct,2014,DEU,Germany,PCPI_PCH,"Inflation, average consumer prices",Annual percent change,1.7887865602340014
2013-Oct,2013,Oct,2014,ESP,Spain,PCPI_PCH,"Inflation, average consumer prices",Annual percent change,1.4563731136637115
2013-Oct,2013,Oct,2014,FIN,Finland,PCPI_PCH,"Inflation, average consumer prices",Annual percent change,2.426096704704084
2013-Oct,2013,Oct,2014,FRA,France,PCPI_PCH,"Inflation, average consumer prices",Annual percent change,1.4599999999998392
2013-Oct,2013,Oct,2014,GRC,Greece,PCPI_PCH,"Inflation, average consumer prices",Annual percent change,-0.43999999999960737
2013-Oct,2013,Oct,2014,IRL,Ireland,PCPI_PCH,"Inflation, average consumer prices",Annual percent change,1.233319999999849
2013-Oct,2013,Oct,2014,ITA,Italy,PCPI_PCH,"Inflation, average consumer prices",Annual percent change,1.28445728676998
2013-Oct,2013,Oct,2014,LUX,Luxembourg,PCPI_PCH,"Inflation, average consumer prices",Annual percent change,1.907864397708181
2013-Oct,2013,Oct,2014,NLD,Netherlands,PCPI_PCH,"Inflation, average consumer prices",Annual percent change,1.2955721422272637
2013-Oct,2013,Oct,2014,PRT,Portugal,PCPI_PCH,"Inflation, average consumer prices",Annual percent change,1.0000071005731082
2014-Apr,2014,Apr,2015,AUT,Austria,PCPI_PCH,"Inflation, average consumer prices",Annual percent change,1.6999999999996351
2014-Apr,2014,Apr,2015,BEL,Belgium,PCPI_PCH,"Inflation, average consumer prices",Annual percent change,1.1157071010486685
2014-Apr,2014,Apr,2015,DEU,Germany,PCPI_PCH,"Inflation, average consumer prices",Annual percent change,1.3573474410619957
2014-Apr,2014,Apr,2015,ESP,Spain,PCPI_PCH,"Inflation, average consumer prices",Annual percent change,0.8379306953530063
2014-Apr,2014,Apr,2015,FIN,Finland,PCPI_PCH,"Inflation, average consumer prices",Annual percent change,1.5381622301447573
2014-Apr,2014,Apr,2015,FRA,France,PCPI_PCH,"Inflation, average consumer prices",Annual percent change,1.2282493346425172
2014-Apr,2014,Apr,2015,GRC,Greece,PCPI_PCH,"Inflation, average consumer prices",Annual percent change,0.34889163153337677
2014-Apr,2014,Apr,2015,IRL,Ireland,PCPI_PCH,"Inflation, average consumer prices",Annual percent change,1.120198499999847
2014-Apr,2014,Apr,2015,ITA,Italy,PCPI_PCH,"Inflation, average consumer prices",Annual percent change,1.0333374051039401
2014-Apr,2014,Apr,2015,LUX,Luxembourg,PCPI_PCH,"Inflation, average consumer prices",Annual percent change,1.8440412366599546
2014-Apr,2014,Apr,2015,NLD,Netherlands,PCPI_PCH,"Inflation, average consumer prices",Annual percent change,1.0016230468270493
2014-Apr,2014,Apr,2015,PRT,Portugal,PCPI_PCH,"Inflation, average consumer prices",Annual percent change,1.1989237324296242
2014-Oct,2014,Oct,2015,AUT,Austria,PCPI_PCH,"Inflation, average consumer prices",Annual percent change,1.700000000000168
2014-Oct,2014,Oct,2015,BEL,Belgium,PCPI_PCH,"Inflation, average consumer prices",Annual percent change,0.9559324087783816
2014-Oct,2014,Oct,2015,DEU,Germany,PCPI_PCH,"Inflation, average consumer prices",Annual percent change,1.2472600746208373
2014-Oct,2014,Oct,2015,ESP,Spain,PCPI_PCH,"Inflation, average consumer prices",Annual percent change,0.6357181161296799
2014-Oct,2014,Oct,2015,FIN,Finland,PCPI_PCH,"Inflation, average consumer prices",Annual percent change,1.5272664570683991
2014-Oct,2014,Oct,2015,FRA,France,PCPI_PCH,"Inflation, average consumer prices",Annual percent change,0.9282493346418397
2014-Oct,2014,Oct,2015,GRC,Greece,PCPI_PCH,"Inflation, average consumer prices",Annual percent change,0.2999999999997005
2014-Oct,2014,Oct,2015,IRL,Ireland,PCPI_PCH,"Inflation, average consumer prices",Annual percent change,0.8682690000004767
2014-Oct,2014,Oct,2015,ITA,Italy,PCPI_PCH,"Inflation, average consumer prices",Annual percent change,0.4610778026797657
2014-Oct,2014,Oct,2015,LUX,Luxembourg,PCPI_PCH,"Inflation, average consumer prices",Annual percent change,2.1167611665354302
2014-Oct,2014,Oct,2015,NLD,Netherlands,PCPI_PCH,"Inflation, average consumer prices",Annual percent change,0.7208068295814885
2014-Oct,2014,Oct,2015,PRT,Portugal,PCPI_PCH,"Inflation, average consumer prices",Annual percent change,1.0614820958081639
2015-Apr,2015,Apr,2016,AUT,Austria,PCPI_PCH,"Inflation, average consumer prices",Annual percent change,1.5000000000005675
2015-Apr,2015,Apr,2016,BEL,Belgium,PCPI_PCH,"Inflation, average consumer prices",Annual percent change,0.9188546405475728
2015-Apr,2015,Apr,2016,DEU,Germany,PCPI_PCH,"Inflation, average consumer prices",Annual percent change,1.3212159201083873
2015-Apr,2015,Apr,2016,ESP,Spain,PCPI_PCH,"Inflation, average consumer prices",Annual percent change,0.6804781474732735
2015-Apr,2015,Apr,2016,FIN,Finland,PCPI_PCH,"Inflation, average consumer prices",Annual percent change,1.6254155936672454
2015-Apr,2015,Apr,2016,FRA,France,PCPI_PCH,"Inflation, average consumer prices",Annual percent change,0.8300184911352204
2015-Apr,2015,Apr,2016,GRC,Greece,PCPI_PCH,"Inflation, average consumer prices",Annual percent change,0.32677733388311037
2015-Apr,2015,Apr,2016,IRL,Ireland,PCPI_PCH,"Inflation, average consumer prices",Annual percent change,1.489584000000077
2015-Apr,2015,Apr,2016,ITA,Italy,PCPI_PCH,"Inflation, average consumer prices",Annual percent change,0.8219936640676773
2015-Apr,2015,Apr,2016,LUX,Luxembourg,PCPI_PCH,"Inflation, average consumer prices",Annual percent change,1.6025068208258109
2015-Apr,2015,Apr,2016,NLD,Netherlands,PCPI_PCH,"Inflation, average consumer prices",Annual percent change,0.8512221959966926
2015-Apr,2015,Apr,2016,PRT,Portugal,PCPI_PCH,"Inflation, average consumer prices",Annual percent change,1.300582648661397
2015-Oct,2015,Oct,2016,AUT,Austria,PCPI_PCH,"Inflation, average consumer prices",Annual percent change,1.6999999999997462
2015-Oct,2015,Oct,2016,BEL,Belgium,PCPI_PCH,"Inflation, average consumer prices",Annual percent change,1.0869266666234667
2015-Oct,2015,Oct,2016,DEU,Germany,PCPI_PCH,"Inflation, average consumer prices",Annual percent change,1.1551750181866494
2015-Oct,2015,Oct,2016,ESP,Spain,PCPI_PCH,"Inflation, average consumer prices",Annual percent change,0.9068224459692908
2015-Oct,2015,Oct,2016,FIN,Finland,PCPI_PCH,"Inflation, average consumer prices",Annual percent change,1.2926254371099732
2015-Oct,2015,Oct,2016,FRA,France,PCPI_PCH,"Inflation, average consumer prices",Annual percent change,0.9800000074961845
2015-Oct,2015,Oct,2016,GRC,Greece,PCPI_PCH,"Inflation, average consumer prices",Annual percent change,0.03096267259858898
2015-Oct,2015,Oct,2016,IRL,Ireland,PCPI_PCH,"Inflation, average consumer prices",Annual percent change,1.4672800000004482
2015-Oct,2015,Oct,2016,ITA,Italy,PCPI_PCH,"Inflation, average consumer prices",Annual percent change,0.6671913017538778
2015-Oct,2015,Oct,2016,LUX,Luxembourg,PCPI_PCH,"Inflation, average consumer prices",Annual percent change,1.5501013274937359
2015-Oct,2015,Oct,2016,NLD,Netherlands,PCPI_PCH,"Inflation, average consumer prices",Annual percent change,1.3118883527016623
2015-Oct,2015,Oct,2016,PRT,Portugal,PCPI_PCH,"Inflation, average consumer prices",Annual percent change,1.3228108260871396
2016-Apr,2016,Apr,2017,AUT,Austria,PCPI_PCH,"Inflation, average consumer prices",Annual percent change,1.7999999999998906
2016-Apr,2016,Apr,2017,BEL,Belgium,PCPI_PCH,"Inflation, average consumer prices",Annual percent change,1.1115941940631258
2016-Apr,2016,Apr,2017,DEU,Germany,PCPI_PCH,"Inflation, average consumer prices",Annual percent change,1.4387794797937614
2016-Apr,2016,Apr,2017,ESP,Spain,PCPI_PCH,"Inflation, average consumer prices",Annual percent change,1.045159618153324
2016-Apr,2016,Apr,2017,FIN,Finland,PCPI_PCH,"Inflation, average consumer prices",Annual percent change,1.3890897122629031
2016-Apr,2016,Apr,2017,FRA,France,PCPI_PCH,"Inflation, average consumer prices",Annual percent change,1.0746718325413074
2016-Apr,2016,Apr,2017,GRC,Greece,PCPI_PCH,"Inflation, average consumer prices",Annual percent change,0.5872436567349038
2016-Apr,2016,Apr,2017,IRL,Ireland,PCPI_PCH,"Inflation, average consumer prices",Annual percent change,1.4106200000000069
2016-Apr,2016,Apr,2017,ITA,Italy,PCPI_PCH,"Inflation, average consumer prices",Annual percent change,0.7023881363739548
2016-Apr,2016,Apr,2017,LUX,Luxembourg,PCPI_PCH,"Inflation, average consumer prices",Annual percent change,1.315505664622063
2016-Apr,2016,Apr,2017,NLD,Netherlands,PCPI_PCH,"Inflation, average consumer prices",Annual percent change,0.7099806732767888
2016-Apr,2016,Apr,2017,PRT,Portugal,PCPI_PCH,"Inflation, average consumer prices",Annual percent change,1.159124054033045
2016-Oct,2016,Oct,2017,AUT,Austria,PCPI_PCH,"Inflation, average consumer prices",Annual percent change,1.5453812841744297
2016-Oct,2016,Oct,2017,BEL,Belgium,PCPI_PCH,"Inflation, average consumer prices",Annual percent change,1.6149231280683685
2016-Oct,2016,Oct,2017,DEU,Germany,PCPI_PCH,"Inflation, average consumer prices",Annual percent change,1.5390401656805386
2016-Oct,2016,Oct,2017,ESP,Spain,PCPI_PCH,"Inflation, average consumer prices",Annual percent change,1.0209975085240686
2016-Oct,2016,Oct,2017,FIN,Finland,PCPI_PCH,"Inflation, average consumer prices",Annual percent change,1.2013088258894689
2016-Oct,2016,Oct,2017,FRA,France,PCPI_PCH,"Inflation, average consumer prices",Annual percent change,1.0042949055436123
2016-Oct,2016,Oct,2017,GRC,Greece,PCPI_PCH,"Inflation, average consumer prices",Annual percent change,0.6005960911556363
2016-Oct,2016,Oct,2017,IRL,Ireland,PCPI_PCH,"Inflation, average consumer prices",Annual percent change,1.159284000000449
2016-Oct,2016,Oct,2017,ITA,Italy,PCPI_PCH,"Inflation, average consumer prices",Annual percent change,0.4579182272882454
2016-Oct,2016,Oct,2017,LUX,Luxembourg,PCPI_PCH,"Inflation, average consumer prices",Annual percent change,1.0279383227497663
2016-Oct,2016,Oct,2017,NLD,Netherlands,PCPI_PCH,"Inflation, average consumer prices",Annual percent change,0.8666972800583927
2016-Oct,2016,Oct,2017,PRT,Portugal,PCPI_PCH,"Inflation, average consumer prices",Annual percent change,1.1305387537935419
2017-Apr,2017,Apr,2018,AUT,Austria,PCPI_PCH,"Inflation, average consumer prices",Annual percent change,1.7805462899916913
2017-Apr,2017,Apr,2018,BEL,Belgium,PCPI_PCH,"Inflation, average consumer prices",Annual percent change,1.7178574447385353
2017-Apr,2017,Apr,2018,DEU,Germany,PCPI_PCH,"Inflation, average consumer prices",Annual percent change,1.6749933621351687
2017-Apr,2017,Apr,2018,ESP,Spain,PCPI_PCH,"Inflation, average consumer prices",Annual percent change,1.425564965579551
2017-Apr,2017,Apr,2018,FIN,Finland,PCPI_PCH,"Inflation, average consumer prices",Annual percent change,1.6320564785847758
2017-Apr,2017,Apr,2018,FRA,France,PCPI_PCH,"Inflation, average consumer prices",Annual percent change,1.18840300788301
2017-Apr,2017,Apr,2018,GRC,Greece,PCPI_PCH,"Inflation, average consumer prices",Annual percent change,1.4004195817595377
2017-Apr,2017,Apr,2018,IRL,Ireland,PCPI_PCH,"Inflation, average consumer prices",Annual percent change,1.5302044717376173
2017-Apr,2017,Apr,2018,ITA,Italy,PCPI_PCH,"Inflation, average consumer prices",Annual percent change,1.2990494344219172
2017-Apr,2017,Apr,2018,LUX,Luxembourg,PCPI_PCH,"Inflation, average consumer prices",Annual percent change,1.3467532648072211
2017-Apr,2017,Apr,2018,NLD,Netherlands,PCPI_PCH,"Inflation, average consumer prices",Annual percent change,1.433362689822415
2017-Apr,2017,Apr,2018,PRT,Portugal,PCPI_PCH,"Inflation, average consumer prices",Annual percent change,1.396932296154918
2017-Oct,2017,Oct,2018,AUT,Austria,PCPI_PCH,"Inflation, average consumer prices",Annual percent change,1.8314131969743963
2017-Oct,2017,Oct,2018,BEL,Belgium,PCPI_PCH,"Inflation, average consumer prices",Annual percent change,1.4518694865904846
2017-Oct,2017,Oct,2018,DEU,Germany,PCPI_PCH,"Inflation, average consumer prices",Annual percent change,1.5243298116945914
2017-Oct,2017,Oct,2018,ESP,Spain,PCPI_PCH,"Inflation, average consumer prices",Annual percent change,1.4680146737045208
2017-Oct,2017,Oct,2018,FIN,Finland,PCPI_PCH,"Inflation, average consumer prices",Annual percent change,1.1602421372765237
2017-Oct,2017,Oct,2018,FRA,France,PCPI_PCH,"Inflation, average consumer prices",Annual percent change,1.293181167098023
2017-Oct,2017,Oct,2018,GRC,Greece,PCPI_PCH,"Inflation, average consumer prices",Annual percent change,1.295472833362532
2017-Oct,2017,Oct,2018,IRL,Ireland,PCPI_PCH,"Inflation, average consumer prices",Annual percent change,1.4638590222655568
2017-Oct,2017,Oct,2018,ITA,Italy,PCPI_PCH,"Inflation, average consumer prices",Annual percent change,1.1526428766824637
2017-Oct,2017,Oct,2018,LUX,Luxembourg,PCPI_PCH,"Inflation, average consumer prices",Annual percent change,1.2891656240786364
2017-Oct,2017,Oct,2018,NLD,Netherlands,PCPI_PCH,"Inflation, average consumer prices",Annual percent change,1.4333626898220153
2017-Oct,2017,Oct,2018,PRT,Portugal,PCPI_PCH,"Inflation, average consumer prices",Annual percent change,2.0109085672955773
2018-Apr,2018,Apr,2019,AUT,Austria,PCPI_PCH,"Inflation, average consumer prices",Annual percent change,2.200000000000024
2018-Apr,2018,Apr,2019,BEL,Belgium,PCPI_PCH,"Inflation, average consumer prices",Annual percent change,1.7818276000943545
2018-Apr,2018,Apr,2019,DEU,Germany,PCPI_PCH,"Inflation, average consumer prices",Annual percent change,1.6665303398347042
2018-Apr,2018,Apr,2019,ESP,Spain,PCPI_PCH,"Inflation, average consumer prices",Annual percent change,1.5929419714560966
2018-Apr,2018,Apr,2019,FIN,Finland,PCPI_PCH,"Inflation, average consumer prices",Annual percent change,1.6929965585863238
2018-Apr,2018,Apr,2019,FRA,France,PCPI_PCH,"Inflation, average consumer prices",Annual percent change,1.6092784704531349
2018-Apr,2018,Apr,2019,GRC,Greece,PCPI_PCH,"Inflation, average consumer prices",Annual percent change,1.1336171538969708
2018-Apr,2018,Apr,2019,IRL,Ireland,PCPI_PCH,"Inflation, average consumer prices",Annual percent change,1.3452794479449803
2018-Apr,2018,Apr,2019,ITA,Italy,PCPI_PCH,"Inflation, average consumer prices",Annual percent change,1.308759999999154
2018-Apr,2018,Apr,2019,LUX,Luxembourg,PCPI_PCH,"Inflation, average consumer prices",Annual percent change,1.8033798293685344
2018-Apr,2018,Apr,2019,NLD,Netherlands,PCPI_PCH,"Inflation, average consumer prices",Annual percent change,2.166652580482009
2018-Apr,2018,Apr,2019,PRT,Portugal,PCPI_PCH,"Inflation, average consumer prices",Annual percent change,1.5999999999998904
2018-Oct,2018,Oct,2019,AUT,Austria,PCPI_PCH,"Inflation, average consumer prices",Annual percent change,2.064888605057047
2018-Oct,2018,Oct,2019,BEL,Belgium,PCPI_PCH,"Inflation, average consumer prices",Annual percent change,1.7891766130305076
2018-Oct,2018,Oct,2019,DEU,Germany,PCPI_PCH,"Inflation, average consumer prices",Annual percent change,1.7775590029811106
2018-Oct,2018,Oct,2019,ESP,Spain,PCPI_PCH,"Inflation, average consumer prices",Annual percent change,1.778609256907604
2018-Oct,2018,Oct,2019,FIN,Finland,PCPI_PCH,"Inflation, average consumer prices",Annual percent change,1.6570851380487195
2018-Oct,2018,Oct,2019,FRA,France,PCPI_PCH,"Inflation, average consumer prices",Annual percent change,1.8455299433732142
2018-Oct,2018,Oct,2019,GRC,Greece,PCPI_PCH,"Inflation, average consumer prices",Annual percent change,1.196926874015758
2018-Oct,2018,Oct,2019,IRL,Ireland,PCPI_PCH,"Inflation, average consumer prices",Annual percent change,1.247891988630867
2018-Oct,2018,Oct,2019,ITA,Italy,PCPI_PCH,"Inflation, average consumer prices",Annual percent change,1.4156999999998643
2018-Oct,2018,Oct,2019,LUX,Luxembourg,PCPI_PCH,"Inflation, average consumer prices",Annual percent change,1.8171164004197937
2018-Oct,2018,Oct,2019,NLD,Netherlands,PCPI_PCH,"Inflation, average consumer prices",Annual percent change,1.6400898062462366
2018-Oct,2018,Oct,2019,PRT,Portugal,PCPI_PCH,"Inflation, average consumer prices",Annual percent change,1.631418923239747
2019-Apr,2019,Apr,2020,AUT,Austria,PCPI_PCH,"Inflation, average consumer prices",Annual percent change,1.9876384204413844
2019-Apr,2019,Apr,2020,BEL,Belgium,PCPI_PCH,"Inflation, average consumer prices",Annual percent change,1.604303090318715
2019-Apr,2019,Apr,2020,DEU,Germany,PCPI_PCH,"Inflation, average consumer prices",Annual percent change,1.6731209534221136
2019-Apr,2019,Apr,2020,ESP,Spain,PCPI_PCH,"Inflation, average consumer prices",Annual percent change,1.6249000422913662
2019-Apr,2019,Apr,2020,FIN,Finland,PCPI_PCH,"Inflation, average consumer prices",Annual percent change,1.5055194554047802
2019-Apr,2019,Apr,2020,FRA,France,PCPI_PCH,"Inflation, average consumer prices",Annual percent change,1.5466664950618325
2019-Apr,2019,Apr,2020,GRC,Greece,PCPI_PCH,"Inflation, average consumer prices",Annual percent change,1.442907974282459
2019-Apr,2019,Apr,2020,IRL,Ireland,PCPI_PCH,"Inflation, average consumer prices",Annual percent change,1.4999999999999902
2019-Apr,2019,Apr,2020,ITA,Italy,PCPI_PCH,"Inflation, average consumer prices",Annual percent change,1.1921000000000737
2019-Apr,2019,Apr,2020,LUX,Luxembourg,PCPI_PCH,"Inflation, average consumer prices",Annual percent change,1.8627915365479142
2019-Apr,2019,Apr,2020,NLD,Netherlands,PCPI_PCH,"Inflation, average consumer prices",Annual percent change,1.6382798227052797
2019-Apr,2019,Apr,2020,PRT,Portugal,PCPI_PCH,"Inflation, average consumer prices",Annual percent change,1.7001048962844267
2019-Oct,2019,Oct,2020,AUT,Austria,PCPI_PCH,"Inflation, average consumer prices",Annual percent change,1.8600405987299506
2019-Oct,2019,Oct,2020,BEL,Belgium,PCPI_PCH,"Inflation, average consumer prices",Annual percent change,1.2537144751028517
2019-Oct,2019,Oct,2020,DEU,Germany,PCPI_PCH,"Inflation, average consumer prices",Annual percent change,1.6663305254555283
2019-Oct,2019,Oct,2020,ESP,Spain,PCPI_PCH,"Inflation, average consumer prices",Annual percent change,1.0490754300829463
2019-Oct,2019,Oct,2020,FIN,Finland,PCPI_PCH,"Inflation, average consumer prices",Annual percent change,1.258759280813404
2019-Oct,2019,Oct,2020,FRA,France,PCPI_PCH,"Inflation, average consumer prices",Annual percent change,1.3320523238324
2019-Oct,2019,Oct,2020,GRC,Greece,PCPI_PCH,"Inflation, average consumer prices",Annual percent change,0.9435393530340397
2019-Oct,2019,Oct,2020,IRL,Ireland,PCPI_PCH,"Inflation, average consumer prices",Annual percent change,1.5000000000001013
2019-Oct,2019,Oct,2020,ITA,Italy,PCPI_PCH,"Inflation, average consumer prices",Annual percent change,1.0360999999995846
2019-Oct,2019,Oct,2020,LUX,Luxembourg,PCPI_PCH,"Inflation, average consumer prices",Annual percent change,1.736745682955254
2019-Oct,2019,Oct,2020,NLD,Netherlands,PCPI_PCH,"Inflation, average consumer prices",Annual percent change,1.605613959123131
2019-Oct,2019,Oct,2020,PRT,Portugal,PCPI_PCH,"Inflation, average consumer prices",Annual percent change,1.2383393235722684
2020-Apr,2020,Apr,2021,AUT,Austria,PCPI_PCH,"Inflation, average consumer prices",Annual percent change,1.6990107075477212
2020-Apr,2020,Apr,2021,BEL,Belgium,PCPI_PCH,"Inflation, average consumer prices",Annual percent change,1.089565697387651
2020-Apr,2020,Apr,2021,DEU,Germany,PCPI_PCH,"Inflation, average consumer prices",Annual percent change,1.1834330155011674
2020-Apr,2020,Apr,2021,ESP,Spain,PCPI_PCH,"Inflation, average consumer prices",Annual percent change,0.6544864590384503
2020-Apr,2020,Apr,2021,FIN,Finland,PCPI_PCH,"Inflation, average consumer prices",Annual percent change,1.6762461912010806
2020-Apr,2020,Apr,2021,FRA,France,PCPI_PCH,"Inflation, average consumer prices",Annual percent change,0.6990627707495589
2020-Apr,2020,Apr,2021,GRC,Greece,PCPI_PCH,"Inflation, average consumer prices",Annual percent change,1.0153377339066072
2020-Apr,2020,Apr,2021,IRL,Ireland,PCPI_PCH,"Inflation, average consumer prices",Annual percent change,1.6999999999993465
2020-Apr,2020,Apr,2021,ITA,Italy,PCPI_PCH,"Inflation, average consumer prices",Annual percent change,0.6550732515355984
2020-Apr,2020,Apr,2021,LUX,Luxembourg,PCPI_PCH,"Inflation, average consumer prices",Annual percent change,1.477778925688611
2020-Apr,2020,Apr,2021,NLD,Netherlands,PCPI_PCH,"Inflation, average consumer prices",Annual percent change,1.1544156081157553
2020-Apr,2020,Apr,2021,PRT,Portugal,PCPI_PCH,"Inflation, average consumer prices",Annual percent change,1.3500622127749162
2020-Oct,2020,Oct,2021,AUT,Austria,PCPI_PCH,"Inflation, average consumer prices",Annual percent change,1.7560826171995503
2020-Oct,2020,Oct,2021,BEL,Belgium,PCPI_PCH,"Inflation, average consumer prices",Annual percent change,1.2447650663135468
2020-Oct,2020,Oct,2021,DEU,Germany,PCPI_PCH,"Inflation, average consumer prices",Annual percent change,1.079021269988223
2020-Oct,2020,Oct,2021,ESP,Spain,PCPI_PCH,"Inflation, average consumer prices",Annual percent change,0.7901430189244163
2020-Oct,2020,Oct,2021,FIN,Finland,PCPI_PCH,"Inflation, average consumer prices",Annual percent change,1.2635897229740234
2020-Oct,2020,Oct,2021,FRA,France,PCPI_PCH,"Inflation, average consumer prices",Annual percent change,0.6328450251361639
2020-Oct,2020,Oct,2021,GRC,Greece,PCPI_PCH,"Inflation, average consumer prices",Annual percent change,0.6862177615275522
2020-Oct,2020,Oct,2021,IRL,Ireland,PCPI_PCH,"Inflation, average consumer prices",Annual percent change,0.6000000000000005
2020-Oct,2020,Oct,2021,ITA,Italy,PCPI_PCH,"Inflation, average consumer prices",Annual percent change,0.6074185445883895
2020-Oct,2020,Oct,2021,LUX,Luxembourg,PCPI_PCH,"Inflation, average consumer prices",Annual percent change,1.3757367128081288
2020-Oct,2020,Oct,2021,NLD,Netherlands,PCPI_PCH,"Inflation, average consumer prices",Annual percent change,1.4890932579544325
2020-Oct,2020,Oct,2021,PRT,Portugal,PCPI_PCH,"Inflation, average consumer prices",Annual percent change,1.0614979605208186
2021-Apr,2021,Apr,2022,AUT,Austria,PCPI_PCH,"Inflation, average consumer prices",Annual percent change,1.8123651867857582
2021-Apr,2021,Apr,2022,BEL,Belgium,PCPI_PCH,"Inflation, average consumer prices",Annual percent change,1.9093880751452685
2021-Apr,2021,Apr,2022,DEU,Germany,PCPI_PCH,"Inflation, average consumer prices",Annual percent change,1.098763514065415
2021-Apr,2021,Apr,2022,ESP,Spain,PCPI_PCH,"Inflation, average consumer prices",Annual percent change,1.2801713994604613
2021-Apr,2021,Apr,2022,FIN,Finland,PCPI_PCH,"Inflation, average consumer prices",Annual percent change,1.4999999999996794
2021-Apr,2021,Apr,2022,FRA,France,PCPI_PCH,"Inflation, average consumer prices",Annual percent change,1.1667861311632999
2021-Apr,2021,Apr,2022,GRC,Greece,PCPI_PCH,"Inflation, average consumer prices",Annual percent change,0.8344461718988727
2021-Apr,2021,Apr,2022,IRL,Ireland,PCPI_PCH,"Inflation, average consumer prices",Annual percent change,1.8999999999999906
2021-Apr,2021,Apr,2022,ITA,Italy,PCPI_PCH,"Inflation, average consumer prices",Annual percent change,0.8820985663855474
2021-Apr,2021,Apr,2022,LUX,Luxembourg,PCPI_PCH,"Inflation, average consumer prices",Annual percent change,1.7590084110512993
2021-Apr,2021,Apr,2022,NLD,Netherlands,PCPI_PCH,"Inflation, average consumer prices",Annual percent change,1.4781769779303344
2021-Apr,2021,Apr,2022,PRT,Portugal,PCPI_PCH,"Inflation, average consumer prices",Annual percent change,1.1637594518461691
2021-Oct,2021,Oct,2022,AUT,Austria,PCPI_PCH,"Inflation, average consumer prices",Annual percent change,2.4479765268901943
2021-Oct,2021,Oct,2022,BEL,Belgium,PCPI_PCH,"Inflation, average consumer prices",Annual percent change,2.2309618110572194
2021-Oct,2021,Oct,2022,DEU,Germany,PCPI_PCH,"Inflation, average consumer prices",Annual percent change,1.5076359080894441
2021-Oct,2021,Oct,2022,ESP,Spain,PCPI_PCH,"Inflation, average consumer prices",Annual percent change,1.6455769825156619
2021-Oct,2021,Oct,2022,FIN,Finland,PCPI_PCH,"Inflation, average consumer prices",Annual percent change,1.6107707066464805
2021-Oct,2021,Oct,2022,FRA,France,PCPI_PCH,"Inflation, average consumer prices",Annual percent change,1.6203396973081485
2021-Oct,2021,Oct,2022,GRC,Greece,PCPI_PCH,"Inflation, average consumer prices",Annual percent change,0.3668093696938657
2021-Oct,2021,Oct,2022,IRL,Ireland,PCPI_PCH,"Inflation, average consumer prices",Annual percent change,1.8999999999999906
2021-Oct,2021,Oct,2022,ITA,Italy,PCPI_PCH,"Inflation, average consumer prices",Annual percent change,1.788132890936689
2021-Oct,2021,Oct,2022,LUX,Luxembourg,PCPI_PCH,"Inflation, average consumer prices",Annual percent change,1.3702701085836821
2021-Oct,2021,Oct,2022,NLD,Netherlands,PCPI_PCH,"Inflation, average consumer prices",Annual percent change,1.7041173777853524
2021-Oct,2021,Oct,2022,PRT,Portugal,PCPI_PCH,"Inflation, average consumer prices",Annual percent change,1.2758949381543427
2022-Apr,2022,Apr,2023,AUT,Austria,PCPI_PCH,"Inflation, average consumer prices",Annual percent change,2.2100142898685116
2022-Apr,2022,Apr,2023,BEL,Belgium,PCPI_PCH,"Inflation, average consumer prices",Annual percent change,1.3393398730763728
2022-Apr,2022,Apr,2023,DEU,Germany,PCPI_PCH,"Inflation, average consumer prices",Annual percent change,2.8995872295684233
2022-Apr,2022,Apr,2023,ESP,Spain,PCPI_PCH,"Inflation, average consumer prices",Annual percent change,1.2800154656958052
2022-Apr,2022,Apr,2023,FIN,Finland,PCPI_PCH,"Inflation, average consumer prices",Annual percent change,2.677403001336476
2022-Apr,2022,Apr,2023,FRA,France,PCPI_PCH,"Inflation, average consumer prices",Annual percent change,1.7833856234376055
2022-Apr,2022,Apr,2023,GRC,Greece,PCPI_PCH,"Inflation, average consumer prices",Annual percent change,1.3085027407155225
2022-Apr,2022,Apr,2023,IRL,Ireland,PCPI_PCH,"Inflation, average consumer prices",Annual percent change,2.699999999999503
2022-Apr,2022,Apr,2023,ITA,Italy,PCPI_PCH,"Inflation, average consumer prices",Annual percent change,2.4975769312457707
2022-Apr,2022,Apr,2023,LUX,Luxembourg,PCPI_PCH,"Inflation, average consumer prices",Annual percent change,1.9652689686130431
2022-Apr,2022,Apr,2023,NLD,Netherlands,PCPI_PCH,"Inflation, average consumer prices",Annual percent change,2.2866344436682784
2022-Apr,2022,Apr,2023,PRT,Portugal,PCPI_PCH,"Inflation, average consumer prices",Annual percent change,1.4749721304603947
2022-Oct,2022,Oct,2023,AUT,Austria,PCPI_PCH,"Inflation, average consumer prices",Annual percent change,5.116808147284879
2022-Oct,2022,Oct,2023,BEL,Belgium,PCPI_PCH,"Inflation, average consumer prices",Annual percent change,4.91409340889013
2022-Oct,2022,Oct,2023,DEU,Germany,PCPI_PCH,"Inflation, average consumer prices",Annual percent change,7.186937330035015
2022-Oct,2022,Oct,2023,ESP,Spain,PCPI_PCH,"Inflation, average consumer prices",Annual percent change,4.853352862293492
2022-Oct,2022,Oct,2023,FIN,Finland,PCPI_PCH,"Inflation, average consumer prices",Annual percent change,3.5103224149688472
2022-Oct,2022,Oct,2023,FRA,France,PCPI_PCH,"Inflation, average consumer prices",Annual percent change,4.603951880236012
2022-Oct,2022,Oct,2023,GRC,Greece,PCPI_PCH,"Inflation, average consumer prices",Annual percent change,3.1993058628486892
2022-Oct,2022,Oct,2023,IRL,Ireland,PCPI_PCH,"Inflation, average consumer prices",Annual percent change,6.499999999999684
2022-Oct,2022,Oct,2023,ITA,Italy,PCPI_PCH,"Inflation, average consumer prices",Annual percent change,5.2121659777562
2022-Oct,2022,Oct,2023,LUX,Luxembourg,PCPI_PCH,"Inflation, average consumer prices",Annual percent change,3.6920758254325836
2022-Oct,2022,Oct,2023,NLD,Netherlands,PCPI_PCH,"Inflation, average consumer prices",Annual percent change,7.99938400362139
2022-Oct,2022,Oct,2023,PRT,Portugal,PCPI_PCH,"Inflation, average consumer prices",Annual percent change,4.670515266736119
2023-Apr,2023,Apr,2024,AUT,Austria,PCPI_PCH,"Inflation, average consumer prices",Annual percent change,3.0088224967532717
2023-Apr,2023,Apr,2024,BEL,Belgium,PCPI_PCH,"Inflation, average consumer prices",Annual percent change,2.136472833990277
2023-Apr,2023,Apr,2024,DEU,Germany,PCPI_PCH,"Inflation, average consumer prices",Annual percent change,3.0770928997696734
2023-Apr,2023,Apr,2024,ESP,Spain,PCPI_PCH,"Inflation, average consumer prices",Annual percent change,3.152285743967065
2023-Apr,2023,Apr,2024,FIN,Finland,PCPI_PCH,"Inflation, average consumer prices",Annual percent change,2.4560764581222028
2023-Apr,2023,Apr,2024,FRA,France,PCPI_PCH,"Inflation, average consumer prices",Annual percent change,2.4633714581436816
2023-Apr,2023,Apr,2024,GRC,Greece,PCPI_PCH,"Inflation, average consumer prices",Annual percent change,2.8758727103727733
2023-Apr,2023,Apr,2024,IRL,Ireland,PCPI_PCH,"Inflation, average consumer prices",Annual percent change,3.200000000000003
2023-Apr,2023,Apr,2024,ITA,Italy,PCPI_PCH,"Inflation, average consumer prices",Annual percent change,2.5710923524763007
2023-Apr,2023,Apr,2024,LUX,Luxembourg,PCPI_PCH,"Inflation, average consumer prices",Annual percent change,3.127647979023984
2023-Apr,2023,Apr,2024,NLD,Netherlands,PCPI_PCH,"Inflation, average consumer prices",Annual percent change,4.16651675487687
2023-Apr,2023,Apr,2024,PRT,Portugal,PCPI_PCH,"Inflation, average consumer prices",Annual percent change,3.0511529628058254
2023-Oct,2023,Oct,2024,AUT,Austria,PCPI_PCH,"Inflation, average consumer prices",Annual percent change,3.6982426072588392
2023-Oct,2023,Oct,2024,BEL,Belgium,PCPI_PCH,"Inflation, average consumer prices",Annual percent change,4.319404548524908
2023-Oct,2023,Oct,2024,DEU,Germany,PCPI_PCH,"Inflation, average consumer prices",Annual percent change,3.5320079346024214
2023-Oct,2023,Oct,2024,ESP,Spain,PCPI_PCH,"Inflation, average consumer prices",Annual percent change,3.928782999750946
2023-Oct,2023,Oct,2024,FIN,Finland,PCPI_PCH,"Inflation, average consumer prices",Annual percent change,1.8531575701798975
2023-Oct,2023,Oct,2024,FRA,France,PCPI_PCH,"Inflation, average consumer prices",Annual percent change,2.460000000000395
2023-Oct,2023,Oct,2024,GRC,Greece,PCPI_PCH,"Inflation, average consumer prices",Annual percent change,2.8343378203648406
2023-Oct,2023,Oct,2024,IRL,Ireland,PCPI_PCH,"Inflation, average consumer prices",Annual percent change,3.0000000000000027
2023-Oct,2023,Oct,2024,ITA,Italy,PCPI_PCH,"Inflation, average consumer prices",Annual percent change,2.6084742885033263
2023-Oct,2023,Oct,2024,LUX,Luxembourg,PCPI_PCH,"Inflation, average consumer prices",Annual percent change,3.3211708293888975
2023-Oct,2023,Oct,2024,NLD,Netherlands,PCPI_PCH,"Inflation, average consumer prices",Annual percent change,4.238945826033325
2023-Oct,2023,Oct,2024,PRT,Portugal,PCPI_PCH,"Inflation, average consumer prices",Annual percent change,3.41050393102047
2024-Apr,2024,Apr,2025,AUT,Austria,PCPI_PCH,"Inflation, average consumer prices",Annual percent change,2.7827993823368535
2024-Apr,2024,Apr,2025,BEL,Belgium,PCPI_PCH,"Inflation, average consumer prices",Annual percent change,1.9926233736879295
2024-Apr,2024,Apr,2025,DEU,Germany,PCPI_PCH,"Inflation, average consumer prices",Annual percent change,2.01934915638049
2024-Apr,2024,Apr,2025,ESP,Spain,PCPI_PCH,"Inflation, average consumer prices",Annual percent change,2.360650635670658
2024-Apr,2024,Apr,2025,FIN,Finland,PCPI_PCH,"Inflation, average consumer prices",Annual percent change,1.9335871257876835
2024-Apr,2024,Apr,2025,FRA,France,PCPI_PCH,"Inflation, average consumer prices",Annual percent change,1.792333629321341
2024-Apr,2024,Apr,2025,GRC,Greece,PCPI_PCH,"Inflation, average consumer prices",Annual percent change,2.0962600098251016
2024-Apr,2024,Apr,2025,IRL,Ireland,PCPI_PCH,"Inflation, average consumer prices",Annual percent change,2.000000000000557
2024-Apr,2024,Apr,2025,ITA,Italy,PCPI_PCH,"Inflation, average consumer prices",Annual percent change,2.000285235478172
2024-Apr,2024,Apr,2025,LUX,Luxembourg,PCPI_PCH,"Inflation, average consumer prices",Annual percent change,3.0948205492130842
2024-Apr,2024,Apr,2025,NLD,Netherlands,PCPI_PCH,"Inflation, average consumer prices",Annual percent change,2.1028328564317134
2024-Apr,2024,Apr,2025,PRT,Portugal,PCPI_PCH,"Inflation, average consumer prices",Annual percent change,2.0053762810872344
2024-Oct,2024,Oct,2025,AUT,Austria,PCPI_PCH,"Inflation, average consumer prices",Annual percent change,2.4810803203399567
2024-Oct,2024,Oct,2025,BEL,Belgium,PCPI_PCH,"Inflation, average consumer prices",Annual percent change,2.0847793509215284
2024-Oct,2024,Oct,2025,DEU,Germany,PCPI_PCH,"Inflation, average consumer prices",Annual percent change,2.0280520595468365
2024-Oct,2024,Oct,2025,ESP,Spain,PCPI_PCH,"Inflation, average consumer prices",Annual percent change,1.8924891506595376
2024-Oct,2024,Oct,2025,FIN,Finland,PCPI_PCH,"Inflation, average consumer prices",Annual percent change,1.8596506576542327
2024-Oct,2024,Oct,2025,FRA,France,PCPI_PCH,"Inflation, average consumer prices",Annual percent change,1.639986610748756
2024-Oct,2024,Oct,2025,GRC,Greece,PCPI_PCH,"Inflation, average consumer prices",Annual percent change,2.096271141325645
2024-Oct,2024,Oct,2025,IRL,Ireland,PCPI_PCH,"Inflation, average consumer prices",Annual percent change,1.843048314567164
2024-Oct,2024,Oct,2025,ITA,Italy,PCPI_PCH,"Inflation, average consumer prices",Annual percent change,2.142487421126682
2024-Oct,2024,Oct,2025,LUX,Luxembourg,PCPI_PCH,"Inflation, average consumer prices",Annual percent change,2.6115383270019166
2024-Oct,2024,Oct,2025,NLD,Netherlands,PCPI_PCH,"Inflation, average consumer prices",Annual percent change,2.340026577497478
2024-Oct,2024,Oct,2025,PRT,Portugal,PCPI_PCH,"Inflation, average consumer prices",Annual percent change,2.053358419563156
2025-Apr,2025,Apr,2026,AUT,Austria,PCPI_PCH,"Inflation, average consumer prices",Annual percent change,1.6935776810922398
2025-Apr,2025,Apr,2026,BEL,Belgium,PCPI_PCH,"Inflation, average consumer prices",Annual percent change,2.1226228841641603
2025-Apr,2025,Apr,2026,DEU,Germany,PCPI_PCH,"Inflation, average consumer prices",Annual percent change,1.9464134355461349
2025-Apr,2025,Apr,2026,ESP,Spain,PCPI_PCH,"Inflation, average consumer prices",Annual percent change,1.9578724667985936
2025-Apr,2025,Apr,2026,FIN,Finland,PCPI_PCH,"Inflation, average consumer prices",Annual percent change,1.9999999999995577
2025-Apr,2025,Apr,2026,FRA,France,PCPI_PCH,"Inflation, average consumer prices",Annual percent change,1.640959091520977
2025-Apr,2025,Apr,2026,GRC,Greece,PCPI_PCH,"Inflation, average consumer prices",Annual percent change,2.0776546345541824
2025-Apr,2025,Apr,2026,IRL,Ireland,PCPI_PCH,"Inflation, average consumer prices",Annual percent change,1.6619823847869197
2025-Apr,2025,Apr,2026,ITA,Italy,PCPI_PCH,"Inflation, average consumer prices",Annual percent change,1.9593591815454836
2025-Apr,2025,Apr,2026,LUX,Luxembourg,PCPI_PCH,"Inflation, average consumer prices",Annual percent change,2.126633131094402
2025-Apr,2025,Apr,2026,NLD,Netherlands,PCPI_PCH,"Inflation, average consumer prices",Annual percent change,2.3444384874726554
2025-Apr,2025,Apr,2026,PRT,Portugal,PCPI_PCH,"Inflation, average consumer prices",Annual percent change,2.0832369557900465
2025-Oct,2025,Oct,2026,AUT,Austria,PCPI_PCH,"Inflation, average consumer prices",Annual percent change,2.328410888521315
2025-Oct,2025,Oct,2026,BEL,Belgium,PCPI_PCH,"Inflation, average consumer prices",Annual percent change,1.2664435528188855
2025-Oct,2025,Oct,2026,DEU,Germany,PCPI_PCH,"Inflation, average consumer prices",Annual percent change,1.7560491850438398
2025-Oct,2025,Oct,2026,ESP,Spain,PCPI_PCH,"Inflation, average consumer prices",Annual percent change,2.0235859348509244
2025-Oct,2025,Oct,2026,FIN,Finland,PCPI_PCH,"Inflation, average consumer prices",Annual percent change,1.9360371977267476
2025-Oct,2025,Oct,2026,FRA,France,PCPI_PCH,"Inflation, average consumer prices",Annual percent change,1.5260371810904783
2025-Oct,2025,Oct,2026,GRC,Greece,PCPI_PCH,"Inflation, average consumer prices",Annual percent change,2.4623748925257205
2025-Oct,2025,Oct,2026,IRL,Ireland,PCPI_PCH,"Inflation, average consumer prices",Annual percent change,1.6580969300199477
2025-Oct,2025,Oct,2026,ITA,Italy,PCPI_PCH,"Inflation, average consumer prices",Annual percent change,2.0137263115886483
2025-Oct,2025,Oct,2026,LUX,Luxembourg,PCPI_PCH,"Inflation, average consumer prices",Annual percent change,2.1594747603107534
2025-Oct,2025,Oct,2026,NLD,Netherlands,PCPI_PCH,"Inflation, average consumer prices",Annual percent change,2.449468930402676
2025-Oct,2025,Oct,2026,PRT,Portugal,PCPI_PCH,"Inflation, average consumer prices",Annual percent change,2.1251890589248923
