country,DATE,TIME PERIOD,holdings,total_assets,nexus
Austria,1997-09-30,1997Sep,26143.0,415054.0,0.06298698482607082
Austria,1997-10-31,1997Oct,26153.0,410533.0,0.06370498839313771
Austria,1997-11-30,1997Nov,26011.0,410001.0,0.06344130867973492
Austria,1997-12-31,1997Dec,26292.0,411520.0,0.06388996889580094
Austria,1998-01-31,1998Jan,27819.0,418188.0,0.06652271227294901
Austria,1998-02-28,1998Feb,26878.0,420176.0,0.06396843227599863
Austria,1998-03-31,1998Mar,27251.0,426612.0,0.06387771558230898
Austria,1998-04-30,1998Apr,27059.0,426999.0,0.0633701718271003
Austria,1998-05-31,1998May,26588.0,429170.0,0.06195214017755202
Austria,1998-06-30,1998Jun,27003.0,434129.0,0.06220040587014459
Austria,1998-07-31,1998Jul,27515.0,429002.0,0.06413723012946326
Austria,1998-08-31,1998Aug,26631.0,433001.0,0.06150332216322826
Austria,1998-09-30,1998Sep,26025.0,439427.0,0.05922485418510925
Austria,1998-10-31,1998Oct,27154.0,445063.0,0.0610115871236207
Austria,1998-11-30,1998Nov,25899.0,444667.0,0.05824358452504908
Austria,1998-12-31,1998Dec,24278.0,452235.0,0.05368447820270435
Austria,1999-01-31,1999Jan,26073.0,461136.0,0.05654080358072239
Austria,1999-02-28,1999Feb,25106.0,460593.0,0.05450799295690555
Austria,1999-03-31,1999Mar,24073.0,460923.0,0.05222781245457484
Austria,1999-04-30,1999Apr,23583.0,461107.0,0.05114431140711375
Austria,1999-05-31,1999May,23818.0,462769.0,0.05146844321897102
Austria,1999-06-30,1999Jun,23271.0,467667.0,0.04975976496096582
Austria,1999-07-31,1999Jul,23327.0,466972.0,0.04995374454999443
Austria,1999-08-31,1999Aug,22741.0,470758.0,0.048307198178257196
Austria,1999-09-30,1999Sep,22179.0,481000.0,0.04611018711018711
Austria,1999-10-31,1999Oct,21687.0,487230.0,0.04451080598485315
Austria,1999-11-30,1999Nov,22224.0,494867.0,0.04490903616527269
Austria,1999-12-31,1999Dec,20742.0,486709.0,0.04261684086384267
Austria,2000-01-31,2000Jan,21719.0,498269.0,0.04358890478837736
Austria,2000-02-29,2000Feb,20926.0,494000.0,0.04236032388663968
Austria,2000-03-31,2000Mar,21644.0,506698.0,0.04271577941890436
Austria,2000-04-30,2000Apr,22120.0,513524.0,0.04307490983868329
Austria,2000-05-31,2000May,21192.0,515477.0,0.041111436591739305
Austria,2000-06-30,2000Jun,21216.0,521880.0,0.040653023683605426
Austria,2000-07-31,2000Jul,20787.0,528641.0,0.039321581186476266
Austria,2000-08-31,2000Aug,20365.0,532201.0,0.03826561768955714
Austria,2000-09-30,2000Sep,20566.0,536549.0,0.03833014319288639
Austria,2000-10-31,2000Oct,20406.0,543946.0,0.03751475330271755
Austria,2000-11-30,2000Nov,20648.0,535586.0,0.03855216529184855
Austria,2000-12-31,2000Dec,18703.0,527933.0,0.0354268439366359
Austria,2001-01-31,2001Jan,20768.0,533083.0,0.03895828604551261
Austria,2001-02-28,2001Feb,19908.0,535746.0,0.03715940016351032
Austria,2001-03-31,2001Mar,19231.0,544023.0,0.03534960838052803
Austria,2001-04-30,2001Apr,19003.0,540193.0,0.03517816780298893
Austria,2001-05-31,2001May,18570.0,545913.0,0.03401640920806062
Austria,2001-06-30,2001Jun,18804.0,552005.0,0.034064908832347536
Austria,2001-07-31,2001Jul,18329.0,548196.0,0.03343512174477742
Austria,2001-08-31,2001Aug,18142.0,546015.0,0.0332261934195947
Austria,2001-09-30,2001Sep,17600.0,554899.0,0.03171748372226297
Austria,2001-10-31,2001Oct,18219.0,557584.0,0.03267489741455996
Austria,2001-11-30,2001Nov,17702.0,563920.0,0.031390977443609025
Austria,2001-12-31,2001Dec,15708.0,573384.0,0.027395253442719016
Austria,2002-01-31,2002Jan,17426.0,573435.0,0.03038879733535623
Austria,2002-02-28,2002Feb,16383.0,570555.0,0.028714146751846886
Austria,2002-03-31,2002Mar,15701.0,573812.0,0.0273626205098534
Austria,2002-04-30,2002Apr,15649.0,568758.0,0.027514338259857444
Austria,2002-05-31,2002May,14639.0,569552.0,0.02570265752731972
Austria,2002-06-30,2002Jun,14473.0,572943.0,0.025260802558020604
Austria,2002-07-31,2002Jul,14593.0,570733.0,0.025568873711525355
Austria,2002-08-31,2002Aug,15023.0,555296.0,0.027054039647323228
Austria,2002-09-30,2002Sep,14790.0,562110.0,0.026311576026044725
Austria,2002-10-31,2002Oct,14431.0,560067.0,0.025766560072277067
Austria,2002-11-30,2002Nov,14641.0,558582.0,0.026211012886201132
Austria,2002-12-31,2002Dec,13794.0,554528.0,0.024875209186912113
Austria,2003-01-31,2003Jan,14202.0,553021.0,0.025680760766770158
Austria,2003-02-28,2003Feb,14529.0,558200.0,0.026028305266929418
Austria,2003-03-31,2003Mar,15348.0,565565.0,0.027137464305605898
Austria,2003-04-30,2003Apr,14436.0,565037.0,0.025548769372625155
Austria,2003-05-31,2003May,14481.0,565658.0,0.025600274370732846
Austria,2003-06-30,2003Jun,14339.0,573544.0,0.02500069741815798
Austria,2003-07-31,2003Jul,13263.0,572863.0,0.023152132359743952
Austria,2003-08-31,2003Aug,13179.0,579102.0,0.022757648911590704
Austria,2003-09-30,2003Sep,12882.0,587230.0,0.021936890145258247
Austria,2003-10-31,2003Oct,12810.0,588887.0,0.021752899962131953
Austria,2003-11-30,2003Nov,12676.0,588979.0,0.021521989748361146
Austria,2003-12-31,2003Dec,11999.0,586459.0,0.020460083313582025
Austria,2004-01-31,2004Jan,13507.0,591001.0,0.02285444525474576
Austria,2004-02-29,2004Feb,13348.0,595089.0,0.022430258331106775
Austria,2004-03-31,2004Mar,13421.0,606158.0,0.02214109192652741
Austria,2004-04-30,2004Apr,13394.0,607849.0,0.02203507779070131
Austria,2004-05-31,2004May,13382.0,612374.0,0.02185265866937525
Austria,2004-06-30,2004Jun,13373.0,616898.0,0.021677813836323022
Austria,2004-07-31,2004Jul,13177.0,619435.0,0.02127261133129384
Austria,2004-08-31,2004Aug,13295.0,620453.0,0.021427892201343213
Austria,2004-09-30,2004Sep,13128.0,629365.0,0.020859119906572497
Austria,2004-10-31,2004Oct,12116.0,627488.0,0.01930873578458871
Austria,2004-11-30,2004Nov,12400.0,633029.0,0.019588360090927903
Austria,2004-12-31,2004Dec,11690.0,635348.0,0.018399365387157904
Austria,2005-01-31,2005Jan,13086.0,640457.0,0.020432285071441174
Austria,2005-02-28,2005Feb,12872.0,647113.0,0.019891425454286963
Austria,2005-03-31,2005Mar,12962.0,657597.0,0.01971116048278809
Austria,2005-04-30,2005Apr,12942.0,660333.0,0.019599202220697737
Austria,2005-05-31,2005May,13013.0,666311.0,0.01952991921189955
Austria,2005-06-30,2005Jun,12408.0,688825.0,0.01801328349000109
Austria,2005-07-31,2005Jul,12282.0,691977.0,0.0177491448415193
Austria,2005-08-31,2005Aug,12181.0,692107.0,0.01759987978737392
Austria,2005-09-30,2005Sep,11942.0,706597.0,0.016900722759932464
Austria,2005-10-31,2005Oct,11238.0,700932.0,0.016032939001215524
Austria,2005-11-30,2005Nov,11726.0,709009.0,0.01653857708435295
Austria,2005-12-31,2005Dec,10791.0,719263.0,0.015002857091216982
Austria,2006-01-31,2006Jan,12042.0,730508.0,0.016484419061803566
Austria,2006-02-28,2006Feb,11798.0,736664.0,0.01601544258983743
Austria,2006-03-31,2006Mar,11837.0,749298.0,0.015797453082752124
Austria,2006-04-30,2006Apr,11702.0,752215.0,0.015556722479610218
Austria,2006-05-31,2006May,11777.0,755170.0,0.015595164002807315
Austria,2006-06-30,2006Jun,11619.0,756468.0,0.015359539332793985
Austria,2006-07-31,2006Jul,11061.0,754616.0,0.014657786211795138
Austria,2006-08-31,2006Aug,11134.0,753442.0,0.014777514393941404
Austria,2006-09-30,2006Sep,11189.0,770591.0,0.014520024241134402
Austria,2006-10-31,2006Oct,10250.0,780880.0,0.013126216576170474
Austria,2006-11-30,2006Nov,10223.0,783054.0,0.013055293760072742
Austria,2006-12-31,2006Dec,9672.0,787509.0,0.01228176439888306
Austria,2007-01-31,2007Jan,9627.0,796908.0,0.012080440904094325
Austria,2007-02-28,2007Feb,9934.0,807620.0,0.012300339268467844
Austria,2007-03-31,2007Mar,9892.0,820357.0,0.012058164920882006
Austria,2007-04-30,2007Apr,9092.0,825136.0,0.011018789629830718
Austria,2007-05-31,2007May,8946.0,829748.0,0.010781586698612108
Austria,2007-06-30,2007Jun,9179.0,847602.0,0.01082937510765666
Austria,2007-07-31,2007Jul,8949.0,846658.0,0.010569793234103972
Austria,2007-08-31,2007Aug,8951.0,855254.0,0.010465896680985999
Austria,2007-09-30,2007Sep,8980.0,858995.0,0.010454077148295392
Austria,2007-10-31,2007Oct,8395.0,867564.0,0.00967651954207413
Austria,2007-11-30,2007Nov,8486.0,874182.0,0.009707360709783546
Austria,2007-12-31,2007Dec,8335.0,884733.0,0.009420921340110518
Austria,2008-01-31,2008Jan,7261.0,902071.0,0.008049255546403775
Austria,2008-02-29,2008Feb,7301.0,911867.0,0.00800665009261219
Austria,2008-03-31,2008Mar,7748.0,917240.0,0.008447080371549431
Austria,2008-04-30,2008Apr,7595.0,926064.0,0.00820137701066017
Austria,2008-05-31,2008May,7754.0,930386.0,0.008334175277787929
Austria,2008-06-30,2008Jun,7714.0,954624.0,0.00808066840976133
Austria,2008-07-31,2008Jul,7849.0,947944.0,0.008280024980378588
Austria,2008-08-31,2008Aug,8202.0,969058.0,0.00846388967430226
Austria,2008-09-30,2008Sep,8057.0,1049578.0,0.007676418522491897
Austria,2008-10-31,2008Oct,8205.0,1062184.0,0.007724650343066738
Austria,2008-11-30,2008Nov,8849.0,1057672.0,0.008366487909295131
Austria,2008-12-31,2008Dec,9012.0,1060157.0,0.008500627737212507
Austria,2009-01-31,2009Jan,10928.0,1070506.0,0.010208256656198096
Austria,2009-02-28,2009Feb,13617.0,1066908.0,0.012763049859969181
Austria,2009-03-31,2009Mar,15403.0,1055388.0,0.014594632495347683
Austria,2009-04-30,2009Apr,15526.0,1061540.0,0.014625920831998793
Austria,2009-05-31,2009May,15442.0,1049078.0,0.01471959187019459
Austria,2009-06-30,2009Jun,16046.0,1047829.0,0.015313567385518057
Austria,2009-07-31,2009Jul,15397.0,1042021.0,0.014776093763945257
Austria,2009-08-31,2009Aug,15580.0,1048706.0,0.014856403987390174
Austria,2009-09-30,2009Sep,15879.0,1042409.0,0.015232984366021399
Austria,2009-10-31,2009Oct,16040.0,1032470.0,0.01553556035526456
Austria,2009-11-30,2009Nov,16323.0,1026862.0,0.015896001604889458
Austria,2009-12-31,2009Dec,15057.0,1030168.0,0.014616062622795505
Austria,2010-01-31,2010Jan,15690.0,1031076.0,0.01521711299652014
Austria,2010-02-28,2010Feb,16311.0,1020327.0,0.01598605153053874
Austria,2010-03-31,2010Mar,16378.0,1019283.0,0.016068157714785786
Austria,2010-04-30,2010Apr,16587.0,1015703.0,0.016330561197515414
Austria,2010-05-31,2010May,17151.0,1023152.0,0.016762905218383976
Austria,2010-06-30,2010Jun,17449.0,1028939.0,0.016958245338159015
Austria,2010-07-31,2010Jul,17708.0,1000890.0,0.01769225389403431
Austria,2010-08-31,2010Aug,18339.0,1008124.0,0.018191214572810487
Austria,2010-09-30,2010Sep,18103.0,984745.0,0.018383439367552004
Austria,2010-10-31,2010Oct,18055.0,1007806.0,0.017915154305491336
Austria,2010-11-30,2010Nov,17874.0,1017366.0,0.017568898508501365
Austria,2010-12-31,2010Dec,18094.0,978758.0,0.018486694361629738
Austria,2011-01-31,2011Jan,17847.0,994064.0,0.017953572405800835
Austria,2011-02-28,2011Feb,17790.0,1000284.0,0.017784949074462854
Austria,2011-03-31,2011Mar,17740.0,988642.0,0.017943805745659198
Austria,2011-04-30,2011Apr,17723.0,995132.0,0.01780969760795553
Austria,2011-05-31,2011May,18134.0,997201.0,0.018184899533795092
Austria,2011-06-30,2011Jun,17956.0,992535.0,0.018091049685905282
Austria,2011-07-31,2011Jul,18777.0,1005690.0,0.018670763356501505
Austria,2011-08-31,2011Aug,18747.0,1002566.0,0.01869901831899346
Austria,2011-09-30,2011Sep,18798.0,1008581.0,0.018638066749224903
Austria,2011-10-31,2011Oct,18453.0,1009836.0,0.018273264173588582
Austria,2011-11-30,2011Nov,18211.0,995269.0,0.018297565783722793
Austria,2011-12-31,2011Dec,18513.0,1010102.0,0.018327852038705003
Austria,2012-01-31,2012Jan,19888.0,1008278.0,0.01972471877795608
Austria,2012-02-29,2012Feb,19650.0,1003530.0,0.019580879495381304
Austria,2012-03-31,2012Mar,20625.0,1011114.0,0.020398293367513455
Austria,2012-04-30,2012Apr,21255.0,1013003.0,0.02098216885833507
Austria,2012-05-31,2012May,21828.0,1017163.0,0.021459687385404307
Austria,2012-06-30,2012Jun,21926.0,1008945.0,0.021731610741913585
Austria,2012-07-31,2012Jul,22411.0,1010143.0,0.022185967729321493
Austria,2012-08-31,2012Aug,22566.0,1003342.0,0.022490835627333453
Austria,2012-09-30,2012Sep,23368.0,995695.0,0.02346903419219741
Austria,2012-10-31,2012Oct,23355.0,987817.0,0.023643043195247702
Austria,2012-11-30,2012Nov,23861.0,983388.0,0.024264074810756285
Austria,2012-12-31,2012Dec,23945.0,974899.0,0.024561518680396636
Austria,2013-01-31,2013Jan,23987.0,968431.0,0.024768930362617472
Austria,2013-02-28,2013Feb,24607.0,962075.0,0.025577008029519527
Austria,2013-03-31,2013Mar,24632.0,947611.0,0.02599378859046592
Austria,2013-04-30,2013Apr,25055.0,953048.0,0.02628933694840134
Austria,2013-05-31,2013May,24989.0,956053.0,0.02613767228385874
Austria,2013-06-30,2013Jun,25213.0,941926.0,0.026767495535742723
Austria,2013-07-31,2013Jul,25133.0,930309.0,0.02701575498033449
Austria,2013-08-31,2013Aug,25184.0,929573.0,0.02709200891161856
Austria,2013-09-30,2013Sep,25703.0,921520.0,0.027891961107735046
Austria,2013-10-31,2013Oct,25226.0,925778.0,0.02724843320968958
Austria,2013-11-30,2013Nov,25102.0,928042.0,0.027048344794739894
Austria,2013-12-31,2013Dec,25917.0,913617.0,0.0283674668925819
Austria,2014-01-31,2014Jan,25838.0,924602.0,0.02794499687433079
Austria,2014-02-28,2014Feb,27025.0,921165.0,0.029337849353807406
Austria,2014-03-31,2014Mar,27957.0,910550.0,0.030703421009280106
Austria,2014-04-30,2014Apr,28756.0,920874.0,0.031226856225716006
Austria,2014-05-31,2014May,28993.0,922286.0,0.031436018762075975
Austria,2014-06-30,2014Jun,30227.0,908426.0,0.03327403663039147
Austria,2014-07-31,2014Jul,30518.0,916915.0,0.03328334687511929
Austria,2014-08-31,2014Aug,30689.0,919708.0,0.03336819947200633
Austria,2014-09-30,2014Sep,31145.0,913205.0,0.034105157111491945
Austria,2014-10-31,2014Oct,30771.0,903908.0,0.03404218128393598
Austria,2014-11-30,2014Nov,30803.0,904551.0,0.03405335906985897
Austria,2014-12-31,2014Dec,34638.0,876046.0,0.03953901964052116
Austria,2015-01-31,2015Jan,35314.0,902556.0,0.03912665806886221
Austria,2015-02-28,2015Feb,35151.0,896186.0,0.03922288453512998
Austria,2015-03-31,2015Mar,35164.0,884140.0,0.03977198181283507
Austria,2015-04-30,2015Apr,35087.0,887114.0,0.03955185015680059
Austria,2015-05-31,2015May,35035.0,887781.0,0.039463561396335355
Austria,2015-06-30,2015Jun,34787.0,867715.0,0.04009035224699354
Austria,2015-07-31,2015Jul,33536.0,871633.0,0.038474908591115756
Austria,2015-08-31,2015Aug,33376.0,866359.0,0.038524445408889385
Austria,2015-09-30,2015Sep,33491.0,858011.0,0.03903329910688791
Austria,2015-10-31,2015Oct,33453.0,868059.0,0.03853770308239417
Austria,2015-11-30,2015Nov,33623.0,870202.0,0.038638155278889266
Austria,2015-12-31,2015Dec,33581.0,854229.0,0.039311472684725055
Austria,2016-01-31,2016Jan,33994.0,863148.0,0.039383744155115925
Austria,2016-02-29,2016Feb,34486.0,867866.0,0.03973654919077369
Austria,2016-03-31,2016Mar,34323.0,856806.0,0.04005924328261007
Austria,2016-04-30,2016Apr,34265.0,863797.0,0.03966788493129752
Austria,2016-05-31,2016May,34200.0,861085.0,0.03971733336430201
Austria,2016-06-30,2016Jun,34376.0,849966.0,0.040443970700004474
Austria,2016-07-31,2016Jul,34406.0,854704.0,0.04025487186207155
Austria,2016-08-31,2016Aug,34368.0,852665.0,0.04030656823019591
Austria,2016-09-30,2016Sep,33578.0,840316.0,0.0399587774123068
Austria,2016-10-31,2016Oct,34402.0,853380.0,0.04031263915254635
Austria,2016-11-30,2016Nov,33962.0,846863.0,0.040103298880692625
Austria,2016-12-31,2016Dec,33378.0,840099.0,0.03973103169983538
Austria,2017-01-31,2017Jan,32887.0,850243.0,0.038679530440121235
Austria,2017-02-28,2017Feb,31762.0,850207.0,0.03735796106124744
Austria,2017-03-31,2017Mar,31096.0,847369.0,0.03669711778457791
Austria,2017-04-30,2017Apr,31038.0,857832.0,0.03618190974456537
Austria,2017-05-31,2017May,30981.0,855477.0,0.03621488362632777
Austria,2017-06-30,2017Jun,30649.0,845411.0,0.036253372619944615
Austria,2017-07-31,2017Jul,30558.0,845711.0,0.036132910651510974
Austria,2017-08-31,2017Aug,30635.0,844866.0,0.036260188006145354
Austria,2017-09-30,2017Sep,29291.0,825285.0,0.03549198155788606
Austria,2017-10-31,2017Oct,29270.0,834632.0,0.035069347928188714
Austria,2017-11-30,2017Nov,29190.0,830300.0,0.03515596772250994
Austria,2017-12-31,2017Dec,28914.0,810658.0,0.03566732210130536
Austria,2018-01-31,2018Jan,27405.0,832460.0,0.03292050068471759
Austria,2018-02-28,2018Feb,27474.0,834882.0,0.032907644433584626
Austria,2018-03-31,2018Mar,27170.0,822499.0,0.03303347481273534
Austria,2018-04-30,2018Apr,27068.0,834794.0,0.03242476587038239
Austria,2018-05-31,2018May,26970.0,835599.0,0.03227624733873544
Austria,2018-06-30,2018Jun,26979.0,827177.0,0.03261575213043883
Austria,2018-07-31,2018Jul,26592.0,835222.0,0.031838241808764614
Austria,2018-08-31,2018Aug,26570.0,839220.0,0.03166035127856819
Austria,2018-09-30,2018Sep,26490.0,829791.0,0.03192370126935578
Austria,2018-10-31,2018Oct,25701.0,847253.0,0.030334504569473345
Austria,2018-11-30,2018Nov,25664.0,851439.0,0.03014191269133784
Austria,2018-12-31,2018Dec,25618.0,839608.0,0.030511857914645883
Austria,2019-01-31,2019Jan,25013.0,858984.0,0.029119285108919375
Austria,2019-02-28,2019Feb,25820.0,860595.0,0.03000249827154469
Austria,2019-03-31,2019Mar,23872.0,858942.0,0.02779233056481113
Austria,2019-04-30,2019Apr,23807.0,867552.0,0.027441582752388328
Austria,2019-05-31,2019May,23888.0,871887.0,0.02739804584768439
Austria,2019-06-30,2019Jun,22777.0,863381.0,0.026381168916156366
Austria,2019-07-31,2019Jul,22505.0,873351.0,0.025768562697014143
Austria,2019-08-31,2019Aug,23024.0,879181.0,0.026188009067529893
Austria,2019-09-30,2019Sep,22771.0,874115.0,0.026050348066329946
Austria,2019-10-31,2019Oct,22055.0,885651.0,0.024902585781532455
Austria,2019-11-30,2019Nov,21727.0,889704.0,0.0244204814185392
Austria,2019-12-31,2019Dec,21335.0,872258.0,0.0244595062470049
Austria,2020-01-31,2020Jan,21539.0,896715.0,0.02401989483838232
Austria,2020-02-29,2020Feb,21482.0,905178.0,0.02373234877559994
Austria,2020-03-31,2020Mar,21353.0,901172.0,0.02369469979093891
Austria,2020-04-30,2020Apr,22963.0,914302.0,0.025115333883115206
Austria,2020-05-31,2020May,22880.0,918675.0,0.024905434457234605
Austria,2020-06-30,2020Jun,22518.0,944793.0,0.02383379216399783
Austria,2020-07-31,2020Jul,19410.0,961507.0,0.020187060520620234
Austria,2020-08-31,2020Aug,19143.0,953740.0,0.02007150795814373
Austria,2020-09-30,2020Sep,19225.0,952004.0,0.020194242881332432
Austria,2020-10-31,2020Oct,19197.0,973750.0,0.019714505776636713
Austria,2020-11-30,2020Nov,19277.0,976683.0,0.019737212585864604
Austria,2020-12-31,2020Dec,19172.0,963710.0,0.019893951499932554
Austria,2021-01-31,2021Jan,19261.0,977416.0,0.019706041235257044
Austria,2021-02-28,2021Feb,19162.0,968166.0,0.019792060452443073
Austria,2021-03-31,2021Mar,19316.0,986727.0,0.019575829991476872
Austria,2021-04-30,2021Apr,19379.0,1002434.0,0.019331946043330533
Austria,2021-05-31,2021May,19621.0,993927.0,0.019740886403126184
Austria,2021-06-30,2021Jun,19929.0,987718.0,0.020176811600072085
Austria,2021-07-31,2021Jul,19788.0,1010334.0,0.019585602384953885
Austria,2021-08-31,2021Aug,19832.0,1009840.0,0.019638754654202645
Austria,2021-09-30,2021Sep,17951.0,991668.0,0.018101824400908368
Austria,2021-10-31,2021Oct,18147.0,1022848.0,0.017741639031410336
Austria,2021-11-30,2021Nov,18129.0,1019785.0,0.017777276582809122
Austria,2021-12-31,2021Dec,17908.0,1000050.0,0.01790710464476776
Austria,2022-01-31,2022Jan,17766.0,1033008.0,0.017198317922029645
Austria,2022-02-28,2022Feb,17623.0,1040114.0,0.01694333505750331
Austria,2022-03-31,2022Mar,17708.0,1009229.0,0.017546067344477813
Austria,2022-04-30,2022Apr,16815.0,1056889.0,0.015909901607453574
Austria,2022-05-31,2022May,17506.0,1043671.0,0.016773485130850623
Austria,2022-06-30,2022Jun,17313.0,1038073.0,0.01667801782726263
Austria,2022-07-31,2022Jul,17795.0,1054062.0,0.016882308630801604
Austria,2022-08-31,2022Aug,17466.0,1061566.0,0.01645305143533233
Austria,2022-09-30,2022Sep,17500.0,1071610.0,0.016330568023814634
Austria,2022-10-31,2022Oct,17501.0,1108507.0,0.01578790210616622
Austria,2022-11-30,2022Nov,15732.0,1066624.0,0.014749339973598945
Austria,2022-12-31,2022Dec,14992.0,1016019.0,0.01475562956991946
Austria,2023-01-31,2023Jan,15689.0,1052759.0,0.014902746022593965
Austria,2023-02-28,2023Feb,15945.0,1063524.0,0.014992609475667686
Austria,2023-03-31,2023Mar,16071.0,1044330.0,0.015388813880669903
Austria,2023-04-30,2023Apr,15535.0,1067100.0,0.014558148252272514
Austria,2023-05-31,2023May,16180.0,1054454.0,0.015344434181102257
Austria,2023-06-30,2023Jun,16805.0,1026958.0,0.016363862981738298
Austria,2023-07-31,2023Jul,16582.0,1032496.0,0.016060110644496445
Austria,2023-08-31,2023Aug,16955.0,1038448.0,0.016327249895998645
Austria,2023-09-30,2023Sep,17484.0,1026464.0,0.017033232534214546
Austria,2023-10-31,2023Oct,15303.0,1040947.0,0.014701036652202274
Austria,2023-11-30,2023Nov,16173.0,1034995.0,0.015626162445229203
Austria,2023-12-31,2023Dec,16086.0,1012133.0,0.015893168190346526
Austria,2024-01-31,2024Jan,16516.0,1048879.0,0.0157463348965896
Austria,2024-02-29,2024Feb,17149.0,1046412.0,0.016388382396226343
Austria,2024-03-31,2024Mar,17886.0,1038576.0,0.017221657346212508
Austria,2024-04-30,2024Apr,17658.0,1050679.0,0.01680627479943922
Austria,2024-05-31,2024May,18022.0,1048448.0,0.017189216823342693
Austria,2024-06-30,2024Jun,18520.0,1025875.0,0.018052881686365298
Austria,2024-07-31,2024Jul,17739.0,1034811.0,0.01714226076066064
Austria,2024-08-31,2024Aug,18090.0,1041557.0,0.017368228527099332
Austria,2024-09-30,2024Sep,18756.0,1020783.0,0.018374130446921627
Austria,2024-10-31,2024Oct,18089.0,1049683.0,0.017232821718556935
Austria,2024-11-30,2024Nov,19882.0,1048735.0,0.018958078065478886
Austria,2024-12-31,2024Dec,19999.0,1033180.0,0.019356743258677093
Austria,2025-01-31,2025Jan,20820.0,1066385.0,0.01952390553130436
Austria,2025-02-28,2025Feb,22313.0,1067602.0,0.02090011071541642
Austria,2025-03-31,2025Mar,23274.0,1036128.0,0.022462475678680625
Austria,2025-04-30,2025Apr,23093.0,1068812.0,0.021606231965958466
Austria,2025-05-31,2025May,23545.0,1062767.0,0.02215443272137731
Austria,2025-06-30,2025Jun,24450.0,1037985.0,0.023555253688637118
Austria,2025-07-31,2025Jul,24833.0,1055664.0,0.02352358326134073
Austria,2025-08-31,2025Aug,25242.0,1050279.0,0.02403361392544267
Austria,2025-09-30,2025Sep,26390.0,1034853.0,0.025501206451544325
Austria,2025-10-31,2025Oct,25616.0,1064895.0,0.024054953774785306
Austria,2025-11-30,2025Nov,26138.0,1057879.0,0.02470792973487516
Austria,2025-12-31,2025Dec,25889.0,1045009.0,0.024773949315269054
Austria,2026-01-31,2026Jan,27253.0,1074877.0,0.02535452893679928
Austria,2026-02-28,2026Feb,28080.0,1074447.0,0.026134374240888568
Austria,2026-03-31,2026Mar,27112.0,1059208.0,0.025596483410246146
Austria,2026-04-30,2026Apr,28548.0,1086422.0,0.0262770820178531
Belgium,1997-09-30,1997Sep,128103.0,692587.0,0.18496304435399452
Belgium,1997-10-31,1997Oct,126695.0,691094.0,0.18332527847152486
Belgium,1997-11-30,1997Nov,124383.0,701552.0,0.17729690742810225
Belgium,1997-12-31,1997Dec,121858.0,662932.0,0.18381674138524012
Belgium,1998-01-31,1998Jan,125172.0,679534.0,0.18420270361747904
Belgium,1998-02-28,1998Feb,126805.0,694174.0,0.18267033913687347
Belgium,1998-03-31,1998Mar,125271.0,690910.0,0.1813130509038804
Belgium,1998-04-30,1998Apr,127022.0,691543.0,0.1836791059991931
Belgium,1998-05-31,1998May,123983.0,689168.0,0.1799024330787268
Belgium,1998-06-30,1998Jun,123991.0,682259.0,0.18173596830529168
Belgium,1998-07-31,1998Jul,124694.0,666415.0,0.1871116346420774
Belgium,1998-08-31,1998Aug,126256.0,672754.0,0.18767038174429287
Belgium,1998-09-30,1998Sep,125820.0,666831.0,0.18868348951983335
Belgium,1998-10-31,1998Oct,126748.0,682769.0,0.18563818802552548
Belgium,1998-11-30,1998Nov,123866.0,687958.0,0.18004878204774127
Belgium,1998-12-31,1998Dec,124299.0,668754.0,0.18586655182623207
Belgium,1999-01-31,1999Jan,124871.0,713996.0,0.17489033552008695
Belgium,1999-02-28,1999Feb,123778.0,699037.0,0.17706931106651008
Belgium,1999-03-31,1999Mar,123425.0,687566.0,0.17951003976345545
Belgium,1999-04-30,1999Apr,119232.0,667399.0,0.17865175105146996
Belgium,1999-05-31,1999May,119076.0,672077.0,0.17717612714019376
Belgium,1999-06-30,1999Jun,115372.0,688801.0,0.167496853227565
Belgium,1999-07-31,1999Jul,114742.0,685359.0,0.16741882721318316
Belgium,1999-08-31,1999Aug,113808.0,693765.0,0.16404402066982335
Belgium,1999-09-30,1999Sep,114720.0,716675.0,0.1600725572958454
Belgium,1999-10-31,1999Oct,115416.0,741326.0,0.15568859044468966
Belgium,1999-11-30,1999Nov,112753.0,761581.0,0.14805122501743084
Belgium,1999-12-31,1999Dec,111234.0,715476.0,0.15546852724619695
Belgium,2000-01-31,2000Jan,111558.0,732864.0,0.15222196751375425
Belgium,2000-02-29,2000Feb,109731.0,739390.0,0.1484074710234112
Belgium,2000-03-31,2000Mar,107358.0,740359.0,0.14500802988820288
Belgium,2000-04-30,2000Apr,106042.0,730188.0,0.1452256131297693
Belgium,2000-05-31,2000May,103539.0,741857.0,0.13956732901354305
Belgium,2000-06-30,2000Jun,100818.0,730887.0,0.13793924368609647
Belgium,2000-07-31,2000Jul,100150.0,720621.0,0.13897735425417798
Belgium,2000-08-31,2000Aug,98736.0,720080.0,0.13711809798911231
Belgium,2000-09-30,2000Sep,101658.0,723349.0,0.14053796991493733
Belgium,2000-10-31,2000Oct,101252.0,726217.0,0.13942389120607201
Belgium,2000-11-30,2000Nov,101458.0,714292.0,0.14203995004843958
Belgium,2000-12-31,2000Dec,95268.0,699604.0,0.13617417853528568
Belgium,2001-01-31,2001Jan,94429.0,691280.0,0.1366002198819581
Belgium,2001-02-28,2001Feb,95691.0,708313.0,0.1350970545507424
Belgium,2001-03-31,2001Mar,92916.0,719728.0,0.12909877064668876
Belgium,2001-04-30,2001Apr,92572.0,712268.0,0.12996793341832008
Belgium,2001-05-31,2001May,92340.0,733554.0,0.1258803032905553
Belgium,2001-06-30,2001Jun,89900.0,738403.0,0.12174923449660957
Belgium,2001-07-31,2001Jul,89507.0,717069.0,0.12482341308855913
Belgium,2001-08-31,2001Aug,88710.0,736096.0,0.12051417206451333
Belgium,2001-09-30,2001Sep,88844.0,759188.0,0.1170250320078821
Belgium,2001-10-31,2001Oct,86984.0,767378.0,0.11335222015747129
Belgium,2001-11-30,2001Nov,87818.0,792946.0,0.11074902956821776
Belgium,2001-12-31,2001Dec,86803.0,777396.0,0.11165866559642705
Belgium,2002-01-31,2002Jan,85299.0,779472.0,0.10943176919761069
Belgium,2002-02-28,2002Feb,84533.0,783797.0,0.10785062969110625
Belgium,2002-03-31,2002Mar,85112.0,787255.0,0.10811236511676649
Belgium,2002-04-30,2002Apr,82715.0,777659.0,0.10636410046048461
Belgium,2002-05-31,2002May,82477.0,773563.0,0.1066196289119309
Belgium,2002-06-30,2002Jun,77673.0,776189.0,0.10006969951906043
Belgium,2002-07-31,2002Jul,76676.0,770827.0,0.09947238485418908
Belgium,2002-08-31,2002Aug,76650.0,770979.0,0.0994190503243279
Belgium,2002-09-30,2002Sep,76527.0,786212.0,0.09733634185181606
Belgium,2002-10-31,2002Oct,78627.0,778257.0,0.10102960847123765
Belgium,2002-11-30,2002Nov,80953.0,804043.0,0.10068242618864912
Belgium,2002-12-31,2002Dec,79663.0,775977.0,0.10266154795825135
Belgium,2003-01-31,2003Jan,75141.0,771559.0,0.09738853412376759
Belgium,2003-02-28,2003Feb,76418.0,789663.0,0.09677292718539428
Belgium,2003-03-31,2003Mar,71107.0,776234.0,0.09160510876874757
Belgium,2003-04-30,2003Apr,72239.0,800584.0,0.09023287999760175
Belgium,2003-05-31,2003May,73184.0,820372.0,0.08920831037626832
Belgium,2003-06-30,2003Jun,70840.0,800607.0,0.08848286362722284
Belgium,2003-07-31,2003Jul,72113.0,784175.0,0.09196034048522332
Belgium,2003-08-31,2003Aug,75476.0,778618.0,0.09693585301136115
Belgium,2003-09-30,2003Sep,74364.0,786430.0,0.09455895629617385
Belgium,2003-10-31,2003Oct,75050.0,789359.0,0.09507714487324526
Belgium,2003-11-30,2003Nov,79165.0,802982.0,0.09858876039562531
Belgium,2003-12-31,2003Dec,74159.0,830405.0,0.08930461642210728
Belgium,2004-01-31,2004Jan,74913.0,831582.0,0.0900849224730694
Belgium,2004-02-29,2004Feb,74341.0,840640.0,0.08843381233346022
Belgium,2004-03-31,2004Mar,73755.0,879536.0,0.08385671535900747
Belgium,2004-04-30,2004Apr,72568.0,870328.0,0.08338005901223447
Belgium,2004-05-31,2004May,72254.0,862537.0,0.08376916004762694
Belgium,2004-06-30,2004Jun,72484.0,890329.0,0.08141260140914201
Belgium,2004-07-31,2004Jul,71189.0,878101.0,0.08107153960649173
Belgium,2004-08-31,2004Aug,69807.0,889654.0,0.07846533596207064
Belgium,2004-09-30,2004Sep,70043.0,897260.0,0.07806321467579073
Belgium,2004-10-31,2004Oct,67647.0,904662.0,0.07477599368603965
Belgium,2004-11-30,2004Nov,66625.0,914520.0,0.07285242531601277
Belgium,2004-12-31,2004Dec,66294.0,916484.0,0.07233514169369024
Belgium,2005-01-31,2005Jan,65967.0,947585.0,0.06961591836088583
Belgium,2005-02-28,2005Feb,68180.0,950163.0,0.07175610921494523
Belgium,2005-03-31,2005Mar,66552.0,981891.0,0.06777941747098201
Belgium,2005-04-30,2005Apr,64058.0,987550.0,0.06486557642651004
Belgium,2005-05-31,2005May,62095.0,994539.0,0.06243596279281154
Belgium,2005-06-30,2005Jun,62039.0,1021899.0,0.06070952217391347
Belgium,2005-07-31,2005Jul,62876.0,1008394.0,0.062352612173416345
Belgium,2005-08-31,2005Aug,62817.0,1003610.0,0.06259104632277478
Belgium,2005-09-30,2005Sep,62152.0,1027585.0,0.0604835609706253
Belgium,2005-10-31,2005Oct,64809.0,1036007.0,0.06255652712771245
Belgium,2005-11-30,2005Nov,64832.0,1043545.0,0.06212669314691748
Belgium,2005-12-31,2005Dec,64900.0,1057749.0,0.06135671128027538
Belgium,2006-01-31,2006Jan,64501.0,1057412.0,0.06099892946174244
Belgium,2006-02-28,2006Feb,65900.0,1045553.0,0.06302884693554511
Belgium,2006-03-31,2006Mar,67381.0,1062999.0,0.0633876419451006
Belgium,2006-04-30,2006Apr,69042.0,1068153.0,0.06463680764834251
Belgium,2006-05-31,2006May,65011.0,1071460.0,0.06067515352882982
Belgium,2006-06-30,2006Jun,66904.0,1066208.0,0.06274948227737927
Belgium,2006-07-31,2006Jul,66421.0,1067603.0,0.06221507433006464
Belgium,2006-08-31,2006Aug,65248.0,1064096.0,0.06131777583977385
Belgium,2006-09-30,2006Sep,63390.0,1062895.0,0.05963900479351206
Belgium,2006-10-31,2006Oct,63747.0,1083391.0,0.05884025250348212
Belgium,2006-11-30,2006Nov,61707.0,1091573.0,0.056530346573247965
Belgium,2006-12-31,2006Dec,60330.0,1124528.0,0.05364917547628872
Belgium,2007-01-31,2007Jan,58999.0,1147666.0,0.05140781377160254
Belgium,2007-02-28,2007Feb,59231.0,1148044.0,0.05159297030427405
Belgium,2007-03-31,2007Mar,55438.0,1147105.0,0.04832861856586799
Belgium,2007-04-30,2007Apr,54570.0,1160608.0,0.047018459290303016
Belgium,2007-05-31,2007May,55554.0,1216059.0,0.045683638705029936
Belgium,2007-06-30,2007Jun,54422.0,1219686.0,0.04461968080309194
Belgium,2007-07-31,2007Jul,52538.0,1200991.0,0.0437455401414332
Belgium,2007-08-31,2007Aug,50545.0,1225677.0,0.041238433943037195
Belgium,2007-09-30,2007Sep,50933.0,1214426.0,0.041939978228397616
Belgium,2007-10-31,2007Oct,48727.0,1271078.0,0.038335176912825175
Belgium,2007-11-30,2007Nov,49361.0,1276098.0,0.03868119846594854
Belgium,2007-12-31,2007Dec,45168.0,1301894.0,0.03469406879515537
Belgium,2008-01-31,2008Jan,48347.0,1365565.0,0.03540439305342477
Belgium,2008-02-29,2008Feb,49654.0,1353674.0,0.03668091431171759
Belgium,2008-03-31,2008Mar,47254.0,1311302.0,0.03603593985214695
Belgium,2008-04-30,2008Apr,48994.0,1362700.0,0.03595362148675424
Belgium,2008-05-31,2008May,51017.0,1372641.0,0.03716703784893501
Belgium,2008-06-30,2008Jun,53251.0,1367637.0,0.038936501425451346
Belgium,2008-07-31,2008Jul,51590.0,1375901.0,0.037495430267148584
Belgium,2008-08-31,2008Aug,51331.0,1397995.0,0.036717584826841294
Belgium,2008-09-30,2008Sep,46588.0,1414511.0,0.032935763666737124
Belgium,2008-10-31,2008Oct,46367.0,1317906.0,0.03518232711589446
Belgium,2008-11-30,2008Nov,46635.0,1334914.0,0.03493483475339985
Belgium,2008-12-31,2008Dec,46084.0,1276321.0,0.03610690414088619
Belgium,2009-01-31,2009Jan,50800.0,1288626.0,0.03942183379816952
Belgium,2009-02-28,2009Feb,52421.0,1272187.0,0.041205420272334176
Belgium,2009-03-31,2009Mar,50626.0,1247998.0,0.04056577013745214
Belgium,2009-04-30,2009Apr,50258.0,1230839.0,0.040832310318408824
Belgium,2009-05-31,2009May,50411.0,1207472.0,0.041749208263214384
Belgium,2009-06-30,2009Jun,52009.0,1193719.0,0.043568880113326505
Belgium,2009-07-31,2009Jul,51990.0,1180603.0,0.04403681847327171
Belgium,2009-08-31,2009Aug,51112.0,1166474.0,0.04381752186503943
Belgium,2009-09-30,2009Sep,50772.0,1162553.0,0.043672847603507106
Belgium,2009-10-31,2009Oct,50599.0,1154124.0,0.043841909534850676
Belgium,2009-11-30,2009Nov,51970.0,1153606.0,0.0450500430823002
Belgium,2009-12-31,2009Dec,52420.0,1157431.0,0.045289956809520394
Belgium,2010-01-31,2010Jan,50870.0,1150752.0,0.044205875809905176
Belgium,2010-02-28,2010Feb,52021.0,1152239.0,0.04514775146475688
Belgium,2010-03-31,2010Mar,52203.0,1146162.0,0.045545917592801015
Belgium,2010-04-30,2010Apr,53242.0,1162127.0,0.0458142698689558
Belgium,2010-05-31,2010May,53082.0,1202720.0,0.044134960755620595
Belgium,2010-06-30,2010Jun,54080.0,1216624.0,0.044450873893659835
Belgium,2010-07-31,2010Jul,56915.0,1166243.0,0.0488020078148379
Belgium,2010-08-31,2010Aug,59684.0,1223757.0,0.0487711204103429
Belgium,2010-09-30,2010Sep,57887.0,1171829.0,0.04939884573602463
Belgium,2010-10-31,2010Oct,57062.0,1153928.0,0.0494502256639929
Belgium,2010-11-30,2010Nov,58597.0,1151920.0,0.05086898395721925
Belgium,2010-12-31,2010Dec,57279.0,1134734.0,0.050477909360255355
Belgium,2011-01-31,2011Jan,61710.0,1115359.0,0.05532747752069065
Belgium,2011-02-28,2011Feb,62309.0,1118028.0,0.05573116236802656
Belgium,2011-03-31,2011Mar,61813.0,1092850.0,0.05656128471427918
Belgium,2011-04-30,2011Apr,62127.0,1092537.0,0.05686489336287924
Belgium,2011-05-31,2011May,63329.0,1107773.0,0.05716784936986188
Belgium,2011-06-30,2011Jun,63391.0,1097871.0,0.05773993483751734
Belgium,2011-07-31,2011Jul,63694.0,1119004.0,0.056920261232310164
Belgium,2011-08-31,2011Aug,62591.0,1153802.0,0.054247609208512376
Belgium,2011-09-30,2011Sep,64331.0,1206826.0,0.053305944684652135
Belgium,2011-10-31,2011Oct,64873.0,1166117.0,0.055631639020784364
Belgium,2011-11-30,2011Nov,65877.0,1177669.0,0.05593846827928731
Belgium,2011-12-31,2011Dec,61582.0,1200783.0,0.05128486995568725
Belgium,2012-01-31,2012Jan,61029.0,1191846.0,0.051205440971400666
Belgium,2012-02-29,2012Feb,61603.0,1178029.0,0.052293279707036074
Belgium,2012-03-31,2012Mar,62503.0,1161269.0,0.0538230160281554
Belgium,2012-04-30,2012Apr,63262.0,1170241.0,0.05405895025041851
Belgium,2012-05-31,2012May,63885.0,1218589.0,0.052425387066517094
Belgium,2012-06-30,2012Jun,64880.0,1190369.0,0.054504107549843785
Belgium,2012-07-31,2012Jul,65723.0,1203168.0,0.05462495678076545
Belgium,2012-08-31,2012Aug,64977.0,1187586.0,0.054713511274130884
Belgium,2012-09-30,2012Sep,65583.0,1183418.0,0.055418288381620016
Belgium,2012-10-31,2012Oct,65670.0,1160128.0,0.05660582280575936
Belgium,2012-11-30,2012Nov,66667.0,1147115.0,0.058117102470109795
Belgium,2012-12-31,2012Dec,65199.0,1085303.0,0.06007446768321842
Belgium,2013-01-31,2013Jan,65276.0,1077342.0,0.06058985911623236
Belgium,2013-02-28,2013Feb,65275.0,1081017.0,0.060382954199610185
Belgium,2013-03-31,2013Mar,63208.0,1094588.0,0.057745928148307854
Belgium,2013-04-30,2013Apr,61487.0,1098340.0,0.05598175428373728
Belgium,2013-05-31,2013May,62661.0,1075162.0,0.05828051958681575
Belgium,2013-06-30,2013Jun,62232.0,1063318.0,0.058526235801519395
Belgium,2013-07-31,2013Jul,61171.0,1057809.0,0.057828019992267034
Belgium,2013-08-31,2013Aug,61814.0,1080378.0,0.057215159879227456
Belgium,2013-09-30,2013Sep,59227.0,1071452.0,0.05527732460250202
Belgium,2013-10-31,2013Oct,59472.0,1077097.0,0.055215082764133595
Belgium,2013-11-30,2013Nov,59031.0,1076488.0,0.05483665400821932
Belgium,2013-12-31,2013Dec,58824.0,1021568.0,0.05758206991605062
Belgium,2014-01-31,2014Jan,60315.0,1048594.0,0.05751987899987984
Belgium,2014-02-28,2014Feb,59502.0,1043081.0,0.05704446730407322
Belgium,2014-03-31,2014Mar,56418.0,1039705.0,0.054263468964754424
Belgium,2014-04-30,2014Apr,55765.0,1052046.0,0.053006237369848844
Belgium,2014-05-31,2014May,54975.0,1056277.0,0.052046006871303646
Belgium,2014-06-30,2014Jun,55551.0,1073877.0,0.051729388002536604
Belgium,2014-07-31,2014Jul,56053.0,1077417.0,0.052025353229065444
Belgium,2014-08-31,2014Aug,56501.0,1099447.0,0.05139038080052972
Belgium,2014-09-30,2014Sep,55648.0,1096927.0,0.05073081435683505
Belgium,2014-10-31,2014Oct,55753.0,1092031.0,0.051054411459015354
Belgium,2014-11-30,2014Nov,55719.0,1103399.0,0.05049759878339567
Belgium,2014-12-31,2014Dec,55500.0,1102009.0,0.050362565097018266
Belgium,2015-01-31,2015Jan,55121.0,1150749.0,0.04790010680000591
Belgium,2015-02-28,2015Feb,55350.0,1144125.0,0.04837758112094395
Belgium,2015-03-31,2015Mar,52840.0,1184410.0,0.044612929644295474
Belgium,2015-04-30,2015Apr,52892.0,1168401.0,0.04526870483678121
Belgium,2015-05-31,2015May,53918.0,1147272.0,0.046996701741173846
Belgium,2015-06-30,2015Jun,55863.0,1116438.0,0.050036813508676704
Belgium,2015-07-31,2015Jul,55565.0,1136188.0,0.04890475871950769
Belgium,2015-08-31,2015Aug,56643.0,1118356.0,0.0506484518346573
Belgium,2015-09-30,2015Sep,55001.0,1119591.0,0.04912597546782709
Belgium,2015-10-31,2015Oct,54847.0,1117976.0,0.04905919268392166
Belgium,2015-11-30,2015Nov,53509.0,1135874.0,0.04710821798896708
Belgium,2015-12-31,2015Dec,53245.0,1073483.0,0.04960022655226026
Belgium,2016-01-31,2016Jan,53257.0,1146578.0,0.046448649808386346
Belgium,2016-02-29,2016Feb,52832.0,1141723.0,0.04627392108243418
Belgium,2016-03-31,2016Mar,51054.0,1125794.0,0.045349326786250414
Belgium,2016-04-30,2016Apr,50416.0,1117300.0,0.045123064530564756
Belgium,2016-05-31,2016May,50372.0,1120485.0,0.044955532648808326
Belgium,2016-06-30,2016Jun,50561.0,1145783.0,0.044127902054752075
Belgium,2016-07-31,2016Jul,49918.0,1135691.0,0.04395385716713437
Belgium,2016-08-31,2016Aug,49449.0,1125216.0,0.04394622899070045
Belgium,2016-09-30,2016Sep,46196.0,1128479.0,0.040936517205902814
Belgium,2016-10-31,2016Oct,45894.0,1119079.0,0.041010509535073035
Belgium,2016-11-30,2016Nov,45753.0,1111560.0,0.041161070927345354
Belgium,2016-12-31,2016Dec,44630.0,1101999.0,0.040499129309554724
Belgium,2017-01-31,2017Jan,45283.0,1111800.0,0.04072944774239971
Belgium,2017-02-28,2017Feb,45583.0,1115458.0,0.04086482861748268
Belgium,2017-03-31,2017Mar,43082.0,1116290.0,0.03859391376792769
Belgium,2017-04-30,2017Apr,43311.0,1119902.0,0.03867391968225791
Belgium,2017-05-31,2017May,43388.0,1117945.0,0.03881049604408088
Belgium,2017-06-30,2017Jun,41045.0,1115377.0,0.036799216767066205
Belgium,2017-07-31,2017Jul,41380.0,1091149.0,0.03792332669507097
Belgium,2017-08-31,2017Aug,41099.0,1088199.0,0.037767908259426816
Belgium,2017-09-30,2017Sep,38853.0,1029264.0,0.03774833278925523
Belgium,2017-10-31,2017Oct,38710.0,1045834.0,0.037013522222455957
Belgium,2017-11-30,2017Nov,38300.0,1047397.0,0.03656684141734223
Belgium,2017-12-31,2017Dec,38098.0,1019898.0,0.03735471586374324
Belgium,2018-01-31,2018Jan,38370.0,1027221.0,0.037353208316418765
Belgium,2018-02-28,2018Feb,39435.0,1030535.0,0.038266531461813524
Belgium,2018-03-31,2018Mar,36513.0,1033424.0,0.03533206118688941
Belgium,2018-04-30,2018Apr,36146.0,1042644.0,0.03466763343960163
Belgium,2018-05-31,2018May,35557.0,1046902.0,0.033964019554838944
Belgium,2018-06-30,2018Jun,33604.0,1041380.0,0.03226872035184083
Belgium,2018-07-31,2018Jul,33863.0,1032054.0,0.0328112676274691
Belgium,2018-08-31,2018Aug,33620.0,1019820.0,0.032966601949363614
Belgium,2018-09-30,2018Sep,32692.0,1030627.0,0.03172049635804224
Belgium,2018-10-31,2018Oct,33788.0,1044308.0,0.03235443949486167
Belgium,2018-11-30,2018Nov,33808.0,1043375.0,0.03240253983467114
Belgium,2018-12-31,2018Dec,34551.0,1001881.0,0.03448613158648582
Belgium,2019-01-31,2019Jan,33933.0,1039070.0,0.03265708758793921
Belgium,2019-02-28,2019Feb,33618.0,1037093.0,0.032415607857733106
Belgium,2019-03-31,2019Mar,30841.0,1042895.0,0.02957248812200653
Belgium,2019-04-30,2019Apr,29792.0,1071244.0,0.027810657515934745
Belgium,2019-05-31,2019May,30858.0,1067683.0,0.028901836968463487
Belgium,2019-06-30,2019Jun,29538.0,1041854.0,0.02835138128758924
Belgium,2019-07-31,2019Jul,29228.0,1040629.0,0.028086859005466886
Belgium,2019-08-31,2019Aug,30218.0,1062750.0,0.028433780286991298
Belgium,2019-09-30,2019Sep,28920.0,1071343.0,0.02699415593325387
Belgium,2019-10-31,2019Oct,28504.0,1054006.0,0.027043489316000098
Belgium,2019-11-30,2019Nov,29037.0,1062109.0,0.027339001929180526
Belgium,2019-12-31,2019Dec,29513.0,1029819.0,0.02865843415202089
Belgium,2020-01-31,2020Jan,29639.0,1083008.0,0.027367295532442975
Belgium,2020-02-29,2020Feb,30789.0,1086255.0,0.02834417332946684
Belgium,2020-03-31,2020Mar,33649.0,1104522.0,0.030464762132397544
Belgium,2020-04-30,2020Apr,34575.0,1119348.0,0.030888517243967024
Belgium,2020-05-31,2020May,34148.0,1101284.0,0.031007442221988153
Belgium,2020-06-30,2020Jun,34157.0,1130138.0,0.030223742587188466
Belgium,2020-07-31,2020Jul,34178.0,1133061.0,0.030164307129095434
Belgium,2020-08-31,2020Aug,33694.0,1128044.0,0.029869402257358756
Belgium,2020-09-30,2020Sep,32596.0,1124776.0,0.02897999246072107
Belgium,2020-10-31,2020Oct,32420.0,1146425.0,0.028279215823102253
Belgium,2020-11-30,2020Nov,32008.0,1156347.0,0.02768027244417117
Belgium,2020-12-31,2020Dec,31547.0,1113867.0,0.02832205281240938
Belgium,2021-01-31,2021Jan,30838.0,1160251.0,0.02657873167099188
Belgium,2021-02-28,2021Feb,30798.0,1166043.0,0.026412405031375343
Belgium,2021-03-31,2021Mar,30550.0,1148974.0,0.02658893934936735
Belgium,2021-04-30,2021Apr,30324.0,1161346.0,0.026111081452039272
Belgium,2021-05-31,2021May,30794.0,1177812.0,0.02614508936910135
Belgium,2021-06-30,2021Jun,30789.0,1173129.0,0.02624519554115532
Belgium,2021-07-31,2021Jul,30187.0,1184100.0,0.02549362384933705
Belgium,2021-08-31,2021Aug,29469.0,1174866.0,0.025082860513454302
Belgium,2021-09-30,2021Sep,26920.0,1179165.0,0.022829714246945933
Belgium,2021-10-31,2021Oct,27066.0,1198403.0,0.022585056946619792
Belgium,2021-11-30,2021Nov,26885.0,1203152.0,0.022345472558745694
Belgium,2021-12-31,2021Dec,27533.0,1161228.0,0.02371024467201962
Belgium,2022-01-31,2022Jan,26779.0,1206564.0,0.02219442980231467
Belgium,2022-02-28,2022Feb,27624.0,1204520.0,0.02293361671039086
Belgium,2022-03-31,2022Mar,27283.0,1231790.0,0.022149067617045114
Belgium,2022-04-30,2022Apr,26983.0,1247049.0,0.02163748176695543
Belgium,2022-05-31,2022May,26809.0,1251267.0,0.021425483130299128
Belgium,2022-06-30,2022Jun,27320.0,1306102.0,0.020917202484951405
Belgium,2022-07-31,2022Jul,28526.0,1313133.0,0.021723618247351945
Belgium,2022-08-31,2022Aug,28638.0,1307232.0,0.021907358448997577
Belgium,2022-09-30,2022Sep,25209.0,1336774.0,0.018858086707251937
Belgium,2022-10-31,2022Oct,26335.0,1343711.0,0.01959870835320988
Belgium,2022-11-30,2022Nov,26217.0,1327456.0,0.019749807149916834
Belgium,2022-12-31,2022Dec,26489.0,1276333.0,0.0207539881833346
Belgium,2023-01-31,2023Jan,24198.0,1318270.0,0.0183558755035008
Belgium,2023-02-28,2023Feb,25097.0,1340121.0,0.018727413420131466
Belgium,2023-03-31,2023Mar,25178.0,1320670.0,0.01906456571285787
Belgium,2023-04-30,2023Apr,24951.0,1347893.0,0.01851111327086052
Belgium,2023-05-31,2023May,25100.0,1338409.0,0.018753609696288653
Belgium,2023-06-30,2023Jun,25293.0,1320927.0,0.01914791657676768
Belgium,2023-07-31,2023Jul,25566.0,1339374.0,0.019088021717608376
Belgium,2023-08-31,2023Aug,25790.0,1319155.0,0.019550394002221118
Belgium,2023-09-30,2023Sep,25705.0,1327512.0,0.019363290124684372
Belgium,2023-10-31,2023Oct,25507.0,1333600.0,0.01912642471505699
Belgium,2023-11-30,2023Nov,26074.0,1332942.0,0.019561241224299333
Belgium,2023-12-31,2023Dec,26588.0,1306014.0,0.020358127860803942
Belgium,2024-01-31,2024Jan,27404.0,1356014.0,0.020209230878147275
Belgium,2024-02-29,2024Feb,27143.0,1373459.0,0.019762512022564925
Belgium,2024-03-31,2024Mar,27817.0,1382562.0,0.020119893357404585
Belgium,2024-04-30,2024Apr,28263.0,1377599.0,0.020516129875239455
Belgium,2024-05-31,2024May,28390.0,1380305.0,0.02056791796016098
Belgium,2024-06-30,2024Jun,27857.0,1378745.0,0.020204606363033048
Belgium,2024-07-31,2024Jul,27908.0,1390764.0,0.020066668392336874
Belgium,2024-08-31,2024Aug,28245.0,1364302.0,0.020702894227231212
Belgium,2024-09-30,2024Sep,27746.0,1397959.0,0.019847506257336587
Belgium,2024-10-31,2024Oct,28808.0,1392726.0,0.020684614202650053
Belgium,2024-11-30,2024Nov,30195.0,1396065.0,0.021628649095851556
Belgium,2024-12-31,2024Dec,30198.0,1400880.0,0.021556450231283192
Belgium,2025-01-31,2025Jan,34145.0,1431977.0,0.023844656722838427
Belgium,2025-02-28,2025Feb,35085.0,1456109.0,0.024095036841335366
Belgium,2025-03-31,2025Mar,36835.0,1441841.0,0.025547199725905977
Belgium,2025-04-30,2025Apr,37607.0,1467588.0,0.025625039179933334
Belgium,2025-05-31,2025May,38136.0,1476724.0,0.02582473095852712
Belgium,2025-06-30,2025Jun,37359.0,1461384.0,0.02556412277676504
Belgium,2025-07-31,2025Jul,38124.0,1431582.0,0.026630678508112005
Belgium,2025-08-31,2025Aug,37955.0,1435526.0,0.0264397858346
Belgium,2025-09-30,2025Sep,37720.0,1461893.0,0.025802161991335892
Belgium,2025-10-31,2025Oct,37835.0,1455207.0,0.025999737494390832
Belgium,2025-11-30,2025Nov,38845.0,1459877.0,0.02660840605064673
Belgium,2025-12-31,2025Dec,38845.0,1453117.0,0.02673219018152014
Belgium,2026-01-31,2026Jan,39281.0,1466015.0,0.026794405241419766
Belgium,2026-02-28,2026Feb,39593.0,1456892.0,0.02717634526100768
Belgium,2026-03-31,2026Mar,40361.0,1486272.0,0.027155863798820134
Belgium,2026-04-30,2026Apr,40852.0,1463193.0,0.027919761781255104
Finland,1997-09-30,1997Sep,8995.0,106650.2,0.08434114516428474
Finland,1997-10-31,1997Oct,9018.0,109160.3,0.08261245159641371
Finland,1997-11-30,1997Nov,8778.0,107316.52,0.0817954216182187
Finland,1997-12-31,1997Dec,9550.0,105236.66,0.09074784395475873
Finland,1998-01-31,1998Jan,9877.15,105287.73,0.09381102622309362
Finland,1998-02-28,1998Feb,9129.52,105818.92,0.08627493079687451
Finland,1998-03-31,1998Mar,9170.36,103533.58,0.08857377480813472
Finland,1998-04-30,1998Apr,8795.0,103867.89,0.0846748692016368
Finland,1998-05-31,1998May,7802.0,105442.05,0.07399325032091086
Finland,1998-06-30,1998Jun,8159.6,104607.71,0.07800189871281954
Finland,1998-07-31,1998Jul,8179.54,106413.69,0.07686548601030563
Finland,1998-08-31,1998Aug,8863.33,107905.93,0.0821394153222163
Finland,1998-09-30,1998Sep,9104.2,105794.56,0.08605546447756861
Finland,1998-10-31,1998Oct,9769.0,107776.0,0.0906417013064133
Finland,1998-11-30,1998Nov,9051.81,110054.32,0.08224856598087198
Finland,1998-12-31,1998Dec,8627.23,108087.77,0.07981689325258537
Finland,1999-01-31,1999Jan,8809.0,110299.0,0.07986473132122685
Finland,1999-02-28,1999Feb,9070.0,110292.0,0.08223624560258223
Finland,1999-03-31,1999Mar,8955.0,108623.0,0.08244110363366874
Finland,1999-04-30,1999Apr,9104.0,110055.0,0.08272227522602335
Finland,1999-05-31,1999May,9256.0,110742.0,0.08358165826876884
Finland,1999-06-30,1999Jun,8554.0,109113.0,0.0783957915188841
Finland,1999-07-31,1999Jul,8561.0,112129.0,0.0763495616655816
Finland,1999-08-31,1999Aug,7932.0,112961.0,0.07021892511574791
Finland,1999-09-30,1999Sep,7146.0,110286.0,0.06479516892443284
Finland,1999-10-31,1999Oct,6891.0,115155.0,0.05984108375667579
Finland,1999-11-30,1999Nov,6876.0,119371.0,0.057601930117030097
Finland,1999-12-31,1999Dec,7069.0,119706.0,0.059053013215711825
Finland,2000-01-31,2000Jan,7662.0,119192.0,0.06428283777434728
Finland,2000-02-29,2000Feb,7906.0,122140.0,0.06472899950876043
Finland,2000-03-31,2000Mar,7985.0,124291.0,0.06424439420392467
Finland,2000-04-30,2000Apr,7987.0,125146.0,0.06382145653876273
Finland,2000-05-31,2000May,7861.0,122797.0,0.0640162218946717
Finland,2000-06-30,2000Jun,7185.0,122321.0,0.05873889193188414
Finland,2000-07-31,2000Jul,7300.0,123471.0,0.05912319492026468
Finland,2000-08-31,2000Aug,7291.0,124340.0,0.058637606562650796
Finland,2000-09-30,2000Sep,7208.0,119555.0,0.060290242984400486
Finland,2000-10-31,2000Oct,7293.0,123364.0,0.05911773288803865
Finland,2000-11-30,2000Nov,7060.0,127469.0,0.05538601542335784
Finland,2000-12-31,2000Dec,6684.0,129678.0,0.05154305279230093
Finland,2001-01-31,2001Jan,7220.0,140481.0,0.051394850549184586
Finland,2001-02-28,2001Feb,7483.0,142011.0,0.05269310123863644
Finland,2001-03-31,2001Mar,7675.0,147181.0,0.05214667654112963
Finland,2001-04-30,2001Apr,7946.0,148974.0,0.05333816639145086
Finland,2001-05-31,2001May,7929.0,151207.0,0.052438048503045495
Finland,2001-06-30,2001Jun,8037.0,149450.0,0.053777183004349284
Finland,2001-07-31,2001Jul,7926.0,146163.0,0.05422712998501673
Finland,2001-08-31,2001Aug,8212.0,146438.0,0.05607834032150125
Finland,2001-09-30,2001Sep,7533.0,154438.0,0.04877685543713335
Finland,2001-10-31,2001Oct,7997.0,160946.0,0.04968747281696967
Finland,2001-11-30,2001Nov,8028.0,162783.0,0.04931718914137226
Finland,2001-12-31,2001Dec,7133.0,166624.0,0.04280895909352794
Finland,2002-01-31,2002Jan,7479.0,171639.0,0.04357401289916627
Finland,2002-02-28,2002Feb,6373.0,171789.0,0.03709783513496208
Finland,2002-03-31,2002Mar,5227.0,172362.0,0.030325709843236907
Finland,2002-04-30,2002Apr,5147.0,173435.0,0.029676824170438494
Finland,2002-05-31,2002May,5283.0,172996.0,0.03053827834169576
Finland,2002-06-30,2002Jun,5485.0,170735.0,0.03212580900225496
Finland,2002-07-31,2002Jul,5886.0,170229.0,0.03457695222318172
Finland,2002-08-31,2002Aug,5938.0,175974.0,0.03374362121677066
Finland,2002-09-30,2002Sep,5885.0,177273.0,0.033197384824536165
Finland,2002-10-31,2002Oct,5152.0,176804.0,0.02913961222596774
Finland,2002-11-30,2002Nov,5114.0,174632.0,0.029284438132759175
Finland,2002-12-31,2002Dec,5100.0,170780.0,0.029862981613772103
Finland,2003-01-31,2003Jan,2774.0,173094.0,0.016025974326088713
Finland,2003-02-28,2003Feb,2352.0,172470.0,0.01363715428770221
Finland,2003-03-31,2003Mar,2398.0,172163.0,0.013928660629752038
Finland,2003-04-30,2003Apr,2389.0,170964.0,0.01397370206593201
Finland,2003-05-31,2003May,2500.0,176078.0,0.014198253046945103
Finland,2003-06-30,2003Jun,2374.0,189737.0,0.01251205616195049
Finland,2003-07-31,2003Jul,2410.0,177316.0,0.013591554061675202
Finland,2003-08-31,2003Aug,2493.0,177622.0,0.014035423539876817
Finland,2003-09-30,2003Sep,2547.0,179881.0,0.014159360910824379
Finland,2003-10-31,2003Oct,2622.0,179527.0,0.014605045480624084
Finland,2003-11-30,2003Nov,2488.0,198165.0,0.01255519390406984
Finland,2003-12-31,2003Dec,2424.0,193886.0,0.012502192009737682
Finland,2004-01-31,2004Jan,2433.0,194296.0,0.012522131181290402
Finland,2004-02-29,2004Feb,2452.0,194937.0,0.01257842277248547
Finland,2004-03-31,2004Mar,1879.0,200996.0,0.009348444745169058
Finland,2004-04-30,2004Apr,1891.0,204637.0,0.009240753138484242
Finland,2004-05-31,2004May,1894.0,204348.0,0.009268502750210425
Finland,2004-06-30,2004Jun,1886.0,210371.0,0.00896511401286299
Finland,2004-07-31,2004Jul,1772.0,208770.0,0.008487809551180725
Finland,2004-08-31,2004Aug,1804.0,215826.0,0.008358585156561304
Finland,2004-09-30,2004Sep,1831.0,217439.0,0.008420752486904373
Finland,2004-10-31,2004Oct,1910.0,216321.0,0.008829471017608092
Finland,2004-11-30,2004Nov,1981.0,220839.0,0.008970335855532764
Finland,2004-12-31,2004Dec,1934.0,222747.0,0.008682496285022918
Finland,2005-01-31,2005Jan,1718.0,225692.0,0.007612143983836379
Finland,2005-02-28,2005Feb,1899.0,226198.0,0.008395299693189152
Finland,2005-03-31,2005Mar,1821.0,229328.0,0.007940591641666085
Finland,2005-04-30,2005Apr,1713.0,234941.0,0.007291192256779362
Finland,2005-05-31,2005May,1723.0,237492.0,0.007254981220420056
Finland,2005-06-30,2005Jun,1669.0,243793.0,0.00684597178754107
Finland,2005-07-31,2005Jul,1836.0,235351.0,0.007801114080670998
Finland,2005-08-31,2005Aug,1892.0,242893.0,0.0077894381476617276
Finland,2005-09-30,2005Sep,2017.0,242787.0,0.00830769357502667
Finland,2005-10-31,2005Oct,1967.0,244317.0,0.008051015688634028
Finland,2005-11-30,2005Nov,2114.0,252492.0,0.008372542496395926
Finland,2005-12-31,2005Dec,2047.0,246884.0,0.008291343302927691
Finland,2006-01-31,2006Jan,2195.0,245121.0,0.008954761117978468
Finland,2006-02-28,2006Feb,2103.0,246062.0,0.008546626459997887
Finland,2006-03-31,2006Mar,1811.0,255127.0,0.007098425490050054
Finland,2006-04-30,2006Apr,1916.0,258135.0,0.00742247273713367
Finland,2006-05-31,2006May,1681.0,256590.0,0.006551307533419073
Finland,2006-06-30,2006Jun,1745.0,261215.0,0.006680320808529372
Finland,2006-07-31,2006Jul,1815.0,256405.0,0.0070786451122248
Finland,2006-08-31,2006Aug,1816.0,255866.0,0.007097465079377487
Finland,2006-09-30,2006Sep,1891.0,261974.0,0.0072182735691328145
Finland,2006-10-31,2006Oct,1762.0,267091.0,0.006597002519740463
Finland,2006-11-30,2006Nov,1813.0,268339.0,0.006756379057833562
Finland,2006-12-31,2006Dec,1654.0,271441.0,0.006093405196709414
Finland,2007-01-31,2007Jan,1556.0,273141.0,0.005696691452400042
Finland,2007-02-28,2007Feb,1555.0,277148.0,0.00561072062580282
Finland,2007-03-31,2007Mar,1740.0,284781.0,0.00610995817838971
Finland,2007-04-30,2007Apr,1582.0,287300.0,0.005506439262095371
Finland,2007-05-31,2007May,1655.0,289802.0,0.005710795646682908
Finland,2007-06-30,2007Jun,1695.0,285307.0,0.005940968851097239
Finland,2007-07-31,2007Jul,1440.0,283527.0,0.005078881376376853
Finland,2007-08-31,2007Aug,1445.0,294476.0,0.004907021285266032
Finland,2007-09-30,2007Sep,1449.0,295355.0,0.004905960623656278
Finland,2007-10-31,2007Oct,1407.0,303327.0,0.004638558387482816
Finland,2007-11-30,2007Nov,1484.0,306380.0,0.004843658202232521
Finland,2007-12-31,2007Dec,1568.0,306525.0,0.005115406573688933
Finland,2008-01-31,2008Jan,1603.0,308715.0,0.005192491456521387
Finland,2008-02-29,2008Feb,1732.0,319053.0,0.005428565160020435
Finland,2008-03-31,2008Mar,2013.0,327659.0,0.006143582199786973
Finland,2008-04-30,2008Apr,1720.0,336592.0,0.005110044207824309
Finland,2008-05-31,2008May,1491.0,336360.0,0.004432750624331074
Finland,2008-06-30,2008Jun,1579.0,345401.0,0.004571498055882872
Finland,2008-07-31,2008Jul,1517.0,336276.0,0.004511175344062615
Finland,2008-08-31,2008Aug,1565.0,342537.0,0.004568849496550738
Finland,2008-09-30,2008Sep,1589.0,356270.0,0.004460100485586774
Finland,2008-10-31,2008Oct,1496.0,387137.0,0.0038642651051178263
Finland,2008-11-30,2008Nov,1685.0,393102.0,0.0042864193008430385
Finland,2008-12-31,2008Dec,1503.0,396238.0,0.003793174809079392
Finland,2009-01-31,2009Jan,1413.0,401038.0,0.0035233568888733734
Finland,2009-02-28,2009Feb,1448.0,408180.0,0.0035474545543632712
Finland,2009-03-31,2009Mar,1698.0,396769.0,0.004279568212234323
Finland,2009-04-30,2009Apr,1631.0,388775.0,0.004195228602662208
Finland,2009-05-31,2009May,1803.0,393574.0,0.004581095295929101
Finland,2009-06-30,2009Jun,1641.0,386657.0,0.004244071619031855
Finland,2009-07-31,2009Jul,1591.0,380112.0,0.004185608452245654
Finland,2009-08-31,2009Aug,1528.0,384671.0,0.003972225616175901
Finland,2009-09-30,2009Sep,1588.0,384712.0,0.004127763105907796
Finland,2009-10-31,2009Oct,1546.0,381105.0,0.0040566248146836174
Finland,2009-11-30,2009Nov,1767.0,392611.0,0.004500638036122269
Finland,2009-12-31,2009Dec,1682.0,399397.0,0.0042113486080266
Finland,2010-01-31,2010Jan,1966.0,399623.0,0.004919636757644079
Finland,2010-02-28,2010Feb,2009.0,415122.0,0.004839541146939936
Finland,2010-03-31,2010Mar,2086.0,410821.0,0.0050776372191294996
Finland,2010-04-30,2010Apr,2265.0,418214.0,0.005415887559957342
Finland,2010-05-31,2010May,2463.0,459510.0,0.005360057452503754
Finland,2010-06-30,2010Jun,2367.0,479444.0,0.0049369686553591245
Finland,2010-07-31,2010Jul,2338.0,459619.0,0.005086821911191661
Finland,2010-08-31,2010Aug,2359.0,500567.0,0.004712655848268064
Finland,2010-09-30,2010Sep,2746.0,468560.0,0.005860508792897388
Finland,2010-10-31,2010Oct,2383.0,449737.0,0.005298652323469049
Finland,2010-11-30,2010Nov,2781.0,478228.0,0.005815217845881044
Finland,2010-12-31,2010Dec,3219.0,480423.0,0.006700345320686145
Finland,2011-01-31,2011Jan,3300.0,478919.0,0.00689051802079266
Finland,2011-02-28,2011Feb,2697.0,482809.0,0.005586059911890624
Finland,2011-03-31,2011Mar,2751.0,495024.0,0.005557306312421216
Finland,2011-04-30,2011Apr,2978.0,502565.0,0.005925601663466417
Finland,2011-05-31,2011May,3259.0,515044.0,0.006327614728062069
Finland,2011-06-30,2011Jun,3627.0,500487.0,0.0072469414789994545
Finland,2011-07-31,2011Jul,3961.0,508561.0,0.007788642857002405
Finland,2011-08-31,2011Aug,3524.0,565535.0,0.0062312677376289705
Finland,2011-09-30,2011Sep,4134.0,610241.0,0.006774372747816027
Finland,2011-10-31,2011Oct,4236.0,584640.0,0.007245484400656814
Finland,2011-11-30,2011Nov,3751.0,600629.0,0.006245119699515009
Finland,2011-12-31,2011Dec,3788.0,644358.0,0.005878719593766199
Finland,2012-01-31,2012Jan,3936.0,626576.0,0.006281759914200352
Finland,2012-02-29,2012Feb,3951.0,615651.0,0.006417596982706111
Finland,2012-03-31,2012Mar,3605.0,641579.0,0.005618949498035316
Finland,2012-04-30,2012Apr,3577.0,639709.0,0.005591604932867913
Finland,2012-05-31,2012May,3784.0,707939.0,0.005345093291936169
Finland,2012-06-30,2012Jun,3532.0,656189.0,0.005382595563168538
Finland,2012-07-31,2012Jul,3587.0,655305.0,0.00547378701520666
Finland,2012-08-31,2012Aug,3679.0,650204.0,0.005658224188100965
Finland,2012-09-30,2012Sep,3631.0,657077.0,0.005525988582768838
Finland,2012-10-31,2012Oct,3556.0,639858.0,0.005557483066555392
Finland,2012-11-30,2012Nov,3402.0,590564.0,0.005760594956685474
Finland,2012-12-31,2012Dec,3433.0,600304.0,0.0057187691569604735
Finland,2013-01-31,2013Jan,3892.0,575730.0,0.006760113247529224
Finland,2013-02-28,2013Feb,3698.0,570860.0,0.006477945555828049
Finland,2013-03-31,2013Mar,3451.0,560078.0,0.006161641771324708
Finland,2013-04-30,2013Apr,4624.0,559604.0,0.008262985968649258
Finland,2013-05-31,2013May,4574.0,540233.0,0.008466717138716072
Finland,2013-06-30,2013Jun,4863.0,528451.0,0.00920236691765178
Finland,2013-07-31,2013Jul,4491.0,526284.0,0.008533415418291265
Finland,2013-08-31,2013Aug,3855.0,528362.0,0.007296134089885344
Finland,2013-09-30,2013Sep,3900.0,522965.0,0.007457478033902842
Finland,2013-10-31,2013Oct,3831.0,528964.0,0.007242458844080126
Finland,2013-11-30,2013Nov,4201.0,539670.0,0.007784386754868716
Finland,2013-12-31,2013Dec,4124.0,525312.0,0.00785057261208577
Finland,2014-01-31,2014Jan,7538.0,543859.0,0.013860210091218496
Finland,2014-02-28,2014Feb,4007.0,528918.0,0.007575843514495631
Finland,2014-03-31,2014Mar,3664.0,539982.0,0.006785411365564037
Finland,2014-04-30,2014Apr,4078.0,541708.0,0.00752804093718387
Finland,2014-05-31,2014May,4424.0,551357.0,0.00802383936360652
Finland,2014-06-30,2014Jun,4527.0,551940.0,0.008201978475921296
Finland,2014-07-31,2014Jul,4350.0,550910.0,0.007896026574213575
Finland,2014-08-31,2014Aug,4113.0,562685.0,0.007309595955108098
Finland,2014-09-30,2014Sep,3631.0,574427.0,0.006321081704028536
Finland,2014-10-31,2014Oct,3829.0,570415.0,0.0067126565745991955
Finland,2014-11-30,2014Nov,3978.0,576356.0,0.0069019841903268115
Finland,2014-12-31,2014Dec,4012.0,579309.0,0.006925492267511811
Finland,2015-01-31,2015Jan,4448.0,622047.0,0.007150585084406805
Finland,2015-02-28,2015Feb,4421.0,607355.0,0.007279103654370179
Finland,2015-03-31,2015Mar,4724.0,638737.0,0.007395845238337532
Finland,2015-04-30,2015Apr,5085.0,612750.0,0.008298653610771114
Finland,2015-05-31,2015May,4910.0,600822.0,0.00817213750495155
Finland,2015-06-30,2015Jun,5153.0,603085.0,0.008544400872182197
Finland,2015-07-31,2015Jul,5005.0,596051.0,0.008396932477254463
Finland,2015-08-31,2015Aug,4956.0,613226.0,0.008081849106202282
Finland,2015-09-30,2015Sep,4617.0,600652.0,0.007686647176734615
Finland,2015-10-31,2015Oct,4677.0,591777.0,0.007903314931131153
Finland,2015-11-30,2015Nov,4836.0,611321.0,0.007910737566679371
Finland,2015-12-31,2015Dec,4831.0,556050.0,0.008688067619818362
Finland,2016-01-31,2016Jan,5128.0,599612.0,0.008552197087449885
Finland,2016-02-29,2016Feb,5047.0,630480.0,0.00800501205430783
Finland,2016-03-31,2016Mar,5293.0,603105.0,0.008776249575115445
Finland,2016-04-30,2016Apr,5197.0,613933.0,0.008465093096477954
Finland,2016-05-31,2016May,5331.0,622868.0,0.008558795764110535
Finland,2016-06-30,2016Jun,5589.0,600792.0,0.009302720409060041
Finland,2016-07-31,2016Jul,5741.0,615487.0,0.009327573125021325
Finland,2016-08-31,2016Aug,5526.0,607971.0,0.009089249322747302
Finland,2016-09-30,2016Sep,5530.0,594852.0,0.009296430036378797
Finland,2016-10-31,2016Oct,5684.0,594037.0,0.009568427555859314
Finland,2016-11-30,2016Nov,5587.0,591032.0,0.009452956861895803
Finland,2016-12-31,2016Dec,4951.0,547289.0,0.009046408752962328
Finland,2017-01-31,2017Jan,4369.0,435975.0,0.010021216812890647
Finland,2017-02-28,2017Feb,4416.0,445634.0,0.009909477284049242
Finland,2017-03-31,2017Mar,4256.0,468218.0,0.009089782964345669
Finland,2017-04-30,2017Apr,4219.0,465142.0,0.009070348409732941
Finland,2017-05-31,2017May,4178.0,462398.0,0.009035506208936889
Finland,2017-06-30,2017Jun,4298.0,455474.0,0.009436323478398328
Finland,2017-07-31,2017Jul,4341.0,454302.0,0.009555317828228799
Finland,2017-08-31,2017Aug,4231.0,457494.0,0.009248208719677197
Finland,2017-09-30,2017Sep,3757.0,464450.0,0.008089137689740553
Finland,2017-10-31,2017Oct,3744.0,467249.0,0.008012858240467075
Finland,2017-11-30,2017Nov,3949.0,475411.0,0.00830649690478344
Finland,2017-12-31,2017Dec,3632.0,451885.0,0.008037443154784956
Finland,2018-01-31,2018Jan,4104.0,473191.0,0.008673030552144906
Finland,2018-02-28,2018Feb,3793.0,474908.0,0.007986810076899104
Finland,2018-03-31,2018Mar,3438.0,461472.0,0.00745007281048471
Finland,2018-04-30,2018Apr,3406.0,470393.0,0.007240754007818994
Finland,2018-05-31,2018May,3573.0,478526.0,0.007466678926536907
Finland,2018-06-30,2018Jun,3733.0,468000.0,0.007976495726495727
Finland,2018-07-31,2018Jul,3914.0,474902.0,0.00824170039292317
Finland,2018-08-31,2018Aug,3578.0,466439.0,0.00767088515325691
Finland,2018-09-30,2018Sep,3377.0,484557.0,0.006969252327383569
Finland,2018-10-31,2018Oct,3799.0,624635.0,0.006081951859886174
Finland,2018-11-30,2018Nov,3647.0,647685.0,0.005630823625682238
Finland,2018-12-31,2018Dec,3501.0,628492.0,0.005570476632956347
Finland,2019-01-31,2019Jan,3886.0,668015.0,0.005817234642934665
Finland,2019-02-28,2019Feb,4220.0,681555.0,0.006191723338542011
Finland,2019-03-31,2019Mar,4419.0,686688.0,0.006435236963511813
Finland,2019-04-30,2019Apr,4152.0,668322.0,0.006212574178315243
Finland,2019-05-31,2019May,4297.0,674639.0,0.006369332339221421
Finland,2019-06-30,2019Jun,4284.0,683455.0,0.006268152255817867
Finland,2019-07-31,2019Jul,4554.0,680212.0,0.006694971567687721
Finland,2019-08-31,2019Aug,4644.0,708331.0,0.006556256891199171
Finland,2019-09-30,2019Sep,5001.0,706838.0,0.0070751713971235275
Finland,2019-10-31,2019Oct,4412.0,692059.0,0.006375178994854485
Finland,2019-11-30,2019Nov,3824.0,680299.0,0.005621057799585182
Finland,2019-12-31,2019Dec,3086.0,652258.0,0.0047312566499759295
Finland,2020-01-31,2020Jan,3573.0,683511.0,0.005227421358251732
Finland,2020-02-29,2020Feb,3339.0,698290.0,0.004781680963496541
Finland,2020-03-31,2020Mar,4008.0,717749.0,0.005584124812434431
Finland,2020-04-30,2020Apr,4035.0,728537.0,0.005538497015251113
Finland,2020-05-31,2020May,3760.0,720639.0,0.005217591609668642
Finland,2020-06-30,2020Jun,3870.0,722254.0,0.005358225776527371
Finland,2020-07-31,2020Jul,3643.0,729165.0,0.004996125705430184
Finland,2020-08-31,2020Aug,4165.0,735909.0,0.005659667159934176
Finland,2020-09-30,2020Sep,3513.0,723163.0,0.00485782596731304
Finland,2020-10-31,2020Oct,3797.0,719282.0,0.005278875322891439
Finland,2020-11-30,2020Nov,3584.0,722682.0,0.004959304369003241
Finland,2020-12-31,2020Dec,2928.0,698753.0,0.004190321902016879
Finland,2021-01-31,2021Jan,3409.0,745618.0,0.004572046275706863
Finland,2021-02-28,2021Feb,3254.0,738862.0,0.00440407004284968
Finland,2021-03-31,2021Mar,3361.0,755417.0,0.004449198257386318
Finland,2021-04-30,2021Apr,2739.0,767128.0,0.0035704602100301384
Finland,2021-05-31,2021May,3096.0,787557.0,0.003931144031479626
Finland,2021-06-30,2021Jun,3163.0,776359.0,0.004074146110240237
Finland,2021-07-31,2021Jul,2958.0,779350.0,0.0037954705844614103
Finland,2021-08-31,2021Aug,3352.0,786483.0,0.0042620120206031155
Finland,2021-09-30,2021Sep,3516.0,796879.0,0.004412213146537931
Finland,2021-10-31,2021Oct,2996.0,780189.0,0.0038400951564300447
Finland,2021-11-30,2021Nov,3077.0,771945.0,0.003986035274533808
Finland,2021-12-31,2021Dec,2615.0,716185.0,0.0036512912166549146
Finland,2022-01-31,2022Jan,2757.0,783395.0,0.0035192974170118524
Finland,2022-02-28,2022Feb,2709.0,815371.0,0.003322413968610608
Finland,2022-03-31,2022Mar,2767.0,790044.0,0.0035023365787221978
Finland,2022-04-30,2022Apr,2923.0,818523.0,0.003571066420858058
Finland,2022-05-31,2022May,3271.0,819844.0,0.00398978342221203
Finland,2022-06-30,2022Jun,3350.0,809885.0,0.004136389734345
Finland,2022-07-31,2022Jul,3056.0,799164.0,0.0038239960758993147
Finland,2022-08-31,2022Aug,2859.0,824469.0,0.0034676864745672668
Finland,2022-09-30,2022Sep,2896.0,834794.0,0.0034691193276425083
Finland,2022-10-31,2022Oct,2881.0,813838.0,0.00354001656349298
Finland,2022-11-30,2022Nov,2900.0,791814.0,0.0036624762886233383
Finland,2022-12-31,2022Dec,2567.0,775893.0,0.0033084458810686526
Finland,2023-01-31,2023Jan,2703.0,799671.0,0.003380140082608973
Finland,2023-02-28,2023Feb,2564.0,793243.0,0.0032323008208077473
Finland,2023-03-31,2023Mar,2667.0,780909.0,0.0034152506886205693
Finland,2023-04-30,2023Apr,2878.0,795098.0,0.003619679586667304
Finland,2023-05-31,2023May,2795.0,797038.0,0.003506733681455589
Finland,2023-06-30,2023Jun,3077.0,775128.0,0.003969666945330319
Finland,2023-07-31,2023Jul,3107.0,776738.0,0.004000061796899341
Finland,2023-08-31,2023Aug,3050.0,769991.0,0.003961085259438097
Finland,2023-09-30,2023Sep,3983.0,745463.0,0.0053429881831828
Finland,2023-10-31,2023Oct,4166.0,729368.0,0.0057117943205624595
Finland,2023-11-30,2023Nov,3315.0,694205.0,0.004775246504994922
Finland,2023-12-31,2023Dec,3041.0,720060.0,0.0042232591728467075
Finland,2024-01-31,2024Jan,2709.0,679624.0,0.003986027568184761
Finland,2024-02-29,2024Feb,2723.0,662415.0,0.004110716091875939
Finland,2024-03-31,2024Mar,2702.0,734247.0,0.0036799605582317667
Finland,2024-04-30,2024Apr,2921.0,655520.0,0.004456004393458628
Finland,2024-05-31,2024May,2787.0,647939.0,0.004301330835155779
Finland,2024-06-30,2024Jun,2875.0,709717.0,0.00405091043331356
Finland,2024-07-31,2024Jul,2969.0,642561.0,0.004620572988401101
Finland,2024-08-31,2024Aug,3073.0,648380.0,0.00473950461149326
Finland,2024-09-30,2024Sep,3286.0,716588.0,0.004585619630805986
Finland,2024-10-31,2024Oct,3246.0,652526.0,0.004974514425478831
Finland,2024-11-30,2024Nov,3829.0,704375.0,0.005436024844720497
Finland,2024-12-31,2024Dec,3742.0,664350.0,0.005632573191841649
Finland,2025-01-31,2025Jan,3676.0,651537.0,0.005642043352871748
Finland,2025-02-28,2025Feb,3796.0,652800.0,0.0058149509803921565
Finland,2025-03-31,2025Mar,4016.0,689563.0,0.00582397837470978
Finland,2025-04-30,2025Apr,4362.0,664984.0,0.006559556320152064
Finland,2025-05-31,2025May,4462.0,661586.0,0.006744399065276472
Finland,2025-06-30,2025Jun,4562.0,709691.0,0.006428149715862256
Finland,2025-07-31,2025Jul,4463.0,658230.0,0.006780304756695988
Finland,2025-08-31,2025Aug,4452.0,703175.0,0.00633128310875671
Finland,2025-09-30,2025Sep,4279.0,663856.0,0.006445674965655203
Finland,2025-10-31,2025Oct,4422.0,666070.0,0.006638941852958398
Finland,2025-11-30,2025Nov,4552.0,708333.0,0.0064263559653439835
Finland,2025-12-31,2025Dec,4987.0,659658.0,0.007559978049231571
Finland,2026-01-31,2026Jan,4862.0,673862.0,0.007215127132855095
Finland,2026-02-28,2026Feb,4968.0,704259.0,0.007054222949227486
Finland,2026-03-31,2026Mar,5669.0,670444.0,0.008455590623527095
Finland,2026-04-30,2026Apr,5759.0,667766.0,0.008624278564646898
France,1997-09-30,1997Sep,234748.0,3147124.0,0.07459127762363352
France,1997-10-31,1997Oct,229548.0,3169187.0,0.0724311944987784
France,1997-11-30,1997Nov,232052.0,3218788.0,0.07209297412566469
France,1997-12-31,1997Dec,215630.0,3189583.0,0.0676044486066047
France,1998-01-31,1998Jan,228210.0,3267523.0,0.06984189552759078
France,1998-02-28,1998Feb,232842.0,3278284.0,0.07102557313521342
France,1998-03-31,1998Mar,228699.0,3271074.0,0.06991556901494739
France,1998-04-30,1998Apr,234115.0,3304761.0,0.0708417340921174
France,1998-05-31,1998May,235640.0,3266559.0,0.07213707145653882
France,1998-06-30,1998Jun,226808.0,3286217.0,0.06901796199094581
France,1998-07-31,1998Jul,231524.0,3303354.0,0.07008755343811168
France,1998-08-31,1998Aug,237056.0,3280419.0,0.07226393945407583
France,1998-09-30,1998Sep,235055.0,3327345.0,0.07064341088765969
France,1998-10-31,1998Oct,222855.0,3359265.0,0.06634040482069739
France,1998-11-30,1998Nov,215587.0,3357388.0,0.06421271536086982
France,1998-12-31,1998Dec,206901.0,3265267.0,0.06336419043220662
France,1999-01-31,1999Jan,198303.0,3548806.0,0.0558787941634454
France,1999-02-28,1999Feb,202971.0,3527231.0,0.05754400548192052
France,1999-03-31,1999Mar,213694.0,3541186.0,0.06034531933651607
France,1999-04-30,1999Apr,206702.0,3537452.0,0.058432453641773796
France,1999-05-31,1999May,201850.0,3504986.0,0.05758938837416184
France,1999-06-30,1999Jun,196380.0,3552975.0,0.05527199037426382
France,1999-07-31,1999Jul,189215.0,3526510.0,0.053655030043867735
France,1999-08-31,1999Aug,193966.0,3500876.0,0.05540499006534365
France,1999-09-30,1999Sep,193924.0,3487501.0,0.05560543208446392
France,1999-10-31,1999Oct,196595.0,3536492.0,0.05559039862100636
France,1999-11-30,1999Nov,197141.0,3627941.0,0.054339637827627296
France,1999-12-31,1999Dec,192511.0,3627119.0,0.05307545740848315
France,2000-01-31,2000Jan,186510.0,3621261.0,0.051504158358096803
France,2000-02-29,2000Feb,187141.0,3676891.0,0.05089653187978648
France,2000-03-31,2000Mar,189026.0,3742037.0,0.05051419855014795
France,2000-04-30,2000Apr,178497.0,3758479.0,0.04749181783375669
France,2000-05-31,2000May,174052.0,3764598.0,0.04623388738983551
France,2000-06-30,2000Jun,174669.0,3712308.0,0.04705132225020122
France,2000-07-31,2000Jul,165131.0,3728643.0,0.044287157553029345
France,2000-08-31,2000Aug,168129.0,3791151.0,0.04434774557911304
France,2000-09-30,2000Sep,164646.0,3729169.0,0.04415085505644823
France,2000-10-31,2000Oct,152573.0,3751985.0,0.040664608200725746
France,2000-11-30,2000Nov,151062.0,3734649.0,0.040448781130435554
France,2000-12-31,2000Dec,147213.0,3736616.0,0.039397411989886034
France,2001-01-31,2001Jan,146338.0,3901019.0,0.037512762690978946
France,2001-02-28,2001Feb,145082.0,3894547.0,0.03725259959630735
France,2001-03-31,2001Mar,143744.0,3939837.0,0.03648475812578033
France,2001-04-30,2001Apr,148045.0,3960907.0,0.03737654027221543
France,2001-05-31,2001May,155367.0,3984472.0,0.03899312129687447
France,2001-06-30,2001Jun,157713.0,4008565.0,0.0393440046500431
France,2001-07-31,2001Jul,150513.0,3989226.0,0.03772987541944227
France,2001-08-31,2001Aug,155025.0,3992378.0,0.03883024102427175
France,2001-09-30,2001Sep,155341.0,3993551.0,0.038897963241235685
France,2001-10-31,2001Oct,152217.0,4051997.0,0.037565921198855774
France,2001-11-30,2001Nov,155778.0,4062761.0,0.03834289046291426
France,2001-12-31,2001Dec,151271.0,4050400.0,0.03734717558759629
France,2002-01-31,2002Jan,157159.0,4097693.0,0.038353044017694835
France,2002-02-28,2002Feb,158179.0,4076783.0,0.038799955749423014
France,2002-03-31,2002Mar,159237.0,4107533.0,0.03876706529198913
France,2002-04-30,2002Apr,155053.0,4136973.0,0.03747981918180273
France,2002-05-31,2002May,159276.0,4138632.0,0.038485180610404596
France,2002-06-30,2002Jun,163491.0,4131776.0,0.03956918284050249
France,2002-07-31,2002Jul,156550.0,4142900.0,0.037787540128895215
France,2002-08-31,2002Aug,155264.0,4101788.0,0.037852760796023587
France,2002-09-30,2002Sep,155829.0,4182039.0,0.03726148895311593
France,2002-10-31,2002Oct,158219.0,4199602.0,0.03767476060826717
France,2002-11-30,2002Nov,155085.0,4243773.0,0.03654413183740035
France,2002-12-31,2002Dec,152351.0,4161732.0,0.036607595107037164
France,2003-01-31,2003Jan,155640.0,4209240.0,0.03697579610571029
France,2003-02-28,2003Feb,159879.0,4251830.0,0.03760239708549025
France,2003-03-31,2003Mar,157845.0,4234627.0,0.037274829636707085
France,2003-04-30,2003Apr,159196.0,4307081.0,0.0369614595128348
France,2003-05-31,2003May,164996.0,4375837.0,0.03770615770194365
France,2003-06-30,2003Jun,168386.0,4320308.0,0.03897546193465836
France,2003-07-31,2003Jul,156177.0,4365866.0,0.03577228435320736
France,2003-08-31,2003Aug,154532.0,4374705.0,0.03532398184563302
France,2003-09-30,2003Sep,163028.0,4346917.0,0.037504281770275344
France,2003-10-31,2003Oct,163297.0,4354227.0,0.037503097564734224
France,2003-11-30,2003Nov,162635.0,4409164.0,0.03688567719413476
France,2003-12-31,2003Dec,157467.0,4351467.0,0.03618710655509969
France,2004-01-31,2004Jan,160655.0,4514892.0,0.0355833539318327
France,2004-02-29,2004Feb,152573.0,4570370.0,0.03338307401807731
France,2004-03-31,2004Mar,160782.0,4546464.0,0.03536418632150172
France,2004-04-30,2004Apr,158153.0,4709068.0,0.03358477728501691
France,2004-05-31,2004May,164164.0,4642713.0,0.035359497776407886
France,2004-06-30,2004Jun,164397.0,4653835.0,0.0353250598699782
France,2004-07-31,2004Jul,164851.0,4696840.0,0.03509827884279643
France,2004-08-31,2004Aug,163856.0,4711256.0,0.034779685077609875
France,2004-09-30,2004Sep,164784.0,4691465.0,0.03512420960190474
France,2004-10-31,2004Oct,154144.0,4759552.0,0.03238624139414802
France,2004-11-30,2004Nov,156263.0,4787094.0,0.03264255934811391
France,2004-12-31,2004Dec,155767.0,4783758.0,0.032561638778550256
France,2005-01-31,2005Jan,160920.0,4865910.0,0.03307089526933297
France,2005-02-28,2005Feb,172469.0,4925187.0,0.03501775668619283
France,2005-03-31,2005Mar,169172.0,4933341.0,0.03429156833067084
France,2005-04-30,2005Apr,167537.0,5066487.0,0.03306768575543567
France,2005-05-31,2005May,167789.0,5135603.0,0.03267172326209795
France,2005-06-30,2005Jun,172601.0,5125615.0,0.03367420299807925
France,2005-07-31,2005Jul,165492.0,5203374.0,0.031804748226823595
France,2005-08-31,2005Aug,166248.0,5185865.0,0.03205791126456242
France,2005-09-30,2005Sep,160332.0,5209131.0,0.030779030129977535
France,2005-10-31,2005Oct,171751.0,5324823.0,0.03225478105093822
France,2005-11-30,2005Nov,179259.0,5604864.0,0.03198275640586462
France,2005-12-31,2005Dec,168638.0,5471901.0,0.030818905532099355
France,2006-01-31,2006Jan,168615.0,5665346.0,0.02976252465427531
France,2006-02-28,2006Feb,172812.0,5735255.0,0.030131528589400124
France,2006-03-31,2006Mar,177419.0,5727657.0,0.03097584230340609
France,2006-04-30,2006Apr,175905.0,5859955.0,0.03001814860353023
France,2006-05-31,2006May,173021.0,5953718.0,0.02906100020189065
France,2006-06-30,2006Jun,166525.0,5795529.0,0.02873335635107684
France,2006-07-31,2006Jul,168390.0,5885952.0,0.028608795994258873
France,2006-08-31,2006Aug,160065.0,5911666.0,0.02707612371876219
France,2006-09-30,2006Sep,158453.0,6051968.0,0.026182061768998118
France,2006-10-31,2006Oct,157513.0,6099464.0,0.025824072410297036
France,2006-11-30,2006Nov,161775.0,6214536.0,0.026031710171121384
France,2006-12-31,2006Dec,152667.0,6172270.0,0.024734335989838423
France,2007-01-31,2007Jan,154940.0,6379889.0,0.024285688982990144
France,2007-02-28,2007Feb,159337.0,6449544.0,0.024705157449891033
France,2007-03-31,2007Mar,159224.0,6621646.0,0.024045984940904423
France,2007-04-30,2007Apr,156314.0,6727585.0,0.02323478633120206
France,2007-05-31,2007May,162570.0,6809094.0,0.02387542307390675
France,2007-06-30,2007Jun,161950.0,6878906.0,0.023542987794861567
France,2007-07-31,2007Jul,162176.0,6929866.0,0.023402472717365674
France,2007-08-31,2007Aug,162147.0,6877633.0,0.02357598900668297
France,2007-09-30,2007Sep,159022.0,6952278.0,0.02287336611107899
France,2007-10-31,2007Oct,154574.0,7112416.0,0.021732980748032735
France,2007-11-30,2007Nov,154626.0,7209397.0,0.021447840922063244
France,2007-12-31,2007Dec,149988.0,7120413.0,0.021064508477247036
France,2008-01-31,2008Jan,152133.0,7338452.0,0.02073093889555999
France,2008-02-29,2008Feb,154981.0,7352354.0,0.021079099292553107
France,2008-03-31,2008Mar,153393.0,7354732.0,0.020856368389765935
France,2008-04-30,2008Apr,148120.0,7331249.0,0.020203924324490957
France,2008-05-31,2008May,150730.0,7436732.0,0.020268311403449795
France,2008-06-30,2008Jun,149057.0,7315879.0,0.020374448511245195
France,2008-07-31,2008Jul,149949.0,7352428.0,0.02039448737206267
France,2008-08-31,2008Aug,149814.0,7356905.0,0.02036372632241411
France,2008-09-30,2008Sep,150248.0,7437494.0,0.02020142806165625
France,2008-10-31,2008Oct,144331.0,7904837.0,0.018258567507464102
France,2008-11-30,2008Nov,149540.0,7975893.0,0.01874899776112844
France,2008-12-31,2008Dec,149656.0,7710574.0,0.01940919054794105
France,2009-01-31,2009Jan,153083.0,7958384.0,0.01923543774716073
France,2009-02-28,2009Feb,158966.0,7862068.0,0.020219362132202368
France,2009-03-31,2009Mar,165003.0,7629081.0,0.02162816202895211
France,2009-04-30,2009Apr,166273.0,7731832.0,0.02150499390054
France,2009-05-31,2009May,167943.0,7599017.0,0.022100621698832888
France,2009-06-30,2009Jun,173375.0,7797976.0,0.02223333336753024
France,2009-07-31,2009Jul,173508.0,7877380.0,0.022026105126323726
France,2009-08-31,2009Aug,179050.0,7804531.0,0.022941801371536612
France,2009-09-30,2009Sep,177566.0,7711234.0,0.023026924095417154
France,2009-10-31,2009Oct,172239.0,7724824.0,0.022296818671855824
France,2009-11-30,2009Nov,170561.0,7811962.0,0.021833311529165143
France,2009-12-31,2009Dec,159666.0,7656744.0,0.02085298920794531
France,2010-01-31,2010Jan,156662.0,7832974.0,0.020000321716885566
France,2010-02-28,2010Feb,158799.0,7950476.0,0.019973521082259728
France,2010-03-31,2010Mar,159467.0,7959240.0,0.020035455646519016
France,2010-04-30,2010Apr,155605.0,8164490.0,0.019058753210549586
France,2010-05-31,2010May,157818.0,8394497.0,0.018800173494612007
France,2010-06-30,2010Jun,162886.0,8190512.0,0.0198871572375451
France,2010-07-31,2010Jul,160821.0,8147765.0,0.019738050864255414
France,2010-08-31,2010Aug,158404.0,8343212.0,0.01898597326784936
France,2010-09-30,2010Sep,160768.0,8151012.0,0.019723685844162665
France,2010-10-31,2010Oct,164686.0,8058925.0,0.02043523174616962
France,2010-11-30,2010Nov,164735.0,8082486.0,0.020381724137845707
France,2010-12-31,2010Dec,152083.0,7827084.0,0.019430352350888275
France,2011-01-31,2011Jan,151727.0,7873603.0,0.019270339131906955
France,2011-02-28,2011Feb,163171.0,7905292.0,0.020640730285484712
France,2011-03-31,2011Mar,137035.0,7675268.0,0.01785409968746368
France,2011-04-30,2011Apr,139131.0,7814386.0,0.017804469858540388
France,2011-05-31,2011May,137627.0,7918977.0,0.01737939130268973
France,2011-06-30,2011Jun,145946.0,7797613.0,0.01871675344749733
France,2011-07-31,2011Jul,138228.0,7980168.0,0.017321439849386628
France,2011-08-31,2011Aug,143835.0,8189069.0,0.017564267684153107
France,2011-09-30,2011Sep,146230.0,8445294.0,0.01731496854934831
France,2011-10-31,2011Oct,146686.0,8435822.0,0.017388465522387743
France,2011-11-30,2011Nov,150662.0,8361872.0,0.01801773574147033
France,2011-12-31,2011Dec,152809.0,8398744.0,0.01819426809532473
France,2012-01-31,2012Jan,155446.0,8452438.0,0.018390670242124225
France,2012-02-29,2012Feb,164322.0,8475215.0,0.019388534686140706
France,2012-03-31,2012Mar,168565.0,8454275.0,0.019938433514405433
France,2012-04-30,2012Apr,165582.0,8506735.0,0.019464812292847963
France,2012-05-31,2012May,169929.0,8804141.0,0.019301031185211596
France,2012-06-30,2012Jun,175639.0,8636646.0,0.02033648247247832
France,2012-07-31,2012Jul,171956.0,8755623.0,0.01963949338613597
France,2012-08-31,2012Aug,172908.0,8634834.0,0.020024472966127665
France,2012-09-30,2012Sep,183073.0,8563843.0,0.021377435340652555
France,2012-10-31,2012Oct,187688.0,8195765.0,0.022900607813913648
France,2012-11-30,2012Nov,185684.0,8285768.0,0.022409992652461425
France,2012-12-31,2012Dec,182686.0,8075875.0,0.022621202036930983
France,2013-01-31,2013Jan,190866.0,8478381.0,0.022512081021128914
France,2013-02-28,2013Feb,200756.0,8564989.0,0.023439142770644537
France,2013-03-31,2013Mar,198758.0,8547780.0,0.02325258722147739
France,2013-04-30,2013Apr,199281.0,8689735.0,0.022932920278926804
France,2013-05-31,2013May,202958.0,8600076.0,0.023599558887619134
France,2013-06-30,2013Jun,197132.0,8406401.0,0.023450225607843357
France,2013-07-31,2013Jul,176354.0,8384076.0,0.02103439902023789
France,2013-08-31,2013Aug,174886.0,8364811.0,0.020907346262814545
France,2013-09-30,2013Sep,172077.0,8228509.0,0.020912294074175528
France,2013-10-31,2013Oct,178664.0,8287251.0,0.021558898119533244
France,2013-11-30,2013Nov,180129.0,8261918.0,0.021802322414722585
France,2013-12-31,2013Dec,177554.0,7881631.0,0.022527570752804843
France,2014-01-31,2014Jan,183285.0,8036907.0,0.02280541506825947
France,2014-02-28,2014Feb,190242.0,8033212.0,0.02368193444913442
France,2014-03-31,2014Mar,189716.0,7956223.0,0.02384498272610006
France,2014-04-30,2014Apr,188715.0,8056774.0,0.023423146783067266
France,2014-05-31,2014May,193839.0,8091475.0,0.023955953642568258
France,2014-06-30,2014Jun,189548.0,7996377.0,0.02370423505545074
France,2014-07-31,2014Jul,180024.0,8100340.0,0.02222425231533491
France,2014-08-31,2014Aug,184396.0,8155486.0,0.022610056592580748
France,2014-09-30,2014Sep,191743.0,8131930.0,0.02357902736496748
France,2014-10-31,2014Oct,191569.0,8110742.0,0.023619170724454065
France,2014-11-30,2014Nov,198229.0,8266761.0,0.023979040884331844
France,2014-12-31,2014Dec,192649.0,8176956.0,0.0235599898054973
France,2015-01-31,2015Jan,202208.0,8540391.0,0.023676667731020746
France,2015-02-28,2015Feb,201879.0,8579083.0,0.02353153594620777
France,2015-03-31,2015Mar,196324.0,8543898.0,0.02297827057392305
France,2015-04-30,2015Apr,195469.0,8552304.0,0.022855712332021876
France,2015-05-31,2015May,194177.0,8477741.0,0.022904332651823168
France,2015-06-30,2015Jun,191577.0,8183745.0,0.023409453740310823
France,2015-07-31,2015Jul,187471.0,8395752.0,0.02232926842050599
France,2015-08-31,2015Aug,194612.0,8342958.0,0.023326498826914868
France,2015-09-30,2015Sep,187870.0,8175647.0,0.022979221094061423
France,2015-10-31,2015Oct,186064.0,8361287.0,0.022253033534191568
France,2015-11-30,2015Nov,185711.0,8416227.0,0.02206582593363986
France,2015-12-31,2015Dec,176112.0,8150044.0,0.02160871769526643
France,2016-01-31,2016Jan,191827.0,8365065.0,0.022931919835649812
France,2016-02-29,2016Feb,195374.0,8419785.0,0.023204155450525163
France,2016-03-31,2016Mar,188846.0,8294984.0,0.02276628863901365
France,2016-04-30,2016Apr,187549.0,8523911.0,0.022002693364583464
France,2016-05-31,2016May,186908.0,8612271.0,0.021702521901598312
France,2016-06-30,2016Jun,184465.0,8519607.0,0.021651820324576004
France,2016-07-31,2016Jul,174805.0,8579837.0,0.020373930180724878
France,2016-08-31,2016Aug,172248.0,8605017.0,0.020017159756918552
France,2016-09-30,2016Sep,163664.0,8439282.0,0.01939311898808453
France,2016-10-31,2016Oct,165332.0,8611607.0,0.019198739561617245
France,2016-11-30,2016Nov,163758.0,8685862.0,0.018853396473487605
France,2016-12-31,2016Dec,167615.0,8331735.0,0.020117658566913135
France,2017-01-31,2017Jan,167085.0,8563385.0,0.019511559973071396
France,2017-02-28,2017Feb,165348.0,8673837.0,0.019062843814104415
France,2017-03-31,2017Mar,168161.0,8627934.0,0.019490297445483473
France,2017-04-30,2017Apr,167698.0,8758192.0,0.019147559222268705
France,2017-05-31,2017May,170073.0,8737173.0,0.019465449522402728
France,2017-06-30,2017Jun,164298.0,8531945.0,0.01925680486688557
France,2017-07-31,2017Jul,156827.0,8664752.0,0.018099421656846037
France,2017-08-31,2017Aug,158771.0,8686126.0,0.018278689487120036
France,2017-09-30,2017Sep,158368.0,8560831.0,0.018499138693428244
France,2017-10-31,2017Oct,152441.0,8788913.0,0.017344693251600055
France,2017-11-30,2017Nov,159144.0,8775000.0,0.018136068376068376
France,2017-12-31,2017Dec,155929.0,8452768.0,0.018447093307186475
France,2018-01-31,2018Jan,166215.0,8762405.0,0.018969107225698882
France,2018-02-28,2018Feb,154588.0,8755545.0,0.01765601113351596
France,2018-03-31,2018Mar,158120.0,8631503.0,0.01831894167215142
France,2018-04-30,2018Apr,158515.0,8781703.0,0.018050599069451563
France,2018-05-31,2018May,153391.0,8974934.0,0.017091044903505697
France,2018-06-30,2018Jun,149911.0,8777157.0,0.01707967625507895
France,2018-07-31,2018Jul,148350.0,8973230.0,0.016532508360980382
France,2018-08-31,2018Aug,149849.0,9014882.0,0.0166224028223553
France,2018-09-30,2018Sep,143996.0,8818951.0,0.016328019058048968
France,2018-10-31,2018Oct,144644.0,9079180.0,0.015931394685423133
France,2018-11-30,2018Nov,144886.0,9097484.0,0.015925941721909045
France,2018-12-31,2018Dec,138280.0,8810390.0,0.015695105438011257
France,2019-01-31,2019Jan,154585.0,9186350.0,0.016827684553712845
France,2019-02-28,2019Feb,159467.0,9363956.0,0.017029874980189996
France,2019-03-31,2019Mar,149977.0,9311461.0,0.01610670978485546
France,2019-04-30,2019Apr,149450.0,9594088.0,0.015577301354750968
France,2019-05-31,2019May,157378.0,9726224.0,0.016180791229977842
France,2019-06-30,2019Jun,146757.0,9565053.0,0.015343040963808565
France,2019-07-31,2019Jul,153212.0,9924549.0,0.01543767883054434
France,2019-08-31,2019Aug,149217.0,9967149.0,0.014970880840649618
France,2019-09-30,2019Sep,150379.0,9790990.0,0.01535891671832981
France,2019-10-31,2019Oct,150881.0,9903222.0,0.015235546572620507
France,2019-11-30,2019Nov,145728.0,9925374.0,0.014682368644244539
France,2019-12-31,2019Dec,145595.0,9321264.0,0.015619662741018815
France,2020-01-31,2020Jan,151156.0,9795870.0,0.01543058452184441
France,2020-02-29,2020Feb,156281.0,9967881.0,0.015678457638087773
France,2020-03-31,2020Mar,158709.0,10211585.0,0.015542053461827915
France,2020-04-30,2020Apr,190857.0,10444304.0,0.01827378827732322
France,2020-05-31,2020May,213326.0,10520869.0,0.020276461953855712
France,2020-06-30,2020Jun,212597.0,10423250.0,0.020396421461636245
France,2020-07-31,2020Jul,203226.0,10616195.0,0.019143016871864166
France,2020-08-31,2020Aug,210787.0,10556502.0,0.01996750438734346
France,2020-09-30,2020Sep,217477.0,10476105.0,0.02075933755914054
France,2020-10-31,2020Oct,204248.0,10702653.0,0.01908386640209675
France,2020-11-30,2020Nov,201274.0,10835695.0,0.01857508909211638
France,2020-12-31,2020Dec,197706.0,10490715.0,0.018845807935874724
France,2021-01-31,2021Jan,206637.0,10770189.0,0.019186014284428992
France,2021-02-28,2021Feb,211757.0,10755826.0,0.019687655787663356
France,2021-03-31,2021Mar,210738.0,10777263.0,0.019553944262100685
France,2021-04-30,2021Apr,197849.0,10941000.0,0.0180832647838406
France,2021-05-31,2021May,198398.0,10948273.0,0.018121396863231307
France,2021-06-30,2021Jun,193879.0,10947982.0,0.017709108400068615
France,2021-07-31,2021Jul,188264.0,11217373.0,0.016783252192826253
France,2021-08-31,2021Aug,193763.0,11189739.0,0.017316132217203635
France,2021-09-30,2021Sep,188523.0,11138189.0,0.016925821603494068
France,2021-10-31,2021Oct,178036.0,11418326.0,0.015592127952906583
France,2021-11-30,2021Nov,187342.0,11482296.0,0.016315726401757977
France,2021-12-31,2021Dec,180559.0,11061664.0,0.016322951049679325
France,2022-01-31,2022Jan,181378.0,11445489.0,0.015847116711221337
France,2022-02-28,2022Feb,190328.0,11473969.0,0.01658780845581856
France,2022-03-31,2022Mar,180734.0,11489736.0,0.015730039402123773
France,2022-04-30,2022Apr,177694.0,11765934.0,0.015102413459059008
France,2022-05-31,2022May,201505.0,11773145.0,0.017115647518144046
France,2022-06-30,2022Jun,193321.0,11529284.0,0.016767823569963234
France,2022-07-31,2022Jul,188218.0,11807580.0,0.015940438260846
France,2022-08-31,2022Aug,185338.0,11857005.0,0.01563109739769866
France,2022-09-30,2022Sep,194441.0,11882335.0,0.016363871242478855
France,2022-10-31,2022Oct,184000.0,11951235.0,0.0153958984155194
France,2022-11-30,2022Nov,199737.0,11906832.0,0.016774991030359714
France,2022-12-31,2022Dec,197185.0,11511024.0,0.017130100675665345
France,2023-01-31,2023Jan,203054.0,11732954.0,0.01730629814111604
France,2023-02-28,2023Feb,207889.0,11884089.0,0.017493053106552803
France,2023-03-31,2023Mar,205622.0,11724502.0,0.017537802458475422
France,2023-04-30,2023Apr,212982.0,11924739.0,0.017860516695585537
France,2023-05-31,2023May,209498.0,12010956.0,0.01744224189981214
France,2023-06-30,2023Jun,210468.0,11683557.0,0.018014034595799894
France,2023-07-31,2023Jul,205166.0,12002261.0,0.01709394588236333
France,2023-08-31,2023Aug,217462.0,12042669.0,0.018057624933476124
France,2023-09-30,2023Sep,216302.0,11982321.0,0.018051761424184846
France,2023-10-31,2023Oct,217626.0,12077514.0,0.018019105587457816
France,2023-11-30,2023Nov,222087.0,12029350.0,0.01846209479315175
France,2023-12-31,2023Dec,221935.0,11877947.0,0.01868462622370684
France,2024-01-31,2024Jan,227003.0,12016320.0,0.01889122460120902
France,2024-02-29,2024Feb,237771.0,12118053.0,0.01962122132986215
France,2024-03-31,2024Mar,240424.0,12087773.0,0.01988985067803639
France,2024-04-30,2024Apr,250175.0,12289930.0,0.020356096413893326
France,2024-05-31,2024May,252300.0,12219266.0,0.020647721393412664
France,2024-06-30,2024Jun,255632.0,12088266.0,0.021147119032622213
France,2024-07-31,2024Jul,257510.0,12179696.0,0.02114256382096893
France,2024-08-31,2024Aug,258569.0,12182016.0,0.021225468756567056
France,2024-09-30,2024Sep,259654.0,12071821.0,0.02150909957992253
France,2024-10-31,2024Oct,260395.0,12161285.0,0.021411799822140507
France,2024-11-30,2024Nov,264299.0,12297890.0,0.021491410315102835
France,2024-12-31,2024Dec,266784.0,12157659.0,0.02194369820703147
France,2025-01-31,2025Jan,287647.0,12335945.0,0.02331779202971479
France,2025-02-28,2025Feb,291905.0,12495565.0,0.02336068837223447
France,2025-03-31,2025Mar,289259.0,12362593.0,0.023397923073258175
France,2025-04-30,2025Apr,297877.0,12557692.0,0.02372068051995542
France,2025-05-31,2025May,300899.0,12606486.0,0.023868586376885676
France,2025-06-30,2025Jun,301184.0,12551152.0,0.02399652239093272
France,2025-07-31,2025Jul,306709.0,12573758.0,0.024392786945637096
France,2025-08-31,2025Aug,302620.0,12540803.0,0.024130831175643217
France,2025-09-30,2025Sep,310316.0,12483708.0,0.024857678503854785
France,2025-10-31,2025Oct,317049.0,12653779.0,0.025055677043197926
France,2025-11-30,2025Nov,319610.0,12704571.0,0.025157087161778228
France,2025-12-31,2025Dec,308644.0,12571387.0,0.024551308459440473
France,2026-01-31,2026Jan,317417.0,12890493.0,0.02462411639337611
France,2026-02-28,2026Feb,308633.0,12836928.0,0.024042590252122627
France,2026-03-31,2026Mar,310185.0,12880961.0,0.0240808896168539
France,2026-04-30,2026Apr,316182.0,12996612.0,0.02432803256725676
Germany,1997-09-30,1997Sep,169129.22,4633980.87,0.03649760858853092
Germany,1997-10-31,1997Oct,169576.6,4694716.13,0.03612073558960848
Germany,1997-11-30,1997Nov,170551.63,4766516.95,0.035781186092289044
Germany,1997-12-31,1997Dec,162166.45,4789879.69,0.03385605912786507
Germany,1998-01-31,1998Jan,167723.68,4812970.96,0.03484826345181189
Germany,1998-02-28,1998Feb,164371.14,4845152.13,0.033924866668737605
Germany,1998-03-31,1998Mar,174131.19,4888583.47,0.035619968661392214
Germany,1998-04-30,1998Apr,176801.16,4922290.94,0.03591847010977372
Germany,1998-05-31,1998May,178267.54,4977983.21,0.03581119752310294
Germany,1998-06-30,1998Jun,181736.66,5037097.13,0.03607964176779732
Germany,1998-07-31,1998Jul,178539.04,5028253.09,0.035507170543000656
Germany,1998-08-31,1998Aug,177513.39,5104160.92,0.03477817270698433
Germany,1998-09-30,1998Sep,170751.04,5104129.68,0.03345350739599547
Germany,1998-10-31,1998Oct,174731.45,5175312.07,0.033762495408320374
Germany,1998-11-30,1998Nov,179664.39,5271296.66,0.03408352851080099
Germany,1998-12-31,1998Dec,161473.14,5294672.82,0.030497283871829498
Germany,1999-01-31,1999Jan,147244.0,5306131.0,0.02774978604938325
Germany,1999-02-28,1999Feb,150279.0,5258109.0,0.028580426917737916
Germany,1999-03-31,1999Mar,146980.0,5297754.0,0.02774383257508748
Germany,1999-04-30,1999Apr,146072.0,5351820.0,0.02729389254496601
Germany,1999-05-31,1999May,155581.0,5394079.0,0.028842922026169806
Germany,1999-06-30,1999Jun,145067.0,5412888.0,0.02680029588641036
Germany,1999-07-31,1999Jul,146176.0,5437173.0,0.02688455931050934
Germany,1999-08-31,1999Aug,142641.0,5486708.0,0.025997556276003753
Germany,1999-09-30,1999Sep,146267.0,5541739.0,0.026393700605531947
Germany,1999-10-31,1999Oct,148510.0,5612017.0,0.0264628564026089
Germany,1999-11-30,1999Nov,150318.0,5697653.0,0.026382442033588215
Germany,1999-12-31,1999Dec,143670.0,5678529.0,0.025300566396684775
Germany,2000-01-31,2000Jan,151491.0,5706544.0,0.026546890727557695
Germany,2000-02-29,2000Feb,155154.0,5725829.0,0.02709721160027657
Germany,2000-03-31,2000Mar,147190.0,5804822.0,0.025356505332980065
Germany,2000-04-30,2000Apr,146003.0,5860718.0,0.024912135339048902
Germany,2000-05-31,2000May,142907.0,5910389.0,0.024178949981126453
Germany,2000-06-30,2000Jun,140383.0,5848343.0,0.024003893068515303
Germany,2000-07-31,2000Jul,138799.0,5861803.0,0.0236785507803657
Germany,2000-08-31,2000Aug,139890.0,5917098.0,0.02364165677161338
Germany,2000-09-30,2000Sep,134606.0,5945413.0,0.022640311110430848
Germany,2000-10-31,2000Oct,137378.0,6019648.0,0.0228216001998788
Germany,2000-11-30,2000Nov,141017.0,6076081.0,0.023208545113207017
Germany,2000-12-31,2000Dec,138413.0,6083875.0,0.022750796161985578
Germany,2001-01-31,2001Jan,122570.0,6064045.0,0.02021258087629627
Germany,2001-02-28,2001Feb,121722.0,6141316.0,0.01982018186330096
Germany,2001-03-31,2001Mar,125238.0,6259319.0,0.02000824690353695
Germany,2001-04-30,2001Apr,122548.0,6283577.0,0.019502904157934247
Germany,2001-05-31,2001May,122479.0,6312337.0,0.019403114884392263
Germany,2001-06-30,2001Jun,127842.0,6283754.0,0.020344844817285972
Germany,2001-07-31,2001Jul,137309.0,6225762.0,0.022054970941709624
Germany,2001-08-31,2001Aug,127797.0,6236539.0,0.020491654104945068
Germany,2001-09-30,2001Sep,117667.0,6295904.0,0.01868945269813517
Germany,2001-10-31,2001Oct,116122.0,6299995.0,0.018432078120696922
Germany,2001-11-30,2001Nov,116855.0,6320159.0,0.018489250033108345
Germany,2001-12-31,2001Dec,119122.0,6303090.0,0.018898984466349043
Germany,2002-01-31,2002Jan,118538.0,6255088.0,0.0189506526526885
Germany,2002-02-28,2002Feb,122315.0,6230375.0,0.019632044620107137
Germany,2002-03-31,2002Mar,122325.0,6269846.0,0.019510048572165886
Germany,2002-04-30,2002Apr,126862.0,6267729.0,0.020240504973970636
Germany,2002-05-31,2002May,133445.0,6304475.0,0.02116671094738261
Germany,2002-06-30,2002Jun,131580.0,6277354.0,0.020961060982063462
Germany,2002-07-31,2002Jul,134228.0,6265562.0,0.021423138099982093
Germany,2002-08-31,2002Aug,135177.0,6290588.0,0.021488770207173002
Germany,2002-09-30,2002Sep,138924.0,6341066.0,0.02190861915015551
Germany,2002-10-31,2002Oct,137689.0,6359147.0,0.0216521178076242
Germany,2002-11-30,2002Nov,142493.0,6453473.0,0.022080048990675255
Germany,2002-12-31,2002Dec,137937.0,6408924.0,0.021522645611026126
Germany,2003-01-31,2003Jan,146739.0,6383749.0,0.02298633608558231
Germany,2003-02-28,2003Feb,148727.0,6424863.0,0.023148664804214503
Germany,2003-03-31,2003Mar,158385.0,6434715.0,0.024614143749956293
Germany,2003-04-30,2003Apr,157362.0,6430322.0,0.024471869371393843
Germany,2003-05-31,2003May,162896.0,6467704.0,0.025186062936708296
Germany,2003-06-30,2003Jun,152432.0,6472436.0,0.023550947433083926
Germany,2003-07-31,2003Jul,154703.0,6425728.0,0.024075559998804806
Germany,2003-08-31,2003Aug,148510.0,6395077.0,0.023222550721437755
Germany,2003-09-30,2003Sep,149447.0,6403085.0,0.023339843216199693
Germany,2003-10-31,2003Oct,152593.0,6399254.0,0.023845435733602698
Germany,2003-11-30,2003Nov,156004.0,6456127.0,0.024163713012460876
Germany,2003-12-31,2003Dec,146060.0,6432045.0,0.0227081744608441
Germany,2004-01-31,2004Jan,149026.0,6424183.0,0.02319765797456268
Germany,2004-02-29,2004Feb,166196.0,6448725.0,0.02577191615396842
Germany,2004-03-31,2004Mar,166150.0,6506670.0,0.02553533527902906
Germany,2004-04-30,2004Apr,166275.0,6568777.0,0.025312931159027014
Germany,2004-05-31,2004May,172721.0,6583489.0,0.026235480912932336
Germany,2004-06-30,2004Jun,181015.0,6551318.0,0.027630318052031668
Germany,2004-07-31,2004Jul,181775.0,6574941.0,0.02764663591658085
Germany,2004-08-31,2004Aug,185971.0,6567506.0,0.028316837472245934
Germany,2004-09-30,2004Sep,187087.0,6597618.0,0.02835674936014786
Germany,2004-10-31,2004Oct,187666.0,6627660.0,0.028315574425966328
Germany,2004-11-30,2004Nov,189288.0,6683415.0,0.028322047935075107
Germany,2004-12-31,2004Dec,180759.0,6617357.0,0.027315890619170162
Germany,2005-01-31,2005Jan,186150.0,6672131.0,0.02789963206657663
Germany,2005-02-28,2005Feb,183966.0,6717420.0,0.027386407281366952
Germany,2005-03-31,2005Mar,188173.0,6723007.0,0.027989410095809807
Germany,2005-04-30,2005Apr,186772.0,6908380.0,0.027035571291677645
Germany,2005-05-31,2005May,184513.0,6891970.0,0.02677217109186488
Germany,2005-06-30,2005Jun,174739.0,6851297.0,0.025504513962830686
Germany,2005-07-31,2005Jul,174980.0,6871305.0,0.0254653228171359
Germany,2005-08-31,2005Aug,177799.0,6849472.0,0.025958059248946487
Germany,2005-09-30,2005Sep,173891.0,6873797.0,0.025297662994702926
Germany,2005-10-31,2005Oct,173571.0,6888763.0,0.025196250763743794
Germany,2005-11-30,2005Nov,175976.0,6924051.0,0.02541517963978024
Germany,2005-12-31,2005Dec,171926.0,6859403.0,0.025064280375420425
Germany,2006-01-31,2006Jan,171432.0,6940622.0,0.02469980356227439
Germany,2006-02-28,2006Feb,169111.0,6967651.0,0.02427087694260232
Germany,2006-03-31,2006Mar,169248.0,7004830.0,0.024161614200487378
Germany,2006-04-30,2006Apr,167443.0,7075686.0,0.023664560581122453
Germany,2006-05-31,2006May,181423.0,7102156.0,0.025544778233539223
Germany,2006-06-30,2006Jun,171509.0,7075120.0,0.024241143613111863
Germany,2006-07-31,2006Jul,172236.0,7039954.0,0.02446550076889707
Germany,2006-08-31,2006Aug,170024.0,7034566.0,0.02416979242216222
Germany,2006-09-30,2006Sep,162992.0,7077223.0,0.023030502218172298
Germany,2006-10-31,2006Oct,163559.0,7080113.0,0.023101184966963097
Germany,2006-11-30,2006Nov,169753.0,7141191.0,0.023770964815252805
Germany,2006-12-31,2006Dec,159236.0,7154388.0,0.02225710990234245
Germany,2007-01-31,2007Jan,165498.0,7192378.0,0.023010192178442235
Germany,2007-02-28,2007Feb,164047.0,7230871.0,0.02268703175592539
Germany,2007-03-31,2007Mar,165831.0,7288340.0,0.022752917673983377
Germany,2007-04-30,2007Apr,166989.0,7357192.0,0.022697382370882806
Germany,2007-05-31,2007May,168678.0,7389347.0,0.02282718621821387
Germany,2007-06-30,2007Jun,161567.0,7381732.0,0.021887410705238284
Germany,2007-07-31,2007Jul,160874.0,7371244.0,0.021824538707442054
Germany,2007-08-31,2007Aug,155611.0,7417353.0,0.020979317015113075
Germany,2007-09-30,2007Sep,155262.0,7500873.0,0.020699190614212507
Germany,2007-10-31,2007Oct,150257.0,7500545.0,0.020032810949071035
Germany,2007-11-30,2007Nov,150539.0,7553611.0,0.019929408596762527
Germany,2007-12-31,2007Dec,145034.0,7592390.0,0.019102548736300427
Germany,2008-01-31,2008Jan,142784.0,7574126.0,0.018851548020194012
Germany,2008-02-29,2008Feb,149268.0,7596627.0,0.019649246961842406
Germany,2008-03-31,2008Mar,151521.0,7641670.0,0.01982825743587462
Germany,2008-04-30,2008Apr,157963.0,7725887.0,0.020445937146116686
Germany,2008-05-31,2008May,159275.0,7729139.0,0.020607081849608345
Germany,2008-06-30,2008Jun,144690.0,7688716.0,0.018818486727822954
Germany,2008-07-31,2008Jul,144207.0,7675415.0,0.01878816976020189
Germany,2008-08-31,2008Aug,142754.0,7744721.0,0.018432426423108075
Germany,2008-09-30,2008Sep,132679.0,7896151.0,0.016802996801859538
Germany,2008-10-31,2008Oct,135233.0,8030232.0,0.016840484807910904
Germany,2008-11-30,2008Nov,133041.0,7985444.0,0.01666043866815671
Germany,2008-12-31,2008Dec,133364.0,7892671.0,0.01689719487864121
Germany,2009-01-31,2009Jan,139204.0,7906365.0,0.01760657394390469
Germany,2009-02-28,2009Feb,138332.0,7846350.0,0.01763010826690117
Germany,2009-03-31,2009Mar,138990.0,7777139.0,0.01787161062699278
Germany,2009-04-30,2009Apr,145083.0,7802247.0,0.01859502781698657
Germany,2009-05-31,2009May,147032.0,7685109.0,0.019132064359789824
Germany,2009-06-30,2009Jun,149663.0,7710601.0,0.019410030424346948
Germany,2009-07-31,2009Jul,150520.0,7619124.0,0.019755551950591695
Germany,2009-08-31,2009Aug,149487.0,7590247.0,0.019694615998662495
Germany,2009-09-30,2009Sep,154317.0,7519466.0,0.0205223349636796
Germany,2009-10-31,2009Oct,158483.0,7498371.0,0.021135657331439055
Germany,2009-11-30,2009Nov,160754.0,7493520.0,0.02145240154159861
Germany,2009-12-31,2009Dec,159955.0,7436089.0,0.021510635496697256
Germany,2010-01-31,2010Jan,164377.0,7452701.0,0.022056030424405862
Germany,2010-02-28,2010Feb,167394.0,7449527.0,0.022470419934044136
Germany,2010-03-31,2010Mar,171792.0,7454579.0,0.023045164589442273
Germany,2010-04-30,2010Apr,174058.0,7570028.0,0.02299304573245964
Germany,2010-05-31,2010May,178415.0,7681040.0,0.02322797433680856
Germany,2010-06-30,2010Jun,194140.0,7641319.0,0.025406608466417905
Germany,2010-07-31,2010Jul,194150.0,7438290.0,0.026101429226341
Germany,2010-08-31,2010Aug,196325.0,7517562.0,0.026115514577731452
Germany,2010-09-30,2010Sep,196529.0,7387193.0,0.026604015896159745
Germany,2010-10-31,2010Oct,301951.0,7397462.0,0.04081818872472748
Germany,2010-11-30,2010Nov,236966.0,7508429.0,0.031559997437546526
Germany,2010-12-31,2010Dec,215348.0,8304802.0,0.02593053994544361
Germany,2011-01-31,2011Jan,216455.0,8183813.0,0.026449162511411245
Germany,2011-02-28,2011Feb,214227.0,8142319.0,0.026310317736261624
Germany,2011-03-31,2011Mar,213353.0,7955136.0,0.026819528918173116
Germany,2011-04-30,2011Apr,215718.0,7997915.0,0.02697177952003741
Germany,2011-05-31,2011May,216633.0,8045883.0,0.02692470173876503
Germany,2011-06-30,2011Jun,213573.0,7885786.0,0.02708328630779481
Germany,2011-07-31,2011Jul,210432.0,8001035.0,0.026300597360216522
Germany,2011-08-31,2011Aug,207700.0,8263490.0,0.025134658600663884
Germany,2011-09-30,2011Sep,206642.0,8489385.0,0.024341221419455
Germany,2011-10-31,2011Oct,206981.0,8353898.0,0.024776577353470202
Germany,2011-11-30,2011Nov,209309.0,8406612.0,0.024898139702415195
Germany,2011-12-31,2011Dec,201227.0,8393336.0,0.023974615099407435
Germany,2012-01-31,2012Jan,204774.0,8517660.0,0.024041109882291616
Germany,2012-02-29,2012Feb,206443.0,8525989.0,0.024213378647333465
Germany,2012-03-31,2012Mar,209886.0,8522747.0,0.024626566997706257
Germany,2012-04-30,2012Apr,209556.0,8599561.0,0.024368220656845158
Germany,2012-05-31,2012May,206463.0,8859555.0,0.02330399213053026
Germany,2012-06-30,2012Jun,234277.0,8636431.0,0.027126598938844067
Germany,2012-07-31,2012Jul,236116.0,8726781.0,0.02705648279703593
Germany,2012-08-31,2012Aug,238442.0,8695619.0,0.02742093461086554
Germany,2012-09-30,2012Sep,241911.0,8567552.0,0.028235720074999252
Germany,2012-10-31,2012Oct,245342.0,8489151.0,0.028900652138240914
Germany,2012-11-30,2012Nov,251989.0,8440022.0,0.029856438762837348
Germany,2012-12-31,2012Dec,243704.0,8226623.0,0.02962382012643584
Germany,2013-01-31,2013Jan,239940.0,8110364.0,0.0295843688396723
Germany,2013-02-28,2013Feb,241447.0,8094449.0,0.029828713480065164
Germany,2013-03-31,2013Mar,241629.0,8062997.0,0.0299676410644826
Germany,2013-04-30,2013Apr,241929.0,8080319.0,0.029940525862902193
Germany,2013-05-31,2013May,236962.0,7937627.0,0.02985300266691796
Germany,2013-06-30,2013Jun,238485.0,7833184.0,0.030445474024355868
Germany,2013-07-31,2013Jul,241870.0,7752890.0,0.031197398647472105
Germany,2013-08-31,2013Aug,242768.0,7684890.0,0.03159030252872845
Germany,2013-09-30,2013Sep,242209.0,7682059.0,0.03152917726875047
Germany,2013-10-31,2013Oct,245009.0,7670279.0,0.03194264511108397
Germany,2013-11-30,2013Nov,246667.0,7704798.0,0.03201472640814204
Germany,2013-12-31,2013Dec,246612.0,7528947.0,0.03275517811454909
Germany,2014-01-31,2014Jan,245036.0,7610384.0,0.03219758687603674
Germany,2014-02-28,2014Feb,246494.0,7563015.0,0.03259202844368284
Germany,2014-03-31,2014Mar,246521.0,7512412.0,0.03281515976493302
Germany,2014-04-30,2014Apr,247711.0,7542981.0,0.03283993423820105
Germany,2014-05-31,2014May,249458.0,7619868.0,0.03273783745335221
Germany,2014-06-30,2014Jun,251421.0,7589237.0,0.033128626764456034
Germany,2014-07-31,2014Jul,254846.0,7657024.0,0.033282643491779576
Germany,2014-08-31,2014Aug,255973.0,7750234.0,0.03302777696776639
Germany,2014-09-30,2014Sep,256706.0,7746368.0,0.033138885216917144
Germany,2014-10-31,2014Oct,258618.0,7755647.0,0.033345767284147926
Germany,2014-11-30,2014Nov,258283.0,7839972.0,0.032944377862574
Germany,2014-12-31,2014Dec,250170.0,7802346.0,0.032063433228928837
Germany,2015-01-31,2015Jan,251879.0,8125590.0,0.030998241358473663
Germany,2015-02-28,2015Feb,255111.0,8061541.0,0.03164543850859284
Germany,2015-03-31,2015Mar,253731.0,8172966.0,0.031045155455192153
Germany,2015-04-30,2015Apr,253530.0,8083973.0,0.03136205427702443
Germany,2015-05-31,2015May,248763.0,8003998.0,0.031079842848536442
Germany,2015-06-30,2015Jun,247159.0,7799462.0,0.0316892370268616
Germany,2015-07-31,2015Jul,250046.0,7867640.0,0.03178157617786274
Germany,2015-08-31,2015Aug,254095.0,7839995.0,0.032410097200317095
Germany,2015-09-30,2015Sep,253966.0,7829318.0,0.03243781897733621
Germany,2015-10-31,2015Oct,252633.0,7856488.0,0.032155970963107176
Germany,2015-11-30,2015Nov,255627.0,7940061.0,0.03219458893325883
Germany,2015-12-31,2015Dec,250295.0,7665206.0,0.03265339509466543
Germany,2016-01-31,2016Jan,249792.0,7823537.0,0.03192826978385863
Germany,2016-02-29,2016Feb,249643.0,7913144.0,0.031547890446578505
Germany,2016-03-31,2016Mar,246654.0,7783412.0,0.031689701123363376
Germany,2016-04-30,2016Apr,244555.0,7806514.0,0.031327043030986684
Germany,2016-05-31,2016May,241584.0,7817238.0,0.030904009830582106
Germany,2016-06-30,2016Jun,237644.0,7920589.0,0.030003324247729557
Germany,2016-07-31,2016Jul,239780.0,7942062.0,0.030191151869627814
Germany,2016-08-31,2016Aug,235825.0,7908470.0,0.029819295009021973
Germany,2016-09-30,2016Sep,234238.0,7863868.0,0.02978661391569645
Germany,2016-10-31,2016Oct,229795.0,7868674.0,0.02920377690065696
Germany,2016-11-30,2016Nov,229437.0,7911624.0,0.028999987865955208
Germany,2016-12-31,2016Dec,226495.0,7792640.0,0.029065246181011826
Germany,2017-01-31,2017Jan,221645.0,7889348.0,0.028094210066535282
Germany,2017-02-28,2017Feb,216251.0,7944793.0,0.02721921137529952
Germany,2017-03-31,2017Mar,215891.0,7926091.0,0.027238016823172985
Germany,2017-04-30,2017Apr,212386.0,7954560.0,0.02669990546303001
Germany,2017-05-31,2017May,214313.0,7947046.0,0.02696763048810841
Germany,2017-06-30,2017Jun,208634.0,7849675.0,0.02657868000904496
Germany,2017-07-31,2017Jul,204858.0,7818672.0,0.026201124692275108
Germany,2017-08-31,2017Aug,206750.0,7807695.0,0.026480286435369208
Germany,2017-09-30,2017Sep,205904.0,7811280.0,0.02635982835079526
Germany,2017-10-31,2017Oct,205032.0,7825675.0,0.026199912467614616
Germany,2017-11-30,2017Nov,204736.0,7849872.0,0.0260814443853352
Germany,2017-12-31,2017Dec,197364.0,7710842.0,0.025595648309224856
Germany,2018-01-31,2018Jan,193983.0,7817162.0,0.02481501598662021
Germany,2018-02-28,2018Feb,190753.0,7790767.0,0.024484495557369385
Germany,2018-03-31,2018Mar,188173.0,7746628.0,0.02429095601337769
Germany,2018-04-30,2018Apr,184806.0,7781137.0,0.023750513581755468
Germany,2018-05-31,2018May,183394.0,7882823.0,0.023265015591495585
Germany,2018-06-30,2018Jun,180621.0,7804679.0,0.023142655835044594
Germany,2018-07-31,2018Jul,179264.0,7784194.0,0.023029230771997717
Germany,2018-08-31,2018Aug,177758.0,7828023.0,0.02270790466507316
Germany,2018-09-30,2018Sep,177254.0,7799938.0,0.02272505242990393
Germany,2018-10-31,2018Oct,172503.0,7845157.0,0.021988470084155103
Germany,2018-11-30,2018Nov,172260.0,7881203.0,0.0218570692824433
Germany,2018-12-31,2018Dec,170284.0,7775993.0,0.02189868226476027
Germany,2019-01-31,2019Jan,170348.0,7902319.0,0.021556710125217673
Germany,2019-02-28,2019Feb,168644.0,7935735.0,0.021251213655697928
Germany,2019-03-31,2019Mar,167711.0,8121333.0,0.020650673971871366
Germany,2019-04-30,2019Apr,163441.0,8154554.0,0.020042910991821258
Germany,2019-05-31,2019May,164153.0,8280908.0,0.01982306771189826
Germany,2019-06-30,2019Jun,164492.0,8321891.0,0.01976618054718573
Germany,2019-07-31,2019Jul,164531.0,8372060.0,0.019652391406654993
Germany,2019-08-31,2019Aug,167144.0,8645482.0,0.01933310369508606
Germany,2019-09-30,2019Sep,167869.0,8550445.0,0.01963277934657202
Germany,2019-10-31,2019Oct,163187.0,8445620.0,0.019322086477961357
Germany,2019-11-30,2019Nov,161801.0,8509227.0,0.01901477067188359
Germany,2019-12-31,2019Dec,161297.0,8310990.0,0.01940767586051722
Germany,2020-01-31,2020Jan,159503.0,8482171.0,0.0188045018191687
Germany,2020-02-29,2020Feb,159507.0,8666743.0,0.018404491745053476
Germany,2020-03-31,2020Mar,167665.0,8912617.0,0.018812095257767725
Germany,2020-04-30,2020Apr,171716.0,9014572.0,0.01904871357175915
Germany,2020-05-31,2020May,176860.0,8915349.0,0.01983769788485005
Germany,2020-06-30,2020Jun,175275.0,9026931.0,0.019416898168380815
Germany,2020-07-31,2020Jul,170261.0,9069004.0,0.018773946951616736
Germany,2020-08-31,2020Aug,171142.0,8985527.0,0.01904640651572245
Germany,2020-09-30,2020Sep,170527.0,9097352.0,0.018744685266657814
Germany,2020-10-31,2020Oct,173007.0,9124258.0,0.018961213065215823
Germany,2020-11-30,2020Nov,173577.0,9096003.0,0.019082777347368948
Germany,2020-12-31,2020Dec,160338.0,8943336.0,0.01792820933933378
Germany,2021-01-31,2021Jan,160497.0,9150408.0,0.017539873631864284
Germany,2021-02-28,2021Feb,162695.0,9148146.0,0.017784477860322737
Germany,2021-03-31,2021Mar,164913.0,9261890.0,0.017805545088529447
Germany,2021-04-30,2021Apr,158088.0,9269236.0,0.0170551273049904
Germany,2021-05-31,2021May,158747.0,9277056.0,0.017111786325316996
Germany,2021-06-30,2021Jun,152127.0,9293675.0,0.01636887453025848
Germany,2021-07-31,2021Jul,150653.0,9321858.0,0.01616126313016139
Germany,2021-08-31,2021Aug,150732.0,9319327.0,0.016174129312127368
Germany,2021-09-30,2021Sep,153920.0,9325255.0,0.01650571485712723
Germany,2021-10-31,2021Oct,145221.0,9395023.0,0.015457226661392952
Germany,2021-11-30,2021Nov,148592.0,9495473.0,0.015648720184871255
Germany,2021-12-31,2021Dec,146283.0,9172161.0,0.01594858616197426
Germany,2022-01-31,2022Jan,143442.0,9702892.0,0.014783427456473801
Germany,2022-02-28,2022Feb,139848.0,9822416.0,0.014237637664704896
Germany,2022-03-31,2022Mar,144612.0,9953728.0,0.014528425932474748
Germany,2022-04-30,2022Apr,136238.0,10248000.0,0.013294106167056986
Germany,2022-05-31,2022May,137488.0,10233891.0,0.013434577327430985
Germany,2022-06-30,2022Jun,134838.0,10405915.0,0.012957822546119203
Germany,2022-07-31,2022Jul,134271.0,10243872.0,0.013107446090696955
Germany,2022-08-31,2022Aug,131246.0,10605315.0,0.012375492854290513
Germany,2022-09-30,2022Sep,127522.0,11030582.0,0.011560768053761805
Germany,2022-10-31,2022Oct,131924.0,11003709.0,0.011989048419946401
Germany,2022-11-30,2022Nov,127747.0,10740082.0,0.011894415703716228
Germany,2022-12-31,2022Dec,128227.0,10497036.0,0.012215543511520776
Germany,2023-01-31,2023Jan,123506.0,10572577.0,0.011681730953579246
Germany,2023-02-28,2023Feb,131072.0,10754778.0,0.01218732734418135
Germany,2023-03-31,2023Mar,127442.0,10549034.0,0.012080916603359132
Germany,2023-04-30,2023Apr,124026.0,10560892.0,0.011743894360438493
Germany,2023-05-31,2023May,120522.0,10648764.0,0.0113179332361953
Germany,2023-06-30,2023Jun,124556.0,10571199.0,0.011782580197383475
Germany,2023-07-31,2023Jul,124136.0,10738053.0,0.011560382501371523
Germany,2023-08-31,2023Aug,128242.0,10730674.0,0.011950973443047474
Germany,2023-09-30,2023Sep,125233.0,10735917.0,0.011664862908310487
Germany,2023-10-31,2023Oct,125168.0,10793767.0,0.0115963222107722
Germany,2023-11-30,2023Nov,127637.0,10606744.0,0.012033570339776279
Germany,2023-12-31,2023Dec,125036.0,10315947.0,0.012120651647396017
Germany,2024-01-31,2024Jan,127703.0,10445785.0,0.012225313846685529
Germany,2024-02-29,2024Feb,129452.0,10574436.0,0.012241976782496958
Germany,2024-03-31,2024Mar,127839.0,10496692.0,0.012178979815736233
Germany,2024-04-30,2024Apr,125785.0,10583848.0,0.011884618902312278
Germany,2024-05-31,2024May,128280.0,10563928.0,0.012143210366447027
Germany,2024-06-30,2024Jun,132470.0,10478455.0,0.01264213092483577
Germany,2024-07-31,2024Jul,133679.0,10299605.0,0.012979041429258695
Germany,2024-08-31,2024Aug,138140.0,10268508.0,0.013452782040000359
Germany,2024-09-30,2024Sep,140492.0,10374033.0,0.013542659831523574
Germany,2024-10-31,2024Oct,136155.0,10490483.0,0.012978906690950264
Germany,2024-11-30,2024Nov,137481.0,10661685.0,0.012894866055412442
Germany,2024-12-31,2024Dec,135337.0,10806641.0,0.012523502908998273
Germany,2025-01-31,2025Jan,142924.0,11171203.0,0.012793966773318862
Germany,2025-02-28,2025Feb,147353.0,10698305.0,0.013773490286545393
Germany,2025-03-31,2025Mar,150978.0,10673592.0,0.014145003856246332
Germany,2025-04-30,2025Apr,154348.0,10881139.0,0.01418491207584059
Germany,2025-05-31,2025May,155801.0,10701730.0,0.014558487272618539
Germany,2025-06-30,2025Jun,156034.0,10659085.0,0.014638592336959504
Germany,2025-07-31,2025Jul,164630.0,10736329.0,0.015333919070475578
Germany,2025-08-31,2025Aug,157230.0,10902155.0,0.014421919336131251
Germany,2025-09-30,2025Sep,163272.0,10779789.0,0.015146122062314948
Germany,2025-10-31,2025Oct,161981.0,10638478.0,0.015225956194109722
Germany,2025-11-30,2025Nov,161858.0,10948677.0,0.014783338662744366
Germany,2025-12-31,2025Dec,158988.0,10886549.0,0.014604077012834829
Germany,2026-01-31,2026Jan,164445.0,11535107.0,0.014256044612329995
Germany,2026-02-28,2026Feb,169824.0,11637003.0,0.014593448158430482
Germany,2026-03-31,2026Mar,164230.0,11262292.0,0.014582289288894303
Germany,2026-04-30,2026Apr,168400.0,11360787.0,0.014822916757439427
Greece,1998-03-31,1998Mar,35908.71,141300.06,0.2541308899656518
Greece,1998-04-30,1998Apr,35145.9,142339.43,0.24691612155535542
Greece,1998-05-31,1998May,35565.8,142270.06,0.24998794546090725
Greece,1998-06-30,1998Jun,36449.41,146871.13,0.24817273483223015
Greece,1998-07-31,1998Jul,36616.97,148127.74,0.2471986003431903
Greece,1998-08-31,1998Aug,37227.71,154363.59,0.24116898291883468
Greece,1998-09-30,1998Sep,37644.73,152126.75,0.2474563480781651
Greece,1998-10-31,1998Oct,36301.94,147279.11,0.24648397182736917
Greece,1998-11-30,1998Nov,36914.85,150249.17,0.24569087469834272
Greece,1998-12-31,1998Dec,37681.16,151625.65,0.2485144169208838
Greece,1999-01-31,1999Jan,39089.13,155607.74,0.2512029928588385
Greece,1999-02-28,1999Feb,39615.13,160701.66,0.2465135083234361
Greece,1999-03-31,1999Mar,39405.61,159384.33,0.24723641276404026
Greece,1999-04-30,1999Apr,40335.35,165029.62,0.24441279086748186
Greece,1999-05-31,1999May,42066.52,168207.46,0.2500871245544044
Greece,1999-06-30,1999Jun,42922.78,167834.25,0.25574505799620756
Greece,1999-07-31,1999Jul,43176.23,167997.23,0.25700560658053706
Greece,1999-08-31,1999Aug,42545.81,170174.78,0.25001242839861465
Greece,1999-09-30,1999Sep,42647.74,175969.54,0.24235864911620497
Greece,1999-10-31,1999Oct,43315.19,174748.55,0.2478715274032317
Greece,1999-11-30,1999Nov,42800.09,178397.07,0.23991475868970266
Greece,1999-12-31,1999Dec,40206.45,181114.24,0.22199496847956296
Greece,2000-01-31,2000Jan,43011.39,184271.92,0.23341261110211473
Greece,2000-02-29,2000Feb,41998.07,186347.14,0.22537544713592061
Greece,2000-03-31,2000Mar,41188.52,186549.08,0.22079186882079505
Greece,2000-04-30,2000Apr,42864.91,189700.03,0.2259615351668632
Greece,2000-05-31,2000May,43876.15,192029.25,0.2284868060464747
Greece,2000-06-30,2000Jun,45492.06,200511.86,0.22687964691963858
Greece,2000-07-31,2000Jul,45453.54,197129.82,0.23057668291890085
Greece,2000-08-31,2000Aug,45637.16,198627.26,0.22976282308883483
Greece,2000-09-30,2000Sep,46108.75,201070.4,0.2293164483683327
Greece,2000-10-31,2000Oct,46285.98,207284.25,0.2232971390735186
Greece,2000-11-30,2000Nov,46709.44,207866.74,0.22470858012205322
Greece,2000-12-31,2000Dec,44635.76,207247.46,0.21537421978537158
Greece,2001-01-31,2001Jan,43142.0,199982.0,0.21572941564740827
Greece,2001-02-28,2001Feb,45744.0,198288.0,0.23069474703461632
Greece,2001-03-31,2001Mar,45590.0,202685.0,0.22493031058045737
Greece,2001-04-30,2001Apr,47664.0,203983.0,0.23366653103444895
Greece,2001-05-31,2001May,50535.0,208104.0,0.24283531311267442
Greece,2001-06-30,2001Jun,49792.0,204315.0,0.24370212661821208
Greece,2001-07-31,2001Jul,49075.0,203938.0,0.2406368602222244
Greece,2001-08-31,2001Aug,44287.0,201445.0,0.21984660825535507
Greece,2001-09-30,2001Sep,44842.0,202006.0,0.22198350544043247
Greece,2001-10-31,2001Oct,44389.0,202602.0,0.2190945795204391
Greece,2001-11-30,2001Nov,44932.0,209865.0,0.2140995401805923
Greece,2001-12-31,2001Dec,42108.0,212490.0,0.19816461951150643
Greece,2002-01-31,2002Jan,43855.0,212942.0,0.2059480985432653
Greece,2002-02-28,2002Feb,43579.0,210676.0,0.20685317739087508
Greece,2002-03-31,2002Mar,44209.0,207699.0,0.21285128960659416
Greece,2002-04-30,2002Apr,41724.0,204272.0,0.20425706900603116
Greece,2002-05-31,2002May,40600.0,201762.0,0.20122718846958298
Greece,2002-06-30,2002Jun,41121.0,203773.0,0.20179807923522744
Greece,2002-07-31,2002Jul,41174.0,208505.0,0.1974724826742764
Greece,2002-08-31,2002Aug,40240.0,208282.0,0.19319960438251985
Greece,2002-09-30,2002Sep,41360.0,208408.0,0.1984568730566965
Greece,2002-10-31,2002Oct,39777.0,206956.0,0.1922002744544734
Greece,2002-11-30,2002Nov,40510.0,210670.0,0.1922912612142213
Greece,2002-12-31,2002Dec,40478.0,212396.0,0.19057797698638393
Greece,2003-01-31,2003Jan,40012.0,213684.0,0.1872484603433107
Greece,2003-02-28,2003Feb,37182.0,216018.0,0.17212454517679082
Greece,2003-03-31,2003Mar,37727.0,218330.0,0.1727980579856181
Greece,2003-04-30,2003Apr,34459.0,215564.0,0.15985507784231134
Greece,2003-05-31,2003May,33584.0,215709.0,0.1556912321692651
Greece,2003-06-30,2003Jun,32557.0,218341.0,0.14911079458278564
Greece,2003-07-31,2003Jul,32655.0,221601.0,0.1473594433238117
Greece,2003-08-31,2003Aug,32769.0,219953.0,0.14898182793596815
Greece,2003-09-30,2003Sep,32138.0,221652.0,0.14499305217187303
Greece,2003-10-31,2003Oct,32570.0,223650.0,0.1456293315448245
Greece,2003-11-30,2003Nov,33225.0,230685.0,0.144027570063073
Greece,2003-12-31,2003Dec,31747.0,229057.0,0.13859868940918635
Greece,2004-01-31,2004Jan,31381.0,231820.0,0.13536795789836942
Greece,2004-02-29,2004Feb,29950.0,232648.0,0.12873525669681235
Greece,2004-03-31,2004Mar,27888.0,232594.0,0.11989991143365693
Greece,2004-04-30,2004Apr,29684.0,236720.0,0.12539709361270698
Greece,2004-05-31,2004May,31086.0,238053.0,0.13058436566646922
Greece,2004-06-30,2004Jun,31339.0,243271.0,0.12882341092855293
Greece,2004-07-31,2004Jul,30264.0,244374.0,0.12384296201723588
Greece,2004-08-31,2004Aug,30042.0,242647.0,0.12380948455987505
Greece,2004-09-30,2004Sep,31451.0,244953.0,0.1283960596522598
Greece,2004-10-31,2004Oct,30159.0,244761.0,0.12321815975584345
Greece,2004-11-30,2004Nov,30538.0,249075.0,0.12260564087122353
Greece,2004-12-31,2004Dec,27871.0,246004.0,0.11329490577388986
Greece,2005-01-31,2005Jan,27943.0,251555.0,0.11108107570908947
Greece,2005-02-28,2005Feb,29279.0,255809.0,0.11445648902110558
Greece,2005-03-31,2005Mar,28615.0,255945.0,0.11180136357420539
Greece,2005-04-30,2005Apr,28465.0,256888.0,0.11080704431503223
Greece,2005-05-31,2005May,28289.0,261551.0,0.1081586382770473
Greece,2005-06-30,2005Jun,30327.0,265578.0,0.11419244063890835
Greece,2005-07-31,2005Jul,31215.0,267626.0,0.11663664965287379
Greece,2005-08-31,2005Aug,26623.0,270024.0,0.0985949397090629
Greece,2005-09-30,2005Sep,28716.0,277129.0,0.10361961397038924
Greece,2005-10-31,2005Oct,30576.0,278579.0,0.10975701686056738
Greece,2005-11-30,2005Nov,31329.0,282835.0,0.11076776212279243
Greece,2005-12-31,2005Dec,31446.0,286045.0,0.1099337516824276
Greece,2006-01-31,2006Jan,31018.0,284175.0,0.10915105128881851
Greece,2006-02-28,2006Feb,30727.0,287859.0,0.10674323192952105
Greece,2006-03-31,2006Mar,31166.0,291806.0,0.10680383542490558
Greece,2006-04-30,2006Apr,31846.0,291740.0,0.10915884006306986
Greece,2006-05-31,2006May,31684.0,296917.0,0.10670995598096437
Greece,2006-06-30,2006Jun,32723.0,300477.0,0.10890351008563051
Greece,2006-07-31,2006Jul,31147.0,303888.0,0.10249499815721581
Greece,2006-08-31,2006Aug,32041.0,304746.0,0.10514001824470215
Greece,2006-09-30,2006Sep,31165.0,311775.0,0.09995990698420334
Greece,2006-10-31,2006Oct,30135.0,311027.0,0.09688869455063387
Greece,2006-11-30,2006Nov,29360.0,314578.0,0.09333138363140461
Greece,2006-12-31,2006Dec,29660.0,321409.0,0.0922811744537334
Greece,2007-01-31,2007Jan,26983.0,322169.0,0.08375417870744857
Greece,2007-02-28,2007Feb,26608.0,329195.0,0.08082747307826668
Greece,2007-03-31,2007Mar,25381.0,338390.0,0.07500517154762257
Greece,2007-04-30,2007Apr,23943.0,338027.0,0.07083161995935236
Greece,2007-05-31,2007May,23970.0,346298.0,0.06921784128120867
Greece,2007-06-30,2007Jun,24856.0,353370.0,0.0703398703908085
Greece,2007-07-31,2007Jul,24089.0,354943.0,0.06786723502083433
Greece,2007-08-31,2007Aug,22217.0,354064.0,0.06274854263635953
Greece,2007-09-30,2007Sep,20434.0,362289.0,0.05640248530869003
Greece,2007-10-31,2007Oct,20981.0,365288.0,0.05743687172860866
Greece,2007-11-30,2007Nov,20892.0,374634.0,0.05576642803376095
Greece,2007-12-31,2007Dec,23678.0,391504.0,0.06047958641546446
Greece,2008-01-31,2008Jan,22231.0,387754.0,0.05733274189305591
Greece,2008-02-29,2008Feb,21463.0,393220.0,0.05458267636437618
Greece,2008-03-31,2008Mar,22500.0,403715.0,0.05573238546994786
Greece,2008-04-30,2008Apr,23993.0,408244.0,0.05877122505168478
Greece,2008-05-31,2008May,23214.0,417524.0,0.05559919908795662
Greece,2008-06-30,2008Jun,24749.0,424668.0,0.058278466943588875
Greece,2008-07-31,2008Jul,24974.0,428458.0,0.058288093582101394
Greece,2008-08-31,2008Aug,23557.0,435362.0,0.054108994354123696
Greece,2008-09-30,2008Sep,23687.0,441883.0,0.053604687213583684
Greece,2008-10-31,2008Oct,23811.0,453502.0,0.052504729857861705
Greece,2008-11-30,2008Nov,25051.0,456611.0,0.05486289204596473
Greece,2008-12-31,2008Dec,23677.0,464746.0,0.05094610819673542
Greece,2009-01-31,2009Jan,25310.0,459253.0,0.05511123498376712
Greece,2009-02-28,2009Feb,28805.0,463165.0,0.06219165955976812
Greece,2009-03-31,2009Mar,36319.0,473103.0,0.07676763833668356
Greece,2009-04-30,2009Apr,37594.0,476347.0,0.0789214585165856
Greece,2009-05-31,2009May,38884.0,472303.0,0.08232850521804859
Greece,2009-06-30,2009Jun,39266.0,491205.0,0.07993811137915942
Greece,2009-07-31,2009Jul,37061.0,483623.0,0.07663200468133236
Greece,2009-08-31,2009Aug,36365.0,478947.0,0.07592698148229345
Greece,2009-09-30,2009Sep,33150.0,481901.0,0.06879006268922455
Greece,2009-10-31,2009Oct,32199.0,485483.0,0.06632364058061765
Greece,2009-11-30,2009Nov,32206.0,485082.0,0.06639289852025018
Greece,2009-12-31,2009Dec,33649.0,492608.0,0.0683078634532935
Greece,2010-01-31,2010Jan,36340.0,488536.0,0.07438551099611902
Greece,2010-02-28,2010Feb,39047.0,498350.0,0.07835256345941607
Greece,2010-03-31,2010Mar,39296.0,503379.0,0.07806444051102648
Greece,2010-04-30,2010Apr,44630.0,506633.0,0.08809137975615484
Greece,2010-05-31,2010May,43584.0,509157.0,0.08560031581614315
Greece,2010-06-30,2010Jun,41688.0,544676.0,0.07653724415983079
Greece,2010-07-31,2010Jul,44802.0,537706.0,0.0833206250255716
Greece,2010-08-31,2010Aug,43727.0,524165.0,0.08342220484007898
Greece,2010-09-30,2010Sep,45104.0,528736.0,0.0853053319615082
Greece,2010-10-31,2010Oct,44732.0,518768.0,0.08622736945995127
Greece,2010-11-30,2010Nov,45323.0,518587.0,0.0873971001972668
Greece,2010-12-31,2010Dec,44839.0,514966.0,0.08707176784486743
Greece,2011-01-31,2011Jan,47633.0,506108.0,0.09411627557754472
Greece,2011-02-28,2011Feb,48053.0,504517.0,0.09524555168606806
Greece,2011-03-31,2011Mar,45680.0,498019.0,0.09172340814306282
Greece,2011-04-30,2011Apr,45736.0,489585.0,0.09341789474759235
Greece,2011-05-31,2011May,47092.0,491227.0,0.09586606599392948
Greece,2011-06-30,2011Jun,49142.0,502525.0,0.09779015969354758
Greece,2011-07-31,2011Jul,48654.0,500856.0,0.09714169342086348
Greece,2011-08-31,2011Aug,44387.0,489295.0,0.09071623458240939
Greece,2011-09-30,2011Sep,44878.0,490295.0,0.09153264871149003
Greece,2011-10-31,2011Oct,44652.0,483541.0,0.0923437722964547
Greece,2011-11-30,2011Nov,44867.0,480843.0,0.09330904266049417
Greece,2011-12-31,2011Dec,44988.0,476911.0,0.09433206615070737
Greece,2012-01-31,2012Jan,39068.0,466696.0,0.08371188096748204
Greece,2012-02-29,2012Feb,42381.0,490213.0,0.08645425559909672
Greece,2012-03-31,2012Mar,23630.0,435211.0,0.05429550264124758
Greece,2012-04-30,2012Apr,21684.0,429391.0,0.05049942826002408
Greece,2012-05-31,2012May,19420.0,444048.0,0.04373401073757792
Greece,2012-06-30,2012Jun,18847.0,437581.0,0.04307088287654171
Greece,2012-07-31,2012Jul,18279.0,438364.0,0.04169822339425683
Greece,2012-08-31,2012Aug,21864.0,438527.0,0.049857819472917286
Greece,2012-09-30,2012Sep,21982.0,437034.0,0.05029814613965961
Greece,2012-10-31,2012Oct,21936.0,436549.0,0.05024865479018392
Greece,2012-11-30,2012Nov,22295.0,436796.0,0.051042134085476976
Greece,2012-12-31,2012Dec,18558.0,442214.0,0.041966106907515364
Greece,2013-01-31,2013Jan,16945.0,434819.0,0.038970238191063405
Greece,2013-02-28,2013Feb,15401.0,430236.0,0.035796632545858555
Greece,2013-03-31,2013Mar,14840.0,427036.0,0.03475116851975009
Greece,2013-04-30,2013Apr,14560.0,424670.0,0.034285445169190194
Greece,2013-05-31,2013May,13984.0,422889.0,0.03306777901529716
Greece,2013-06-30,2013Jun,13988.0,419075.0,0.03337827357871503
Greece,2013-07-31,2013Jul,13498.0,417524.0,0.03232868050698882
Greece,2013-08-31,2013Aug,13092.0,416877.0,0.03140494678286401
Greece,2013-09-30,2013Sep,13174.0,420702.0,0.03131432700581409
Greece,2013-10-31,2013Oct,13483.0,418672.0,0.032204207589712236
Greece,2013-11-30,2013Nov,13100.0,418218.0,0.031323376803485264
Greece,2013-12-31,2013Dec,12722.0,407407.0,0.031226758499485772
Greece,2014-01-31,2014Jan,12938.0,406263.0,0.0318463655316876
Greece,2014-02-28,2014Feb,13537.0,405483.0,0.03338487680124691
Greece,2014-03-31,2014Mar,14907.0,404716.0,0.03683323614584054
Greece,2014-04-30,2014Apr,14697.0,402367.0,0.036526355292556295
Greece,2014-05-31,2014May,9854.0,398817.0,0.024708074129237218
Greece,2014-06-30,2014Jun,10306.0,397317.0,0.025938985746897313
Greece,2014-07-31,2014Jul,10158.0,395600.0,0.025677451971688574
Greece,2014-08-31,2014Aug,10193.0,396496.0,0.025707699447157097
Greece,2014-09-30,2014Sep,10055.0,394698.0,0.02547517342373156
Greece,2014-10-31,2014Oct,10359.0,394374.0,0.026266944575453758
Greece,2014-11-30,2014Nov,10873.0,396260.0,0.02743905516580023
Greece,2014-12-31,2014Dec,12379.0,397801.0,0.031118574362558164
Greece,2015-01-31,2015Jan,12831.0,400450.0,0.03204145336496442
Greece,2015-02-28,2015Feb,13893.0,396837.0,0.0350093363270058
Greece,2015-03-31,2015Mar,13454.0,395410.0,0.03402544194633419
Greece,2015-04-30,2015Apr,13634.0,394952.0,0.034520650610707124
Greece,2015-05-31,2015May,13719.0,391605.0,0.03503274983720841
Greece,2015-06-30,2015Jun,13486.49,386469.3,0.034896665789494796
Greece,2015-07-31,2015Jul,13292.0,383047.0,0.03470070252475545
Greece,2015-08-31,2015Aug,13949.0,383164.0,0.036404777066739044
Greece,2015-09-30,2015Sep,14400.37,382286.37,0.037669064685722384
Greece,2015-10-31,2015Oct,14537.0,382652.0,0.03799013202596615
Greece,2015-11-30,2015Nov,14163.0,382476.0,0.03702977441721834
Greece,2015-12-31,2015Dec,13907.31,386022.59,0.03602719208738535
Greece,2016-01-31,2016Jan,13554.0,384324.0,0.03526711836887626
Greece,2016-02-29,2016Feb,13561.0,383103.0,0.03539779119453515
Greece,2016-03-31,2016Mar,13304.52,381748.37,0.03485154370141777
Greece,2016-04-30,2016Apr,13269.0,379384.0,0.03497511755899036
Greece,2016-05-31,2016May,13752.0,378828.0,0.03630143495200988
Greece,2016-06-30,2016Jun,13338.0,370619.48,0.03598839434991383
Greece,2016-07-31,2016Jul,13622.0,370228.0,0.036793543438097605
Greece,2016-08-31,2016Aug,13619.0,369096.0,0.036898259531395625
Greece,2016-09-30,2016Sep,13141.0,365674.0,0.03593638049191356
Greece,2016-10-31,2016Oct,13463.0,364860.0,0.036899084580387
Greece,2016-11-30,2016Nov,13697.0,363640.0,0.037666373336266636
Greece,2016-12-31,2016Dec,11671.0,351834.59,0.03317183793668496
Greece,2017-01-31,2017Jan,11764.0,347482.79,0.033854914080780805
Greece,2017-02-28,2017Feb,12243.0,347673.28,0.03521409525632801
Greece,2017-03-31,2017Mar,11771.0,341537.14,0.0344647729965766
Greece,2017-04-30,2017Apr,12370.0,339884.89,0.03639467467941867
Greece,2017-05-31,2017May,12480.0,336278.08,0.0371121424268867
Greece,2017-06-30,2017Jun,12385.0,333140.96,0.037176455275868804
Greece,2017-07-31,2017Jul,12200.0,326516.56,0.037364107964386245
Greece,2017-08-31,2017Aug,12282.0,319675.44,0.03842021770580811
Greece,2017-09-30,2017Sep,11766.0,315685.0,0.03727133059853968
Greece,2017-10-31,2017Oct,12326.0,313808.0,0.03927879467699995
Greece,2017-11-30,2017Nov,12276.0,312462.0,0.03928797741805404
Greece,2017-12-31,2017Dec,12057.0,301436.0,0.039998540320333335
Greece,2018-01-31,2018Jan,12619.0,298248.0,0.04231042622247257
Greece,2018-02-28,2018Feb,12228.0,299246.0,0.04086270158999619
Greece,2018-03-31,2018Mar,11233.0,295268.0,0.0380434046357885
Greece,2018-04-30,2018Apr,11571.0,293934.0,0.03936598011798567
Greece,2018-05-31,2018May,10927.0,296022.0,0.03691279702184297
Greece,2018-06-30,2018Jun,11045.0,291847.0,0.03784517229918416
Greece,2018-07-31,2018Jul,11425.0,292563.0,0.0390514179851861
Greece,2018-08-31,2018Aug,11176.0,294499.0,0.03794919507366748
Greece,2018-09-30,2018Sep,11257.0,291164.0,0.03866205987003888
Greece,2018-10-31,2018Oct,11818.0,291629.0,0.04052409053969255
Greece,2018-11-30,2018Nov,11681.0,290828.0,0.040164633391557895
Greece,2018-12-31,2018Dec,11692.0,292595.0,0.039959671217895044
Greece,2019-01-31,2019Jan,11772.0,289447.0,0.04067065818612734
Greece,2019-02-28,2019Feb,15100.0,287335.0,0.05255189935093184
Greece,2019-03-31,2019Mar,15143.0,286721.0,0.05281440843189023
Greece,2019-04-30,2019Apr,15659.0,286788.0,0.05460130828347072
Greece,2019-05-31,2019May,16009.0,288629.0,0.055465666998118696
Greece,2019-06-30,2019Jun,16292.0,299866.0,0.05433093448406955
Greece,2019-07-31,2019Jul,16819.0,298988.0,0.05625309376964962
Greece,2019-08-31,2019Aug,17141.0,299891.0,0.05715743386763857
Greece,2019-09-30,2019Sep,17698.0,316456.0,0.05592562631139874
Greece,2019-10-31,2019Oct,18421.0,317247.0,0.05806516688889099
Greece,2019-11-30,2019Nov,17895.0,318928.0,0.05610984297396278
Greece,2019-12-31,2019Dec,17482.0,309587.0,0.056468779373810916
Greece,2020-01-31,2020Jan,18344.0,313120.0,0.05858456821665815
Greece,2020-02-29,2020Feb,18905.0,314578.0,0.0600963830909981
Greece,2020-03-31,2020Mar,20129.0,308960.0,0.06515082858622476
Greece,2020-04-30,2020Apr,19979.0,315230.0,0.06337912000761349
Greece,2020-05-31,2020May,21704.0,319943.0,0.06783708348049497
Greece,2020-06-30,2020Jun,23801.0,326374.0,0.0729255394118404
Greece,2020-07-31,2020Jul,23423.0,334426.0,0.07003941081136036
Greece,2020-08-31,2020Aug,22892.0,332789.0,0.06878833134508652
Greece,2020-09-30,2020Sep,23641.0,335059.0,0.07055772266973877
Greece,2020-10-31,2020Oct,24388.0,337247.0,0.0723149501700534
Greece,2020-11-30,2020Nov,25109.0,340649.0,0.07370930195010113
Greece,2020-12-31,2020Dec,25286.0,336129.0,0.07522707055921983
Greece,2021-01-31,2021Jan,27267.0,334525.0,0.08150960316867199
Greece,2021-02-28,2021Feb,25959.0,330997.0,0.07842669268905761
Greece,2021-03-31,2021Mar,28048.0,334381.0,0.08388036401589803
Greece,2021-04-30,2021Apr,28363.0,317782.0,0.08925300992504295
Greece,2021-05-31,2021May,29405.0,321722.0,0.09139878528667607
Greece,2021-06-30,2021Jun,29770.0,335404.0,0.08875863138185591
Greece,2021-07-31,2021Jul,30024.0,329870.0,0.09101767362900537
Greece,2021-08-31,2021Aug,30408.0,332656.0,0.0914097446010293
Greece,2021-09-30,2021Sep,30075.0,329734.0,0.0912098843310062
Greece,2021-10-31,2021Oct,28838.0,326532.0,0.08831599965700146
Greece,2021-11-30,2021Nov,29112.0,331330.0,0.08786406301874264
Greece,2021-12-31,2021Dec,27965.0,328370.0,0.08516307823491792
Greece,2022-01-31,2022Jan,26426.0,325730.0,0.08112854204402419
Greece,2022-02-28,2022Feb,25349.0,324563.0,0.07810194014721333
Greece,2022-03-31,2022Mar,25577.0,322891.0,0.07921248966369455
Greece,2022-04-30,2022Apr,25005.0,326372.0,0.07661502824997242
Greece,2022-05-31,2022May,25586.0,327763.0,0.07806250247892532
Greece,2022-06-30,2022Jun,25876.0,332130.0,0.07790925240116822
Greece,2022-07-31,2022Jul,27484.0,332089.78,0.08276075222790656
Greece,2022-08-31,2022Aug,26119.0,335561.0,0.07783681655496318
Greece,2022-09-30,2022Sep,25479.0,339537.0,0.07504042269325581
Greece,2022-10-31,2022Oct,25695.0,338294.0,0.07595464300283186
Greece,2022-11-30,2022Nov,27066.0,336088.0,0.08053247958867915
Greece,2022-12-31,2022Dec,26474.0,327530.0,0.0808292370164565
Greece,2023-01-31,2023Jan,27781.0,321495.0,0.08641191931445279
Greece,2023-02-28,2023Feb,27773.0,320299.0,0.0867096057121627
Greece,2023-03-31,2023Mar,28316.0,317966.0,0.08905354660561192
Greece,2023-04-30,2023Apr,28864.0,320450.0,0.09007333437353722
Greece,2023-05-31,2023May,29235.0,321152.0,0.09103166102032682
Greece,2023-06-30,2023Jun,29724.0,314755.0,0.09443535448205748
Greece,2023-07-31,2023Jul,29454.0,313635.0,0.09391171265962026
Greece,2023-08-31,2023Aug,28998.0,315017.0,0.09205217496198617
Greece,2023-09-30,2023Sep,29255.0,317041.0,0.09227513160758388
Greece,2023-10-31,2023Oct,29654.0,315767.0,0.09391101666735283
Greece,2023-11-30,2023Nov,30442.0,314791.0,0.09670543312864727
Greece,2023-12-31,2023Dec,31850.0,317093.0,0.10044371840437978
Greece,2024-01-31,2024Jan,31420.0,315359.0,0.09963248234551733
Greece,2024-02-29,2024Feb,32381.0,314027.0,0.10311533721622664
Greece,2024-03-31,2024Mar,31961.0,313118.0,0.10207333976328413
Greece,2024-04-30,2024Apr,31649.0,315334.0,0.10036659541946
Greece,2024-05-31,2024May,32121.0,315312.0,0.10187052823869691
Greece,2024-06-30,2024Jun,31909.0,314572.0,0.10143623717304782
Greece,2024-07-31,2024Jul,32230.0,315176.0,0.102260324390182
Greece,2024-08-31,2024Aug,32007.0,316958.0,0.10098183355523445
Greece,2024-09-30,2024Sep,32327.0,319367.0,0.10122210497640645
Greece,2024-10-31,2024Oct,32613.0,317419.0,0.10274432217353088
Greece,2024-11-30,2024Nov,33676.0,323263.0,0.10417523811880729
Greece,2024-12-31,2024Dec,33534.0,321289.0,0.1043733212154789
Greece,2025-01-31,2025Jan,34052.0,318092.0,0.10705079033738667
Greece,2025-02-28,2025Feb,34041.0,320781.0,0.10611912800321714
Greece,2025-03-31,2025Mar,33624.0,321281.0,0.10465604875482833
Greece,2025-04-30,2025Apr,33679.0,319298.0,0.10547826795031601
Greece,2025-05-31,2025May,33957.0,323157.0,0.10507895543033262
Greece,2025-06-30,2025Jun,33850.0,327991.0,0.10320405133067675
Greece,2025-07-31,2025Jul,33970.0,327565.0,0.10370460824569169
Greece,2025-08-31,2025Aug,33646.0,329892.0,0.10199095461544991
Greece,2025-09-30,2025Sep,33969.0,331596.0,0.10244092208591177
Greece,2025-10-31,2025Oct,33822.0,329827.0,0.10254466735591689
Greece,2025-11-30,2025Nov,33874.0,334282.0,0.1013336045614182
Greece,2025-12-31,2025Dec,33433.0,342969.0,0.09748111345340249
Greece,2026-01-31,2026Jan,33514.0,338796.0,0.09892088454409143
Greece,2026-02-28,2026Feb,33279.0,345157.0,0.09641699284673351
Greece,2026-03-31,2026Mar,33479.0,346785.0,0.09654108453364477
Greece,2026-04-30,2026Apr,33471.0,345023.0,0.09701092390942054
Ireland,1997-09-30,1997Sep,4825.0,159843.51,0.030185773573165403
Ireland,1997-10-31,1997Oct,4916.43,164065.4,0.02996628173886755
Ireland,1997-11-30,1997Nov,5158.95,169724.62,0.030396002654181815
Ireland,1997-12-31,1997Dec,5198.31,184807.84,0.028128189799740102
Ireland,1998-01-31,1998Jan,5327.82,191354.6,0.027842654422731407
Ireland,1998-02-28,1998Feb,4973.56,194986.06,0.025507259339462525
Ireland,1998-03-31,1998Mar,5348.14,200919.55,0.02661831563926955
Ireland,1998-04-30,1998Apr,5090.38,199351.42,0.0255347064997079
Ireland,1998-05-31,1998May,4957.06,203799.34,0.024323238730802565
Ireland,1998-06-30,1998Jun,5029.43,210986.03,0.023837739399144107
Ireland,1998-07-31,1998Jul,4912.62,214871.44,0.02286306639914546
Ireland,1998-08-31,1998Aug,5597.01,223619.92,0.025029120840397403
Ireland,1998-09-30,1998Sep,5530.98,226799.36,0.024387105854266962
Ireland,1998-10-31,1998Oct,6226.8,232127.17,0.026824951167930922
Ireland,1998-11-30,1998Nov,5717.63,237716.55,0.024052300944128628
Ireland,1998-12-31,1998Dec,5765.88,234637.45,0.0245735708430176
Ireland,1999-01-31,1999Jan,6155.0,241952.0,0.025438930035709562
Ireland,1999-02-28,1999Feb,6720.0,244284.0,0.02750896497519281
Ireland,1999-03-31,1999Mar,6698.0,252809.0,0.026494309933586226
Ireland,1999-04-30,1999Apr,6099.0,259999.0,0.023457782529932806
Ireland,1999-05-31,1999May,6217.0,267011.0,0.023283684941818875
Ireland,1999-06-30,1999Jun,6086.0,268486.0,0.02266784860290667
Ireland,1999-07-31,1999Jul,5675.0,270947.0,0.02094505567509513
Ireland,1999-08-31,1999Aug,5461.0,281072.0,0.01942918540445153
Ireland,1999-09-30,1999Sep,5444.0,286117.0,0.01902718118811535
Ireland,1999-10-31,1999Oct,5803.0,294140.0,0.019728700618752974
Ireland,1999-11-30,1999Nov,6114.0,301458.0,0.02028143223931692
Ireland,1999-12-31,1999Dec,6135.0,302753.0,0.020264043626322448
Ireland,2000-01-31,2000Jan,6443.0,311092.0,0.02071091509907037
Ireland,2000-02-29,2000Feb,6476.0,316208.0,0.020480190254516015
Ireland,2000-03-31,2000Mar,6187.0,326506.0,0.018949115789602643
Ireland,2000-04-30,2000Apr,5187.0,384077.0,0.013505104445202394
Ireland,2000-05-31,2000May,5243.0,381740.0,0.0137344789647404
Ireland,2000-06-30,2000Jun,5139.0,390631.0,0.013155637929401404
Ireland,2000-07-31,2000Jul,5305.0,392769.0,0.013506666768507697
Ireland,2000-08-31,2000Aug,5312.0,415370.0,0.012788598117341166
Ireland,2000-09-30,2000Sep,5410.0,419720.0,0.012889545411226533
Ireland,2000-10-31,2000Oct,4724.0,425957.0,0.011090321323513876
Ireland,2000-11-30,2000Nov,4823.0,435416.0,0.011076763371120952
Ireland,2000-12-31,2000Dec,5134.0,418019.0,0.012281738389881799
Ireland,2001-01-31,2001Jan,5093.0,434561.0,0.011719873619583902
Ireland,2001-02-28,2001Feb,5066.0,442319.0,0.01145327241199225
Ireland,2001-03-31,2001Mar,5440.0,463778.0,0.011729750009702918
Ireland,2001-04-30,2001Apr,5303.0,467061.0,0.01135397731773794
Ireland,2001-05-31,2001May,5271.0,481773.0,0.010940837282288547
Ireland,2001-06-30,2001Jun,5155.0,487889.0,0.010565927905732657
Ireland,2001-07-31,2001Jul,5120.0,488640.0,0.010478061558611657
Ireland,2001-08-31,2001Aug,5210.0,483339.0,0.01077918396818796
Ireland,2001-09-30,2001Sep,5282.0,498588.0,0.010593917222235594
Ireland,2001-10-31,2001Oct,4544.0,514768.0,0.008827277530848849
Ireland,2001-11-30,2001Nov,4785.0,530090.0,0.009026769039219755
Ireland,2001-12-31,2001Dec,4870.0,531899.0,0.009155873577502496
Ireland,2002-01-31,2002Jan,4227.0,549399.0,0.007693861838117652
Ireland,2002-02-28,2002Feb,4346.0,559301.0,0.007770413426759473
Ireland,2002-03-31,2002Mar,4461.0,561020.0,0.007951588178674557
Ireland,2002-04-30,2002Apr,4578.0,563812.0,0.008119727852546594
Ireland,2002-05-31,2002May,4563.0,559344.0,0.008157770531193684
Ireland,2002-06-30,2002Jun,4797.0,554001.0,0.00865882913568748
Ireland,2002-07-31,2002Jul,5028.0,576357.0,0.008723759753069712
Ireland,2002-08-31,2002Aug,4926.0,583725.0,0.008438905306437107
Ireland,2002-09-30,2002Sep,5028.0,599783.0,0.00838303186319052
Ireland,2002-10-31,2002Oct,4350.0,602731.0,0.007217149939193438
Ireland,2002-11-30,2002Nov,4495.0,613469.0,0.007327183606669611
Ireland,2002-12-31,2002Dec,4436.0,615932.0,0.007202093737620386
Ireland,2003-01-31,2003Jan,4512.0,625682.0,0.0072113309956175825
Ireland,2003-02-28,2003Feb,4496.0,638405.0,0.007042551358463671
Ireland,2003-03-31,2003Mar,4420.0,631867.0,0.006995142965212616
Ireland,2003-04-30,2003Apr,4336.0,635473.0,0.0068232639309616615
Ireland,2003-05-31,2003May,4457.0,640666.0,0.006956823056007342
Ireland,2003-06-30,2003Jun,4498.0,664592.0,0.006768062209596264
Ireland,2003-07-31,2003Jul,4500.0,677346.0,0.006643576547288978
Ireland,2003-08-31,2003Aug,4490.0,687659.0,0.0065293990189905175
Ireland,2003-09-30,2003Sep,4544.0,696876.0,0.006520528759779358
Ireland,2003-10-31,2003Oct,4587.0,707829.0,0.006480378735542059
Ireland,2003-11-30,2003Nov,4751.0,707099.0,0.006719002572482778
Ireland,2003-12-31,2003Dec,4664.0,725296.0,0.006430478039310847
Ireland,2004-01-31,2004Jan,4551.0,741094.0,0.006140921394586922
Ireland,2004-02-29,2004Feb,4383.0,761385.0,0.005756614590515968
Ireland,2004-03-31,2004Mar,4313.0,795367.0,0.0054226539446569945
Ireland,2004-04-30,2004Apr,4206.0,803374.0,0.005235419617762089
Ireland,2004-05-31,2004May,4046.0,815030.0,0.00496423444535784
Ireland,2004-06-30,2004Jun,4141.0,823656.0,0.005027584331322785
Ireland,2004-07-31,2004Jul,4261.0,845672.0,0.005038596524420816
Ireland,2004-08-31,2004Aug,4103.0,852371.0,0.004813631622849674
Ireland,2004-09-30,2004Sep,4205.0,864686.0,0.00486303698683684
Ireland,2004-10-31,2004Oct,4147.0,873972.0,0.00474500327241605
Ireland,2004-11-30,2004Nov,4187.0,877943.0,0.004769102322132531
Ireland,2004-12-31,2004Dec,4038.0,898027.0,0.00449652404660439
Ireland,2005-01-31,2005Jan,4074.0,929565.0,0.00438269513159381
Ireland,2005-02-28,2005Feb,4114.0,932964.0,0.00440960208539665
Ireland,2005-03-31,2005Mar,4142.0,960572.0,0.004312014091603753
Ireland,2005-04-30,2005Apr,4114.0,983320.0,0.004183785542854818
Ireland,2005-05-31,2005May,4001.0,1022980.0,0.003911122407085183
Ireland,2005-06-30,2005Jun,3985.0,1053405.0,0.003782970462452713
Ireland,2005-07-31,2005Jul,3921.0,1056153.0,0.0037125302868050367
Ireland,2005-08-31,2005Aug,3957.0,1071692.0,0.003692292188427272
Ireland,2005-09-30,2005Sep,4107.0,1087385.0,0.0037769511258661835
Ireland,2005-10-31,2005Oct,3760.0,1117395.0,0.0033649694154708047
Ireland,2005-11-30,2005Nov,3712.0,1126200.0,0.003296039779790446
Ireland,2005-12-31,2005Dec,3617.0,1155083.0,0.003131376706262667
Ireland,2006-01-31,2006Jan,3556.0,1152931.0,0.00308431293806828
Ireland,2006-02-28,2006Feb,3485.0,1194027.0,0.002918694468383043
Ireland,2006-03-31,2006Mar,3494.0,1211928.0,0.0028830095517225446
Ireland,2006-04-30,2006Apr,3536.0,1234981.0,0.002863201943997519
Ireland,2006-05-31,2006May,3724.0,1246743.0,0.0029869828825989
Ireland,2006-06-30,2006Jun,3644.0,1279614.0,0.0028477337697149297
Ireland,2006-07-31,2006Jul,3644.0,1294602.0,0.002814764692160216
Ireland,2006-08-31,2006Aug,3514.0,1312770.0,0.0026767826808961202
Ireland,2006-09-30,2006Sep,3484.0,1350451.0,0.0025798788700959903
Ireland,2006-10-31,2006Oct,3391.0,1387541.0,0.0024438917480636606
Ireland,2006-11-30,2006Nov,3143.0,1421936.0,0.002210366711300649
Ireland,2006-12-31,2006Dec,3121.0,1454199.0,0.002146198697702309
Ireland,2007-01-31,2007Jan,3008.0,1475163.0,0.0020390966964328686
Ireland,2007-02-28,2007Feb,2704.0,1475063.0,0.0018331420420687116
Ireland,2007-03-31,2007Mar,2619.0,1512177.0,0.001731940110185514
Ireland,2007-04-30,2007Apr,2379.0,1537214.0,0.001547604952856271
Ireland,2007-05-31,2007May,2171.0,1570544.0,0.001382323577053556
Ireland,2007-06-30,2007Jun,1977.0,1603828.0,0.0012326758230932495
Ireland,2007-07-31,2007Jul,1743.0,1607609.0,0.0010842188616759423
Ireland,2007-08-31,2007Aug,1737.0,1577703.0,0.001100967672622794
Ireland,2007-09-30,2007Sep,1754.0,1589230.0,0.0011036791402125557
Ireland,2007-10-31,2007Oct,736.0,1618974.0,0.00045460890662851907
Ireland,2007-11-30,2007Nov,646.0,1651696.0,0.00039111313462041443
Ireland,2007-12-31,2007Dec,638.0,1663528.0,0.00038352224909950417
Ireland,2008-01-31,2008Jan,556.0,1757982.0,0.00031627172519400085
Ireland,2008-02-29,2008Feb,548.0,1759844.0,0.0003113912369505479
Ireland,2008-03-31,2008Mar,566.0,1749542.0,0.00032351323946495713
Ireland,2008-04-30,2008Apr,643.0,1750732.0,0.00036727494556562624
Ireland,2008-05-31,2008May,618.0,1810904.0,0.00034126601962334836
Ireland,2008-06-30,2008Jun,712.0,1786740.0,0.00039849110670830675
Ireland,2008-07-31,2008Jul,662.0,1757519.0,0.00037666733617104566
Ireland,2008-08-31,2008Aug,555.0,1817875.0,0.0003053015196314378
Ireland,2008-09-30,2008Sep,525.0,1779291.0,0.000295061347469301
Ireland,2008-10-31,2008Oct,540.0,1780407.0,0.0003033014361323001
Ireland,2008-11-30,2008Nov,2132.0,1806777.0,0.0011800017379012461
Ireland,2008-12-31,2008Dec,2140.0,1731538.0,0.001235895487133404
Ireland,2009-01-31,2009Jan,4094.0,1755016.0,0.0023327422655975787
Ireland,2009-02-28,2009Feb,5433.0,1749961.0,0.0031046406177051944
Ireland,2009-03-31,2009Mar,6181.0,1712792.0,0.0036087277381024667
Ireland,2009-04-30,2009Apr,6139.0,1726068.0,0.003556638556534273
Ireland,2009-05-31,2009May,6216.0,1721275.0,0.003611276524669213
Ireland,2009-06-30,2009Jun,7571.0,1712770.0,0.00442032497066156
Ireland,2009-07-31,2009Jul,7927.0,1710850.0,0.004633369377794664
Ireland,2009-08-31,2009Aug,7936.0,1695962.0,0.004679350126948599
Ireland,2009-09-30,2009Sep,8164.0,1649900.0,0.004948178677495606
Ireland,2009-10-31,2009Oct,8163.0,1643060.0,0.004968169147809575
Ireland,2009-11-30,2009Nov,8298.0,1623900.0,0.005109920561610937
Ireland,2009-12-31,2009Dec,8219.0,1634010.0,0.005029956977007485
Ireland,2010-01-31,2010Jan,8325.0,1655441.0,0.005028871460837324
Ireland,2010-02-28,2010Feb,8168.0,1631279.0,0.005007114049773215
Ireland,2010-03-31,2010Mar,7903.0,1640449.0,0.004817583478669559
Ireland,2010-04-30,2010Apr,7965.0,1636514.0,0.004867052771928624
Ireland,2010-05-31,2010May,7844.0,1686399.0,0.004651331031386997
Ireland,2010-06-30,2010Jun,8277.0,1689958.0,0.004897754855446111
Ireland,2010-07-31,2010Jul,8576.0,1656518.0,0.005177124546790315
Ireland,2010-08-31,2010Aug,9454.0,1702785.0,0.00555208085577451
Ireland,2010-09-30,2010Sep,10804.0,1658808.0,0.006513110619191612
Ireland,2010-10-31,2010Oct,11079.0,1599166.0,0.006927986212813429
Ireland,2010-11-30,2010Nov,11318.0,1607704.0,0.007039853107288406
Ireland,2010-12-31,2010Dec,11808.0,1527022.0,0.007732698022687296
Ireland,2011-01-31,2011Jan,12074.0,1481435.0,0.008150205712704237
Ireland,2011-02-28,2011Feb,11031.0,1474805.0,0.00747963290062076
Ireland,2011-03-31,2011Mar,10996.0,1432549.0,0.007675828191566222
Ireland,2011-04-30,2011Apr,10191.0,1402544.0,0.0072660822049076534
Ireland,2011-05-31,2011May,10195.0,1401667.0,0.007273482217959044
Ireland,2011-06-30,2011Jun,10299.0,1374678.0,0.007491936293444719
Ireland,2011-07-31,2011Jul,10462.0,1376770.0,0.007598945357612383
Ireland,2011-08-31,2011Aug,12074.0,1382917.0,0.008730820432462686
Ireland,2011-09-30,2011Sep,12922.0,1413475.0,0.00914200817135075
Ireland,2011-10-31,2011Oct,13108.0,1398794.0,0.009370929529294521
Ireland,2011-11-30,2011Nov,12279.0,1411024.0,0.008702190749413191
Ireland,2011-12-31,2011Dec,13029.0,1313506.0,0.009919254270631424
Ireland,2012-01-31,2012Jan,14346.0,1299386.0,0.011040599175302796
Ireland,2012-02-29,2012Feb,14706.0,1260936.0,0.011662764803288985
Ireland,2012-03-31,2012Mar,14643.0,1250195.0,0.011712572838637173
Ireland,2012-04-30,2012Apr,17591.0,1245211.0,0.014126923067656807
Ireland,2012-05-31,2012May,17121.0,1271172.0,0.013468673004125327
Ireland,2012-06-30,2012Jun,17543.0,1262768.0,0.013892496483914702
Ireland,2012-07-31,2012Jul,17810.0,1238645.0,0.01437861534176459
Ireland,2012-08-31,2012Aug,18613.0,1230472.0,0.01512671560181784
Ireland,2012-09-30,2012Sep,18851.0,1224113.0,0.015399722084480762
Ireland,2012-10-31,2012Oct,19154.0,1221735.0,0.01567770424846632
Ireland,2012-11-30,2012Nov,19620.0,1206110.0,0.01626717297758911
Ireland,2012-12-31,2012Dec,19589.0,1170002.0,0.016742706422724064
Ireland,2013-01-31,2013Jan,20788.0,1150539.0,0.01806805332109559
Ireland,2013-02-28,2013Feb,17330.0,1106263.0,0.015665352633144197
Ireland,2013-03-31,2013Mar,18156.0,1099279.0,0.016516280216396385
Ireland,2013-04-30,2013Apr,18600.0,1094277.0,0.01699752439281827
Ireland,2013-05-31,2013May,18995.0,1093804.0,0.017365999758640487
Ireland,2013-06-30,2013Jun,19395.0,1066868.0,0.018179381141809482
Ireland,2013-07-31,2013Jul,19433.0,1047853.0,0.018545540261849704
Ireland,2013-08-31,2013Aug,19321.0,1046443.0,0.018463499684168178
Ireland,2013-09-30,2013Sep,19689.0,1049114.0,0.018767264568006908
Ireland,2013-10-31,2013Oct,20116.0,1029087.0,0.019547424075904176
Ireland,2013-11-30,2013Nov,20163.0,1033471.0,0.0195099814121538
Ireland,2013-12-31,2013Dec,19924.0,1016950.0,0.019591917006735828
Ireland,2014-01-31,2014Jan,19402.0,1063609.0,0.018241665875335766
Ireland,2014-02-28,2014Feb,19567.0,1075034.0,0.018201284796573874
Ireland,2014-03-31,2014Mar,19202.0,1060374.0,0.018108705041806006
Ireland,2014-04-30,2014Apr,19365.0,1063283.0,0.018212460840622863
Ireland,2014-05-31,2014May,20187.0,1074664.0,0.018784475891999733
Ireland,2014-06-30,2014Jun,20098.0,1083809.0,0.018543857819966432
Ireland,2014-07-31,2014Jul,19969.0,1078624.0,0.018513402260658025
Ireland,2014-08-31,2014Aug,20346.0,1083111.0,0.018784778291421656
Ireland,2014-09-30,2014Sep,20467.0,1093439.0,0.018718008046173587
Ireland,2014-10-31,2014Oct,20232.0,1101598.0,0.018366046416206275
Ireland,2014-11-30,2014Nov,20143.0,1076986.0,0.018703121489044426
Ireland,2014-12-31,2014Dec,20247.0,1079591.0,0.01875432455439143
Ireland,2015-01-31,2015Jan,21041.0,1108957.0,0.018973684281716963
Ireland,2015-02-28,2015Feb,19723.0,1104327.0,0.01785974625269508
Ireland,2015-03-31,2015Mar,19784.0,1127774.0,0.01754252181731446
Ireland,2015-04-30,2015Apr,19602.0,1090966.0,0.017967562692146225
Ireland,2015-05-31,2015May,19159.0,1088550.0,0.017600477699692252
Ireland,2015-06-30,2015Jun,18400.0,1058393.0,0.017384846649590464
Ireland,2015-07-31,2015Jul,18617.0,1058490.0,0.01758826252491757
Ireland,2015-08-31,2015Aug,18367.0,1034236.0,0.017759002780796646
Ireland,2015-09-30,2015Sep,18843.0,1053728.0,0.017882223875611163
Ireland,2015-10-31,2015Oct,18944.0,1080864.0,0.017526719365248543
Ireland,2015-11-30,2015Nov,18909.0,1116391.0,0.01693761415131437
Ireland,2015-12-31,2015Dec,18914.0,1086843.0,0.01740269753773084
Ireland,2016-01-31,2016Jan,18830.0,1061818.0,0.017733735913310945
Ireland,2016-02-29,2016Feb,18341.0,1068899.0,0.017158777396180557
Ireland,2016-03-31,2016Mar,18275.0,1043001.0,0.017521555588153798
Ireland,2016-04-30,2016Apr,17268.0,1039597.0,0.016610282638368522
Ireland,2016-05-31,2016May,17324.0,1066761.0,0.016239813791467817
Ireland,2016-06-30,2016Jun,17387.0,1065215.0,0.016322526438324658
Ireland,2016-07-31,2016Jul,17132.0,1048400.0,0.01634109118657001
Ireland,2016-08-31,2016Aug,17121.0,1049664.0,0.016310933784525333
Ireland,2016-09-30,2016Sep,17248.0,1047808.0,0.01646103102858539
Ireland,2016-10-31,2016Oct,17200.0,1038859.0,0.016556626067637668
Ireland,2016-11-30,2016Nov,17743.0,1055613.0,0.01680824317245051
Ireland,2016-12-31,2016Dec,17721.0,1075504.0,0.016476926166708816
Ireland,2017-01-31,2017Jan,17740.0,1066323.0,0.016636610107819114
Ireland,2017-02-28,2017Feb,17993.0,1069503.0,0.016823702224304186
Ireland,2017-03-31,2017Mar,18167.0,1072711.0,0.01693559588742914
Ireland,2017-04-30,2017Apr,18554.0,1085093.0,0.017098995201332973
Ireland,2017-05-31,2017May,18259.0,1069576.0,0.017071250663814447
Ireland,2017-06-30,2017Jun,18360.0,1052282.0,0.0174477944125244
Ireland,2017-07-31,2017Jul,18276.0,1046642.0,0.017461558011239754
Ireland,2017-08-31,2017Aug,18312.0,1039024.0,0.017624231971542524
Ireland,2017-09-30,2017Sep,18388.0,1051564.0,0.017486334640592488
Ireland,2017-10-31,2017Oct,16671.0,1059960.0,0.015727951998188612
Ireland,2017-11-30,2017Nov,16562.0,1050212.0,0.01577014926510076
Ireland,2017-12-31,2017Dec,16459.0,1052659.0,0.015635642691507887
Ireland,2018-01-31,2018Jan,16820.0,1041730.0,0.016146218309926755
Ireland,2018-02-28,2018Feb,16748.0,1035619.0,0.01617197057991404
Ireland,2018-03-31,2018Mar,16632.0,1048398.0,0.015864204243045105
Ireland,2018-04-30,2018Apr,16714.0,1038214.0,0.01609880043998636
Ireland,2018-05-31,2018May,17431.0,1063748.0,0.016386399786415578
Ireland,2018-06-30,2018Jun,17350.0,1058786.0,0.01638669192830279
Ireland,2018-07-31,2018Jul,17407.0,1055436.0,0.016492710121693784
Ireland,2018-08-31,2018Aug,17749.0,1049997.0,0.016903857820546153
Ireland,2018-09-30,2018Sep,17532.0,1046099.0,0.01675940804837783
Ireland,2018-10-31,2018Oct,16381.0,1042474.0,0.015713581345913663
Ireland,2018-11-30,2018Nov,16642.0,1042856.0,0.01595809968010924
Ireland,2018-12-31,2018Dec,16824.0,1101935.0,0.01526768820302468
Ireland,2019-01-31,2019Jan,17699.0,1112433.0,0.01591017166876567
Ireland,2019-02-28,2019Feb,18002.0,1096502.0,0.01641766271288151
Ireland,2019-03-31,2019Mar,18276.0,1135025.0,0.016101847976916807
Ireland,2019-04-30,2019Apr,18229.0,1132675.0,0.016093760346083386
Ireland,2019-05-31,2019May,18390.0,1137894.0,0.01616143507215962
Ireland,2019-06-30,2019Jun,17000.0,1146573.0,0.014826792537413667
Ireland,2019-07-31,2019Jul,17193.0,1194503.0,0.014393433921890526
Ireland,2019-08-31,2019Aug,17289.0,1237458.0,0.01397138327118981
Ireland,2019-09-30,2019Sep,17412.0,1239483.0,0.014047792507037209
Ireland,2019-10-31,2019Oct,15662.0,1250211.0,0.012527485360471153
Ireland,2019-11-30,2019Nov,15551.0,1259364.0,0.012348296441695968
Ireland,2019-12-31,2019Dec,15283.0,1252041.0,0.012206469276964572
Ireland,2020-01-31,2020Jan,15592.0,1268174.0,0.012294842821253236
Ireland,2020-02-29,2020Feb,15741.0,1289900.0,0.012203271571439647
Ireland,2020-03-31,2020Mar,16493.0,1299970.0,0.01268721585882751
Ireland,2020-04-30,2020Apr,15937.0,1336188.0,0.011927213835178882
Ireland,2020-05-31,2020May,17602.0,1325453.0,0.013279988049368781
Ireland,2020-06-30,2020Jun,19280.0,1327698.0,0.014521374589703382
Ireland,2020-07-31,2020Jul,19364.0,1341570.0,0.014433834984383968
Ireland,2020-08-31,2020Aug,19575.0,1310048.0,0.014942200591123379
Ireland,2020-09-30,2020Sep,20203.0,1317405.0,0.015335451133098782
Ireland,2020-10-31,2020Oct,19121.0,1339448.0,0.014275283549641344
Ireland,2020-11-30,2020Nov,19318.0,1365831.0,0.014143770349333116
Ireland,2020-12-31,2020Dec,19343.0,1386316.0,0.013952807296460546
Ireland,2021-01-31,2021Jan,19611.0,1382165.0,0.014188609898239356
Ireland,2021-02-28,2021Feb,19446.0,1369819.0,0.014196036118640492
Ireland,2021-03-31,2021Mar,19553.0,1387080.0,0.014096519306745105
Ireland,2021-04-30,2021Apr,19081.0,1380556.0,0.013821243035414717
Ireland,2021-05-31,2021May,18440.0,1363797.0,0.013521073884163112
Ireland,2021-06-30,2021Jun,17562.0,1388924.0,0.012644320351581513
Ireland,2021-07-31,2021Jul,17748.0,1403924.0,0.01264170995011126
Ireland,2021-08-31,2021Aug,17691.0,1398017.0,0.012654352557944575
Ireland,2021-09-30,2021Sep,16543.0,1387767.0,0.011920588974950406
Ireland,2021-10-31,2021Oct,16529.0,1425149.0,0.011598085533512636
Ireland,2021-11-30,2021Nov,16697.0,1466443.0,0.01138605455513784
Ireland,2021-12-31,2021Dec,16617.0,1415974.0,0.011735384971757957
Ireland,2022-01-31,2022Jan,16491.0,1454847.0,0.011335212568744342
Ireland,2022-02-28,2022Feb,15761.0,1452076.0,0.010854115073866657
Ireland,2022-03-31,2022Mar,13647.0,1452683.0,0.009394341366974075
Ireland,2022-04-30,2022Apr,12617.0,1512579.0,0.008341382499690925
Ireland,2022-05-31,2022May,12632.0,1498022.0,0.008432452927927627
Ireland,2022-06-30,2022Jun,12429.0,1486311.0,0.00836231448196239
Ireland,2022-07-31,2022Jul,12584.0,1549542.0,0.00812110933424199
Ireland,2022-08-31,2022Aug,12314.0,1564850.0,0.007869124836246286
Ireland,2022-09-30,2022Sep,12012.0,1579515.0,0.0076048660506547894
Ireland,2022-10-31,2022Oct,11560.0,1693861.0,0.006824644997434855
Ireland,2022-11-30,2022Nov,11664.0,1651331.0,0.007063393105319285
Ireland,2022-12-31,2022Dec,11052.0,1569025.0,0.007043864820509552
Ireland,2023-01-31,2023Jan,11392.0,1542507.0,0.007385379774613665
Ireland,2023-02-28,2023Feb,11300.0,1544294.0,0.007317259537367885
Ireland,2023-03-31,2023Mar,10126.0,1542532.0,0.006564531562392222
Ireland,2023-04-30,2023Apr,10366.0,1542020.0,0.006722351201670536
Ireland,2023-05-31,2023May,10354.0,1607151.0,0.00644245624711057
Ireland,2023-06-30,2023Jun,10292.0,1565246.0,0.0065753242621287645
Ireland,2023-07-31,2023Jul,10419.0,1546560.0,0.006736887026691496
Ireland,2023-08-31,2023Aug,10437.0,1573276.0,0.006633928185518625
Ireland,2023-09-30,2023Sep,10377.0,1601316.0,0.006480294957397541
Ireland,2023-10-31,2023Oct,10493.0,1599873.0,0.006558645592493904
Ireland,2023-11-30,2023Nov,10673.0,1610003.0,0.006629180194074173
Ireland,2023-12-31,2023Dec,10904.0,1595243.0,0.00683532226751661
Ireland,2024-01-31,2024Jan,11014.0,1634366.0,0.006739004604843713
Ireland,2024-02-29,2024Feb,10939.0,1626648.0,0.006724872252632407
Ireland,2024-03-31,2024Mar,10653.0,1615636.0,0.006593688182239069
Ireland,2024-04-30,2024Apr,10550.0,1621436.0,0.006506578119642095
Ireland,2024-05-31,2024May,10636.0,1644316.0,0.006468343067877464
Ireland,2024-06-30,2024Jun,10449.0,1657794.0,0.006302954408086891
Ireland,2024-07-31,2024Jul,10635.0,1667167.0,0.006379084998683396
Ireland,2024-08-31,2024Aug,10684.0,1685019.0,0.006340581322821879
Ireland,2024-09-30,2024Sep,10797.0,1721642.0,0.006271338640669779
Ireland,2024-10-31,2024Oct,10891.0,1756570.0,0.006200151431482947
Ireland,2024-11-30,2024Nov,10927.0,1845893.0,0.005919628060781421
Ireland,2024-12-31,2024Dec,10871.0,1814990.0,0.005989564680797139
Ireland,2025-01-31,2025Jan,11326.0,1843473.0,0.006143838287840397
Ireland,2025-02-28,2025Feb,11166.0,1880352.0,0.005938249859600756
Ireland,2025-03-31,2025Mar,11013.0,1856311.0,0.005932734331693342
Ireland,2025-04-30,2025Apr,11263.0,1898793.0,0.005931662903749908
Ireland,2025-05-31,2025May,11803.0,1903129.0,0.006201891726730032
Ireland,2025-06-30,2025Jun,11896.0,1870403.0,0.006360126667889219
Ireland,2025-07-31,2025Jul,12319.0,1878684.0,0.0065572496492225405
Ireland,2025-08-31,2025Aug,12179.0,1883596.0,0.006465823881554218
Ireland,2025-09-30,2025Sep,12722.0,1891786.0,0.006724862114425204
Ireland,2025-10-31,2025Oct,13155.0,1946040.0,0.00675988160572239
Ireland,2025-11-30,2025Nov,13110.0,1939989.0,0.006757770276017029
Ireland,2025-12-31,2025Dec,13089.0,1897904.0,0.006896555357910622
Ireland,2026-01-31,2026Jan,13626.0,1960693.0,0.006949583642110213
Ireland,2026-02-28,2026Feb,14026.0,2011553.0,0.006972722070957116
Ireland,2026-03-31,2026Mar,14015.0,1986341.0,0.007055686813089998
Ireland,2026-04-30,2026Apr,14412.0,1980583.0,0.007276645311001861
Italy,1997-09-30,1997Sep,185547.0,1529056.0,0.12134741958437101
Italy,1997-10-31,1997Oct,186603.0,1533798.0,0.12166074020177364
Italy,1997-11-30,1997Nov,186953.0,1560877.0,0.11977433199412894
Italy,1997-12-31,1997Dec,181967.0,1606618.0,0.11326089960401291
Italy,1998-01-31,1998Jan,186224.0,1593327.0,0.11687745202334486
Italy,1998-02-28,1998Feb,182483.0,1591052.0,0.11469329726495425
Italy,1998-03-31,1998Mar,189618.0,1623083.0,0.11682581851944725
Italy,1998-04-30,1998Apr,189752.0,1617938.0,0.11728014299682682
Italy,1998-05-31,1998May,189353.0,1630946.0,0.1161001038660998
Italy,1998-06-30,1998Jun,196068.0,1569185.0,0.12494893846168552
Italy,1998-07-31,1998Jul,200143.0,1531018.0,0.13072543889098626
Italy,1998-08-31,1998Aug,196179.0,1521645.0,0.12892560354090474
Italy,1998-09-30,1998Sep,200712.0,1512999.0,0.13265838245762224
Italy,1998-10-31,1998Oct,206414.0,1514855.0,0.13625990606361665
Italy,1998-11-30,1998Nov,194617.0,1545891.0,0.12589309336816115
Italy,1998-12-31,1998Dec,188283.0,1535544.0,0.12261647989246807
Italy,1999-01-31,1999Jan,191375.0,1602984.0,0.11938671876949489
Italy,1999-02-28,1999Feb,196338.0,1577356.0,0.12447285203847451
Italy,1999-03-31,1999Mar,191037.0,1550179.0,0.12323544571304346
Italy,1999-04-30,1999Apr,192097.0,1564579.0,0.12277871555223482
Italy,1999-05-31,1999May,191066.0,1575418.0,0.12127955882184918
Italy,1999-06-30,1999Jun,190552.0,1618192.0,0.11775611299524408
Italy,1999-07-31,1999Jul,186581.0,1584100.0,0.1177835995202323
Italy,1999-08-31,1999Aug,185487.0,1566857.0,0.11838157534478258
Italy,1999-09-30,1999Sep,187722.0,1570493.0,0.119530618729278
Italy,1999-10-31,1999Oct,188966.0,1589764.0,0.11886418361467488
Italy,1999-11-30,1999Nov,179929.0,1615932.0,0.11134688835916363
Italy,1999-12-31,1999Dec,176844.0,1641869.0,0.1077089585100882
Italy,2000-01-31,2000Jan,173861.0,1670938.0,0.10404994081168781
Italy,2000-02-29,2000Feb,172908.0,1674803.0,0.10324079906711416
Italy,2000-03-31,2000Mar,170394.0,1702195.0,0.10010251469426241
Italy,2000-04-30,2000Apr,171092.0,1714642.0,0.09978292844803754
Italy,2000-05-31,2000May,166623.0,1730600.0,0.09628048075811857
Italy,2000-06-30,2000Jun,165446.0,1740743.0,0.09504332345440998
Italy,2000-07-31,2000Jul,160223.0,1716337.0,0.09335171356208018
Italy,2000-08-31,2000Aug,157295.0,1696563.0,0.09271391631197898
Italy,2000-09-30,2000Sep,155893.0,1718102.0,0.09073559078564603
Italy,2000-10-31,2000Oct,156949.0,1760581.0,0.08914613982543262
Italy,2000-11-30,2000Nov,152723.0,1772107.0,0.08618159061501365
Italy,2000-12-31,2000Dec,146097.0,1781201.0,0.08202162473522079
Italy,2001-01-31,2001Jan,148172.0,1747249.0,0.08480302464044907
Italy,2001-02-28,2001Feb,149330.0,1740977.0,0.08577367765340956
Italy,2001-03-31,2001Mar,149813.0,1808740.0,0.08282727202361866
Italy,2001-04-30,2001Apr,152973.0,1806100.0,0.08469796799734235
Italy,2001-05-31,2001May,151816.0,1814586.0,0.08366426281256441
Italy,2001-06-30,2001Jun,152977.0,1836146.0,0.08331418089846886
Italy,2001-07-31,2001Jul,149203.0,1819020.0,0.08202383701113787
Italy,2001-08-31,2001Aug,147799.0,1792108.0,0.08247215011595284
Italy,2001-09-30,2001Sep,153612.0,1828409.0,0.08401402530834184
Italy,2001-10-31,2001Oct,155411.0,1838223.0,0.08454414943127139
Italy,2001-11-30,2001Nov,152928.0,1871333.0,0.08172142531553711
Italy,2001-12-31,2001Dec,149149.0,1878154.0,0.07941255083448961
Italy,2002-01-31,2002Jan,156823.0,1884078.0,0.08323593821487221
Italy,2002-02-28,2002Feb,158086.0,1864421.0,0.08479093509459505
Italy,2002-03-31,2002Mar,164851.0,1895689.0,0.0869609941293113
Italy,2002-04-30,2002Apr,162379.0,1910549.0,0.08499075396653004
Italy,2002-05-31,2002May,164999.0,1924806.0,0.08572240527097276
Italy,2002-06-30,2002Jun,160476.0,1919899.0,0.08358564695330327
Italy,2002-07-31,2002Jul,154146.0,1946335.0,0.0791980825500235
Italy,2002-08-31,2002Aug,151310.0,1925226.0,0.07859337033678124
Italy,2002-09-30,2002Sep,154690.0,1939977.0,0.07973805875018106
Italy,2002-10-31,2002Oct,154637.0,1963177.0,0.07876875085639247
Italy,2002-11-30,2002Nov,151392.0,1998044.0,0.07577010316089135
Italy,2002-12-31,2002Dec,145094.0,2066122.0,0.0702252819533406
Italy,2003-01-31,2003Jan,162335.0,2127440.0,0.07630532470951003
Italy,2003-02-28,2003Feb,165200.0,2146096.0,0.07697698518612402
Italy,2003-03-31,2003Mar,167039.0,2151628.0,0.07763377312435049
Italy,2003-04-30,2003Apr,166355.0,2154712.0,0.07720521350417132
Italy,2003-05-31,2003May,169672.0,2173932.0,0.07804843941760828
Italy,2003-06-30,2003Jun,169823.0,2192238.0,0.07746558539720597
Italy,2003-07-31,2003Jul,173177.0,2178913.0,0.07947862076182023
Italy,2003-08-31,2003Aug,174417.0,2161301.0,0.08070000430296381
Italy,2003-09-30,2003Sep,172741.0,2203823.0,0.0783824290789233
Italy,2003-10-31,2003Oct,171805.0,2191298.0,0.07840330251750333
Italy,2003-11-30,2003Nov,177861.0,2215813.0,0.08026895771439196
Italy,2003-12-31,2003Dec,167107.0,2246095.0,0.07439890120408976
Italy,2004-01-31,2004Jan,167962.0,2268600.0,0.07403773252226042
Italy,2004-02-29,2004Feb,169467.0,2255195.0,0.07514516483053572
Italy,2004-03-31,2004Mar,172857.0,2299065.0,0.07518578204617964
Italy,2004-04-30,2004Apr,173178.0,2287857.0,0.07569441621569879
Italy,2004-05-31,2004May,169944.0,2292086.0,0.07414381484813397
Italy,2004-06-30,2004Jun,176642.0,2299362.0,0.0768221793697556
Italy,2004-07-31,2004Jul,173260.0,2303327.0,0.075221625066697
Italy,2004-08-31,2004Aug,173171.0,2293758.0,0.07549663042047156
Italy,2004-09-30,2004Sep,179400.0,2312057.0,0.0775932427271473
Italy,2004-10-31,2004Oct,176277.0,2328299.0,0.07571063682112993
Italy,2004-11-30,2004Nov,174362.0,2367393.0,0.07365148076386134
Italy,2004-12-31,2004Dec,162810.0,2379065.0,0.06843444798691924
Italy,2005-01-31,2005Jan,164729.0,2392795.0,0.06884375803192501
Italy,2005-02-28,2005Feb,170138.0,2393558.0,0.07108162827054954
Italy,2005-03-31,2005Mar,169638.0,2429602.0,0.06982131229724045
Italy,2005-04-30,2005Apr,168982.0,2455665.0,0.06881313208438447
Italy,2005-05-31,2005May,167430.0,2514885.0,0.06657560882505562
Italy,2005-06-30,2005Jun,172312.0,2541259.0,0.06780576084531328
Italy,2005-07-31,2005Jul,168329.0,2513555.0,0.06696849681029458
Italy,2005-08-31,2005Aug,167694.0,2506022.0,0.0669164117473829
Italy,2005-09-30,2005Sep,168594.0,2542345.0,0.06631436724756082
Italy,2005-10-31,2005Oct,173304.0,2570399.0,0.06742299541822107
Italy,2005-11-30,2005Nov,174458.0,2611552.0,0.06680242246755952
Italy,2005-12-31,2005Dec,163300.0,2599140.0,0.06282847403371884
Italy,2006-01-31,2006Jan,167979.0,2626463.0,0.06395635499148475
Italy,2006-02-28,2006Feb,164998.0,2599709.0,0.06346787275037322
Italy,2006-03-31,2006Mar,154929.0,2627201.0,0.058971125543877304
Italy,2006-04-30,2006Apr,153934.0,2655855.0,0.0579602425584228
Italy,2006-05-31,2006May,152155.0,2683732.0,0.056695303405854235
Italy,2006-06-30,2006Jun,159433.0,2671131.0,0.05968745074651898
Italy,2006-07-31,2006Jul,156311.0,2701924.0,0.05785173824282252
Italy,2006-08-31,2006Aug,156597.0,2697802.0,0.05804614274880069
Italy,2006-09-30,2006Sep,163085.0,2750393.0,0.059295162545861625
Italy,2006-10-31,2006Oct,165545.0,2772752.0,0.05970422165415443
Italy,2006-11-30,2006Nov,167825.0,2858007.0,0.05872098983662391
Italy,2006-12-31,2006Dec,158150.0,2870514.0,0.05509466248901765
Italy,2007-01-31,2007Jan,164620.0,2874167.0,0.05727572545367058
Italy,2007-02-28,2007Feb,167771.0,2891505.0,0.05802203350850163
Italy,2007-03-31,2007Mar,169840.0,2967701.0,0.05722948504583177
Italy,2007-04-30,2007Apr,169950.0,3012013.0,0.05642405925870838
Italy,2007-05-31,2007May,175376.0,3068532.0,0.057153062115695714
Italy,2007-06-30,2007Jun,174722.0,3091841.0,0.056510667915976275
Italy,2007-07-31,2007Jul,171086.0,3105793.0,0.05508609234420968
Italy,2007-08-31,2007Aug,163625.0,3080369.0,0.05311863611145288
Italy,2007-09-30,2007Sep,159568.0,3107520.0,0.051348985686335086
Italy,2007-10-31,2007Oct,170012.0,3377055.0,0.05034327246669065
Italy,2007-11-30,2007Nov,169398.0,3399937.0,0.04982386438336946
Italy,2007-12-31,2007Dec,164768.0,3407399.0,0.048355945399995715
Italy,2008-01-31,2008Jan,170218.0,3415396.0,0.049838437475478684
Italy,2008-02-29,2008Feb,171752.0,3444655.0,0.0498604359507701
Italy,2008-03-31,2008Mar,170437.0,3457346.0,0.049297061966028274
Italy,2008-04-30,2008Apr,169426.0,3492564.0,0.0485104925779456
Italy,2008-05-31,2008May,166851.0,3596363.0,0.0463943712022396
Italy,2008-06-30,2008Jun,164798.0,3583073.0,0.04599348101476024
Italy,2008-07-31,2008Jul,166076.0,3565225.0,0.046582193269709485
Italy,2008-08-31,2008Aug,168796.0,3571013.0,0.0472683801487141
Italy,2008-09-30,2008Sep,165712.0,3629345.0,0.04565892743731996
Italy,2008-10-31,2008Oct,164108.0,3880633.0,0.042288977081831755
Italy,2008-11-30,2008Nov,166335.0,3775740.0,0.04405361597991387
Italy,2008-12-31,2008Dec,164949.0,3693938.0,0.044653970911260554
Italy,2009-01-31,2009Jan,171983.0,3694883.0,0.04654626411715879
Italy,2009-02-28,2009Feb,175816.0,3713278.0,0.047347922778741586
Italy,2009-03-31,2009Mar,190740.0,3768166.0,0.050618789087317276
Italy,2009-04-30,2009Apr,191036.0,3749600.0,0.05094836782590143
Italy,2009-05-31,2009May,195437.0,3742993.0,0.05221409711426123
Italy,2009-06-30,2009Jun,196804.0,3751915.0,0.05245428001433934
Italy,2009-07-31,2009Jul,198587.0,3740732.0,0.053087737907981644
Italy,2009-08-31,2009Aug,198720.0,3711751.0,0.05353807407878384
Italy,2009-09-30,2009Sep,207061.0,3729660.0,0.055517393006333016
Italy,2009-10-31,2009Oct,207970.0,3728948.0,0.05577176190174816
Italy,2009-11-30,2009Nov,206111.0,3779871.0,0.054528580472719836
Italy,2009-12-31,2009Dec,198228.0,3746462.0,0.05291071950015775
Italy,2010-01-31,2010Jan,203779.0,3764503.0,0.05413171406690339
Italy,2010-02-28,2010Feb,211558.0,3771955.0,0.05608709541868872
Italy,2010-03-31,2010Mar,217899.0,3766379.0,0.057853710420539196
Italy,2010-04-30,2010Apr,228482.0,3794301.0,0.06021715198662415
Italy,2010-05-31,2010May,241137.0,3870554.0,0.06230038387269626
Italy,2010-06-30,2010Jun,245248.0,3992472.0,0.06142760675591463
Italy,2010-07-31,2010Jul,244436.0,3967561.0,0.06160863059194301
Italy,2010-08-31,2010Aug,239983.0,4003258.0,0.05994692323102833
Italy,2010-09-30,2010Sep,239015.0,4004631.0,0.05968465009635095
Italy,2010-10-31,2010Oct,239055.0,3959410.0,0.060376419719099565
Italy,2010-11-30,2010Nov,242946.0,3829840.0,0.06343502600630836
Italy,2010-12-31,2010Dec,238787.0,3798279.0,0.0628671564147868
Italy,2011-01-31,2011Jan,242295.0,3816595.0,0.06348459818241128
Italy,2011-02-28,2011Feb,234775.0,3822686.0,0.06141623978532372
Italy,2011-03-31,2011Mar,226374.0,3790394.0,0.05972307892002784
Italy,2011-04-30,2011Apr,228164.0,3791619.0,0.060175877375865036
Italy,2011-05-31,2011May,234268.0,3825978.0,0.06123088005210694
Italy,2011-06-30,2011Jun,239714.0,3813604.0,0.06285760136605688
Italy,2011-07-31,2011Jul,246196.0,3847290.0,0.0639920567464371
Italy,2011-08-31,2011Aug,253166.0,3878938.0,0.06526683334459071
Italy,2011-09-30,2011Sep,249376.0,3983628.0,0.0626002227115584
Italy,2011-10-31,2011Oct,247318.0,3977707.0,0.062176022517495634
Italy,2011-11-30,2011Nov,240163.0,4013796.0,0.059834381219175066
Italy,2011-12-31,2011Dec,244533.0,4062712.0,0.06018959749054326
Italy,2012-01-31,2012Jan,273439.0,4113412.0,0.06647498475717968
Italy,2012-02-29,2012Feb,295372.0,4129347.0,0.07152995376750852
Italy,2012-03-31,2012Mar,317520.0,4153378.0,0.07644861604217097
Italy,2012-04-30,2012Apr,321547.0,4184169.0,0.07684847337667289
Italy,2012-05-31,2012May,328624.0,4216138.0,0.0779443177618949
Italy,2012-06-30,2012Jun,336027.0,4203351.0,0.07994264576048966
Italy,2012-07-31,2012Jul,337183.0,4249137.0,0.07935328985626963
Italy,2012-08-31,2012Aug,336391.0,4232507.0,0.07947795479133289
Italy,2012-09-30,2012Sep,347056.0,4247065.0,0.08171666786357167
Italy,2012-10-31,2012Oct,359626.0,4231536.0,0.08498710633680064
Italy,2012-11-30,2012Nov,365105.0,4256202.0,0.08578187783380582
Italy,2012-12-31,2012Dec,351618.0,4220482.0,0.08331228518448841
Italy,2013-01-31,2013Jan,371741.0,4193935.0,0.0886377590496753
Italy,2013-02-28,2013Feb,372368.0,4224590.0,0.08814299139088054
Italy,2013-03-31,2013Mar,384424.0,4223953.0,0.0910104823609543
Italy,2013-04-30,2013Apr,399362.0,4236592.0,0.09426491859494612
Italy,2013-05-31,2013May,416586.0,4206898.0,0.09902450689320255
Italy,2013-06-30,2013Jun,423265.0,4171869.0,0.10145692494179467
Italy,2013-07-31,2013Jul,419040.0,4140649.0,0.10120152662058532
Italy,2013-08-31,2013Aug,417692.0,4117053.0,0.10145412264549424
Italy,2013-09-30,2013Sep,414950.0,4126784.0,0.10055045284657496
Italy,2013-10-31,2013Oct,418518.0,4125177.0,0.10145455576815249
Italy,2013-11-30,2013Nov,420974.0,4108140.0,0.10247313869537066
Italy,2013-12-31,2013Dec,404472.0,4048217.0,0.0999136162908263
Italy,2014-01-31,2014Jan,400781.0,4074272.0,0.09836873924961319
Italy,2014-02-28,2014Feb,410142.0,4063758.0,0.10092677762799852
Italy,2014-03-31,2014Mar,413291.0,4064816.0,0.10167520497852793
Italy,2014-04-30,2014Apr,422353.0,4036771.0,0.10462644524546971
Italy,2014-05-31,2014May,420165.0,4004137.0,0.10493272333089503
Italy,2014-06-30,2014Jun,416295.0,4029270.0,0.10331772256512967
Italy,2014-07-31,2014Jul,414227.0,4007987.0,0.1033503851185146
Italy,2014-08-31,2014Aug,417202.0,4000421.0,0.10428952352764871
Italy,2014-09-30,2014Sep,412620.0,4016439.0,0.10273279390026838
Italy,2014-10-31,2014Oct,430965.0,3992933.0,0.1079319387527915
Italy,2014-11-30,2014Nov,427955.0,4023447.0,0.10636526341716443
Italy,2014-12-31,2014Dec,416538.0,4021699.0,0.10357264429784527
Italy,2015-01-31,2015Jan,432355.0,4076084.0,0.10607117027028884
Italy,2015-02-28,2015Feb,439588.0,4055359.0,0.10839681517715201
Italy,2015-03-31,2015Mar,432956.0,4081481.0,0.10607816133408436
Italy,2015-04-30,2015Apr,430713.0,4037945.0,0.1066663859958469
Italy,2015-05-31,2015May,430359.0,4021829.0,0.10700579263812558
Italy,2015-06-30,2015Jun,419886.0,3983803.0,0.10539828400149305
Italy,2015-07-31,2015Jul,421513.0,3972825.0,0.10609906049221901
Italy,2015-08-31,2015Aug,418459.0,3951187.0,0.10590716156942205
Italy,2015-09-30,2015Sep,415475.0,3945364.0,0.10530714022837943
Italy,2015-10-31,2015Oct,419254.0,3941462.0,0.10637017431602791
Italy,2015-11-30,2015Nov,421456.0,3968574.0,0.10619834731568568
Italy,2015-12-31,2015Dec,403133.0,3919502.0,0.10285311756442528
Italy,2016-01-31,2016Jan,409468.0,3943756.0,0.1038269101840986
Italy,2016-02-29,2016Feb,420070.0,3983530.0,0.10545169736389584
Italy,2016-03-31,2016Mar,414108.0,3959199.0,0.10459388376285203
Italy,2016-04-30,2016Apr,418600.0,3945021.0,0.10610843389680308
Italy,2016-05-31,2016May,422296.0,3936854.0,0.1072673764381407
Italy,2016-06-30,2016Jun,427826.0,3984028.0,0.10738528946081705
Italy,2016-07-31,2016Jul,426229.0,3948706.0,0.10794143701759513
Italy,2016-08-31,2016Aug,413603.0,3926186.0,0.10534472895578559
Italy,2016-09-30,2016Sep,406794.0,3935052.0,0.10337703288291997
Italy,2016-10-31,2016Oct,404661.0,3924412.0,0.10311379131446953
Italy,2016-11-30,2016Nov,394738.0,3924012.0,0.10059551295969534
Italy,2016-12-31,2016Dec,386609.0,3924643.0,0.09850806812237445
Italy,2017-01-31,2017Jan,390592.0,3884995.0,0.10053861073180274
Italy,2017-02-28,2017Feb,394633.0,3888036.0,0.10149931739315171
Italy,2017-03-31,2017Mar,402838.0,3968450.0,0.10151016139802693
Italy,2017-04-30,2017Apr,405948.0,3961197.0,0.10248114395724323
Italy,2017-05-31,2017May,396597.0,3921717.0,0.1011284088066528
Italy,2017-06-30,2017Jun,376472.0,3912770.0,0.09621623555690725
Italy,2017-07-31,2017Jul,381358.0,3905181.0,0.09765437248619206
Italy,2017-08-31,2017Aug,379528.0,3890444.0,0.09755390387318259
Italy,2017-09-30,2017Sep,374216.0,3880452.0,0.09643618836156201
Italy,2017-10-31,2017Oct,362021.0,3906568.0,0.09266983193432189
Italy,2017-11-30,2017Nov,347305.0,3924165.0,0.08850417859595608
Italy,2017-12-31,2017Dec,334669.0,3716609.0,0.09004686799176347
Italy,2018-01-31,2018Jan,344707.0,3730260.0,0.09240830397881113
Italy,2018-02-28,2018Feb,347851.0,3695387.0,0.09413114242161917
Italy,2018-03-31,2018Mar,348799.0,3729713.0,0.09351899194388415
Italy,2018-04-30,2018Apr,352393.0,3743872.0,0.09412527992409997
Italy,2018-05-31,2018May,363555.0,3767268.0,0.09650362013002527
Italy,2018-06-30,2018Jun,380240.0,3747296.0,0.1014705003287704
Italy,2018-07-31,2018Jul,383282.0,3725721.0,0.10287458454350178
Italy,2018-08-31,2018Aug,374480.0,3717582.0,0.10073214255933023
Italy,2018-09-30,2018Sep,378678.0,3742467.0,0.1011840585367887
Italy,2018-10-31,2018Oct,382530.0,3721936.0,0.10277715683450764
Italy,2018-11-30,2018Nov,388335.0,3691354.0,0.10520123510234998
Italy,2018-12-31,2018Dec,377775.0,3669102.0,0.10296116052374668
Italy,2019-01-31,2019Jan,391138.0,3689655.0,0.10600936943969017
Italy,2019-02-28,2019Feb,395846.0,3693217.0,0.10718189589184714
Italy,2019-03-31,2019Mar,395758.0,3734619.0,0.10597011368495689
Italy,2019-04-30,2019Apr,403143.0,3736135.0,0.10790375615442162
Italy,2019-05-31,2019May,399704.0,3747797.0,0.10665038688061279
Italy,2019-06-30,2019Jun,398067.0,3768972.0,0.10561686316587122
Italy,2019-07-31,2019Jul,409448.0,3794919.0,0.1078937389704497
Italy,2019-08-31,2019Aug,410291.0,3819515.0,0.10741965930229362
Italy,2019-09-30,2019Sep,410972.0,3841632.0,0.10697849247403186
Italy,2019-10-31,2019Oct,405337.0,3844287.0,0.1054387978837168
Italy,2019-11-30,2019Nov,395452.0,3814169.0,0.10367972682909436
Italy,2019-12-31,2019Dec,384696.0,3722229.0,0.10335097598777507
Italy,2020-01-31,2020Jan,388245.0,3749555.0,0.10354428725542097
Italy,2020-02-29,2020Feb,391414.0,3769755.0,0.10383008975384342
Italy,2020-03-31,2020Mar,405049.0,3811878.0,0.10625969666395409
Italy,2020-04-30,2020Apr,427221.0,3848971.0,0.11099615975282745
Italy,2020-05-31,2020May,442028.0,3890091.0,0.11362921844244775
Italy,2020-06-30,2020Jun,442160.0,3953630.0,0.1118364642113703
Italy,2020-07-31,2020Jul,448612.0,3803714.0,0.1179405181356958
Italy,2020-08-31,2020Aug,452018.0,3770415.0,0.11988547679764694
Italy,2020-09-30,2020Sep,452029.0,3801228.0,0.11891657117121099
Italy,2020-10-31,2020Oct,445113.0,3850430.0,0.11560085496944497
Italy,2020-11-30,2020Nov,434164.0,3905032.0,0.11118065101643212
Italy,2020-12-31,2020Dec,419260.0,3847366.0,0.10897325598864262
Italy,2021-01-31,2021Jan,427488.0,3857350.0,0.11082427054843351
Italy,2021-02-28,2021Feb,435835.0,3856655.0,0.11300855274843095
Italy,2021-03-31,2021Mar,426890.0,3911503.0,0.10913707595264531
Italy,2021-04-30,2021Apr,427406.0,3923194.0,0.10894337623885028
Italy,2021-05-31,2021May,430794.0,3936139.0,0.1094458300380144
Italy,2021-06-30,2021Jun,422849.0,3950146.0,0.107046423094235
Italy,2021-07-31,2021Jul,427895.0,3975754.0,0.10762612576130214
Italy,2021-08-31,2021Aug,429494.0,3962228.0,0.10839709375634113
Italy,2021-09-30,2021Sep,423480.0,3955691.0,0.10705588479989969
Italy,2021-10-31,2021Oct,422493.0,3980498.0,0.10614073917384206
Italy,2021-11-30,2021Nov,418896.0,4004323.0,0.104610941724731
Italy,2021-12-31,2021Dec,410349.0,3983075.0,0.10302316677441424
Italy,2022-01-31,2022Jan,419646.0,4018167.0,0.10443717247192563
Italy,2022-02-28,2022Feb,428769.0,4014091.0,0.10681596406259848
Italy,2022-03-31,2022Mar,427390.0,4029995.0,0.10605224075960391
Italy,2022-04-30,2022Apr,423216.0,4066207.0,0.10408127279304767
Italy,2022-05-31,2022May,418480.0,4078388.0,0.10260916813211494
Italy,2022-06-30,2022Jun,413455.0,4024892.0,0.10272449546472302
Italy,2022-07-31,2022Jul,416555.0,4038175.0,0.10315427142211518
Italy,2022-08-31,2022Aug,404463.0,4040369.0,0.10010546066460761
Italy,2022-09-30,2022Sep,388099.0,4052806.0,0.09576056687638144
Italy,2022-10-31,2022Oct,396631.0,4049289.0,0.09795077604982011
Italy,2022-11-30,2022Nov,394367.0,4044458.0,0.09750799736330554
Italy,2022-12-31,2022Dec,377499.0,3968536.0,0.09512298741903816
Italy,2023-01-31,2023Jan,385768.0,3949080.0,0.0976855368845402
Italy,2023-02-28,2023Feb,392155.0,3965958.0,0.09888027054245153
Italy,2023-03-31,2023Mar,393382.0,3931068.0,0.100070006420647
Italy,2023-04-30,2023Apr,393059.0,3962673.0,0.09919036973275362
Italy,2023-05-31,2023May,384985.0,3958325.0,0.0972595731780488
Italy,2023-06-30,2023Jun,377581.0,3821195.0,0.09881228254512005
Italy,2023-07-31,2023Jul,379903.0,3826255.0,0.09928846875077589
Italy,2023-08-31,2023Aug,375271.0,3794644.0,0.09889491609753115
Italy,2023-09-30,2023Sep,365269.0,3829111.0,0.0953926381345435
Italy,2023-10-31,2023Oct,358694.0,3814070.0,0.09404494411481698
Italy,2023-11-30,2023Nov,357118.0,3838509.0,0.09303560314695107
Italy,2023-12-31,2023Dec,361508.0,3793816.0,0.09528875411986243
Italy,2024-01-31,2024Jan,352019.0,3785073.0,0.09300190511517215
Italy,2024-02-29,2024Feb,353664.0,3807932.0,0.09287560807283324
Italy,2024-03-31,2024Mar,350027.0,3725030.0,0.09396622309082074
Italy,2024-04-30,2024Apr,348907.0,3742938.0,0.09321741370014679
Italy,2024-05-31,2024May,352649.0,3741734.0,0.09424747991172007
Italy,2024-06-30,2024Jun,357698.0,3733711.0,0.09580227285936163
Italy,2024-07-31,2024Jul,363198.0,3867188.0,0.09391785452375215
Italy,2024-08-31,2024Aug,364156.0,3855530.0,0.0944503090366305
Italy,2024-09-30,2024Sep,365183.0,3855793.0,0.09471021914298823
Italy,2024-10-31,2024Oct,362623.0,3843727.0,0.09434150760446827
Italy,2024-11-30,2024Nov,375223.0,3880865.0,0.09668540389835771
Italy,2024-12-31,2024Dec,361933.0,3855535.0,0.09387361287084672
Italy,2025-01-31,2025Jan,372627.0,3871925.0,0.09623817610103501
Italy,2025-02-28,2025Feb,379870.0,3876013.0,0.09800534724728735
Italy,2025-03-31,2025Mar,382905.0,3866654.0,0.09902747957277791
Italy,2025-04-30,2025Apr,386944.0,3891899.0,0.09942292952617732
Italy,2025-05-31,2025May,387323.0,3900584.0,0.09929872039674059
Italy,2025-06-30,2025Jun,388754.0,3959651.0,0.0981788546515842
Italy,2025-07-31,2025Jul,392134.0,3997636.0,0.09809147205998746
Italy,2025-08-31,2025Aug,392782.0,3977789.0,0.09874379963341444
Italy,2025-09-30,2025Sep,394018.0,4012225.0,0.09820436291583846
Italy,2025-10-31,2025Oct,405586.0,4034265.0,0.1005352895756724
Italy,2025-11-30,2025Nov,403832.0,4087138.0,0.09880557005904865
Italy,2025-12-31,2025Dec,403895.0,4088234.0,0.09879449170473119
Italy,2026-01-31,2026Jan,400905.0,4116442.0,0.09739114507139904
Italy,2026-02-28,2026Feb,406646.0,4028487.0,0.10094261195332144
Italy,2026-03-31,2026Mar,411737.0,4084521.0,0.10080423138967826
Italy,2026-04-30,2026Apr,406951.0,4061952.0,0.10018606817608874
Netherlands,1997-09-30,1997Sep,28678.0,693004.0,0.04138215652434907
Netherlands,1997-10-31,1997Oct,28780.0,699926.0,0.04111863254115435
Netherlands,1997-11-30,1997Nov,27327.0,717728.0,0.03807431227428775
Netherlands,1997-12-31,1997Dec,31678.0,769034.0,0.04119193689745837
Netherlands,1998-01-31,1998Jan,29948.0,801983.0,0.03734243743321242
Netherlands,1998-02-28,1998Feb,31469.0,820910.0,0.03833428755892851
Netherlands,1998-03-31,1998Mar,32224.0,836153.0,0.03853840146480369
Netherlands,1998-04-30,1998Apr,30817.0,839920.0,0.036690399085627205
Netherlands,1998-05-31,1998May,32364.0,856595.0,0.037782149090293544
Netherlands,1998-06-30,1998Jun,33032.0,854508.0,0.03865616237647863
Netherlands,1998-07-31,1998Jul,32284.0,857887.0,0.03763199582229361
Netherlands,1998-08-31,1998Aug,34904.0,870596.0,0.040092074854467516
Netherlands,1998-09-30,1998Sep,36018.0,888834.0,0.040522752279953285
Netherlands,1998-10-31,1998Oct,38295.0,894973.0,0.042789000338557696
Netherlands,1998-11-30,1998Nov,38654.0,922829.0,0.041886416660074616
Netherlands,1998-12-31,1998Dec,37294.0,896155.0,0.04161556873531923
Netherlands,1999-01-31,1999Jan,37430.0,951386.0,0.039342601215489825
Netherlands,1999-02-28,1999Feb,34263.0,924160.0,0.03707474896121884
Netherlands,1999-03-31,1999Mar,33733.0,920863.0,0.03663194199354301
Netherlands,1999-04-30,1999Apr,35260.0,925820.0,0.03808515694195416
Netherlands,1999-05-31,1999May,34122.0,940899.0,0.036265316468611405
Netherlands,1999-06-30,1999Jun,36550.0,961324.0,0.038020480087878804
Netherlands,1999-07-31,1999Jul,37233.0,970777.0,0.038353813491666985
Netherlands,1999-08-31,1999Aug,34928.0,972918.0,0.035900250586380356
Netherlands,1999-09-30,1999Sep,35593.0,977324.0,0.03641883346771388
Netherlands,1999-10-31,1999Oct,37260.0,996286.0,0.037398899512790504
Netherlands,1999-11-30,1999Nov,35586.0,1033351.0,0.0344374757463824
Netherlands,1999-12-31,1999Dec,33257.0,983664.0,0.03380930886969534
Netherlands,2000-01-31,2000Jan,34020.0,999545.0,0.03403548614619652
Netherlands,2000-02-29,2000Feb,34747.0,1044766.0,0.03325816498622658
Netherlands,2000-03-31,2000Mar,35341.0,1097559.0,0.032199635737122104
Netherlands,2000-04-30,2000Apr,35211.0,1121715.0,0.03139032641981252
Netherlands,2000-05-31,2000May,34089.0,1140162.0,0.029898382861382855
Netherlands,2000-06-30,2000Jun,32160.0,1114100.0,0.02886634951979176
Netherlands,2000-07-31,2000Jul,30878.0,1131438.0,0.02729093419171002
Netherlands,2000-08-31,2000Aug,29524.0,1150807.0,0.025655040332566624
Netherlands,2000-09-30,2000Sep,30158.0,1170017.0,0.025775693857439677
Netherlands,2000-10-31,2000Oct,28254.0,1180152.0,0.023940983873263783
Netherlands,2000-11-30,2000Nov,27381.0,1197258.0,0.02286975739564906
Netherlands,2000-12-31,2000Dec,25963.0,1148942.0,0.02259731126549469
Netherlands,2001-01-31,2001Jan,24127.0,1199954.0,0.020106604086489982
Netherlands,2001-02-28,2001Feb,23418.0,1221168.0,0.01917672261310483
Netherlands,2001-03-31,2001Mar,23185.0,1276626.0,0.01816115291400927
Netherlands,2001-04-30,2001Apr,23246.0,1257747.0,0.018482254380252944
Netherlands,2001-05-31,2001May,23539.0,1261943.0,0.01865298194926395
Netherlands,2001-06-30,2001Jun,24111.0,1252801.0,0.019245674293044145
Netherlands,2001-07-31,2001Jul,24279.0,1229633.0,0.01974491575941765
Netherlands,2001-08-31,2001Aug,24547.0,1227202.0,0.02000241199085399
Netherlands,2001-09-30,2001Sep,22429.0,1251052.0,0.017928111701192278
Netherlands,2001-10-31,2001Oct,21867.0,1236192.0,0.01768899976702648
Netherlands,2001-11-30,2001Nov,21932.0,1284066.0,0.017080118934696503
Netherlands,2001-12-31,2001Dec,21765.0,1265906.0,0.017193219717735755
Netherlands,2002-01-31,2002Jan,22905.0,1300329.0,0.017614772876710434
Netherlands,2002-02-28,2002Feb,21374.0,1305652.0,0.01637036515089779
Netherlands,2002-03-31,2002Mar,21341.0,1308143.0,0.016313965675006478
Netherlands,2002-04-30,2002Apr,21636.0,1309052.0,0.01652799124862878
Netherlands,2002-05-31,2002May,21958.0,1339352.0,0.016394495248448503
Netherlands,2002-06-30,2002Jun,21960.0,1307690.0,0.01679297081112496
Netherlands,2002-07-31,2002Jul,22341.0,1311987.0,0.01702836994573879
Netherlands,2002-08-31,2002Aug,20826.0,1317733.0,0.01580441561378519
Netherlands,2002-09-30,2002Sep,20402.0,1329036.0,0.015350976196280612
Netherlands,2002-10-31,2002Oct,20765.0,1332846.0,0.015579444286886858
Netherlands,2002-11-30,2002Nov,20028.0,1377337.0,0.014541103593383464
Netherlands,2002-12-31,2002Dec,21164.0,1356397.0,0.01560310145186107
Netherlands,2003-01-31,2003Jan,21217.0,1358573.0,0.01561712178881812
Netherlands,2003-02-28,2003Feb,21476.0,1396541.0,0.0153779946310205
Netherlands,2003-03-31,2003Mar,21084.0,1406626.0,0.014989058925400213
Netherlands,2003-04-30,2003Apr,21084.0,1409515.0,0.014958336732847823
Netherlands,2003-05-31,2003May,21522.0,1434194.0,0.015006338054684373
Netherlands,2003-06-30,2003Jun,22183.0,1448344.0,0.015316112746695537
Netherlands,2003-07-31,2003Jul,22863.0,1438948.0,0.0158886909047443
Netherlands,2003-08-31,2003Aug,22020.0,1450572.0,0.015180218562056898
Netherlands,2003-09-30,2003Sep,21866.0,1461528.0,0.014961054458074016
Netherlands,2003-10-31,2003Oct,24009.0,1469704.0,0.016335942475491663
Netherlands,2003-11-30,2003Nov,24307.0,1467016.0,0.01656900810897768
Netherlands,2003-12-31,2003Dec,23433.0,1476139.0,0.01587452130185572
Netherlands,2004-01-31,2004Jan,22331.0,1484782.0,0.015039918317975298
Netherlands,2004-02-29,2004Feb,21100.0,1503731.0,0.014031764989881833
Netherlands,2004-03-31,2004Mar,21400.0,1530152.0,0.013985538691580967
Netherlands,2004-04-30,2004Apr,22310.0,1559312.0,0.014307592066244601
Netherlands,2004-05-31,2004May,21904.0,1572651.0,0.013928074315280377
Netherlands,2004-06-30,2004Jun,23538.0,1575303.0,0.01494188737023925
Netherlands,2004-07-31,2004Jul,23476.0,1582717.0,0.01483272120031566
Netherlands,2004-08-31,2004Aug,21759.0,1608852.0,0.013524550424774932
Netherlands,2004-09-30,2004Sep,22011.0,1631157.0,0.013494102652289142
Netherlands,2004-10-31,2004Oct,21411.0,1639232.0,0.01306160445867333
Netherlands,2004-11-30,2004Nov,21592.0,1658636.0,0.013017925572578914
Netherlands,2004-12-31,2004Dec,21788.0,1677583.0,0.012987732946745406
Netherlands,2005-01-31,2005Jan,22147.0,1708860.0,0.012960102056341655
Netherlands,2005-02-28,2005Feb,22742.0,1728832.0,0.013154545959352905
Netherlands,2005-03-31,2005Mar,22527.0,1762589.0,0.012780631219189499
Netherlands,2005-04-30,2005Apr,23568.0,1809431.0,0.013025089102596341
Netherlands,2005-05-31,2005May,22297.0,1831447.0,0.012174526480973787
Netherlands,2005-06-30,2005Jun,22024.0,1643269.0,0.01340255308169265
Netherlands,2005-07-31,2005Jul,20168.0,1672806.0,0.012056389085165884
Netherlands,2005-08-31,2005Aug,20158.0,1657023.0,0.012165190223672212
Netherlands,2005-09-30,2005Sep,19982.0,1694182.0,0.01179448252903171
Netherlands,2005-10-31,2005Oct,20189.0,1687904.0,0.011960988302652284
Netherlands,2005-11-30,2005Nov,19469.0,1719753.0,0.011320811767736413
Netherlands,2005-12-31,2005Dec,22769.0,1697781.0,0.013411034756543982
Netherlands,2006-01-31,2006Jan,21665.0,1728161.0,0.012536447703657241
Netherlands,2006-02-28,2006Feb,21141.0,1705793.0,0.012393649170796222
Netherlands,2006-03-31,2006Mar,19730.0,1769196.0,0.011151958290658582
Netherlands,2006-04-30,2006Apr,21052.0,1786594.0,0.011783315067665065
Netherlands,2006-05-31,2006May,20869.0,1820685.0,0.011462169458198425
Netherlands,2006-06-30,2006Jun,20692.0,1762905.0,0.011737444729012624
Netherlands,2006-07-31,2006Jul,20190.0,1786206.0,0.011303287526746635
Netherlands,2006-08-31,2006Aug,18837.0,1801462.0,0.010456506992653745
Netherlands,2006-09-30,2006Sep,20001.0,1814405.0,0.011023448458310025
Netherlands,2006-10-31,2006Oct,19186.0,1851367.0,0.010363153280791976
Netherlands,2006-11-30,2006Nov,19213.0,1881165.0,0.010213351832508048
Netherlands,2006-12-31,2006Dec,19571.0,1843176.0,0.010618085304930186
Netherlands,2007-01-31,2007Jan,19813.0,1894960.0,0.010455629670283278
Netherlands,2007-02-28,2007Feb,19367.0,1935056.0,0.010008495878155464
Netherlands,2007-03-31,2007Mar,19791.0,1971723.0,0.010037413977521184
Netherlands,2007-04-30,2007Apr,19462.0,2009009.0,0.009687363272140643
Netherlands,2007-05-31,2007May,19097.0,2031775.0,0.009399170675886848
Netherlands,2007-06-30,2007Jun,20550.0,2038219.0,0.010082331682709268
Netherlands,2007-07-31,2007Jul,21711.0,2053964.0,0.010570292371239224
Netherlands,2007-08-31,2007Aug,19450.0,2083419.0,0.009335616119465168
Netherlands,2007-09-30,2007Sep,19566.0,2096521.0,0.009332603870888963
Netherlands,2007-10-31,2007Oct,20243.0,2151880.0,0.009407123073777349
Netherlands,2007-11-30,2007Nov,17350.0,2141754.0,0.008100836977542705
Netherlands,2007-12-31,2007Dec,17681.0,2168280.0,0.00815438965447267
Netherlands,2008-01-31,2008Jan,18513.0,2201589.0,0.008408926461751036
Netherlands,2008-02-29,2008Feb,19281.0,2228001.0,0.008653945846523408
Netherlands,2008-03-31,2008Mar,19254.0,2202933.0,0.008740165951483771
Netherlands,2008-04-30,2008Apr,19965.0,2273152.0,0.008782958640689228
Netherlands,2008-05-31,2008May,20312.0,2300457.0,0.008829549954639448
Netherlands,2008-06-30,2008Jun,19767.0,2269423.0,0.008710143503436777
Netherlands,2008-07-31,2008Jul,18384.0,2261219.0,0.008130128041556346
Netherlands,2008-08-31,2008Aug,17566.0,2289794.0,0.007671432452002232
Netherlands,2008-09-30,2008Sep,16863.0,2352693.0,0.007167530995331733
Netherlands,2008-10-31,2008Oct,16525.0,2385536.0,0.006927164377313945
Netherlands,2008-11-30,2008Nov,19780.0,2373183.0,0.008334797611477918
Netherlands,2008-12-31,2008Dec,20918.0,2231514.0,0.009373904891477266
Netherlands,2009-01-31,2009Jan,20403.0,2306155.0,0.008847193705540175
Netherlands,2009-02-28,2009Feb,20563.0,2303597.0,0.00892647455262357
Netherlands,2009-03-31,2009Mar,18014.0,2231324.0,0.008073233649617895
Netherlands,2009-04-30,2009Apr,17288.0,2209244.0,0.00782530132479708
Netherlands,2009-05-31,2009May,16846.0,2228506.0,0.007559324498116676
Netherlands,2009-06-30,2009Jun,17388.0,2238995.0,0.0077659842920596075
Netherlands,2009-07-31,2009Jul,17791.0,2235537.0,0.007958266850425647
Netherlands,2009-08-31,2009Aug,16760.0,2223606.0,0.007537306519230475
Netherlands,2009-09-30,2009Sep,18803.0,2207596.0,0.008517409888403495
Netherlands,2009-10-31,2009Oct,17800.0,2219951.0,0.008018194996195861
Netherlands,2009-11-30,2009Nov,18226.0,2225788.0,0.00818856063560411
Netherlands,2009-12-31,2009Dec,17554.0,2217008.0,0.007917878510136183
Netherlands,2010-01-31,2010Jan,21910.0,2256863.0,0.00970816571497694
Netherlands,2010-02-28,2010Feb,26855.0,2270358.0,0.011828531007004182
Netherlands,2010-03-31,2010Mar,28924.0,2290236.0,0.012629266154230394
Netherlands,2010-04-30,2010Apr,32208.0,2310061.0,0.013942488964577126
Netherlands,2010-05-31,2010May,30369.0,2402993.0,0.012637989374084736
Netherlands,2010-06-30,2010Jun,30907.0,2296099.0,0.013460656530924842
Netherlands,2010-07-31,2010Jul,32624.0,2253109.0,0.014479548037844596
Netherlands,2010-08-31,2010Aug,33816.0,2342264.0,0.01443731364184396
Netherlands,2010-09-30,2010Sep,33437.0,2314455.0,0.01444702964628822
Netherlands,2010-10-31,2010Oct,33664.0,2313086.0,0.014553717414743766
Netherlands,2010-11-30,2010Nov,32508.0,2343473.0,0.013871719452283
Netherlands,2010-12-31,2010Dec,32011.0,2260807.0,0.014159103364418104
Netherlands,2011-01-31,2011Jan,32410.0,2276973.0,0.014233809535730111
Netherlands,2011-02-28,2011Feb,30883.0,2270127.0,0.013604084705393135
Netherlands,2011-03-31,2011Mar,30560.0,2264978.0,0.013492404782739612
Netherlands,2011-04-30,2011Apr,31213.0,2264996.0,0.013780598288032297
Netherlands,2011-05-31,2011May,31357.0,2341310.0,0.01339292959924145
Netherlands,2011-06-30,2011Jun,33914.0,2301178.0,0.014737669141630938
Netherlands,2011-07-31,2011Jul,33818.0,2332227.0,0.014500303786895529
Netherlands,2011-08-31,2011Aug,33230.0,2395553.0,0.013871536133827972
Netherlands,2011-09-30,2011Sep,32439.0,2457441.0,0.013200316915034786
Netherlands,2011-10-31,2011Oct,33026.0,2422373.0,0.013633738487012529
Netherlands,2011-11-30,2011Nov,33622.0,2422762.0,0.013877549672646343
Netherlands,2011-12-31,2011Dec,31812.0,2392216.0,0.013298130269173017
Netherlands,2012-01-31,2012Jan,32178.0,2431167.0,0.013235618943495038
Netherlands,2012-02-29,2012Feb,39286.0,2418834.0,0.016241709848629545
Netherlands,2012-03-31,2012Mar,40175.0,2457768.0,0.01634613193759541
Netherlands,2012-04-30,2012Apr,40602.0,2472710.0,0.016420041169405226
Netherlands,2012-05-31,2012May,44548.0,2572462.0,0.01731726260679458
Netherlands,2012-06-30,2012Jun,42769.0,2482687.0,0.017226899725982372
Netherlands,2012-07-31,2012Jul,43455.0,2528037.0,0.017189226265280137
Netherlands,2012-08-31,2012Aug,41611.0,2505047.0,0.016610865983752002
Netherlands,2012-09-30,2012Sep,42768.0,2470292.0,0.017312933045971892
Netherlands,2012-10-31,2012Oct,43673.0,2447967.0,0.017840518274960405
Netherlands,2012-11-30,2012Nov,45617.0,2484925.0,0.018357495699065363
Netherlands,2012-12-31,2012Dec,44239.0,2450774.0,0.018051032041306134
Netherlands,2013-01-31,2013Jan,42091.0,2414433.0,0.017433078490892064
Netherlands,2013-02-28,2013Feb,43760.0,2421360.0,0.018072488188456075
Netherlands,2013-03-31,2013Mar,46366.0,2400398.0,0.01931596343606352
Netherlands,2013-04-30,2013Apr,46198.0,2419663.0,0.019092741427215277
Netherlands,2013-05-31,2013May,46102.0,2375181.0,0.01940988918318225
Netherlands,2013-06-30,2013Jun,47385.0,2351542.0,0.020150607558784832
Netherlands,2013-07-31,2013Jul,45140.0,2328729.0,0.019383964385722856
Netherlands,2013-08-31,2013Aug,44043.0,2274037.0,0.019367758747988708
Netherlands,2013-09-30,2013Sep,45225.0,2290893.0,0.01974121008707085
Netherlands,2013-10-31,2013Oct,46677.0,2273165.0,0.020533925166013024
Netherlands,2013-11-30,2013Nov,46917.0,2275162.0,0.02062138871869344
Netherlands,2013-12-31,2013Dec,46833.0,2197316.0,0.021313730023355768
Netherlands,2014-01-31,2014Jan,45120.0,2252425.0,0.020031743565268545
Netherlands,2014-02-28,2014Feb,44335.0,2255714.0,0.019654530671884822
Netherlands,2014-03-31,2014Mar,45952.0,2257441.0,0.02035579224440417
Netherlands,2014-04-30,2014Apr,46555.0,2291352.0,0.020317698895673822
Netherlands,2014-05-31,2014May,46485.0,2313322.0,0.020094478849031826
Netherlands,2014-06-30,2014Jun,49542.0,2287265.0,0.021659930091178767
Netherlands,2014-07-31,2014Jul,49614.0,2280954.0,0.021751425061618954
Netherlands,2014-08-31,2014Aug,51156.0,2309130.0,0.022153798183731536
Netherlands,2014-09-30,2014Sep,51299.0,2332113.0,0.021996790035474268
Netherlands,2014-10-31,2014Oct,48224.0,2323370.0,0.020756056934539052
Netherlands,2014-11-30,2014Nov,49064.0,2338602.0,0.020980055605870514
Netherlands,2014-12-31,2014Dec,47433.0,2413331.0,0.0196545770140938
Netherlands,2015-01-31,2015Jan,48520.0,2518153.0,0.019268090540963952
Netherlands,2015-02-28,2015Feb,48749.0,2507421.0,0.019441888697590073
Netherlands,2015-03-31,2015Mar,48168.0,2576272.0,0.018696783569436767
Netherlands,2015-04-30,2015Apr,46531.0,2532564.0,0.018373079614177567
Netherlands,2015-05-31,2015May,46494.0,2530350.0,0.01837453316734839
Netherlands,2015-06-30,2015Jun,46722.0,2466558.0,0.01894218583142987
Netherlands,2015-07-31,2015Jul,46191.0,2487829.0,0.018566790563177775
Netherlands,2015-08-31,2015Aug,46471.0,2477974.0,0.01875362695492366
Netherlands,2015-09-30,2015Sep,46011.0,2465809.0,0.018659596100103454
Netherlands,2015-10-31,2015Oct,45336.0,2450711.0,0.018499121275417623
Netherlands,2015-11-30,2015Nov,44962.0,2492465.0,0.01803917005855649
Netherlands,2015-12-31,2015Dec,44794.0,2430646.0,0.018428845664897317
Netherlands,2016-01-31,2016Jan,45678.0,2500938.0,0.01826434721692421
Netherlands,2016-02-29,2016Feb,45272.0,2558195.0,0.01769685266369452
Netherlands,2016-03-31,2016Mar,44814.0,2533208.0,0.017690612061859904
Netherlands,2016-04-30,2016Apr,43252.0,2510128.0,0.017230993797925843
Netherlands,2016-05-31,2016May,42274.0,2564818.0,0.016482261119502437
Netherlands,2016-06-30,2016Jun,42815.0,2585808.0,0.016557687191005675
Netherlands,2016-07-31,2016Jul,43707.0,2567627.0,0.017022332293592488
Netherlands,2016-08-31,2016Aug,42314.0,2565862.0,0.01649114410673684
Netherlands,2016-09-30,2016Sep,42483.0,2563945.0,0.01656938818890421
Netherlands,2016-10-31,2016Oct,41867.0,2545186.0,0.016449485420711885
Netherlands,2016-11-30,2016Nov,42823.0,2544960.0,0.01682659059474412
Netherlands,2016-12-31,2016Dec,41146.0,2503747.0,0.016433769066922496
Netherlands,2017-01-31,2017Jan,38526.0,2516148.0,0.015311499959461844
Netherlands,2017-02-28,2017Feb,38343.0,2557928.0,0.014989866798439987
Netherlands,2017-03-31,2017Mar,37640.0,2561491.0,0.01469456656299007
Netherlands,2017-04-30,2017Apr,37615.0,2562551.0,0.014678732247670388
Netherlands,2017-05-31,2017May,37018.0,2556194.0,0.014481686444769059
Netherlands,2017-06-30,2017Jun,36045.0,2478009.0,0.014545952012280827
Netherlands,2017-07-31,2017Jul,34683.0,2483235.0,0.013966861775063576
Netherlands,2017-08-31,2017Aug,35074.0,2517955.0,0.013929557915054082
Netherlands,2017-09-30,2017Sep,35904.0,2460261.0,0.014593573608653716
Netherlands,2017-10-31,2017Oct,35010.0,2504059.0,0.013981299961382698
Netherlands,2017-11-30,2017Nov,35474.0,2476586.0,0.014323750517849976
Netherlands,2017-12-31,2017Dec,34862.0,2376750.0,0.014667928894498791
Netherlands,2018-01-31,2018Jan,34141.0,2438349.0,0.014001687207204547
Netherlands,2018-02-28,2018Feb,33863.0,2439425.0,0.013881549955419823
Netherlands,2018-03-31,2018Mar,34444.0,2416927.0,0.014251154461843489
Netherlands,2018-04-30,2018Apr,34261.0,2443117.0,0.014023479022903938
Netherlands,2018-05-31,2018May,33493.0,2476992.0,0.013521642379143736
Netherlands,2018-06-30,2018Jun,32694.0,2410718.0,0.0135619346601303
Netherlands,2018-07-31,2018Jul,30525.0,2443893.0,0.012490317702125256
Netherlands,2018-08-31,2018Aug,29783.0,2436923.0,0.012221559729215901
Netherlands,2018-09-30,2018Sep,27366.0,2413862.0,0.011337019266221516
Netherlands,2018-10-31,2018Oct,26429.0,2400188.0,0.011011220787704962
Netherlands,2018-11-30,2018Nov,26679.0,2389692.0,0.011164200240030933
Netherlands,2018-12-31,2018Dec,26440.0,2321316.0,0.011390090793325855
Netherlands,2019-01-31,2019Jan,25522.0,2382607.0,0.010711795944526311
Netherlands,2019-02-28,2019Feb,25489.0,2369913.0,0.010755247133544565
Netherlands,2019-03-31,2019Mar,25316.0,2413038.0,0.010491339133490646
Netherlands,2019-04-30,2019Apr,25061.0,2418921.0,0.010360404494400602
Netherlands,2019-05-31,2019May,25027.0,2450444.0,0.010213251149587585
Netherlands,2019-06-30,2019Jun,24162.0,2428885.0,0.009947774390306663
Netherlands,2019-07-31,2019Jul,23093.0,2475022.0,0.009330422113419598
Netherlands,2019-08-31,2019Aug,23206.0,2576244.0,0.009007687160067137
Netherlands,2019-09-30,2019Sep,22824.0,2540657.0,0.008983503086012791
Netherlands,2019-10-31,2019Oct,22925.0,2489246.0,0.009209616084549297
Netherlands,2019-11-30,2019Nov,23701.0,2497209.0,0.00949099574765268
Netherlands,2019-12-31,2019Dec,23714.0,2414945.0,0.009819685334448611
Netherlands,2020-01-31,2020Jan,22227.0,2520627.0,0.008818044081889149
Netherlands,2020-02-29,2020Feb,21345.0,2551849.0,0.008364523135969252
Netherlands,2020-03-31,2020Mar,21172.0,2588785.0,0.008178353938237435
Netherlands,2020-04-30,2020Apr,22921.0,2622305.0,0.008740783394761479
Netherlands,2020-05-31,2020May,23048.0,2626825.0,0.008774090394297298
Netherlands,2020-06-30,2020Jun,24573.0,2638341.0,0.009313807426712468
Netherlands,2020-07-31,2020Jul,22639.0,2636707.0,0.008586088632525343
Netherlands,2020-08-31,2020Aug,21724.0,2605643.0,0.008337289490540339
Netherlands,2020-09-30,2020Sep,21276.0,2643319.0,0.008048971766177294
Netherlands,2020-10-31,2020Oct,19789.0,2638248.0,0.0075008111443655035
Netherlands,2020-11-30,2020Nov,18485.0,2622374.0,0.007048956403625112
Netherlands,2020-12-31,2020Dec,18029.0,2540582.0,0.00709640546929798
Netherlands,2021-01-31,2021Jan,16659.0,2578259.0,0.006461336894392689
Netherlands,2021-02-28,2021Feb,16158.0,2554875.0,0.006324379862028475
Netherlands,2021-03-31,2021Mar,15389.0,2662729.0,0.005779409019843927
Netherlands,2021-04-30,2021Apr,15327.0,2640148.0,0.005805356366385521
Netherlands,2021-05-31,2021May,15160.0,2657924.0,0.005703699579069981
Netherlands,2021-06-30,2021Jun,14862.0,2644351.0,0.005620282632676222
Netherlands,2021-07-31,2021Jul,13172.0,2668819.0,0.004935516421308452
Netherlands,2021-08-31,2021Aug,14446.0,2681353.0,0.005387578584393774
Netherlands,2021-09-30,2021Sep,14686.0,2720655.0,0.005397964828322592
Netherlands,2021-10-31,2021Oct,14266.0,2707593.0,0.005268886424215161
Netherlands,2021-11-30,2021Nov,14191.0,2736794.0,0.005185264217913369
Netherlands,2021-12-31,2021Dec,14024.0,2644158.0,0.005303767777871065
Netherlands,2022-01-31,2022Jan,15277.0,2735694.0,0.005584323392894088
Netherlands,2022-02-28,2022Feb,14013.0,2744564.0,0.0051057289973926645
Netherlands,2022-03-31,2022Mar,14536.0,2790205.0,0.005209653054166271
Netherlands,2022-04-30,2022Apr,13229.0,2859724.0,0.004625970897890845
Netherlands,2022-05-31,2022May,13190.0,2860366.0,0.0046112979947321425
Netherlands,2022-06-30,2022Jun,13337.0,2900522.0,0.004598137852427942
Netherlands,2022-07-31,2022Jul,10672.0,2909982.0,0.0036673766366939727
Netherlands,2022-08-31,2022Aug,11464.0,3006837.0,0.0038126443169350386
Netherlands,2022-09-30,2022Sep,10596.0,3031957.0,0.0034947725182118347
Netherlands,2022-10-31,2022Oct,11004.0,3035890.0,0.003624637256290577
Netherlands,2022-11-30,2022Nov,11316.0,2959708.0,0.0038233501412977228
Netherlands,2022-12-31,2022Dec,11280.0,2870880.0,0.003929108844674804
Netherlands,2023-01-31,2023Jan,10929.0,2911876.0,0.0037532504818199677
Netherlands,2023-02-28,2023Feb,10363.0,2981414.0,0.0034758674910629656
Netherlands,2023-03-31,2023Mar,9197.0,2916259.0,0.003153697939723461
Netherlands,2023-04-30,2023Apr,10848.0,2931278.0,0.0037007748838561202
Netherlands,2023-05-31,2023May,10366.0,2992395.0,0.0034641148645148784
Netherlands,2023-06-30,2023Jun,10673.0,2930212.0,0.0036423985704788597
Netherlands,2023-07-31,2023Jul,8511.0,2920061.0,0.002914665138844702
Netherlands,2023-08-31,2023Aug,8653.0,2940976.0,0.002942220541752126
Netherlands,2023-09-30,2023Sep,9381.0,2983207.0,0.003144602436237244
Netherlands,2023-10-31,2023Oct,9728.0,2929589.0,0.00332060230974379
Netherlands,2023-11-30,2023Nov,9135.0,2898332.0,0.0031518128357965894
Netherlands,2023-12-31,2023Dec,10690.0,2767906.0,0.0038621253756449822
Netherlands,2024-01-31,2024Jan,8707.0,2846417.0,0.003058933388888557
Netherlands,2024-02-29,2024Feb,9564.0,2844906.0,0.0033617982457065363
Netherlands,2024-03-31,2024Mar,10278.0,2865596.0,0.003586688423629849
Netherlands,2024-04-30,2024Apr,10662.0,2861703.0,0.003725753511108595
Netherlands,2024-05-31,2024May,11981.0,2868023.0,0.004177442091642919
Netherlands,2024-06-30,2024Jun,12277.0,2841307.0,0.004320898797630809
Netherlands,2024-07-31,2024Jul,9339.0,2825940.0,0.0033047410773052507
Netherlands,2024-08-31,2024Aug,9791.0,2837533.0,0.0034505325576830296
Netherlands,2024-09-30,2024Sep,10069.0,2875927.0,0.0035011319828354474
Netherlands,2024-10-31,2024Oct,10080.0,2851196.0,0.0035353584951718507
Netherlands,2024-11-30,2024Nov,11557.0,2908966.0,0.003972889335935862
Netherlands,2024-12-31,2024Dec,11952.0,2834499.0,0.0042166181748520635
Netherlands,2025-01-31,2025Jan,13663.0,2911642.0,0.0046925411846648725
Netherlands,2025-02-28,2025Feb,14268.0,2923452.0,0.004880531645465703
Netherlands,2025-03-31,2025Mar,16059.0,2939491.0,0.00546319073608322
Netherlands,2025-04-30,2025Apr,15746.0,2908330.0,0.005414103626479801
Netherlands,2025-05-31,2025May,15275.0,2952559.0,0.00517347832846016
Netherlands,2025-06-30,2025Jun,16485.0,2996431.0,0.005501545004707267
Netherlands,2025-07-31,2025Jul,17270.0,2989476.0,0.005776932144630029
Netherlands,2025-08-31,2025Aug,16898.0,3017964.0,0.005599139022201723
Netherlands,2025-09-30,2025Sep,16780.0,2993805.0,0.005604907467253211
Netherlands,2025-10-31,2025Oct,16934.0,3011343.0,0.005623404573972477
Netherlands,2025-11-30,2025Nov,17804.0,3026772.0,0.005882174144600254
Netherlands,2025-12-31,2025Dec,16944.0,2931751.0,0.0057794812724545844
Netherlands,2026-01-31,2026Jan,17855.0,3039127.0,0.005875042405269672
Netherlands,2026-02-28,2026Feb,19345.0,3034281.0,0.006375480715200735
Netherlands,2026-03-31,2026Mar,21437.0,3081162.0,0.006957440082670109
Netherlands,2026-04-30,2026Apr,21028.0,3058694.0,0.006874829584129698
Portugal,1997-09-30,1997Sep,14900.0,180901.0,0.08236549272806673
Portugal,1997-10-31,1997Oct,15413.0,180459.0,0.0854099823228545
Portugal,1997-11-30,1997Nov,15172.0,184269.0,0.08233614986785623
Portugal,1997-12-31,1997Dec,15013.0,188628.0,0.07959051678435863
Portugal,1998-01-31,1998Jan,14659.0,185776.0,0.07890685556799587
Portugal,1998-02-28,1998Feb,14899.0,188811.0,0.07890959742811594
Portugal,1998-03-31,1998Mar,15589.0,194366.0,0.08020435672905755
Portugal,1998-04-30,1998Apr,16211.0,194811.0,0.08321398688985734
Portugal,1998-05-31,1998May,16124.0,195112.0,0.08263971462544589
Portugal,1998-06-30,1998Jun,15560.0,201873.0,0.07707816300347248
Portugal,1998-07-31,1998Jul,14234.0,200109.0,0.07113123347775463
Portugal,1998-08-31,1998Aug,13381.0,200667.0,0.06668261348403076
Portugal,1998-09-30,1998Sep,12728.0,207000.0,0.06148792270531401
Portugal,1998-10-31,1998Oct,12862.0,209850.0,0.061291398618060516
Portugal,1998-11-30,1998Nov,12150.0,212030.0,0.057303211809649576
Portugal,1998-12-31,1998Dec,10817.0,213943.0,0.050560195940040104
Portugal,1999-01-31,1999Jan,10193.0,220094.0,0.04631203031432025
Portugal,1999-02-28,1999Feb,9788.0,217295.0,0.04504475482638809
Portugal,1999-03-31,1999Mar,10040.0,219460.0,0.0457486557914882
Portugal,1999-04-30,1999Apr,9966.0,217763.0,0.04576535040387945
Portugal,1999-05-31,1999May,10034.0,223131.0,0.044969098870170435
Portugal,1999-06-30,1999Jun,9447.0,224869.0,0.04201112647808279
Portugal,1999-07-31,1999Jul,9401.0,228118.0,0.041211127574325566
Portugal,1999-08-31,1999Aug,8928.0,231329.0,0.03859438289189855
Portugal,1999-09-30,1999Sep,8536.0,236668.0,0.03606740243716937
Portugal,1999-10-31,1999Oct,7818.0,242792.0,0.03220040199018089
Portugal,1999-11-30,1999Nov,8023.0,247652.0,0.032396265727714695
Portugal,1999-12-31,1999Dec,6489.0,249367.0,0.026021887418944768
Portugal,2000-01-31,2000Jan,7350.0,246481.0,0.029819742698220148
Portugal,2000-02-29,2000Feb,7391.0,248462.0,0.02974700356593765
Portugal,2000-03-31,2000Mar,7035.0,252402.0,0.027872203865262558
Portugal,2000-04-30,2000Apr,7156.0,263533.0,0.027154094553623265
Portugal,2000-05-31,2000May,7453.0,272271.0,0.027373462469377937
Portugal,2000-06-30,2000Jun,7143.0,270607.0,0.026396212958275284
Portugal,2000-07-31,2000Jul,7050.0,274991.0,0.02563720267208745
Portugal,2000-08-31,2000Aug,6914.0,268202.0,0.025779076964377597
Portugal,2000-09-30,2000Sep,6913.0,273500.0,0.025276051188299817
Portugal,2000-10-31,2000Oct,6912.0,277945.0,0.02486822932594578
Portugal,2000-11-30,2000Nov,6729.0,282379.0,0.02382967571951172
Portugal,2000-12-31,2000Dec,6251.0,277140.0,0.022555387168939886
Portugal,2001-01-31,2001Jan,6519.0,274784.0,0.023724088738791196
Portugal,2001-02-28,2001Feb,6323.0,279749.0,0.022602404298138687
Portugal,2001-03-31,2001Mar,6350.0,278146.0,0.02282973690076435
Portugal,2001-04-30,2001Apr,6074.0,275622.0,0.022037428071779466
Portugal,2001-05-31,2001May,6021.0,281769.0,0.021368567869424954
Portugal,2001-06-30,2001Jun,6550.0,285323.0,0.02295643884299548
Portugal,2001-07-31,2001Jul,5641.0,290656.0,0.019407822305405702
Portugal,2001-08-31,2001Aug,5891.0,286561.0,0.020557577618726904
Portugal,2001-09-30,2001Sep,5632.0,285910.0,0.019698506523031723
Portugal,2001-10-31,2001Oct,5580.0,288934.0,0.019312368914700243
Portugal,2001-11-30,2001Nov,5859.0,292529.0,0.02002878347104048
Portugal,2001-12-31,2001Dec,5780.0,298594.0,0.01935738829313382
Portugal,2002-01-31,2002Jan,5822.0,296253.0,0.019652121666278485
Portugal,2002-02-28,2002Feb,5497.0,297964.0,0.018448537407203553
Portugal,2002-03-31,2002Mar,4703.0,301607.0,0.015593139416525478
Portugal,2002-04-30,2002Apr,5065.0,303474.0,0.01669006241061837
Portugal,2002-05-31,2002May,5012.0,305305.0,0.01641637051473117
Portugal,2002-06-30,2002Jun,4562.0,307909.0,0.014816065785670442
Portugal,2002-07-31,2002Jul,3899.0,311105.0,0.0125327461789428
Portugal,2002-08-31,2002Aug,3798.0,308609.0,0.012306834862236682
Portugal,2002-09-30,2002Sep,3507.0,310201.0,0.011305572838256485
Portugal,2002-10-31,2002Oct,3941.0,315014.0,0.012510555086440603
Portugal,2002-11-30,2002Nov,3788.0,312027.0,0.012139975066260291
Portugal,2002-12-31,2002Dec,4385.0,311035.0,0.014098091854614433
Portugal,2003-01-31,2003Jan,4160.0,324918.0,0.012803230353504577
Portugal,2003-02-28,2003Feb,4267.0,332133.0,0.012847262994041543
Portugal,2003-03-31,2003Mar,4354.0,335482.0,0.012978341609982055
Portugal,2003-04-30,2003Apr,3893.0,334099.0,0.01165223481662621
Portugal,2003-05-31,2003May,4070.0,339782.0,0.011978268419162875
Portugal,2003-06-30,2003Jun,3708.0,344874.0,0.010751752814071225
Portugal,2003-07-31,2003Jul,4268.0,346616.0,0.012313338103261245
Portugal,2003-08-31,2003Aug,3871.0,346767.0,0.011163115290670681
Portugal,2003-09-30,2003Sep,3803.0,352277.0,0.010795481964476819
Portugal,2003-10-31,2003Oct,3850.0,350563.0,0.010982334131097692
Portugal,2003-11-30,2003Nov,4362.0,351466.0,0.012410873313492629
Portugal,2003-12-31,2003Dec,3807.0,349749.0,0.010884948920511566
Portugal,2004-01-31,2004Jan,4213.0,345009.0,0.01221127564788165
Portugal,2004-02-29,2004Feb,3730.0,343059.0,0.010872765326080936
Portugal,2004-03-31,2004Mar,3712.0,352607.0,0.010527300932766508
Portugal,2004-04-30,2004Apr,4030.0,351776.0,0.011456153916128446
Portugal,2004-05-31,2004May,4197.0,350034.0,0.011990263802944857
Portugal,2004-06-30,2004Jun,4598.0,354199.0,0.01298140310955141
Portugal,2004-07-31,2004Jul,4738.0,353585.0,0.013399889701203389
Portugal,2004-08-31,2004Aug,3548.0,347631.0,0.01020622441611939
Portugal,2004-09-30,2004Sep,3944.0,351844.0,0.011209513307033799
Portugal,2004-10-31,2004Oct,3962.0,349883.0,0.011323785379684067
Portugal,2004-11-30,2004Nov,3853.0,354046.0,0.010882766646142027
Portugal,2004-12-31,2004Dec,3813.0,346447.0,0.011006012463666882
Portugal,2005-01-31,2005Jan,3865.0,341856.0,0.011305929982214734
Portugal,2005-02-28,2005Feb,4142.0,338506.0,0.012236119891523341
Portugal,2005-03-31,2005Mar,4534.0,340050.0,0.013333333333333334
Portugal,2005-04-30,2005Apr,3794.0,337624.0,0.011237352794825012
Portugal,2005-05-31,2005May,4021.0,340091.0,0.01182330611512801
Portugal,2005-06-30,2005Jun,3863.0,344903.0,0.01120025050521451
Portugal,2005-07-31,2005Jul,4232.0,346730.0,0.012205462463588383
Portugal,2005-08-31,2005Aug,4080.0,350054.0,0.011655344603975387
Portugal,2005-09-30,2005Sep,4257.0,355533.0,0.011973572073478411
Portugal,2005-10-31,2005Oct,4484.0,354386.0,0.012652870034369304
Portugal,2005-11-30,2005Nov,4297.0,360595.0,0.011916415923681693
Portugal,2005-12-31,2005Dec,4080.0,361290.0,0.011292867225774309
Portugal,2006-01-31,2006Jan,4277.0,360380.0,0.011868028192463511
Portugal,2006-02-28,2006Feb,4186.0,362274.0,0.011554790020812975
Portugal,2006-03-31,2006Mar,4605.0,372660.0,0.012357108356142328
Portugal,2006-04-30,2006Apr,4508.0,372433.0,0.012104190552394659
Portugal,2006-05-31,2006May,4450.0,374188.0,0.011892417715159224
Portugal,2006-06-30,2006Jun,4489.0,379991.0,0.011813437686682053
Portugal,2006-07-31,2006Jul,4396.0,377376.0,0.011648859492919529
Portugal,2006-08-31,2006Aug,4708.0,379826.0,0.012395149357863865
Portugal,2006-09-30,2006Sep,4365.0,381677.0,0.011436371591686164
Portugal,2006-10-31,2006Oct,4557.0,381619.0,0.011941229341306382
Portugal,2006-11-30,2006Nov,4231.0,386386.0,0.010950189706666391
Portugal,2006-12-31,2006Dec,4669.0,397874.0,0.011734870838506663
Portugal,2007-01-31,2007Jan,4963.0,391246.0,0.012685113713622631
Portugal,2007-02-28,2007Feb,5069.0,391580.0,0.012944992083354614
Portugal,2007-03-31,2007Mar,4893.0,395713.0,0.012365022124620621
Portugal,2007-04-30,2007Apr,5043.0,412944.0,0.012212309659421132
Portugal,2007-05-31,2007May,4926.0,408745.0,0.012051523566037505
Portugal,2007-06-30,2007Jun,4859.0,416033.0,0.011679361973689587
Portugal,2007-07-31,2007Jul,4929.0,419243.0,0.01175690470681681
Portugal,2007-08-31,2007Aug,4132.0,419866.0,0.009841235060709845
Portugal,2007-09-30,2007Sep,3970.0,424967.0,0.009341901841790068
Portugal,2007-10-31,2007Oct,4064.0,430216.0,0.009446417613477882
Portugal,2007-11-30,2007Nov,3808.0,432045.0,0.008813896700575172
Portugal,2007-12-31,2007Dec,3782.0,439844.0,0.008598503105646547
Portugal,2008-01-31,2008Jan,3858.0,436554.0,0.008837394686567985
Portugal,2008-02-29,2008Feb,3975.0,441335.0,0.009006763569623983
Portugal,2008-03-31,2008Mar,4007.0,440295.0,0.009100716565030264
Portugal,2008-04-30,2008Apr,4230.0,447270.0,0.00945737474008988
Portugal,2008-05-31,2008May,4304.0,454821.0,0.009463063490911808
Portugal,2008-06-30,2008Jun,4905.0,457305.0,0.01072588316331551
Portugal,2008-07-31,2008Jul,4697.0,466055.0,0.010078209653367092
Portugal,2008-08-31,2008Aug,4634.0,466353.0,0.009936678867724664
Portugal,2008-09-30,2008Sep,4401.0,466613.0,0.009431798942592684
Portugal,2008-10-31,2008Oct,4131.0,466105.0,0.008862809881893564
Portugal,2008-11-30,2008Nov,4077.0,472929.0,0.008620744340059501
Portugal,2008-12-31,2008Dec,4355.0,482141.0,0.009032627384935113
Portugal,2009-01-31,2009Jan,4608.0,483840.0,0.009523809523809525
Portugal,2009-02-28,2009Feb,4862.0,487729.0,0.009968650623604502
Portugal,2009-03-31,2009Mar,5018.0,494044.0,0.010156990065662168
Portugal,2009-04-30,2009Apr,5070.0,497948.0,0.010181786049948991
Portugal,2009-05-31,2009May,5785.0,496590.0,0.01164944924384301
Portugal,2009-06-30,2009Jun,7115.0,506822.0,0.01403845926183157
Portugal,2009-07-31,2009Jul,9124.0,509766.0,0.017898408289293517
Portugal,2009-08-31,2009Aug,9793.0,509224.0,0.01923122240899879
Portugal,2009-09-30,2009Sep,9589.0,506841.0,0.018919148214134214
Portugal,2009-10-31,2009Oct,9686.0,504327.0,0.019205793066799915
Portugal,2009-11-30,2009Nov,9628.0,505193.0,0.019058062958116996
Portugal,2009-12-31,2009Dec,10180.0,520162.0,0.019570826011896292
Portugal,2010-01-31,2010Jan,10105.0,525802.0,0.01921826086625764
Portugal,2010-02-28,2010Feb,11550.0,528567.0,0.02185153443177497
Portugal,2010-03-31,2010Mar,11917.0,530080.0,0.022481512224569875
Portugal,2010-04-30,2010Apr,14900.0,532115.0,0.028001465848547777
Portugal,2010-05-31,2010May,16281.0,539542.0,0.030175593373639124
Portugal,2010-06-30,2010Jun,16432.0,549023.0,0.029929529363979288
Portugal,2010-07-31,2010Jul,17220.0,556013.0,0.030970498891212974
Portugal,2010-08-31,2010Aug,18425.0,559271.0,0.03294467261846225
Portugal,2010-09-30,2010Sep,17924.0,554447.0,0.03232770670596107
Portugal,2010-10-31,2010Oct,18239.0,553445.0,0.032955397555312634
Portugal,2010-11-30,2010Nov,18504.0,559035.0,0.033099895355389194
Portugal,2010-12-31,2010Dec,22872.0,558842.0,0.040927489344036415
Portugal,2011-01-31,2011Jan,22339.0,558569.0,0.039993268512932154
Portugal,2011-02-28,2011Feb,21396.0,561606.0,0.03809788356961998
Portugal,2011-03-31,2011Mar,20877.0,556498.0,0.037514959622496395
Portugal,2011-04-30,2011Apr,23352.0,570413.0,0.04093875840838129
Portugal,2011-05-31,2011May,24921.0,571771.0,0.04358563131043722
Portugal,2011-06-30,2011Jun,24731.0,568879.0,0.04347321662427335
Portugal,2011-07-31,2011Jul,24498.0,569660.0,0.04300459923463118
Portugal,2011-08-31,2011Aug,24366.0,573567.0,0.04248152351861247
Portugal,2011-09-30,2011Sep,23841.0,572376.0,0.04165268984024487
Portugal,2011-10-31,2011Oct,22903.0,572904.0,0.03997702931032075
Portugal,2011-11-30,2011Nov,22706.0,571298.0,0.03974458163690403
Portugal,2011-12-31,2011Dec,22660.0,573310.0,0.03952486438401563
Portugal,2012-01-31,2012Jan,22857.0,572273.0,0.039940727589804166
Portugal,2012-02-29,2012Feb,26414.0,583299.0,0.045283808132707236
Portugal,2012-03-31,2012Mar,29686.0,580737.0,0.05111780375626144
Portugal,2012-04-30,2012Apr,29780.0,578879.0,0.05144425691724868
Portugal,2012-05-31,2012May,30014.0,583088.0,0.05147422001481766
Portugal,2012-06-30,2012Jun,30313.0,576059.0,0.05262134607739832
Portugal,2012-07-31,2012Jul,29790.0,570340.0,0.05223200196374093
Portugal,2012-08-31,2012Aug,30327.0,566976.0,0.053489036572976635
Portugal,2012-09-30,2012Sep,31694.0,564821.0,0.05611335272590785
Portugal,2012-10-31,2012Oct,31150.0,564341.0,0.055197123724840126
Portugal,2012-11-30,2012Nov,32507.0,561484.0,0.05789479308404157
Portugal,2012-12-31,2012Dec,30830.0,557078.0,0.05534233985186993
Portugal,2013-01-31,2013Jan,31476.0,551663.0,0.05705657258144918
Portugal,2013-02-28,2013Feb,30989.0,551863.0,0.05615342938374198
Portugal,2013-03-31,2013Mar,30748.0,547805.0,0.05612946212612152
Portugal,2013-04-30,2013Apr,31881.0,546017.0,0.05838829193962825
Portugal,2013-05-31,2013May,31454.0,542652.0,0.05796348304253923
Portugal,2013-06-30,2013Jun,32318.0,532713.0,0.060666813086971784
Portugal,2013-07-31,2013Jul,32293.0,520442.0,0.06204918127284116
Portugal,2013-08-31,2013Aug,33119.0,518544.0,0.06386921842698016
Portugal,2013-09-30,2013Sep,34327.0,517436.0,0.0663405715875973
Portugal,2013-10-31,2013Oct,34791.0,516902.0,0.06730676221024488
Portugal,2013-11-30,2013Nov,34427.0,515188.0,0.06682414963081439
Portugal,2013-12-31,2013Dec,31217.0,515124.0,0.06060094268564462
Portugal,2014-01-31,2014Jan,31932.0,512965.0,0.062249861101634614
Portugal,2014-02-28,2014Feb,30139.0,506045.0,0.05955794445158039
Portugal,2014-03-31,2014Mar,29934.0,498286.0,0.060073933443845505
Portugal,2014-04-30,2014Apr,30526.0,496428.0,0.061491293802928115
Portugal,2014-05-31,2014May,30191.0,493939.0,0.061122932183933644
Portugal,2014-06-30,2014Jun,30737.0,489097.0,0.06284438465171531
Portugal,2014-07-31,2014Jul,31442.0,491933.0,0.06391520796531235
Portugal,2014-08-31,2014Aug,30049.0,489766.0,0.061353789360633446
Portugal,2014-09-30,2014Sep,27520.0,482739.0,0.057008031254984576
Portugal,2014-10-31,2014Oct,28559.0,472671.0,0.060420461589562297
Portugal,2014-11-30,2014Nov,28691.0,468519.0,0.06123764457791466
Portugal,2014-12-31,2014Dec,30271.93,439493.96,0.06887905808762423
Portugal,2015-01-31,2015Jan,29365.36,435895.8,0.06736784341578882
Portugal,2015-02-28,2015Feb,29815.66,434842.02,0.0685666486417297
Portugal,2015-03-31,2015Mar,29875.71,433111.97,0.06897918337375898
Portugal,2015-04-30,2015Apr,30723.97,432668.8,0.07101036635874831
Portugal,2015-05-31,2015May,30863.98,431410.24,0.07154206631720193
Portugal,2015-06-30,2015Jun,29542.11,430451.61,0.06863050181180645
Portugal,2015-07-31,2015Jul,32686.22,427505.6,0.07645799259705605
Portugal,2015-08-31,2015Aug,32205.94,425950.57,0.0756095713171601
Portugal,2015-09-30,2015Sep,31556.64,422774.87,0.07464171179332395
Portugal,2015-10-31,2015Oct,29902.92,421875.03,0.07088099051512955
Portugal,2015-11-30,2015Nov,30344.48,422031.99,0.0719009002137492
Portugal,2015-12-31,2015Dec,29800.7,419742.45,0.07099758435202348
Portugal,2016-01-31,2016Jan,30700.96,417441.19,0.07354559333256021
Portugal,2016-02-29,2016Feb,32322.11,416381.95,0.0776261074717576
Portugal,2016-03-31,2016Mar,32232.98,414555.13,0.07775318086161423
Portugal,2016-04-30,2016Apr,31932.35,413095.77,0.07730011372423397
Portugal,2016-05-31,2016May,32407.97,412550.93,0.07855507682409055
Portugal,2016-06-30,2016Jun,31470.95,411736.33,0.07643471733475644
Portugal,2016-07-31,2016Jul,31657.65,411262.13,0.07697681768073321
Portugal,2016-08-31,2016Aug,31727.67,407647.54,0.07783113323828718
Portugal,2016-09-30,2016Sep,30853.77,406612.74,0.07587998841354553
Portugal,2016-10-31,2016Oct,31309.9,404467.98,0.07741008324070549
Portugal,2016-11-30,2016Nov,32183.79,402612.8,0.07993732439703854
Portugal,2016-12-31,2016Dec,30442.15,398164.37,0.07645623841229189
Portugal,2017-01-31,2017Jan,30102.35,397672.99,0.07569623976725198
Portugal,2017-02-28,2017Feb,31151.12,397380.17,0.07839122923521825
Portugal,2017-03-31,2017Mar,32559.02,403400.55,0.08071139218823574
Portugal,2017-04-30,2017Apr,33654.84,403237.81,0.08346151865074358
Portugal,2017-05-31,2017May,33991.84,403902.61,0.08415850543773411
Portugal,2017-06-30,2017Jun,35198.99,398680.2,0.08828878384228762
Portugal,2017-07-31,2017Jul,34417.54,400903.96,0.08584983795121405
Portugal,2017-08-31,2017Aug,35060.1,397465.0,0.08820927628847823
Portugal,2017-09-30,2017Sep,33383.49,398351.23,0.08380415945998208
Portugal,2017-10-31,2017Oct,34747.22,398895.62,0.0871085523576318
Portugal,2017-11-30,2017Nov,33809.36,398962.75,0.084743149579754
Portugal,2017-12-31,2017Dec,32527.41,393535.53,0.08265431586316996
Portugal,2018-01-31,2018Jan,34644.47,390679.91,0.08867737785646568
Portugal,2018-02-28,2018Feb,35329.7,391557.24,0.0902286981080978
Portugal,2018-03-31,2018Mar,34107.04,392569.72,0.08688148438957545
Portugal,2018-04-30,2018Apr,34539.29,394522.46,0.08754708160341491
Portugal,2018-05-31,2018May,35966.26,398160.81,0.09033098963205345
Portugal,2018-06-30,2018Jun,35148.76,401167.5,0.08761617030292833
Portugal,2018-07-31,2018Jul,35441.39,397170.98,0.0892345911073362
Portugal,2018-08-31,2018Aug,35302.31,397979.75,0.0887037845518522
Portugal,2018-09-30,2018Sep,35043.03,398159.76,0.08801248523959326
Portugal,2018-10-31,2018Oct,35305.17,395826.7,0.08919350311638906
Portugal,2018-11-30,2018Nov,34994.12,393978.55,0.08882239908746302
Portugal,2018-12-31,2018Dec,34389.85,391183.19,0.08791239214548048
Portugal,2019-01-31,2019Jan,35662.56,391974.21,0.09098190414109131
Portugal,2019-02-28,2019Feb,36028.64,391199.7,0.09209782113841089
Portugal,2019-03-31,2019Mar,35091.57,392351.21,0.0894391787398846
Portugal,2019-04-30,2019Apr,36054.29,393553.05,0.09161227438079822
Portugal,2019-05-31,2019May,36857.16,392904.32,0.09380696043250429
Portugal,2019-06-30,2019Jun,34751.79,397664.2,0.08738978766507018
Portugal,2019-07-31,2019Jul,34935.57,396580.42,0.08809201926812221
Portugal,2019-08-31,2019Aug,34605.67,397335.96,0.08709423128981328
Portugal,2019-09-30,2019Sep,33431.77,395726.45,0.08448202034511465
Portugal,2019-10-31,2019Oct,31680.25,391904.03,0.08083675485551908
Portugal,2019-11-30,2019Nov,32161.01,393762.5,0.08167616266150281
Portugal,2019-12-31,2019Dec,31132.14,388084.9,0.0802199209502869
Portugal,2020-01-31,2020Jan,30972.83,389657.93,0.07948723127487743
Portugal,2020-02-29,2020Feb,30942.78,387680.42,0.07981517353907118
Portugal,2020-03-31,2020Mar,31213.12,392065.13,0.07961207873804028
Portugal,2020-04-30,2020Apr,32749.39,395924.04,0.08271634629713316
Portugal,2020-05-31,2020May,34175.77,397500.47,0.08597667821625468
Portugal,2020-06-30,2020Jun,34396.99,410051.91,0.08388447696780635
Portugal,2020-07-31,2020Jul,34241.25,412101.13,0.08308943486760155
Portugal,2020-08-31,2020Aug,34426.39,409821.6,0.08400335658247393
Portugal,2020-09-30,2020Sep,33958.71,410121.6,0.08280156421900237
Portugal,2020-10-31,2020Oct,33780.48,409558.01,0.08248033044207828
Portugal,2020-11-30,2020Nov,33270.88,412408.23,0.08067462669210068
Portugal,2020-12-31,2020Dec,32994.2,413364.27,0.07981870324689648
Portugal,2021-01-31,2021Jan,31015.68,413724.26,0.0749670323901238
Portugal,2021-02-28,2021Feb,31723.11,415380.44,0.07637121767216579
Portugal,2021-03-31,2021Mar,30447.63,421813.87,0.07218261931500736
Portugal,2021-04-30,2021Apr,30861.51,424683.27,0.07266947435909119
Portugal,2021-05-31,2021May,30694.49,426385.41,0.0719876648687393
Portugal,2021-06-30,2021Jun,30472.93,430235.56,0.07082847824108263
Portugal,2021-07-31,2021Jul,28844.54,433263.04,0.06657512258603919
Portugal,2021-08-31,2021Aug,28747.11,434559.12,0.0661523568991027
Portugal,2021-09-30,2021Sep,28490.56,436446.22,0.06527851243619433
Portugal,2021-10-31,2021Oct,28567.44,438469.63,0.0651526081749379
Portugal,2021-11-30,2021Nov,28222.79,439161.6,0.06426515888456551
Portugal,2021-12-31,2021Dec,28083.06,438307.82,0.06407154679558306
Portugal,2022-01-31,2022Jan,28783.83,438959.14,0.0655729141441274
Portugal,2022-02-28,2022Feb,28750.48,439822.11,0.06536842815837521
Portugal,2022-03-31,2022Mar,29129.49,443304.82,0.06570984272176422
Portugal,2022-04-30,2022Apr,28465.41,448723.29,0.06343644431738768
Portugal,2022-05-31,2022May,28156.98,447728.53,0.06288850969581947
Portugal,2022-06-30,2022Jun,27868.84,453411.63,0.06146476657424954
Portugal,2022-07-31,2022Jul,27357.29,455963.27,0.05999888982285788
Portugal,2022-08-31,2022Aug,27136.75,454762.37,0.05967237350794878
Portugal,2022-09-30,2022Sep,26676.84,454731.78,0.05866500027774615
Portugal,2022-10-31,2022Oct,26172.09,456340.01,0.05735217036963294
Portugal,2022-11-30,2022Nov,25407.31,441603.24,0.05753424725778734
Portugal,2022-12-31,2022Dec,24157.87,430840.69,0.05607146808719483
Portugal,2023-01-31,2023Jan,24345.12,427584.24,0.05693642964951187
Portugal,2023-02-28,2023Feb,24696.25,425967.21,0.0579768804270169
Portugal,2023-03-31,2023Mar,24276.68,421233.67,0.05763233504102367
Portugal,2023-04-30,2023Apr,24175.48,422648.34,0.05719998805626445
Portugal,2023-05-31,2023May,23954.78,421554.05,0.05682493146489756
Portugal,2023-06-30,2023Jun,23870.9,420442.53,0.05677565492720254
Portugal,2023-07-31,2023Jul,23924.92,419032.25,0.05709565313886938
Portugal,2023-08-31,2023Aug,23816.33,420391.52,0.05665273647765302
Portugal,2023-09-30,2023Sep,24564.27,420001.82,0.05848610370307443
Portugal,2023-10-31,2023Oct,23853.38,421051.84,0.05665188400554193
Portugal,2023-11-30,2023Nov,23790.48,423776.64,0.056139196346452695
Portugal,2023-12-31,2023Dec,21746.28,425371.22,0.051123063755935345
Portugal,2024-01-31,2024Jan,22585.02,426188.81,0.05299299153349427
Portugal,2024-02-29,2024Feb,22717.82,429839.1,0.05285191598437648
Portugal,2024-03-31,2024Mar,23046.34,433980.22,0.05310458619519572
Portugal,2024-04-30,2024Apr,23234.31,437719.55,0.053080357045966996
Portugal,2024-05-31,2024May,24236.59,439502.74,0.05514548100428225
Portugal,2024-06-30,2024Jun,24657.56,441591.79,0.05583790405161292
Portugal,2024-07-31,2024Jul,23981.5,441915.86,0.054267117726890364
Portugal,2024-08-31,2024Aug,24260.36,443494.72,0.05470270311222646
Portugal,2024-09-30,2024Sep,23933.81,443243.01,0.05399703878014907
Portugal,2024-10-31,2024Oct,24294.28,443447.47,0.05478502335349889
Portugal,2024-11-30,2024Nov,23544.98,445308.06,0.05287346472013105
Portugal,2024-12-31,2024Dec,22867.72,443704.94,0.0515381235106375
Portugal,2025-01-31,2025Jan,22964.86,446478.82,0.05143549698505295
Portugal,2025-02-28,2025Feb,22727.75,451181.36,0.05037386739558567
Portugal,2025-03-31,2025Mar,21128.77,451317.0,0.046815807957599646
Portugal,2025-04-30,2025Apr,21101.87,453378.79,0.046543575626905705
Portugal,2025-05-31,2025May,21079.87,456169.97,0.046210560506646244
Portugal,2025-06-30,2025Jun,21994.1,456486.34,0.04818128840394216
Portugal,2025-07-31,2025Jul,22131.36,459214.23,0.04819397691574149
Portugal,2025-08-31,2025Aug,22209.76,461456.96,0.04812964572037227
Portugal,2025-09-30,2025Sep,21897.36,462069.5,0.04738975413871723
Portugal,2025-10-31,2025Oct,20729.45,466290.85,0.04445605141083082
Portugal,2025-11-30,2025Nov,20474.85,470021.69,0.043561500321400055
Portugal,2025-12-31,2025Dec,20490.38,470705.14,0.04353124335969648
Portugal,2026-01-31,2026Jan,21162.54,472781.52,0.04476177495262505
Portugal,2026-02-28,2026Feb,20276.64,475829.2,0.042613273838595866
Portugal,2026-03-31,2026Mar,21853.42,480112.73,0.04551726841319121
Portugal,2026-04-30,2026Apr,21847.65,483380.47,0.045197626623185674
Spain,1997-09-30,1997Sep,111682.0,864353.0,0.12920878391120294
Spain,1997-10-31,1997Oct,112248.0,861452.0,0.13030093377228213
Spain,1997-11-30,1997Nov,112163.0,874161.0,0.1283093160184451
Spain,1997-12-31,1997Dec,107743.0,881162.0,0.12227377031692242
Spain,1998-01-31,1998Jan,110699.0,893055.0,0.12395541148081585
Spain,1998-02-28,1998Feb,114153.0,907575.0,0.12577803487315098
Spain,1998-03-31,1998Mar,114086.0,892537.0,0.12782215191078913
Spain,1998-04-30,1998Apr,110448.0,882919.0,0.1250941479342952
Spain,1998-05-31,1998May,110378.0,886865.0,0.12445862673574896
Spain,1998-06-30,1998Jun,109932.0,909470.0,0.12087479521039726
Spain,1998-07-31,1998Jul,107118.0,919971.0,0.11643627896966317
Spain,1998-08-31,1998Aug,104246.0,910780.0,0.11445793715277015
Spain,1998-09-30,1998Sep,105881.0,912701.0,0.11600841896743841
Spain,1998-10-31,1998Oct,110196.0,922327.0,0.11947606434594238
Spain,1998-11-30,1998Nov,105462.0,935817.0,0.11269511026194223
Spain,1998-12-31,1998Dec,101843.0,933035.0,0.1091523897817338
Spain,1999-01-31,1999Jan,113803.0,967187.0,0.11766390573901428
Spain,1999-02-28,1999Feb,117175.0,964643.0,0.12146980800150936
Spain,1999-03-31,1999Mar,107207.0,969113.0,0.11062383849974151
Spain,1999-04-30,1999Apr,106217.0,952442.0,0.11152070152303237
Spain,1999-05-31,1999May,104733.0,964283.0,0.10861230572352722
Spain,1999-06-30,1999Jun,104828.0,984959.0,0.10642879551331579
Spain,1999-07-31,1999Jul,100277.0,986325.0,0.10166730033204066
Spain,1999-08-31,1999Aug,101701.0,978965.0,0.10388624721006369
Spain,1999-09-30,1999Sep,100950.0,996751.0,0.10127905565181274
Spain,1999-10-31,1999Oct,103279.0,1004842.0,0.10278133278664706
Spain,1999-11-30,1999Nov,102248.0,1028031.0,0.0994600357382219
Spain,1999-12-31,1999Dec,104935.0,1043662.0,0.10054500403387304
Spain,2000-01-31,2000Jan,104085.0,1032095.0,0.1008482746258823
Spain,2000-02-29,2000Feb,102101.0,1026662.0,0.09944947801710786
Spain,2000-03-31,2000Mar,99389.0,1047814.0,0.0948536667767371
Spain,2000-04-30,2000Apr,96939.0,1061779.0,0.09129866007898066
Spain,2000-05-31,2000May,99367.0,1060926.0,0.09366063231554321
Spain,2000-06-30,2000Jun,98521.0,1073313.0,0.09179149045991244
Spain,2000-07-31,2000Jul,96171.0,1079305.0,0.08910456265837738
Spain,2000-08-31,2000Aug,93984.0,1075994.0,0.08734621196772473
Spain,2000-09-30,2000Sep,94125.0,1100555.0,0.08552503055276656
Spain,2000-10-31,2000Oct,90255.0,1104860.0,0.0816890827797187
Spain,2000-11-30,2000Nov,91774.0,1118693.0,0.08203680545064643
Spain,2000-12-31,2000Dec,92691.0,1152691.0,0.08041270383823591
Spain,2001-01-31,2001Jan,93971.0,1161360.0,0.08091461734518152
Spain,2001-02-28,2001Feb,94486.0,1161123.0,0.0813746691780285
Spain,2001-03-31,2001Mar,95696.0,1194291.0,0.08012787503213203
Spain,2001-04-30,2001Apr,99118.0,1197851.0,0.08274651855698247
Spain,2001-05-31,2001May,99092.0,1202804.0,0.08238416234066398
Spain,2001-06-30,2001Jun,100261.0,1221973.0,0.0820484576991472
Spain,2001-07-31,2001Jul,98749.0,1215070.0,0.08127021488473915
Spain,2001-08-31,2001Aug,97662.0,1201863.0,0.08125884564214057
Spain,2001-09-30,2001Sep,99334.0,1233080.0,0.08055762805332987
Spain,2001-10-31,2001Oct,95597.0,1244023.0,0.07684504225404193
Spain,2001-11-30,2001Nov,99200.0,1268684.0,0.07819125960444051
Spain,2001-12-31,2001Dec,100709.0,1291841.0,0.07795773628488335
Spain,2002-01-31,2002Jan,100608.0,1286088.0,0.07822792841547391
Spain,2002-02-28,2002Feb,98857.0,1276839.0,0.07742323033679266
Spain,2002-03-31,2002Mar,101741.0,1304881.0,0.0779695619753832
Spain,2002-04-30,2002Apr,102298.0,1316850.0,0.0776838668033565
Spain,2002-05-31,2002May,105178.0,1331128.0,0.07901418946938236
Spain,2002-06-30,2002Jun,105609.0,1341012.0,0.07875321026210057
Spain,2002-07-31,2002Jul,102127.0,1344657.0,0.07595022373735458
Spain,2002-08-31,2002Aug,100623.0,1335196.0,0.0753619693288476
Spain,2002-09-30,2002Sep,103068.0,1356221.0,0.07599646370318702
Spain,2002-10-31,2002Oct,102133.0,1380185.0,0.07399950006702
Spain,2002-11-30,2002Nov,102656.0,1388717.0,0.07392146852094415
Spain,2002-12-31,2002Dec,105110.0,1395872.0,0.07530060062813783
Spain,2003-01-31,2003Jan,107534.0,1396119.0,0.07702352020135819
Spain,2003-02-28,2003Feb,108252.0,1413622.0,0.0765777555810535
Spain,2003-03-31,2003Mar,110625.0,1428466.0,0.07744321530928983
Spain,2003-04-30,2003Apr,111866.0,1467217.0,0.07624366402515784
Spain,2003-05-31,2003May,108111.0,1460759.0,0.07401015499476642
Spain,2003-06-30,2003Jun,112809.0,1476564.0,0.07639966841938446
Spain,2003-07-31,2003Jul,110955.0,1482591.0,0.07483857651908045
Spain,2003-08-31,2003Aug,112727.0,1496674.0,0.07531833919744714
Spain,2003-09-30,2003Sep,112675.0,1499193.0,0.07515710118710534
Spain,2003-10-31,2003Oct,111293.0,1523676.0,0.07304243159306835
Spain,2003-11-30,2003Nov,113103.0,1540573.0,0.07341618995010298
Spain,2003-12-31,2003Dec,112159.0,1560969.0,0.07185216362400534
Spain,2004-01-31,2004Jan,108219.0,1570933.0,0.06888836124774259
Spain,2004-02-29,2004Feb,102664.0,1576550.0,0.06511940629856332
Spain,2004-03-31,2004Mar,105778.0,1599514.0,0.06613133739373335
Spain,2004-04-30,2004Apr,102957.0,1627878.0,0.06324614006700748
Spain,2004-05-31,2004May,105870.0,1635199.0,0.06474441337109428
Spain,2004-06-30,2004Jun,104678.0,1679118.0,0.06234106239108866
Spain,2004-07-31,2004Jul,98011.0,1695456.0,0.05780804692071042
Spain,2004-08-31,2004Aug,96184.0,1675132.0,0.057418758641110075
Spain,2004-09-30,2004Sep,99082.0,1702945.0,0.058182736377275834
Spain,2004-10-31,2004Oct,92687.0,1731459.0,0.05353115493927376
Spain,2004-11-30,2004Nov,92977.0,1743230.0,0.053336048599438975
Spain,2004-12-31,2004Dec,93000.0,1775416.0,0.052382089606041626
Spain,2005-01-31,2005Jan,89629.0,1784434.0,0.05022825164730105
Spain,2005-02-28,2005Feb,88769.0,1803285.0,0.04922627316258939
Spain,2005-03-31,2005Mar,89540.0,1846839.0,0.048482840139286644
Spain,2005-04-30,2005Apr,85145.0,1873200.0,0.045454302797352124
Spain,2005-05-31,2005May,86262.0,1885439.0,0.04575167905193432
Spain,2005-06-30,2005Jun,91700.0,2046983.0,0.044797636326242084
Spain,2005-07-31,2005Jul,90046.0,2080589.0,0.0432790906805717
Spain,2005-08-31,2005Aug,87940.0,2042429.0,0.043056576262871314
Spain,2005-09-30,2005Sep,89625.0,2090703.0,0.042868355763587655
Spain,2005-10-31,2005Oct,88248.0,2124128.0,0.041545518914114406
Spain,2005-11-30,2005Nov,89617.0,2168152.0,0.04133335670192865
Spain,2005-12-31,2005Dec,88821.0,2207728.0,0.04023185827239587
Spain,2006-01-31,2006Jan,81649.0,2189661.0,0.037288420444991255
Spain,2006-02-28,2006Feb,79703.0,2228475.0,0.03576571422160895
Spain,2006-03-31,2006Mar,81195.0,2252279.0,0.03605015186839641
Spain,2006-04-30,2006Apr,77755.0,2295105.0,0.03387862428952052
Spain,2006-05-31,2006May,78040.0,2288980.0,0.03409378849968108
Spain,2006-06-30,2006Jun,75787.0,2340604.0,0.03237924911689461
Spain,2006-07-31,2006Jul,75851.0,2380790.0,0.03185959282423061
Spain,2006-08-31,2006Aug,74787.0,2364021.0,0.03163550577596392
Spain,2006-09-30,2006Sep,75621.0,2430042.0,0.031119215223440584
Spain,2006-10-31,2006Oct,69982.0,2463816.0,0.02840390678524695
Spain,2006-11-30,2006Nov,70516.0,2487040.0,0.02835338394235718
Spain,2006-12-31,2006Dec,70483.0,2526870.0,0.027893401718331375
Spain,2007-01-31,2007Jan,71285.0,2526297.0,0.028217189032010093
Spain,2007-02-28,2007Feb,70309.0,2562751.0,0.02743497124769437
Spain,2007-03-31,2007Mar,70010.0,2615361.0,0.026768771118021565
Spain,2007-04-30,2007Apr,67522.0,2642309.0,0.02555416493680338
Spain,2007-05-31,2007May,70718.0,2686156.0,0.02632684028775693
Spain,2007-06-30,2007Jun,72054.0,2761465.0,0.026092671824556893
Spain,2007-07-31,2007Jul,69425.0,2780063.0,0.024972455660177487
Spain,2007-08-31,2007Aug,68946.0,2782277.0,0.024780422653819155
Spain,2007-09-30,2007Sep,73029.0,2855533.0,0.025574559985824013
Spain,2007-10-31,2007Oct,71639.0,2910118.0,0.024617214834587463
Spain,2007-11-30,2007Nov,74760.0,2970670.0,0.025166039984245978
Spain,2007-12-31,2007Dec,76503.0,3005274.0,0.025456247916163386
Spain,2008-01-31,2008Jan,76407.0,3016951.0,0.0253259002217802
Spain,2008-02-29,2008Feb,76594.0,3073619.0,0.024919809514451857
Spain,2008-03-31,2008Mar,74594.0,3078572.0,0.024230065108108566
Spain,2008-04-30,2008Apr,71249.0,3114127.0,0.022879285269997017
Spain,2008-05-31,2008May,73997.0,3151022.0,0.023483492022588228
Spain,2008-06-30,2008Jun,75605.0,3220798.0,0.023473996195973793
Spain,2008-07-31,2008Jul,75697.0,3245913.0,0.023320711306803354
Spain,2008-08-31,2008Aug,75756.0,3262473.0,0.023220422054067574
Spain,2008-09-30,2008Sep,74718.0,3281196.0,0.022771574755058827
Spain,2008-10-31,2008Oct,77677.0,3327859.0,0.02334143363646116
Spain,2008-11-30,2008Nov,92036.0,3380181.0,0.02722812772452126
Spain,2008-12-31,2008Dec,99594.0,3409442.0,0.02921123163262493
Spain,2009-01-31,2009Jan,105518.0,3420781.0,0.030846172263000758
Spain,2009-02-28,2009Feb,112636.0,3417441.0,0.03295916447423672
Spain,2009-03-31,2009Mar,119075.0,3443488.0,0.034579763309760335
Spain,2009-04-30,2009Apr,126753.0,3453865.0,0.03669888660963877
Spain,2009-05-31,2009May,127547.0,3439670.0,0.03708117348466568
Spain,2009-06-30,2009Jun,135814.0,3485254.0,0.038968178502915424
Spain,2009-07-31,2009Jul,132149.0,3458877.0,0.038205752907663384
Spain,2009-08-31,2009Aug,133408.0,3419752.0,0.03901101600349967
Spain,2009-09-30,2009Sep,141620.0,3426548.0,0.04133022505448632
Spain,2009-10-31,2009Oct,145023.0,3411911.0,0.042504918797706036
Spain,2009-11-30,2009Nov,149125.0,3416627.0,0.04364684819267658
Spain,2009-12-31,2009Dec,151993.0,3446809.0,0.044096728307254626
Spain,2010-01-31,2010Jan,145024.0,3438897.0,0.04217166143679209
Spain,2010-02-28,2010Feb,142506.0,3428476.0,0.04156540690382549
Spain,2010-03-31,2010Mar,149986.0,3441465.0,0.043582021028835106
Spain,2010-04-30,2010Apr,153009.0,3455357.0,0.044281676249371626
Spain,2010-05-31,2010May,156964.0,3495581.0,0.044903551083496564
Spain,2010-06-30,2010Jun,158518.0,3487509.0,0.04545307266590567
Spain,2010-07-31,2010Jul,151773.0,3490757.0,0.04347853488512664
Spain,2010-08-31,2010Aug,150171.0,3523278.0,0.042622523683910264
Spain,2010-09-30,2010Sep,155441.0,3486292.0,0.04458633987055588
Spain,2010-10-31,2010Oct,156255.0,3492263.0,0.044743193739990375
Spain,2010-11-30,2010Nov,157726.0,3479012.0,0.04533643459694879
Spain,2010-12-31,2010Dec,158251.0,3471026.0,0.04559199498937778
Spain,2011-01-31,2011Jan,156625.0,3449098.0,0.04541042324688948
Spain,2011-02-28,2011Feb,160094.0,3443807.0,0.046487506413686944
Spain,2011-03-31,2011Mar,164321.0,3457617.0,0.04752434986292582
Spain,2011-04-30,2011Apr,162489.0,3474986.0,0.0467596128444834
Spain,2011-05-31,2011May,166826.0,3514273.0,0.04747098475274972
Spain,2011-06-30,2011Jun,176880.0,3554587.0,0.04976105522244919
Spain,2011-07-31,2011Jul,173374.0,3554589.0,0.048774696596427886
Spain,2011-08-31,2011Aug,168110.0,3551607.0,0.047333502834069195
Spain,2011-09-30,2011Sep,165902.0,3569262.0,0.04648075708647894
Spain,2011-10-31,2011Oct,164599.0,3551001.0,0.04635284529629814
Spain,2011-11-30,2011Nov,165258.0,3545932.0,0.046604954635339875
Spain,2011-12-31,2011Dec,192994.0,3621173.0,0.05329599000103005
Spain,2012-01-31,2012Jan,216169.0,3638242.0,0.059415783776890045
Spain,2012-02-29,2012Feb,231616.0,3656367.0,0.06334593874192607
Spain,2012-03-31,2012Mar,249039.0,3733042.0,0.06671208092488647
Spain,2012-04-30,2012Apr,246514.0,3678167.0,0.06702088295610287
Spain,2012-05-31,2012May,241641.0,3730104.0,0.06478130368483023
Spain,2012-06-30,2012Jun,242493.0,3727993.0,0.06504652771611964
Spain,2012-07-31,2012Jul,234009.0,3673060.0,0.06370955007541396
Spain,2012-08-31,2012Aug,229075.0,3630626.0,0.06309517972933593
Spain,2012-09-30,2012Sep,240230.0,3637294.0,0.06604635204083036
Spain,2012-10-31,2012Oct,239443.0,3600115.0,0.06650981982520003
Spain,2012-11-30,2012Nov,245771.0,3590257.0,0.06845498804124607
Spain,2012-12-31,2012Dec,243253.0,3581073.0,0.06792740611542965
Spain,2013-01-31,2013Jan,250240.0,3507534.0,0.07134357072518756
Spain,2013-02-28,2013Feb,258600.0,3503826.0,0.07380503483905879
Spain,2013-03-31,2013Mar,274389.0,3520285.0,0.07794510955789091
Spain,2013-04-30,2013Apr,272403.0,3494337.0,0.07795556066859036
Spain,2013-05-31,2013May,290675.0,3422270.0,0.08493631420080823
Spain,2013-06-30,2013Jun,305963.0,3400605.0,0.08997310772641927
Spain,2013-07-31,2013Jul,301553.0,3315112.0,0.0909631409134895
Spain,2013-08-31,2013Aug,297993.0,3291456.0,0.0905353132473896
Spain,2013-09-30,2013Sep,298854.0,3286526.0,0.09093310078788362
Spain,2013-10-31,2013Oct,291406.0,3236084.0,0.09004896041017477
Spain,2013-11-30,2013Nov,280674.0,3216910.0,0.08724956557690454
Spain,2013-12-31,2013Dec,260986.0,3151729.0,0.08280724643521065
Spain,2014-01-31,2014Jan,279385.0,3171855.0,0.08808252584055702
Spain,2014-02-28,2014Feb,278537.0,3137043.0,0.08878966593699864
Spain,2014-03-31,2014Mar,282644.0,3127881.0,0.09036277275254398
Spain,2014-04-30,2014Apr,283012.0,3113397.0,0.09090135308796148
Spain,2014-05-31,2014May,288104.0,3125674.0,0.09217340004107914
Spain,2014-06-30,2014Jun,287133.0,3104910.0,0.09247707663024049
Spain,2014-07-31,2014Jul,283356.0,3084518.0,0.09186394762488012
Spain,2014-08-31,2014Aug,290010.0,3074211.0,0.09433640046177702
Spain,2014-09-30,2014Sep,293432.0,3076220.0,0.09538719597428012
Spain,2014-10-31,2014Oct,289209.0,3057637.0,0.09458578634416054
Spain,2014-11-30,2014Nov,284574.0,3086373.0,0.09220337269668961
Spain,2014-12-31,2014Dec,282733.0,2973115.0,0.0950965569781189
Spain,2015-01-31,2015Jan,273560.0,2962969.0,0.09232631188513954
Spain,2015-02-28,2015Feb,267766.0,2946818.0,0.09086614782453481
Spain,2015-03-31,2015Mar,267604.0,2985255.0,0.08964192338677936
Spain,2015-04-30,2015Apr,257914.0,2932920.0,0.08793761848260437
Spain,2015-05-31,2015May,256511.0,2917212.0,0.08793018813853776
Spain,2015-06-30,2015Jun,255844.0,2900541.0,0.08820561405613643
Spain,2015-07-31,2015Jul,246533.0,2884196.0,0.08547720057860145
Spain,2015-08-31,2015Aug,245834.0,2851202.0,0.08622117969894802
Spain,2015-09-30,2015Sep,251674.0,2866669.0,0.08779318435438482
Spain,2015-10-31,2015Oct,251106.0,2863421.0,0.08769440469983282
Spain,2015-11-30,2015Nov,250384.0,2880313.0,0.08692944134890895
Spain,2015-12-31,2015Dec,242616.0,2828440.0,0.08577731894613284
Spain,2016-01-31,2016Jan,249030.0,2835371.0,0.08782977606810537
Spain,2016-02-29,2016Feb,251314.0,2851251.0,0.08814166132690528
Spain,2016-03-31,2016Mar,256143.0,2818657.0,0.09087412906217393
Spain,2016-04-30,2016Apr,256130.0,2814232.0,0.09101239698788159
Spain,2016-05-31,2016May,251039.0,2802856.0,0.08956542897672945
Spain,2016-06-30,2016Jun,256094.0,2841717.0,0.09011945946763876
Spain,2016-07-31,2016Jul,248625.0,2806283.0,0.08859584012018745
Spain,2016-08-31,2016Aug,244802.0,2778793.0,0.08809652248296293
Spain,2016-09-30,2016Sep,240121.0,2776449.0,0.08648493093156043
Spain,2016-10-31,2016Oct,232497.0,2739186.0,0.08487813532925476
Spain,2016-11-30,2016Nov,229557.0,2733913.0,0.08396646125900861
Spain,2016-12-31,2016Dec,218646.0,2727870.0,0.08015264657040108
Spain,2017-01-31,2017Jan,216936.0,2697187.0,0.08043046329379461
Spain,2017-02-28,2017Feb,222031.0,2691714.0,0.0824868466709316
Spain,2017-03-31,2017Mar,218308.0,2705306.0,0.08069623177562908
Spain,2017-04-30,2017Apr,214071.0,2687915.0,0.07964202737065718
Spain,2017-05-31,2017May,211977.0,2685287.0,0.07894016542738262
Spain,2017-06-30,2017Jun,211795.0,2708412.0,0.07819895939022571
Spain,2017-07-31,2017Jul,210389.0,2712009.0,0.07757680745159769
Spain,2017-08-31,2017Aug,212595.0,2700332.0,0.07872920811218768
Spain,2017-09-30,2017Sep,214300.0,2709509.0,0.07909182069518869
Spain,2017-10-31,2017Oct,209713.0,2724758.0,0.0769657342046523
Spain,2017-11-30,2017Nov,207925.0,2734641.0,0.07603374629430334
Spain,2017-12-31,2017Dec,200232.0,2723194.0,0.07352836411948616
Spain,2018-01-31,2018Jan,202776.0,2697805.0,0.07516332722342793
Spain,2018-02-28,2018Feb,211279.0,2684042.0,0.07871672648937685
Spain,2018-03-31,2018Mar,205809.0,2701331.0,0.07618799769446988
Spain,2018-04-30,2018Apr,193494.0,2673376.0,0.07237814658319668
Spain,2018-05-31,2018May,200885.0,2698682.0,0.07443818871582498
Spain,2018-06-30,2018Jun,201396.0,2701708.0,0.07454395515725608
Spain,2018-07-31,2018Jul,196867.0,2681269.0,0.0734230694495778
Spain,2018-08-31,2018Aug,197092.0,2673384.0,0.07372378977356041
Spain,2018-09-30,2018Sep,197789.0,2654699.0,0.07450524522742503
Spain,2018-10-31,2018Oct,192873.0,2640876.0,0.07303372062906399
Spain,2018-11-30,2018Nov,193526.0,2659285.0,0.07277369668914764
Spain,2018-12-31,2018Dec,193464.0,2645192.0,0.07313798015418163
Spain,2019-01-31,2019Jan,194884.0,2643264.0,0.07372854168179947
Spain,2019-02-28,2019Feb,200439.0,2632830.0,0.07613062749968665
Spain,2019-03-31,2019Mar,206716.0,2688520.0,0.07688839956556023
Spain,2019-04-30,2019Apr,196383.0,2665854.0,0.07366607473627589
Spain,2019-05-31,2019May,196989.0,2670303.0,0.07377028000193236
Spain,2019-06-30,2019Jun,192215.0,2697696.0,0.07125154205662906
Spain,2019-07-31,2019Jul,188329.0,2682010.0,0.0702193504125637
Spain,2019-08-31,2019Aug,186108.0,2706388.0,0.06876619316964161
Spain,2019-09-30,2019Sep,186445.0,2693909.0,0.06920983596699072
Spain,2019-10-31,2019Oct,179649.0,2689912.0,0.06678619969723916
Spain,2019-11-30,2019Nov,179724.0,2719410.0,0.06608933555440334
Spain,2019-12-31,2019Dec,177373.0,2676897.0,0.06626067420599298
Spain,2020-01-31,2020Jan,166869.0,2682617.0,0.06220381068188265
Spain,2020-02-29,2020Feb,167535.0,2702219.0,0.061999045969257115
Spain,2020-03-31,2020Mar,184398.0,2787458.0,0.06615274561984431
Spain,2020-04-30,2020Apr,191473.0,2804149.0,0.06828203494179517
Spain,2020-05-31,2020May,200619.0,2815604.0,0.07125256250523866
Spain,2020-06-30,2020Jun,206385.0,2926278.0,0.07052815897874365
Spain,2020-07-31,2020Jul,205786.0,2911983.0,0.07066868178832088
Spain,2020-08-31,2020Aug,208145.0,2887374.0,0.07208799414277471
Spain,2020-09-30,2020Sep,207816.0,2889692.0,0.07191631495674972
Spain,2020-10-31,2020Oct,201980.0,2871610.0,0.07033684936324919
Spain,2020-11-30,2020Nov,201008.0,2900724.0,0.06929580339253234
Spain,2020-12-31,2020Dec,195809.0,2892938.0,0.06768516988611578
Spain,2021-01-31,2021Jan,190608.0,2872735.0,0.06635070760094475
Spain,2021-02-28,2021Feb,194327.0,2861697.0,0.06790621089514369
Spain,2021-03-31,2021Mar,226932.0,2921490.0,0.0776768019058768
Spain,2021-04-30,2021Apr,222440.0,2907013.0,0.07651840566244458
Spain,2021-05-31,2021May,223648.0,2919362.0,0.07660851925865994
Spain,2021-06-30,2021Jun,221017.0,2959663.0,0.07467640741530371
Spain,2021-07-31,2021Jul,215011.0,2957656.0,0.07269641905617151
Spain,2021-08-31,2021Aug,211481.0,2955565.0,0.0715534931561309
Spain,2021-09-30,2021Sep,206638.0,2968628.0,0.06960723943855546
Spain,2021-10-31,2021Oct,207321.0,2964104.0,0.06994390210330002
Spain,2021-11-30,2021Nov,198590.0,3024037.0,0.06567049278828269
Spain,2021-12-31,2021Dec,198486.0,3003056.0,0.06609467156123629
Spain,2022-01-31,2022Jan,197471.0,3003060.0,0.06575659493982804
Spain,2022-02-28,2022Feb,201101.0,2983277.0,0.06740942929536882
Spain,2022-03-31,2022Mar,201840.0,3021724.0,0.06679630568509896
Spain,2022-04-30,2022Apr,202597.0,3067379.0,0.0660488971203102
Spain,2022-05-31,2022May,205777.0,3061080.0,0.06722365962340089
Spain,2022-06-30,2022Jun,207541.0,3120940.0,0.0664995161714099
Spain,2022-07-31,2022Jul,212719.0,3116233.0,0.068261583777593
Spain,2022-08-31,2022Aug,211785.0,3107693.0,0.06814862343223735
Spain,2022-09-30,2022Sep,213796.0,3138666.0,0.06811683689822363
Spain,2022-10-31,2022Oct,213714.0,3123430.0,0.06842285564267488
Spain,2022-11-30,2022Nov,217526.0,3107216.0,0.07000671984181338
Spain,2022-12-31,2022Dec,214869.0,2973847.0,0.07225287649297359
Spain,2023-01-31,2023Jan,215379.0,2959671.0,0.07277126410334121
Spain,2023-02-28,2023Feb,219096.0,2960851.0,0.07399764459609755
Spain,2023-03-31,2023Mar,222657.0,2966191.0,0.0750649570442362
Spain,2023-04-30,2023Apr,216479.0,2960626.0,0.07311933354635135
Spain,2023-05-31,2023May,213143.0,2994713.0,0.07117309738863123
Spain,2023-06-30,2023Jun,214188.0,2993618.0,0.07154820688544765
Spain,2023-07-31,2023Jul,211020.0,2979661.0,0.07082013692161625
Spain,2023-08-31,2023Aug,209969.0,2957393.0,0.07099800398526675
Spain,2023-09-30,2023Sep,215491.0,2987325.0,0.07213510414836015
Spain,2023-10-31,2023Oct,213716.0,2983703.0,0.07162777260337239
Spain,2023-11-30,2023Nov,214293.0,3043986.0,0.07039881260951923
Spain,2023-12-31,2023Dec,212197.0,3015215.0,0.07037541269859694
Spain,2024-01-31,2024Jan,212783.0,3020366.0,0.0704494091113461
Spain,2024-02-29,2024Feb,216829.0,3025290.0,0.07167213721659742
Spain,2024-03-31,2024Mar,219105.0,3030225.0,0.07230651189268124
Spain,2024-04-30,2024Apr,223487.0,3037193.0,0.0735834041498186
Spain,2024-05-31,2024May,224727.0,3035676.0,0.07402865127899025
Spain,2024-06-30,2024Jun,225891.0,3040413.0,0.07429615647611032
Spain,2024-07-31,2024Jul,227258.0,3054586.0,0.07439895291866067
Spain,2024-08-31,2024Aug,229026.0,3064201.0,0.0747424858878383
Spain,2024-09-30,2024Sep,231754.0,3073530.0,0.07540320087977016
Spain,2024-10-31,2024Oct,233664.0,3090321.0,0.07561156268232329
Spain,2024-11-30,2024Nov,238334.0,3154958.0,0.0755426855127707
Spain,2024-12-31,2024Dec,236311.0,3115248.0,0.07585624001684617
Spain,2025-01-31,2025Jan,240227.0,3142627.0,0.07644146123609324
Spain,2025-02-28,2025Feb,241842.0,3149788.0,0.07678040553840448
Spain,2025-03-31,2025Mar,250771.0,3136712.0,0.07994709109411384
Spain,2025-04-30,2025Apr,250375.0,3156182.0,0.07932844176920088
Spain,2025-05-31,2025May,249424.0,3185210.0,0.07830692481814386
Spain,2025-06-30,2025Jun,248032.0,3204937.0,0.07739060081368214
Spain,2025-07-31,2025Jul,247106.0,3223915.0,0.07664780243896008
Spain,2025-08-31,2025Aug,248086.0,3231244.0,0.07677724121112488
Spain,2025-09-30,2025Sep,249598.0,3222766.0,0.07744837819438333
Spain,2025-10-31,2025Oct,247059.0,3269107.0,0.07557384937232094
Spain,2025-11-30,2025Nov,247789.0,3306518.0,0.07493955877451748
Spain,2025-12-31,2025Dec,252670.0,3268432.0,0.07730618229169216
Spain,2026-01-31,2026Jan,255801.0,3351210.0,0.07633093718388284
Spain,2026-02-28,2026Feb,257832.0,3357042.0,0.07680332864468184
Spain,2026-03-31,2026Mar,267402.0,3337917.0,0.08011044013377205
Spain,2026-04-30,2026Apr,268650.0,3388290.0,0.07928778233268109
