date,P_t_bn,MS_actual,MS_fitted,MS_tilde,MS_tilde_nopurch,purchase_effect,fundamental_component,purchase_component,sentiment_component,non_fundamental_component,alpha.(Intercept),beta_gdp_growth_stdev,beta_inflation_stdev,beta_debt_gdp_stdev,beta_current_account_stdev,beta_policy_uncertainty_stdev,beta_bank_nexus_stdev,beta_bid_ask_stdev,gamma.vstoxx,delta.P_t_bn,lambda_gdp_growth_stdev,lambda_inflation_stdev,lambda_debt_gdp_stdev,lambda_current_account_stdev,lambda_policy_uncertainty_stdev,lambda_bank_nexus_stdev,lambda_bid_ask_stdev
2005-09-01,0,0.123797835466907,1.154281847060827,0.14637929085736268,0.14637929085736268,-0,0.14637929085736268,-0,1.0079025562034643,1.0079025562034643,4.313813262278821,1.515660307716073,0.17708010474407482,0.0599755645125125,-0.8099762039978827,-0.0014761195199183585,-121.38070809449407,249.11524130734784,0.02390980292664301,-0.00713851854602011,0.0381481294898118,0.14096177944673377,0.012511992150896697,0.03080443325889387,-4.501542301009363e-4,-3.031349837887121,-7.63399912424101
2005-10-01,0,0.10178454200838444,0.2875132525690546,0.19336632885868,0.19336632885868,-0,0.19336632885868,-0,0.09414692371037459,0.09414692371037459,4.313813262278821,1.515660307716073,0.17708010474407482,0.0599755645125125,-0.8099762039978827,-0.0014761195199183585,-121.38070809449407,249.11524130734784,0.02390980292664301,-0.00713851854602011,0.0381481294898118,0.14096177944673377,0.012511992150896697,0.03080443325889387,-4.501542301009363e-4,-3.031349837887121,-7.63399912424101
2005-11-01,0,0.08809025658966577,-0.022566469325020044,0.11308105770652777,0.11308105770652777,-0,0.11308105770652777,-0,-0.1356475270315478,-0.1356475270315478,4.313813262278821,1.515660307716073,0.17708010474407482,0.0599755645125125,-0.8099762039978827,-0.0014761195199183585,-121.38070809449407,249.11524130734784,0.02390980292664301,-0.00713851854602011,0.0381481294898118,0.14096177944673377,0.012511992150896697,0.03080443325889387,-4.501542301009363e-4,-3.031349837887121,-7.63399912424101
2005-12-01,0,0.09943419585102292,-0.2458066352676349,0.1470377512979164,0.1470377512979164,-0,0.1470377512979164,-0,-0.3928443865655513,-0.3928443865655513,4.313813262278821,1.515660307716073,0.17708010474407482,0.0599755645125125,-0.8099762039978827,-0.0014761195199183585,-121.38070809449407,249.11524130734784,0.02390980292664301,-0.00713851854602011,0.0381481294898118,0.14096177944673377,0.012511992150896697,0.03080443325889387,-4.501542301009363e-4,-3.031349837887121,-7.63399912424101
2006-01-01,0,0.12204225311613848,-0.21038212013984903,0.16814707209032242,0.16814707209032242,-0,0.16814707209032242,-0,-0.37852919223017145,-0.37852919223017145,4.313813262278821,1.515660307716073,0.17708010474407482,0.0599755645125125,-0.8099762039978827,-0.0014761195199183585,-121.38070809449407,249.11524130734784,0.02390980292664301,-0.00713851854602011,0.0381481294898118,0.14096177944673377,0.012511992150896697,0.03080443325889387,-4.501542301009363e-4,-3.031349837887121,-7.63399912424101
2006-02-01,0,0.12459189544453994,-0.040946446794108526,0.14163996993086592,0.14163996993086592,-0,0.14163996993086592,-0,-0.18258641672497444,-0.18258641672497444,4.313813262278821,1.515660307716073,0.17708010474407482,0.0599755645125125,-0.8099762039978827,-0.0014761195199183585,-121.38070809449407,249.11524130734784,0.02390980292664301,-0.00713851854602011,0.0381481294898118,0.14096177944673377,0.012511992150896697,0.03080443325889387,-4.501542301009363e-4,-3.031349837887121,-7.63399912424101
2006-03-01,0,0.1293088839017765,0.004137935124081782,0.17001907045015585,0.17001907045015585,-0,0.17001907045015585,-0,-0.16588113532607407,-0.16588113532607407,4.313813262278821,1.515660307716073,0.17708010474407482,0.0599755645125125,-0.8099762039978827,-0.0014761195199183585,-121.38070809449407,249.11524130734784,0.02390980292664301,-0.00713851854602011,0.0381481294898118,0.14096177944673377,0.012511992150896697,0.03080443325889387,-4.501542301009363e-4,-3.031349837887121,-7.63399912424101
2006-04-01,0,0.1279218170830347,-0.3484694479539083,-0.6902095315408765,-0.6902095315408765,-0,-0.6902095315408765,-0,0.3417400835869682,0.3417400835869682,4.313813262278821,1.515660307716073,0.17708010474407482,0.0599755645125125,-0.8099762039978827,-0.0014761195199183585,-121.38070809449407,249.11524130734784,0.02390980292664301,-0.00713851854602011,0.0381481294898118,0.14096177944673377,0.012511992150896697,0.03080443325889387,-4.501542301009363e-4,-3.031349837887121,-7.63399912424101
2006-05-01,0,0.12645920525907411,0.11343176953668646,-0.3552006190842514,-0.3552006190842514,-0,-0.3552006190842514,-0,0.4686323886209378,0.4686323886209378,4.313813262278821,1.515660307716073,0.17708010474407482,0.0599755645125125,-0.8099762039978827,-0.0014761195199183585,-121.38070809449407,249.11524130734784,0.02390980292664301,-0.00713851854602011,0.0381481294898118,0.14096177944673377,0.012511992150896697,0.03080443325889387,-4.501542301009363e-4,-3.031349837887121,-7.63399912424101
2006-06-01,0,0.12397234260953326,0.38111491444448337,-0.16437896269757157,-0.16437896269757157,-0,-0.16437896269757157,-0,0.545493877142055,0.545493877142055,4.313813262278821,1.515660307716073,0.17708010474407482,0.0599755645125125,-0.8099762039978827,-0.0014761195199183585,-121.38070809449407,249.11524130734784,0.02390980292664301,-0.00713851854602011,0.0381481294898118,0.14096177944673377,0.012511992150896697,0.03080443325889387,-4.501542301009363e-4,-3.031349837887121,-7.63399912424101
2006-07-01,0,0.11966840172142476,0.5813518493401191,0.04781976914286812,0.04781976914286812,-0,0.04781976914286812,-0,0.533532080197251,0.533532080197251,4.313813262278821,1.515660307716073,0.17708010474407482,0.0599755645125125,-0.8099762039978827,-0.0014761195199183585,-121.38070809449407,249.11524130734784,0.02390980292664301,-0.00713851854602011,0.0381481294898118,0.14096177944673377,0.012511992150896697,0.03080443325889387,-4.501542301009363e-4,-3.031349837887121,-7.63399912424101
2006-08-01,0,0.11323346667389496,0.25516547704285353,-0.28672762210806635,-0.28672762210806635,-0,-0.28672762210806635,-0,0.5418930991509199,0.5418930991509199,4.313813262278821,1.515660307716073,0.17708010474407482,0.0599755645125125,-0.8099762039978827,-0.0014761195199183585,-121.38070809449407,249.11524130734784,0.02390980292664301,-0.00713851854602011,0.0381481294898118,0.14096177944673377,0.012511992150896697,0.03080443325889387,-4.501542301009363e-4,-3.031349837887121,-7.63399912424101
2006-09-01,0,0.11901411127436422,-0.01918869685420608,-0.4403366483271114,-0.4403366483271114,-0,-0.4403366483271114,-0,0.4211479514729053,0.4211479514729053,4.313813262278821,1.515660307716073,0.17708010474407482,0.0599755645125125,-0.8099762039978827,-0.0014761195199183585,-121.38070809449407,249.11524130734784,0.02390980292664301,-0.00713851854602011,0.0381481294898118,0.14096177944673377,0.012511992150896697,0.03080443325889387,-4.501542301009363e-4,-3.031349837887121,-7.63399912424101
2006-10-01,0,0.10823813370131864,-0.13684359658046918,-0.4014110830819275,-0.4014110830819275,-0,-0.4014110830819275,-0,0.26456748650145834,0.26456748650145834,4.313813262278821,1.515660307716073,0.17708010474407482,0.0599755645125125,-0.8099762039978827,-0.0014761195199183585,-121.38070809449407,249.11524130734784,0.02390980292664301,-0.00713851854602011,0.0381481294898118,0.14096177944673377,0.012511992150896697,0.03080443325889387,-4.501542301009363e-4,-3.031349837887121,-7.63399912424101
2006-11-01,0,0.11613871244745624,0.051409749312692876,-0.21846801183303466,-0.21846801183303466,-0,-0.21846801183303466,-0,0.26987776114572753,0.26987776114572753,4.313813262278821,1.515660307716073,0.17708010474407482,0.0599755645125125,-0.8099762039978827,-0.0014761195199183585,-121.38070809449407,249.11524130734784,0.02390980292664301,-0.00713851854602011,0.0381481294898118,0.14096177944673377,0.012511992150896697,0.03080443325889387,-4.501542301009363e-4,-3.031349837887121,-7.63399912424101
2006-12-01,0,0.11884505966782176,0.36167361049906094,0.043168408955125415,0.043168408955125415,-0,0.043168408955125415,-0,0.3185052015439355,0.3185052015439355,4.313813262278821,1.515660307716073,0.17708010474407482,0.0599755645125125,-0.8099762039978827,-0.0014761195199183585,-121.38070809449407,249.11524130734784,0.02390980292664301,-0.00713851854602011,0.0381481294898118,0.14096177944673377,0.012511992150896697,0.03080443325889387,-4.501542301009363e-4,-3.031349837887121,-7.63399912424101
2007-01-01,0,0.09048062243598765,0.5630397186033078,0.19166220621466845,0.19166220621466845,-0,0.19166220621466845,-0,0.37137751238863936,0.37137751238863936,4.313813262278821,1.515660307716073,0.17708010474407482,0.0599755645125125,-0.8099762039978827,-0.0014761195199183585,-121.38070809449407,249.11524130734784,0.02390980292664301,-0.00713851854602011,0.0381481294898118,0.14096177944673377,0.012511992150896697,0.03080443325889387,-4.501542301009363e-4,-3.031349837887121,-7.63399912424101
2007-02-01,0,0.09459966981810636,0.5548325222775549,0.1834158583215979,0.1834158583215979,-0,0.1834158583215979,-0,0.37141666395595696,0.37141666395595696,4.313813262278821,1.515660307716073,0.17708010474407482,0.0599755645125125,-0.8099762039978827,-0.0014761195199183585,-121.38070809449407,249.11524130734784,0.02390980292664301,-0.00713851854602011,0.0381481294898118,0.14096177944673377,0.012511992150896697,0.03080443325889387,-4.501542301009363e-4,-3.031349837887121,-7.63399912424101
2007-03-01,0,0.1361457554538855,0.7982849284526161,0.3269438344195468,0.3269438344195468,-0,0.3269438344195468,-0,0.47134109403306934,0.47134109403306934,4.313813262278821,1.515660307716073,0.17708010474407482,0.0599755645125125,-0.8099762039978827,-0.0014761195199183585,-121.38070809449407,249.11524130734784,0.02390980292664301,-0.00713851854602011,0.0381481294898118,0.14096177944673377,0.012511992150896697,0.03080443325889387,-4.501542301009363e-4,-3.031349837887121,-7.63399912424101
2007-04-01,0,0.10925795550156094,0.32855228133122194,-0.2261128701214572,-0.2261128701214572,-0,-0.2261128701214572,-0,0.5546651514526791,0.5546651514526791,4.313813262278821,1.515660307716073,0.17708010474407482,0.0599755645125125,-0.8099762039978827,-0.0014761195199183585,-121.38070809449407,249.11524130734784,0.02390980292664301,-0.00713851854602011,0.0381481294898118,0.14096177944673377,0.012511992150896697,0.03080443325889387,-4.501542301009363e-4,-3.031349837887121,-7.63399912424101
2007-05-01,0,0.08736046823694499,0.4557684325205089,-0.12781839335209977,-0.12781839335209977,-0,-0.12781839335209977,-0,0.5835868258726087,0.5835868258726087,4.313813262278821,1.515660307716073,0.17708010474407482,0.0599755645125125,-0.8099762039978827,-0.0014761195199183585,-121.38070809449407,249.11524130734784,0.02390980292664301,-0.00713851854602011,0.0381481294898118,0.14096177944673377,0.012511992150896697,0.03080443325889387,-4.501542301009363e-4,-3.031349837887121,-7.63399912424101
2007-06-01,0,0.07623894349657374,0.4824185617515802,-0.06832787078803904,-0.06832787078803904,-0,-0.06832787078803904,-0,0.5507464325396192,0.5507464325396192,4.313813262278821,1.515660307716073,0.17708010474407482,0.0599755645125125,-0.8099762039978827,-0.0014761195199183585,-121.38070809449407,249.11524130734784,0.02390980292664301,-0.00713851854602011,0.0381481294898118,0.14096177944673377,0.012511992150896697,0.03080443325889387,-4.501542301009363e-4,-3.031349837887121,-7.63399912424101
2007-07-01,0,0.08381470362150438,0.29392440214889204,-0.21962870165439252,-0.21962870165439252,-0,-0.21962870165439252,-0,0.5135531038032846,0.5135531038032846,4.313813262278821,1.515660307716073,0.17708010474407482,0.0599755645125125,-0.8099762039978827,-0.0014761195199183585,-121.38070809449407,249.11524130734784,0.02390980292664301,-0.00713851854602011,0.0381481294898118,0.14096177944673377,0.012511992150896697,0.03080443325889387,-4.501542301009363e-4,-3.031349837887121,-7.63399912424101
2007-08-01,0,0.1002895822562016,0.3127142513239515,-0.28110040422281735,-0.28110040422281735,-0,-0.28110040422281735,-0,0.5938146555467688,0.5938146555467688,4.313813262278821,1.515660307716073,0.17708010474407482,0.0599755645125125,-0.8099762039978827,-0.0014761195199183585,-121.38070809449407,249.11524130734784,0.02390980292664301,-0.00713851854602011,0.0381481294898118,0.14096177944673377,0.012511992150896697,0.03080443325889387,-4.501542301009363e-4,-3.031349837887121,-7.63399912424101
2007-09-01,0,0.10790071612651622,0.37717697180200743,-0.1750234433621154,-0.1750234433621154,-0,-0.1750234433621154,-0,0.5522004151641229,0.5522004151641229,4.313813262278821,1.515660307716073,0.17708010474407482,0.0599755645125125,-0.8099762039978827,-0.0014761195199183585,-121.38070809449407,249.11524130734784,0.02390980292664301,-0.00713851854602011,0.0381481294898118,0.14096177944673377,0.012511992150896697,0.03080443325889387,-4.501542301009363e-4,-3.031349837887121,-7.63399912424101
2007-10-01,0,0.09032968863064209,0.369987860856539,-0.14012162849364973,-0.14012162849364973,-0,-0.14012162849364973,-0,0.5101094893501887,0.5101094893501887,4.313813262278821,1.515660307716073,0.17708010474407482,0.0599755645125125,-0.8099762039978827,-0.0014761195199183585,-121.38070809449407,249.11524130734784,0.02390980292664301,-0.00713851854602011,0.0381481294898118,0.14096177944673377,0.012511992150896697,0.03080443325889387,-4.501542301009363e-4,-3.031349837887121,-7.63399912424101
2007-11-01,0,0.11012694143246668,0.6281089584082027,0.07030489802284379,0.07030489802284379,-0,0.07030489802284379,-0,0.5578040603853589,0.5578040603853589,4.313813262278821,1.515660307716073,0.17708010474407482,0.0599755645125125,-0.8099762039978827,-0.0014761195199183585,-121.38070809449407,249.11524130734784,0.02390980292664301,-0.00713851854602011,0.0381481294898118,0.14096177944673377,0.012511992150896697,0.03080443325889387,-4.501542301009363e-4,-3.031349837887121,-7.63399912424101
2007-12-01,0,0.09488619509865603,0.44911870566379936,-0.07261222302954007,-0.07261222302954007,-0,-0.07261222302954007,-0,0.5217309286933394,0.5217309286933394,4.313813262278821,1.515660307716073,0.17708010474407482,0.0599755645125125,-0.8099762039978827,-0.0014761195199183585,-121.38070809449407,249.11524130734784,0.02390980292664301,-0.00713851854602011,0.0381481294898118,0.14096177944673377,0.012511992150896697,0.03080443325889387,-4.501542301009363e-4,-3.031349837887121,-7.63399912424101
2008-01-01,0,0.1156614901667581,0.5708798691066641,0.05069239406438797,0.05069239406438797,-0,0.05069239406438797,-0,0.5201874750422761,0.5201874750422761,4.313813262278821,1.515660307716073,0.17708010474407482,0.0599755645125125,-0.8099762039978827,-0.0014761195199183585,-121.38070809449407,249.11524130734784,0.02390980292664301,-0.00713851854602011,0.0381481294898118,0.14096177944673377,0.012511992150896697,0.03080443325889387,-4.501542301009363e-4,-3.031349837887121,-7.63399912424101
2008-02-01,0,0.15105709546914894,0.6636945697005031,0.10161194711641564,0.10161194711641564,-0,0.10161194711641564,-0,0.5620826225840875,0.5620826225840875,4.313813262278821,1.515660307716073,0.17708010474407482,0.0599755645125125,-0.8099762039978827,-0.0014761195199183585,-121.38070809449407,249.11524130734784,0.02390980292664301,-0.00713851854602011,0.0381481294898118,0.14096177944673377,0.012511992150896697,0.03080443325889387,-4.501542301009363e-4,-3.031349837887121,-7.63399912424101
2008-03-01,0,0.22339275239991307,0.6902981004884869,0.2216321274323878,0.2216321274323878,-0,0.2216321274323878,-0,0.46866597305609914,0.46866597305609914,4.313813262278821,1.515660307716073,0.17708010474407482,0.0599755645125125,-0.8099762039978827,-0.0014761195199183585,-121.38070809449407,249.11524130734784,0.02390980292664301,-0.00713851854602011,0.0381481294898118,0.14096177944673377,0.012511992150896697,0.03080443325889387,-4.501542301009363e-4,-3.031349837887121,-7.63399912424101
2008-04-01,0,0.18269687829912823,0.29787397209121175,-0.25999227681553094,-0.25999227681553094,-0,-0.25999227681553094,-0,0.5578662489067427,0.5578662489067427,4.313813262278821,1.515660307716073,0.17708010474407482,0.0599755645125125,-0.8099762039978827,-0.0014761195199183585,-121.38070809449407,249.11524130734784,0.02390980292664301,-0.00713851854602011,0.0381481294898118,0.14096177944673377,0.012511992150896697,0.03080443325889387,-4.501542301009363e-4,-3.031349837887121,-7.63399912424101
2008-05-01,0,0.16609268612820016,0.11019013210198744,-0.3384415717322895,-0.3384415717322895,-0,-0.3384415717322895,-0,0.448631703834277,0.448631703834277,4.313813262278821,1.515660307716073,0.17708010474407482,0.0599755645125125,-0.8099762039978827,-0.0014761195199183585,-121.38070809449407,249.11524130734784,0.02390980292664301,-0.00713851854602011,0.0381481294898118,0.14096177944673377,0.012511992150896697,0.03080443325889387,-4.501542301009363e-4,-3.031349837887121,-7.63399912424101
2008-06-01,0,0.17983239509054738,0.1843504038346414,-0.3685692776247853,-0.3685692776247853,-0,-0.3685692776247853,-0,0.5529196814594267,0.5529196814594267,4.313813262278821,1.515660307716073,0.17708010474407482,0.0599755645125125,-0.8099762039978827,-0.0014761195199183585,-121.38070809449407,249.11524130734784,0.02390980292664301,-0.00713851854602011,0.0381481294898118,0.14096177944673377,0.012511992150896697,0.03080443325889387,-4.501542301009363e-4,-3.031349837887121,-7.63399912424101
2008-07-01,0,0.1858038494388267,0.4257866231443214,-0.15757897814050548,-0.15757897814050548,-0,-0.15757897814050548,-0,0.583365601284827,0.583365601284827,4.313813262278821,1.515660307716073,0.17708010474407482,0.0599755645125125,-0.8099762039978827,-0.0014761195199183585,-121.38070809449407,249.11524130734784,0.02390980292664301,-0.00713851854602011,0.0381481294898118,0.14096177944673377,0.012511992150896697,0.03080443325889387,-4.501542301009363e-4,-3.031349837887121,-7.63399912424101
2008-08-01,0,0.18872326178365828,0.3683173951531271,-0.1750083227062822,-0.1750083227062822,-0,-0.1750083227062822,-0,0.5433257178594093,0.5433257178594093,4.313813262278821,1.515660307716073,0.17708010474407482,0.0599755645125125,-0.8099762039978827,-0.0014761195199183585,-121.38070809449407,249.11524130734784,0.02390980292664301,-0.00713851854602011,0.0381481294898118,0.14096177944673377,0.012511992150896697,0.03080443325889387,-4.501542301009363e-4,-3.031349837887121,-7.63399912424101
2008-09-01,0,0.2153293144043145,0.5550619557263905,-0.043254900652673456,-0.043254900652673456,-0,-0.043254900652673456,-0,0.598316856379064,0.598316856379064,4.313813262278821,1.515660307716073,0.17708010474407482,0.0599755645125125,-0.8099762039978827,-0.0014761195199183585,-121.38070809449407,249.11524130734784,0.02390980292664301,-0.00713851854602011,0.0381481294898118,0.14096177944673377,0.012511992150896697,0.03080443325889387,-4.501542301009363e-4,-3.031349837887121,-7.63399912424101
2008-10-01,0,0.28544712779211306,1.2387397770140947,0.003458821377851251,0.003458821377851251,-0,0.003458821377851251,-0,1.2352809556362434,1.2352809556362434,4.313813262278821,1.515660307716073,0.17708010474407482,0.0599755645125125,-0.8099762039978827,-0.0014761195199183585,-121.38070809449407,249.11524130734784,0.02390980292664301,-0.00713851854602011,0.0381481294898118,0.14096177944673377,0.012511992150896697,0.03080443325889387,-4.501542301009363e-4,-3.031349837887121,-7.63399912424101
2008-11-01,0,0.41613543323372254,1.0445610614633283,-0.09107055997788827,-0.09107055997788827,-0,-0.09107055997788827,-0,1.1356316214412165,1.1356316214412165,4.313813262278821,1.515660307716073,0.17708010474407482,0.0599755645125125,-0.8099762039978827,-0.0014761195199183585,-121.38070809449407,249.11524130734784,0.02390980292664301,-0.00713851854602011,0.0381481294898118,0.14096177944673377,0.012511992150896697,0.03080443325889387,-4.501542301009363e-4,-3.031349837887121,-7.63399912424101
2008-12-01,0,0.5716156370571313,0.4108493061155517,0.045608109250274254,0.045608109250274254,-0,0.045608109250274254,-0,0.36524119686527745,0.36524119686527745,4.313813262278821,1.515660307716073,0.17708010474407482,0.0599755645125125,-0.8099762039978827,-0.0014761195199183585,-121.38070809449407,249.11524130734784,0.02390980292664301,-0.00713851854602011,0.0381481294898118,0.14096177944673377,0.012511992150896697,0.03080443325889387,-4.501542301009363e-4,-3.031349837887121,-7.63399912424101
2009-01-01,0,0.7206804949219525,0.29028905953308914,-0.068544930831,-0.068544930831,-0,-0.068544930831,-0,0.35883399036408914,0.35883399036408914,4.313813262278821,1.515660307716073,0.17708010474407482,0.0599755645125125,-0.8099762039978827,-0.0014761195199183585,-121.38070809449407,249.11524130734784,0.02390980292664301,-0.00713851854602011,0.0381481294898118,0.14096177944673377,0.012511992150896697,0.03080443325889387,-4.501542301009363e-4,-3.031349837887121,-7.63399912424101
2009-02-01,0,0.7782994397431677,-0.39246052632624284,-0.26326803110083397,-0.26326803110083397,-0,-0.26326803110083397,-0,-0.12919249522540888,-0.12919249522540888,4.313813262278821,1.515660307716073,0.17708010474407482,0.0599755645125125,-0.8099762039978827,-0.0014761195199183585,-121.38070809449407,249.11524130734784,0.02390980292664301,-0.00713851854602011,0.0381481294898118,0.14096177944673377,0.012511992150896697,0.03080443325889387,-4.501542301009363e-4,-3.031349837887121,-7.63399912424101
2009-03-01,0,0.8658864239719596,-0.9138817402702102,-0.4795711187007017,-0.4795711187007017,-0,-0.4795711187007017,-0,-0.4343106215695085,-0.4343106215695085,4.313813262278821,1.515660307716073,0.17708010474407482,0.0599755645125125,-0.8099762039978827,-0.0014761195199183585,-121.38070809449407,249.11524130734784,0.02390980292664301,-0.00713851854602011,0.0381481294898118,0.14096177944673377,0.012511992150896697,0.03080443325889387,-4.501542301009363e-4,-3.031349837887121,-7.63399912424101
2009-04-01,0,0.7063815278587061,1.4663789511432412,1.8637586345859738,1.8637586345859738,-0,1.8637586345859738,-0,-0.39737968344273256,-0.39737968344273256,4.313813262278821,1.515660307716073,0.17708010474407482,0.0599755645125125,-0.8099762039978827,-0.0014761195199183585,-121.38070809449407,249.11524130734784,0.02390980292664301,-0.00713851854602011,0.0381481294898118,0.14096177944673377,0.012511992150896697,0.03080443325889387,-4.501542301009363e-4,-3.031349837887121,-7.63399912424101
2009-05-01,0,0.5790341486041483,1.3957508809229633,1.5070993814919684,1.5070993814919684,-0,1.5070993814919684,-0,-0.11134850056900514,-0.11134850056900514,4.313813262278821,1.515660307716073,0.17708010474407482,0.0599755645125125,-0.8099762039978827,-0.0014761195199183585,-121.38070809449407,249.11524130734784,0.02390980292664301,-0.00713851854602011,0.0381481294898118,0.14096177944673377,0.012511992150896697,0.03080443325889387,-4.501542301009363e-4,-3.031349837887121,-7.63399912424101
2009-06-01,0,0.655087114097255,1.4236644362809914,1.39059872458794,1.39059872458794,-0,1.39059872458794,-0,0.03306571169305128,0.03306571169305128,4.313813262278821,1.515660307716073,0.17708010474407482,0.0599755645125125,-0.8099762039978827,-0.0014761195199183585,-121.38070809449407,249.11524130734784,0.02390980292664301,-0.00713851854602011,0.0381481294898118,0.14096177944673377,0.012511992150896697,0.03080443325889387,-4.501542301009363e-4,-3.031349837887121,-7.63399912424101
2009-07-01,0,0.5922112518670946,1.6342367275940042,1.425644667880066,1.425644667880066,-0,1.425644667880066,-0,0.20859205971393813,0.20859205971393813,4.313813262278821,1.515660307716073,0.17708010474407482,0.0599755645125125,-0.8099762039978827,-0.0014761195199183585,-121.38070809449407,249.11524130734784,0.02390980292664301,-0.00713851854602011,0.0381481294898118,0.14096177944673377,0.012511992150896697,0.03080443325889387,-4.501542301009363e-4,-3.031349837887121,-7.63399912424101
2009-08-01,0,0.46215802288983526,1.622631879530654,1.3660224301791004,1.3660224301791004,-0,1.3660224301791004,-0,0.2566094493515536,0.2566094493515536,4.313813262278821,1.515660307716073,0.17708010474407482,0.0599755645125125,-0.8099762039978827,-0.0014761195199183585,-121.38070809449407,249.11524130734784,0.02390980292664301,-0.00713851854602011,0.0381481294898118,0.14096177944673377,0.012511992150896697,0.03080443325889387,-4.501542301009363e-4,-3.031349837887121,-7.63399912424101
2009-09-01,0,0.4731909385320682,1.8360121298948318,1.54626091016375,1.54626091016375,-0,1.54626091016375,-0,0.28975121973108187,0.28975121973108187,4.313813262278821,1.515660307716073,0.17708010474407482,0.0599755645125125,-0.8099762039978827,-0.0014761195199183585,-121.38070809449407,249.11524130734784,0.02390980292664301,-0.00713851854602011,0.0381481294898118,0.14096177944673377,0.012511992150896697,0.03080443325889387,-4.501542301009363e-4,-3.031349837887121,-7.63399912424101
2009-10-01,0,0.46683433991487944,1.3574409539170238,0.9395226350379331,0.9395226350379331,-0,0.9395226350379331,-0,0.4179183188790907,0.4179183188790907,4.313813262278821,1.515660307716073,0.17708010474407482,0.0599755645125125,-0.8099762039978827,-0.0014761195199183585,-121.38070809449407,249.11524130734784,0.02390980292664301,-0.00713851854602011,0.0381481294898118,0.14096177944673377,0.012511992150896697,0.03080443325889387,-4.501542301009363e-4,-3.031349837887121,-7.63399912424101
2009-11-01,0,0.5285178229579913,1.2000391193294462,0.8373031268205939,0.8373031268205939,-0,0.8373031268205939,-0,0.36273599250885225,0.36273599250885225,4.313813262278821,1.515660307716073,0.17708010474407482,0.0599755645125125,-0.8099762039978827,-0.0014761195199183585,-121.38070809449407,249.11524130734784,0.02390980292664301,-0.00713851854602011,0.0381481294898118,0.14096177944673377,0.012511992150896697,0.03080443325889387,-4.501542301009363e-4,-3.031349837887121,-7.63399912424101
2009-12-01,0,0.7016330452875071,1.5070856441365017,1.0618686963972586,1.0618686963972586,-0,1.0618686963972586,-0,0.44521694773924314,0.44521694773924314,4.313813262278821,1.515660307716073,0.17708010474407482,0.0599755645125125,-0.8099762039978827,-0.0014761195199183585,-121.38070809449407,249.11524130734784,0.02390980292664301,-0.00713851854602011,0.0381481294898118,0.14096177944673377,0.012511992150896697,0.03080443325889387,-4.501542301009363e-4,-3.031349837887121,-7.63399912424101
2010-01-01,0,0.795544854425584,1.7103702716666729,1.2305969073577545,1.2305969073577545,-0,1.2305969073577545,-0,0.47977336430891837,0.47977336430891837,4.313813262278821,1.515660307716073,0.17708010474407482,0.0599755645125125,-0.8099762039978827,-0.0014761195199183585,-121.38070809449407,249.11524130734784,0.02390980292664301,-0.00713851854602011,0.0381481294898118,0.14096177944673377,0.012511992150896697,0.03080443325889387,-4.501542301009363e-4,-3.031349837887121,-7.63399912424101
2010-02-01,0,0.9407100504608188,1.0089561870029582,0.7010144419877311,0.7010144419877311,-0,0.7010144419877311,-0,0.3079417450152271,0.3079417450152271,4.313813262278821,1.515660307716073,0.17708010474407482,0.0599755645125125,-0.8099762039978827,-0.0014761195199183585,-121.38070809449407,249.11524130734784,0.02390980292664301,-0.00713851854602011,0.0381481294898118,0.14096177944673377,0.012511992150896697,0.03080443325889387,-4.501542301009363e-4,-3.031349837887121,-7.63399912424101
2010-03-01,0,0.9215655213416976,1.001198944559711,0.3736675996698984,0.3736675996698984,-0,0.3736675996698984,-0,0.6275313448898125,0.6275313448898125,4.313813262278821,1.515660307716073,0.17708010474407482,0.0599755645125125,-0.8099762039978827,-0.0014761195199183585,-121.38070809449407,249.11524130734784,0.02390980292664301,-0.00713851854602011,0.0381481294898118,0.14096177944673377,0.012511992150896697,0.03080443325889387,-4.501542301009363e-4,-3.031349837887121,-7.63399912424101
2010-04-01,0,1.372325820458686,1.0749586955744699,0.5248133816076548,0.5248133816076548,-0,0.5248133816076548,-0,0.5501453139668151,0.5501453139668151,4.313813262278821,1.515660307716073,0.17708010474407482,0.0599755645125125,-0.8099762039978827,-0.0014761195199183585,-121.38070809449407,249.11524130734784,0.02390980292664301,-0.00713851854602011,0.0381481294898118,0.14096177944673377,0.012511992150896697,0.03080443325889387,-4.501542301009363e-4,-3.031349837887121,-7.63399912424101
2010-05-01,0,1.5362423957198683,0.9044219485276815,0.8319030624749937,0.8319030624749937,-0,0.8319030624749937,-0,0.07251888605268786,0.07251888605268786,4.313813262278821,1.515660307716073,0.17708010474407482,0.0599755645125125,-0.8099762039978827,-0.0014761195199183585,-121.38070809449407,249.11524130734784,0.02390980292664301,-0.00713851854602011,0.0381481294898118,0.14096177944673377,0.012511992150896697,0.03080443325889387,-4.501542301009363e-4,-3.031349837887121,-7.63399912424101
2010-06-01,35.5,1.8926230629951155,2.1837955228802035,1.9881027672526008,2.241520175636315,-0.2534174083837139,2.241520175636315,-0.2534174083837139,0.1956927556276027,0.1956927556276027,4.313813262278821,1.515660307716073,0.17708010474407482,0.0599755645125125,-0.8099762039978827,-0.0014761195199183585,-121.38070809449407,249.11524130734784,0.02390980292664301,-0.00713851854602011,0.0381481294898118,0.14096177944673377,0.012511992150896697,0.03080443325889387,-4.501542301009363e-4,-3.031349837887121,-7.63399912424101
2010-07-01,19.8,2.25107315865696,2.2873767712962065,2.039709988705713,2.181052655916911,-0.14134266721119818,2.181052655916911,-0.14134266721119818,0.24766678259049346,0.24766678259049346,4.313813262278821,1.515660307716073,0.17708010474407482,0.0599755645125125,-0.8099762039978827,-0.0014761195199183585,-121.38070809449407,249.11524130734784,0.02390980292664301,-0.00713851854602011,0.0381481294898118,0.14096177944673377,0.012511992150896697,0.03080443325889387,-4.501542301009363e-4,-3.031349837887121,-7.63399912424101
2010-08-01,5.0555,2.468057402231167,2.5618547867519044,2.2965297268297022,2.332618507339107,-0.03608878050940467,2.332618507339107,-0.03608878050940467,0.2653250599222021,0.2653250599222021,4.313813262278821,1.515660307716073,0.17708010474407482,0.0599755645125125,-0.8099762039978827,-0.0014761195199183585,-121.38070809449407,249.11524130734784,0.02390980292664301,-0.00713851854602011,0.0381481294898118,0.14096177944673377,0.012511992150896697,0.03080443325889387,-4.501542301009363e-4,-3.031349837887121,-7.63399912424101
2010-09-01,0.499,2.7061410535856094,2.946254775095542,2.5250771353269084,2.528639256081372,-0.003562120754464035,2.528639256081372,-0.003562120754464035,0.42117763976863376,0.42117763976863376,4.313813262278821,1.515660307716073,0.17708010474407482,0.0599755645125125,-0.8099762039978827,-0.0014761195199183585,-121.38070809449407,249.11524130734784,0.02390980292664301,-0.00713851854602011,0.0381481294898118,0.14096177944673377,0.012511992150896697,0.03080443325889387,-4.501542301009363e-4,-3.031349837887121,-7.63399912424101
2010-10-01,0.867,2.298309483342802,2.2984308206015553,1.7488005476686852,1.7549896432480847,-0.006189095579399435,1.7549896432480847,-0.006189095579399435,0.5496302729328701,0.5496302729328701,4.313813262278821,1.515660307716073,0.17708010474407482,0.0599755645125125,-0.8099762039978827,-0.0014761195199183585,-121.38070809449407,249.11524130734784,0.02390980292664301,-0.00713851854602011,0.0381481294898118,0.14096177944673377,0.012511992150896697,0.03080443325889387,-4.501542301009363e-4,-3.031349837887121,-7.63399912424101
2010-11-01,1.5784999999999765,2.8724233507771983,2.5971373582791943,2.020044580619536,2.0313127321444284,-0.011268151524892576,2.0313127321444284,-0.011268151524892576,0.5770927776596584,0.5770927776596584,4.313813262278821,1.515660307716073,0.17708010474407482,0.0599755645125125,-0.8099762039978827,-0.0014761195199183585,-121.38070809449407,249.11524130734784,0.02390980292664301,-0.00713851854602011,0.0381481294898118,0.14096177944673377,0.012511992150896697,0.03080443325889387,-4.501542301009363e-4,-3.031349837887121,-7.63399912424101
2010-12-01,3.9000000000000052,2.868929669204733,2.3097040655694023,1.7821462047625267,1.8099864270920052,-0.027840222329478467,1.8099864270920052,-0.027840222329478467,0.5275578608068756,0.5275578608068756,4.313813262278821,1.515660307716073,0.17708010474407482,0.0599755645125125,-0.8099762039978827,-0.0014761195199183585,-121.38070809449407,249.11524130734784,0.02390980292664301,-0.00713851854602011,0.0381481294898118,0.14096177944673377,0.012511992150896697,0.03080443325889387,-4.501542301009363e-4,-3.031349837887121,-7.63399912424101
2011-01-01,6.299999999999997,2.8170190493624365,2.194226283196081,1.6713025599833464,1.716275226823273,-0.04497266683992667,1.716275226823273,-0.04497266683992667,0.5229237232127344,0.5229237232127344,4.313813262278821,1.515660307716073,0.17708010474407482,0.0599755645125125,-0.8099762039978827,-0.0014761195199183585,-121.38070809449407,249.11524130734784,0.02390980292664301,-0.00713851854602011,0.0381481294898118,0.14096177944673377,0.012511992150896697,0.03080443325889387,-4.501542301009363e-4,-3.031349837887121,-7.63399912424101
2011-02-01,3.0000000000000004,2.7989637952774906,1.8300854913482592,1.3317691790107757,1.3531847346488362,-0.021415555638060333,1.3531847346488362,-0.021415555638060333,0.4983163123374834,0.4983163123374834,4.313813262278821,1.515660307716073,0.17708010474407482,0.0599755645125125,-0.8099762039978827,-0.0014761195199183585,-121.38070809449407,249.11524130734784,0.02390980292664301,-0.00713851854602011,0.0381481294898118,0.14096177944673377,0.012511992150896697,0.03080443325889387,-4.501542301009363e-4,-3.031349837887121,-7.63399912424101
2011-03-01,1,3.1688456225057675,2.3071639885272357,1.718289357897345,1.7254278764433653,-0.00713851854602011,1.7254278764433653,-0.00713851854602011,0.5888746306298906,0.5888746306298906,4.313813262278821,1.515660307716073,0.17708010474407482,0.0599755645125125,-0.8099762039978827,-0.0014761195199183585,-121.38070809449407,249.11524130734784,0.02390980292664301,-0.00713851854602011,0.0381481294898118,0.14096177944673377,0.012511992150896697,0.03080443325889387,-4.501542301009363e-4,-3.031349837887121,-7.63399912424101
2011-04-01,-0.7999999999999972,3.534361252249997,2.2740637343674184,1.857136941530695,1.851426126693879,0.005710814836816068,1.851426126693879,0.005710814836816068,0.4169267928367233,0.4169267928367233,4.313813262278821,1.515660307716073,0.17708010474407482,0.0599755645125125,-0.8099762039978827,-0.0014761195199183585,-121.38070809449407,249.11524130734784,0.02390980292664301,-0.00713851854602011,0.0381481294898118,0.14096177944673377,0.012511992150896697,0.03080443325889387,-4.501542301009363e-4,-3.031349837887121,-7.63399912424101
2011-05-01,-0.6000000000000085,4.238791355211685,2.2142721420567812,1.7244407278907348,1.7201576167631227,0.004283111127612127,1.7201576167631227,0.004283111127612127,0.4898314141660465,0.4898314141660465,4.313813262278821,1.515660307716073,0.17708010474407482,0.0599755645125125,-0.8099762039978827,-0.0014761195199183585,-121.38070809449407,249.11524130734784,0.02390980292664301,-0.00713851854602011,0.0381481294898118,0.14096177944673377,0.012511992150896697,0.03080443325889387,-4.501542301009363e-4,-3.031349837887121,-7.63399912424101
2011-06-01,-1.1999999999999886,4.578855779522412,2.2122427351263334,1.6053762163976026,1.5968099941423786,0.00856622225522405,1.5968099941423786,0.00856622225522405,0.6068665187287308,0.6068665187287308,4.313813262278821,1.515660307716073,0.17708010474407482,0.0599755645125125,-0.8099762039978827,-0.0014761195199183585,-121.38070809449407,249.11524130734784,0.02390980292664301,-0.00713851854602011,0.0381481294898118,0.14096177944673377,0.012511992150896697,0.03080443325889387,-4.501542301009363e-4,-3.031349837887121,-7.63399912424101
2011-07-01,-1,4.646314873768493,2.280194634649194,1.5912164676773628,1.5840779491313426,0.00713851854602011,1.5840779491313426,0.00713851854602011,0.6889781669718311,0.6889781669718311,4.313813262278821,1.515660307716073,0.17708010474407482,0.0599755645125125,-0.8099762039978827,-0.0014761195199183585,-121.38070809449407,249.11524130734784,0.02390980292664301,-0.00713851854602011,0.0381481294898118,0.14096177944673377,0.012511992150896697,0.03080443325889387,-4.501542301009363e-4,-3.031349837887121,-7.63399912424101
2011-08-01,0.09999999999999432,4.512897793251792,3.671944026794039,1.6540219614289497,1.6547358132835517,-7.138518546019704e-4,1.6547358132835517,-7.138518546019704e-4,2.017922065365089,2.017922065365089,4.313813262278821,1.515660307716073,0.17708010474407482,0.0599755645125125,-0.8099762039978827,-0.0014761195199183585,-121.38070809449407,249.11524130734784,0.02390980292664301,-0.00713851854602011,0.0381481294898118,0.14096177944673377,0.012511992150896697,0.03080443325889387,-4.501542301009363e-4,-3.031349837887121,-7.63399912424101
2011-09-01,41.599999999999994,5.026119449530158,4.029302328797669,2.2396532142117653,2.536615585726202,-0.29696237151443655,2.536615585726202,-0.29696237151443655,1.7896491145859033,1.7896491145859033,4.313813262278821,1.515660307716073,0.17708010474407482,0.0599755645125125,-0.8099762039978827,-0.0014761195199183585,-121.38070809449407,249.11524130734784,0.02390980292664301,-0.00713851854602011,0.0381481294898118,0.14096177944673377,0.012511992150896697,0.03080443325889387,-4.501542301009363e-4,-3.031349837887121,-7.63399912424101
2011-10-01,40.900000000000006,5.011208223180705,5.524290121902162,3.563438796096795,3.8554042046290173,-0.2919654085322225,3.8554042046290173,-0.2919654085322225,1.960851325805367,1.960851325805367,4.313813262278821,1.515660307716073,0.17708010474407482,0.0599755645125125,-0.8099762039978827,-0.0014761195199183585,-121.38070809449407,249.11524130734784,0.02390980292664301,-0.00713851854602011,0.0381481294898118,0.14096177944673377,0.012511992150896697,0.03080443325889387,-4.501542301009363e-4,-3.031349837887121,-7.63399912424101
2011-11-01,17,4.972237694623266,4.965763412372969,3.2124911960409293,3.333846011323271,-0.12135481528234188,3.333846011323271,-0.12135481528234188,1.7532722163320393,1.7532722163320393,4.313813262278821,1.515660307716073,0.17708010474407482,0.0599755645125125,-0.8099762039978827,-0.0014761195199183585,-121.38070809449407,249.11524130734784,0.02390980292664301,-0.00713851854602011,0.0381481294898118,0.14096177944673377,0.012511992150896697,0.03080443325889387,-4.501542301009363e-4,-3.031349837887121,-7.63399912424101
2011-12-01,29.80000000000001,5.849094385673654,4.105999328415055,3.0244215786248025,3.237149431296202,-0.21272785267139938,3.237149431296202,-0.21272785267139938,1.0815777497902523,1.0815777497902523,4.313813262278821,1.515660307716073,0.17708010474407482,0.0599755645125125,-0.8099762039978827,-0.0014761195199183585,-121.38070809449407,249.11524130734784,0.02390980292664301,-0.00713851854602011,0.0381481294898118,0.14096177944673377,0.012511992150896697,0.03080443325889387,-4.501542301009363e-4,-3.031349837887121,-7.63399912424101
2012-01-01,8.599999999999994,7.130752412371188,4.584398170203392,3.9655377786684722,4.026929038164245,-0.061391259495772905,4.026929038164245,-0.061391259495772905,0.6188603915349198,0.6188603915349198,4.313813262278821,1.515660307716073,0.17708010474407482,0.0599755645125125,-0.8099762039978827,-0.0014761195199183585,-121.38070809449407,249.11524130734784,0.02390980292664301,-0.00713851854602011,0.0381481294898118,0.14096177944673377,0.012511992150896697,0.03080443325889387,-4.501542301009363e-4,-3.031349837887121,-7.63399912424101
2012-02-01,7.1999999999999895,8.032954497061638,4.188365423458594,3.6633415717149824,3.7147389052463273,-0.05139733353134472,3.7147389052463273,-0.05139733353134472,0.5250238517436112,0.5250238517436112,4.313813262278821,1.515660307716073,0.17708010474407482,0.0599755645125125,-0.8099762039978827,-0.0014761195199183585,-121.38070809449407,249.11524130734784,0.02390980292664301,-0.00713851854602011,0.0381481294898118,0.14096177944673377,0.012511992150896697,0.03080443325889387,-4.501542301009363e-4,-3.031349837887121,-7.63399912424101
2012-03-01,0.200000000000017,5.281086287997114,5.934480009243002,5.360700026799442,5.3621277305086466,-0.0014277037092041433,5.3621277305086466,-0.0014277037092041433,0.5737799824435594,0.5737799824435594,4.313813262278821,1.515660307716073,0.17708010474407482,0.0599755645125125,-0.8099762039978827,-0.0014761195199183585,-121.38070809449407,249.11524130734784,0.02390980292664301,-0.00713851854602011,0.0381481294898118,0.14096177944673377,0.012511992150896697,0.03080443325889387,-4.501542301009363e-4,-3.031349837887121,-7.63399912424101
2012-04-01,-5.100000000000023,5.852109864704868,8.348014046374738,8.17496509384945,8.138558649264747,0.03640644458470273,8.138558649264747,0.03640644458470273,0.1730489525252885,0.1730489525252885,4.313813262278821,1.515660307716073,0.17708010474407482,0.0599755645125125,-0.8099762039978827,-0.0014761195199183585,-121.38070809449407,249.11524130734784,0.02390980292664301,-0.00713851854602011,0.0381481294898118,0.14096177944673377,0.012511992150896697,0.03080443325889387,-4.501542301009363e-4,-3.031349837887121,-7.63399912424101
2012-05-01,0,7.383640136891899,8.345522148169694,8.607642350003808,8.607642350003808,-0,8.607642350003808,-0,-0.26212020183411333,-0.26212020183411333,4.313813262278821,1.515660307716073,0.17708010474407482,0.0599755645125125,-0.8099762039978827,-0.0014761195199183585,-121.38070809449407,249.11524130734784,0.02390980292664301,-0.00713851854602011,0.0381481294898118,0.14096177944673377,0.012511992150896697,0.03080443325889387,-4.501542301009363e-4,-3.031349837887121,-7.63399912424101
2012-06-01,-2.0999999999999948,7.6408606242078925,6.4184149532154615,6.150939208158014,6.135948319211371,0.014990888946642194,6.135948319211371,0.014990888946642194,0.26747574505744787,0.26747574505744787,4.313813262278821,1.515660307716073,0.17708010474407482,0.0599755645125125,-0.8099762039978827,-0.0014761195199183585,-121.38070809449407,249.11524130734784,0.02390980292664301,-0.00713851854602011,0.0381481294898118,0.14096177944673377,0.012511992150896697,0.03080443325889387,-4.501542301009363e-4,-3.031349837887121,-7.63399912424101
2012-07-01,-0.799999999999983,7.125071744249346,5.330047316325175,4.765523749221409,4.759812934384593,0.005710814836815966,4.759812934384593,0.005710814836815966,0.564523567103766,0.564523567103766,4.313813262278821,1.515660307716073,0.17708010474407482,0.0599755645125125,-0.8099762039978827,-0.0014761195199183585,-121.38070809449407,249.11524130734784,0.02390980292664301,-0.00713851854602011,0.0381481294898118,0.14096177944673377,0.012511992150896697,0.03080443325889387,-4.501542301009363e-4,-3.031349837887121,-7.63399912424101
2012-08-01,0,6.695391780305553,4.110985958513383,3.4756764274637235,3.4756764274637235,-0,3.4756764274637235,-0,0.6353095310496593,0.6353095310496593,4.313813262278821,1.515660307716073,0.17708010474407482,0.0599755645125125,-0.8099762039978827,-0.0014761195199183585,-121.38070809449407,249.11524130734784,0.02390980292664301,-0.00713851854602011,0.0381481294898118,0.14096177944673377,0.012511992150896697,0.03080443325889387,-4.501542301009363e-4,-3.031349837887121,-7.63399912424101
2012-09-01,-2.5,5.657704570650979,3.975210089731826,3.4411785540551505,3.4233322576901,0.017846296365050276,3.4233322576901,0.017846296365050276,0.5340315356766756,0.5340315356766756,4.313813262278821,1.515660307716073,0.17708010474407482,0.0599755645125125,-0.8099762039978827,-0.0014761195199183585,-121.38070809449407,249.11524130734784,0.02390980292664301,-0.00713851854602011,0.0381481294898118,0.14096177944673377,0.012511992150896697,0.03080443325889387,-4.501542301009363e-4,-3.031349837887121,-7.63399912424101
2012-10-01,0,4.829016006494351,4.835726753185405,4.3854595599562955,4.3854595599562955,-0,4.3854595599562955,-0,0.45026719322910935,0.45026719322910935,4.313813262278821,1.515660307716073,0.17708010474407482,0.0599755645125125,-0.8099762039978827,-0.0014761195199183585,-121.38070809449407,249.11524130734784,0.02390980292664301,-0.00713851854602011,0.0381481294898118,0.14096177944673377,0.012511992150896697,0.03080443325889387,-4.501542301009363e-4,-3.031349837887121,-7.63399912424101
2012-11-01,0,4.6316411546193414,4.746504836258195,4.41876438450754,4.41876438450754,-0,4.41876438450754,-0,0.327740451750655,0.327740451750655,4.313813262278821,1.515660307716073,0.17708010474407482,0.0599755645125125,-0.8099762039978827,-0.0014761195199183585,-121.38070809449407,249.11524130734784,0.02390980292664301,-0.00713851854602011,0.0381481294898118,0.14096177944673377,0.012511992150896697,0.03080443325889387,-4.501542301009363e-4,-3.031349837887121,-7.63399912424101
2012-12-01,0,3.5912705531284255,4.10587735622088,4.133237059855049,4.133237059855049,-0,4.133237059855049,-0,-0.027359703634169286,-0.027359703634169286,4.313813262278821,1.515660307716073,0.17708010474407482,0.0599755645125125,-0.8099762039978827,-0.0014761195199183585,-121.38070809449407,249.11524130734784,0.02390980292664301,-0.00713851854602011,0.0381481294898118,0.14096177944673377,0.012511992150896697,0.03080443325889387,-4.501542301009363e-4,-3.031349837887121,-7.63399912424101
2013-01-01,0,2.8858904215809855,3.883519830788595,3.9373522433100527,3.9373522433100527,-0,3.9373522433100527,-0,-0.05383241252145776,-0.05383241252145776,4.313813262278821,1.515660307716073,0.17708010474407482,0.0599755645125125,-0.8099762039978827,-0.0014761195199183585,-121.38070809449407,249.11524130734784,0.02390980292664301,-0.00713851854602011,0.0381481294898118,0.14096177944673377,0.012511992150896697,0.03080443325889387,-4.501542301009363e-4,-3.031349837887121,-7.63399912424101
2013-02-01,0,2.822253637412262,3.789889861006624,3.514645310501388,3.514645310501388,-0,3.514645310501388,-0,0.2752445505052359,0.2752445505052359,4.313813262278821,1.515660307716073,0.17708010474407482,0.0599755645125125,-0.8099762039978827,-0.0014761195199183585,-121.38070809449407,249.11524130734784,0.02390980292664301,-0.00713851854602011,0.0381481294898118,0.14096177944673377,0.012511992150896697,0.03080443325889387,-4.501542301009363e-4,-3.031349837887121,-7.63399912424101
2013-03-01,0,2.9905529720030097,3.514460358015553,3.2323853914796987,3.2323853914796987,-0,3.2323853914796987,-0,0.2820749665358542,0.2820749665358542,4.313813262278821,1.515660307716073,0.17708010474407482,0.0599755645125125,-0.8099762039978827,-0.0014761195199183585,-121.38070809449407,249.11524130734784,0.02390980292664301,-0.00713851854602011,0.0381481294898118,0.14096177944673377,0.012511992150896697,0.03080443325889387,-4.501542301009363e-4,-3.031349837887121,-7.63399912424101
2013-04-01,0,3.068316245005904,3.4735870015481813,3.063309095652478,3.063309095652478,-0,3.063309095652478,-0,0.4102779058957031,0.4102779058957031,4.313813262278821,1.515660307716073,0.17708010474407482,0.0599755645125125,-0.8099762039978827,-0.0014761195199183585,-121.38070809449407,249.11524130734784,0.02390980292664301,-0.00713851854602011,0.0381481294898118,0.14096177944673377,0.012511992150896697,0.03080443325889387,-4.501542301009363e-4,-3.031349837887121,-7.63399912424101
2013-05-01,0,2.4251712302017956,2.8272796327911736,2.564585861377537,2.564585861377537,-0,2.564585861377537,-0,0.2626937714136366,0.2626937714136366,4.313813262278821,1.515660307716073,0.17708010474407482,0.0599755645125125,-0.8099762039978827,-0.0014761195199183585,-121.38070809449407,249.11524130734784,0.02390980292664301,-0.00713851854602011,0.0381481294898118,0.14096177944673377,0.012511992150896697,0.03080443325889387,-4.501542301009363e-4,-3.031349837887121,-7.63399912424101
2013-06-01,0,2.599477002897557,2.7929261664621254,2.284808979166741,2.284808979166741,-0,2.284808979166741,-0,0.5081171872953845,0.5081171872953845,4.313813262278821,1.515660307716073,0.17708010474407482,0.0599755645125125,-0.8099762039978827,-0.0014761195199183585,-121.38070809449407,249.11524130734784,0.02390980292664301,-0.00713851854602011,0.0381481294898118,0.14096177944673377,0.012511992150896697,0.03080443325889387,-4.501542301009363e-4,-3.031349837887121,-7.63399912424101
2013-07-01,0,2.726058850338198,2.5017614892726927,2.099733307236247,2.099733307236247,-0,2.099733307236247,-0,0.4020281820364455,0.4020281820364455,4.313813262278821,1.515660307716073,0.17708010474407482,0.0599755645125125,-0.8099762039978827,-0.0014761195199183585,-121.38070809449407,249.11524130734784,0.02390980292664301,-0.00713851854602011,0.0381481294898118,0.14096177944673377,0.012511992150896697,0.03080443325889387,-4.501542301009363e-4,-3.031349837887121,-7.63399912424101
2013-08-01,0,2.509038410743101,2.3805246692459705,1.9789219007510166,1.9789219007510166,-0,1.9789219007510166,-0,0.4016027684949539,0.4016027684949539,4.313813262278821,1.515660307716073,0.17708010474407482,0.0599755645125125,-0.8099762039978827,-0.0014761195199183585,-121.38070809449407,249.11524130734784,0.02390980292664301,-0.00713851854602011,0.0381481294898118,0.14096177944673377,0.012511992150896697,0.03080443325889387,-4.501542301009363e-4,-3.031349837887121,-7.63399912424101
2013-09-01,0,2.4695871643423892,2.093940906513921,1.6466562130747135,1.6466562130747135,-0,1.6466562130747135,-0,0.4472846934392076,0.4472846934392076,4.313813262278821,1.515660307716073,0.17708010474407482,0.0599755645125125,-0.8099762039978827,-0.0014761195199183585,-121.38070809449407,249.11524130734784,0.02390980292664301,-0.00713851854602011,0.0381481294898118,0.14096177944673377,0.012511992150896697,0.03080443325889387,-4.501542301009363e-4,-3.031349837887121,-7.63399912424101
2013-10-01,0,2.141960672030611,1.3652055695630012,0.9189915432076079,0.9189915432076079,-0,0.9189915432076079,-0,0.4462140263553933,0.4462140263553933,4.313813262278821,1.515660307716073,0.17708010474407482,0.0599755645125125,-0.8099762039978827,-0.0014761195199183585,-121.38070809449407,249.11524130734784,0.02390980292664301,-0.00713851854602011,0.0381481294898118,0.14096177944673377,0.012511992150896697,0.03080443325889387,-4.501542301009363e-4,-3.031349837887121,-7.63399912424101
2013-11-01,0,2.054462284594716,1.4699036642318126,1.0819114023480947,1.0819114023480947,-0,1.0819114023480947,-0,0.38799226188371794,0.38799226188371794,4.313813262278821,1.515660307716073,0.17708010474407482,0.0599755645125125,-0.8099762039978827,-0.0014761195199183585,-121.38070809449407,249.11524130734784,0.02390980292664301,-0.00713851854602011,0.0381481294898118,0.14096177944673377,0.012511992150896697,0.03080443325889387,-4.501542301009363e-4,-3.031349837887121,-7.63399912424101
2013-12-01,0,2.042175159329968,1.497380306546079,1.062927053595132,1.062927053595132,-0,1.062927053595132,-0,0.43445325295094683,0.43445325295094683,4.313813262278821,1.515660307716073,0.17708010474407482,0.0599755645125125,-0.8099762039978827,-0.0014761195199183585,-121.38070809449407,249.11524130734784,0.02390980292664301,-0.00713851854602011,0.0381481294898118,0.14096177944673377,0.012511992150896697,0.03080443325889387,-4.501542301009363e-4,-3.031349837887121,-7.63399912424101
2014-01-01,0,1.877323406345052,1.2678917102619398,0.8254063909587206,0.8254063909587206,-0,0.8254063909587206,-0,0.4424853193032192,0.4424853193032192,4.313813262278821,1.515660307716073,0.17708010474407482,0.0599755645125125,-0.8099762039978827,-0.0014761195199183585,-121.38070809449407,249.11524130734784,0.02390980292664301,-0.00713851854602011,0.0381481294898118,0.14096177944673377,0.012511992150896697,0.03080443325889387,-4.501542301009363e-4,-3.031349837887121,-7.63399912424101
2014-02-01,0,1.7686944266291782,1.265077973533801,0.8042393545714615,0.8042393545714615,-0,0.8042393545714615,-0,0.46083861896233946,0.46083861896233946,4.313813262278821,1.515660307716073,0.17708010474407482,0.0599755645125125,-0.8099762039978827,-0.0014761195199183585,-121.38070809449407,249.11524130734784,0.02390980292664301,-0.00713851854602011,0.0381481294898118,0.14096177944673377,0.012511992150896697,0.03080443325889387,-4.501542301009363e-4,-3.031349837887121,-7.63399912424101
2014-03-01,0,1.5468347529875324,1.3182727931122067,0.7920799306917687,0.7920799306917687,-0,0.7920799306917687,-0,0.526192862420438,0.526192862420438,4.313813262278821,1.515660307716073,0.17708010474407482,0.0599755645125125,-0.8099762039978827,-0.0014761195199183585,-121.38070809449407,249.11524130734784,0.02390980292664301,-0.00713851854602011,0.0381481294898118,0.14096177944673377,0.012511992150896697,0.03080443325889387,-4.501542301009363e-4,-3.031349837887121,-7.63399912424101
2014-04-01,0,1.351228566766354,1.1237096871921577,0.5435584027618452,0.5435584027618452,-0,0.5435584027618452,-0,0.5801512844303125,0.5801512844303125,4.313813262278821,1.515660307716073,0.17708010474407482,0.0599755645125125,-0.8099762039978827,-0.0014761195199183585,-121.38070809449407,249.11524130734784,0.02390980292664301,-0.00713851854602011,0.0381481294898118,0.14096177944673377,0.012511992150896697,0.03080443325889387,-4.501542301009363e-4,-3.031349837887121,-7.63399912424101
2014-05-01,0,1.4421216892821156,1.350343518819559,0.6863083472398768,0.6863083472398768,-0,0.6863083472398768,-0,0.6640351715796822,0.6640351715796822,4.313813262278821,1.515660307716073,0.17708010474407482,0.0599755645125125,-0.8099762039978827,-0.0014761195199183585,-121.38070809449407,249.11524130734784,0.02390980292664301,-0.00713851854602011,0.0381481294898118,0.14096177944673377,0.012511992150896697,0.03080443325889387,-4.501542301009363e-4,-3.031349837887121,-7.63399912424101
2014-06-01,0,1.342207493438491,1.6480212512727264,0.9096356244385881,0.9096356244385881,-0,0.9096356244385881,-0,0.7383856268341382,0.7383856268341382,4.313813262278821,1.515660307716073,0.17708010474407482,0.0599755645125125,-0.8099762039978827,-0.0014761195199183585,-121.38070809449407,249.11524130734784,0.02390980292664301,-0.00713851854602011,0.0381481294898118,0.14096177944673377,0.012511992150896697,0.03080443325889387,-4.501542301009363e-4,-3.031349837887121,-7.63399912424101
2014-07-01,0,1.4458537296572131,1.4779566139688864,0.795254904514128,0.795254904514128,-0,0.795254904514128,-0,0.6827017094547585,0.6827017094547585,4.313813262278821,1.515660307716073,0.17708010474407482,0.0599755645125125,-0.8099762039978827,-0.0014761195199183585,-121.38070809449407,249.11524130734784,0.02390980292664301,-0.00713851854602011,0.0381481294898118,0.14096177944673377,0.012511992150896697,0.03080443325889387,-4.501542301009363e-4,-3.031349837887121,-7.63399912424101
2014-08-01,0,1.4944576224929609,1.481931983986586,0.8219882781465984,0.8219882781465984,-0,0.8219882781465984,-0,0.6599437058399877,0.6599437058399877,4.313813262278821,1.515660307716073,0.17708010474407482,0.0599755645125125,-0.8099762039978827,-0.0014761195199183585,-121.38070809449407,249.11524130734784,0.02390980292664301,-0.00713851854602011,0.0381481294898118,0.14096177944673377,0.012511992150896697,0.03080443325889387,-4.501542301009363e-4,-3.031349837887121,-7.63399912424101
2014-09-01,0,1.446562146933346,1.7508827839661694,0.974932462925405,0.974932462925405,-0,0.974932462925405,-0,0.7759503210407643,0.7759503210407643,4.313813262278821,1.515660307716073,0.17708010474407482,0.0599755645125125,-0.8099762039978827,-0.0014761195199183585,-121.38070809449407,249.11524130734784,0.02390980292664301,-0.00713851854602011,0.0381481294898118,0.14096177944673377,0.012511992150896697,0.03080443325889387,-4.501542301009363e-4,-3.031349837887121,-7.63399912424101
2014-10-01,0,1.8536311489948416,2.4991279430874616,1.9322331250161744,1.9322331250161744,-0,1.9322331250161744,-0,0.5668948180712872,0.5668948180712872,4.313813262278821,1.515660307716073,0.17708010474407482,0.0599755645125125,-0.8099762039978827,-0.0014761195199183585,-121.38070809449407,249.11524130734784,0.02390980292664301,-0.00713851854602011,0.0381481294898118,0.14096177944673377,0.012511992150896697,0.03080443325889387,-4.501542301009363e-4,-3.031349837887121,-7.63399912424101
2014-11-01,0,2.113567606834746,2.2743651994485536,1.6179442127056398,1.6179442127056398,-0,1.6179442127056398,-0,0.6564209867429138,0.6564209867429138,4.313813262278821,1.515660307716073,0.17708010474407482,0.0599755645125125,-0.8099762039978827,-0.0014761195199183585,-121.38070809449407,249.11524130734784,0.02390980292664301,-0.00713851854602011,0.0381481294898118,0.14096177944673377,0.012511992150896697,0.03080443325889387,-4.501542301009363e-4,-3.031349837887121,-7.63399912424101
2014-12-01,0,2.243705637716786,2.1189984990859663,1.545247468330985,1.545247468330985,-0,1.545247468330985,-0,0.5737510307549814,0.5737510307549814,4.313813262278821,1.515660307716073,0.17708010474407482,0.0599755645125125,-0.8099762039978827,-0.0014761195199183585,-121.38070809449407,249.11524130734784,0.02390980292664301,-0.00713851854602011,0.0381481294898118,0.14096177944673377,0.012511992150896697,0.03080443325889387,-4.501542301009363e-4,-3.031349837887121,-7.63399912424101
2015-01-01,0,2.618190876828429,1.9573320213071295,1.613468009525838,1.613468009525838,-0,1.613468009525838,-0,0.34386401178129145,0.34386401178129145,4.313813262278821,1.515660307716073,0.17708010474407482,0.0599755645125125,-0.8099762039978827,-0.0014761195199183585,-121.38070809449407,249.11524130734784,0.02390980292664301,-0.00713851854602011,0.0381481294898118,0.14096177944673377,0.012511992150896697,0.03080443325889387,-4.501542301009363e-4,-3.031349837887121,-7.63399912424101
2015-02-01,0,2.7212327859714582,2.1407104066038447,1.5720471240977183,1.5720471240977183,-0,1.5720471240977183,-0,0.5686632825061264,0.5686632825061264,4.313813262278821,1.515660307716073,0.17708010474407482,0.0599755645125125,-0.8099762039978827,-0.0014761195199183585,-121.38070809449407,249.11524130734784,0.02390980292664301,-0.00713851854602011,0.0381481294898118,0.14096177944673377,0.012511992150896697,0.03080443325889387,-4.501542301009363e-4,-3.031349837887121,-7.63399912424101
2015-03-01,0,2.9968144405040884,2.2239193997542666,1.4476577006240667,1.4476577006240667,-0,1.4476577006240667,-0,0.7762616991301998,0.7762616991301998,4.313813262278821,1.515660307716073,0.17708010474407482,0.0599755645125125,-0.8099762039978827,-0.0014761195199183585,-121.38070809449407,249.11524130734784,0.02390980292664301,-0.00713851854602011,0.0381481294898118,0.14096177944673377,0.012511992150896697,0.03080443325889387,-4.501542301009363e-4,-3.031349837887121,-7.63399912424101
2015-04-01,47.383,3.4555361340270476,1.3398066692905553,0.7250003759440526,1.0632448002101236,-0.3382444242660709,1.0632448002101236,-0.3382444242660709,0.6148062933465026,0.6148062933465026,4.313813262278821,1.515660307716073,0.17708010474407482,0.0599755645125125,-0.8099762039978827,-0.0014761195199183585,-121.38070809449407,249.11524130734784,0.02390980292664301,-0.00713851854602011,0.0381481294898118,0.14096177944673377,0.012511992150896697,0.03080443325889387,-4.501542301009363e-4,-3.031349837887121,-7.63399912424101
2015-05-01,47.701,3.0066074769454554,1.5620090781768299,0.9954642231226818,1.335978696286387,-0.34051447316370526,1.335978696286387,-0.34051447316370526,0.5665448550541481,0.5665448550541481,4.313813262278821,1.515660307716073,0.17708010474407482,0.0599755645125125,-0.8099762039978827,-0.0014761195199183585,-121.38070809449407,249.11524130734784,0.02390980292664301,-0.00713851854602011,0.0381481294898118,0.14096177944673377,0.012511992150896697,0.03080443325889387,-4.501542301009363e-4,-3.031349837887121,-7.63399912424101
2015-06-01,51.622,3.0525514207865423,1.5659295551505619,1.0694106569786295,1.4379152613612796,-0.36850460438265015,1.4379152613612796,-0.36850460438265015,0.4965188981719324,0.4965188981719324,4.313813262278821,1.515660307716073,0.17708010474407482,0.0599755645125125,-0.8099762039978827,-0.0014761195199183585,-121.38070809449407,249.11524130734784,0.02390980292664301,-0.00713851854602011,0.0381481294898118,0.14096177944673377,0.012511992150896697,0.03080443325889387,-4.501542301009363e-4,-3.031349837887121,-7.63399912424101
2015-07-01,51.442,2.8548961438821725,1.9854748946926342,1.4486737282127453,1.8158933992571118,-0.3672196710443665,1.8158933992571118,-0.3672196710443665,0.5368011664798888,0.5368011664798888,4.313813262278821,1.515660307716073,0.17708010474407482,0.0599755645125125,-0.8099762039978827,-0.0014761195199183585,-121.38070809449407,249.11524130734784,0.02390980292664301,-0.00713851854602011,0.0381481294898118,0.14096177944673377,0.012511992150896697,0.03080443325889387,-4.501542301009363e-4,-3.031349837887121,-7.63399912424101
2015-08-01,51.359,2.7694666770309313,2.249057490513363,1.6491895104492997,2.0158166844543466,-0.36662717400504685,2.0158166844543466,-0.36662717400504685,0.5998679800640632,0.5998679800640632,4.313813262278821,1.515660307716073,0.17708010474407482,0.0599755645125125,-0.8099762039978827,-0.0014761195199183585,-121.38070809449407,249.11524130734784,0.02390980292664301,-0.00713851854602011,0.0381481294898118,0.14096177944673377,0.012511992150896697,0.03080443325889387,-4.501542301009363e-4,-3.031349837887121,-7.63399912424101
2015-09-01,42.826,2.2531225941065,2.6226909921359614,1.7654633982995918,2.071177593551449,-0.3057141952518572,2.071177593551449,-0.3057141952518572,0.8572275938363696,0.8572275938363696,4.313813262278821,1.515660307716073,0.17708010474407482,0.0599755645125125,-0.8099762039978827,-0.0014761195199183585,-121.38070809449407,249.11524130734784,0.02390980292664301,-0.00713851854602011,0.0381481294898118,0.14096177944673377,0.012511992150896697,0.03080443325889387,-4.501542301009363e-4,-3.031349837887121,-7.63399912424101
2015-10-01,51.008,2.0864071087425615,3.062584656279579,2.450028574765136,2.81415012876053,-0.3641215539953938,2.81415012876053,-0.3641215539953938,0.6125560815144429,0.6125560815144429,4.313813262278821,1.515660307716073,0.17708010474407482,0.0599755645125125,-0.8099762039978827,-0.0014761195199183585,-121.38070809449407,249.11524130734784,0.02390980292664301,-0.00713851854602011,0.0381481294898118,0.14096177944673377,0.012511992150896697,0.03080443325889387,-4.501542301009363e-4,-3.031349837887121,-7.63399912424101
2015-11-01,52.175,1.97960001227388,2.779667565764491,2.2360246495770983,2.608476854715698,-0.3724522051385992,2.608476854715698,-0.3724522051385992,0.5436429161873928,0.5436429161873928,4.313813262278821,1.515660307716073,0.17708010474407482,0.0599755645125125,-0.8099762039978827,-0.0014761195199183585,-121.38070809449407,249.11524130734784,0.02390980292664301,-0.00713851854602011,0.0381481294898118,0.14096177944673377,0.012511992150896697,0.03080443325889387,-4.501542301009363e-4,-3.031349837887121,-7.63399912424101
2015-12-01,55.105,2.204018556164475,2.743891201082725,2.133362037357729,2.526730101836167,-0.39336806447843814,2.526730101836167,-0.39336806447843814,0.6105291637249963,0.6105291637249963,4.313813262278821,1.515660307716073,0.17708010474407482,0.0599755645125125,-0.8099762039978827,-0.0014761195199183585,-121.38070809449407,249.11524130734784,0.02390980292664301,-0.00713851854602011,0.0381481294898118,0.14096177944673377,0.012511992150896697,0.03080443325889387,-4.501542301009363e-4,-3.031349837887121,-7.63399912424101
2016-01-01,44.309,2.489058640993614,2.9195947279927212,2.0775360192382926,2.3938366374938975,-0.316300618255605,2.3938366374938975,-0.316300618255605,0.8420587087544287,0.8420587087544287,4.313813262278821,1.515660307716073,0.17708010474407482,0.0599755645125125,-0.8099762039978827,-0.0014761195199183585,-121.38070809449407,249.11524130734784,0.02390980292664301,-0.00713851854602011,0.0381481294898118,0.14096177944673377,0.012511992150896697,0.03080443325889387,-4.501542301009363e-4,-3.031349837887121,-7.63399912424101
2016-02-01,52.956,2.9462616628079377,2.6675288588386414,2.109920946303579,2.48794833442662,-0.378027388123041,2.48794833442662,-0.378027388123041,0.5576079125350626,0.5576079125350626,4.313813262278821,1.515660307716073,0.17708010474407482,0.0599755645125125,-0.8099762039978827,-0.0014761195199183585,-121.38070809449407,249.11524130734784,0.02390980292664301,-0.00713851854602011,0.0381481294898118,0.14096177944673377,0.012511992150896697,0.03080443325889387,-4.501542301009363e-4,-3.031349837887121,-7.63399912424101
2016-03-01,53.358,2.599266665306093,2.261579993600062,1.7145786751184513,2.0954757476969923,-0.380897072578541,2.0954757476969923,-0.380897072578541,0.5470013184816107,0.5470013184816107,4.313813262278821,1.515660307716073,0.17708010474407482,0.0599755645125125,-0.8099762039978827,-0.0014761195199183585,-121.38070809449407,249.11524130734784,0.02390980292664301,-0.00713851854602011,0.0381481294898118,0.14096177944673377,0.012511992150896697,0.03080443325889387,-4.501542301009363e-4,-3.031349837887121,-7.63399912424101
2016-04-01,53.059,2.5852514167706016,2.156657776748206,1.6111031664097526,1.9898658219430336,-0.37876265553328103,1.9898658219430336,-0.37876265553328103,0.5455546103384532,0.5455546103384532,4.313813262278821,1.515660307716073,0.17708010474407482,0.0599755645125125,-0.8099762039978827,-0.0014761195199183585,-121.38070809449407,249.11524130734784,0.02390980292664301,-0.00713851854602011,0.0381481294898118,0.14096177944673377,0.012511992150896697,0.03080443325889387,-4.501542301009363e-4,-3.031349837887121,-7.63399912424101
2016-05-01,78.499,2.194342405415118,2.6729852883554805,2.1427705333657867,2.7031371007098195,-0.5603665673440326,2.7031371007098195,-0.5603665673440326,0.5302147549896938,0.5302147549896938,4.313813262278821,1.515660307716073,0.17708010474407482,0.0599755645125125,-0.8099762039978827,-0.0014761195199183585,-121.38070809449407,249.11524130734784,0.02390980292664301,-0.00713851854602011,0.0381481294898118,0.14096177944673377,0.012511992150896697,0.03080443325889387,-4.501542301009363e-4,-3.031349837887121,-7.63399912424101
2016-06-01,79.673,2.309329659192163,1.9686381985151733,1.9072162062191076,2.475963394336168,-0.5687471881170603,2.475963394336168,-0.5687471881170603,0.06142199229606571,0.06142199229606571,4.313813262278821,1.515660307716073,0.17708010474407482,0.0599755645125125,-0.8099762039978827,-0.0014761195199183585,-121.38070809449407,249.11524130734784,0.02390980292664301,-0.00713851854602011,0.0381481294898118,0.14096177944673377,0.012511992150896697,0.03080443325889387,-4.501542301009363e-4,-3.031349837887121,-7.63399912424101
2016-07-01,72.072,2.396844363605606,2.008097571322225,1.4415181831157737,1.956005491764535,-0.5144873086487614,1.956005491764535,-0.5144873086487614,0.5665793882064512,0.5665793882064512,4.313813262278821,1.515660307716073,0.17708010474407482,0.0599755645125125,-0.8099762039978827,-0.0014761195199183585,-121.38070809449407,249.11524130734784,0.02390980292664301,-0.00713851854602011,0.0381481294898118,0.14096177944673377,0.012511992150896697,0.03080443325889387,-4.501542301009363e-4,-3.031349837887121,-7.63399912424101
2016-08-01,69.65,2.4773168807594037,2.421769147422074,1.8377419618411852,2.334939778571486,-0.4971978167303007,2.334939778571486,-0.4971978167303007,0.5840271855808887,0.5840271855808887,4.313813262278821,1.515660307716073,0.17708010474407482,0.0599755645125125,-0.8099762039978827,-0.0014761195199183585,-121.38070809449407,249.11524130734784,0.02390980292664301,-0.00713851854602011,0.0381481294898118,0.14096177944673377,0.012511992150896697,0.03080443325889387,-4.501542301009363e-4,-3.031349837887121,-7.63399912424101
2016-09-01,50.513,2.518680462353966,2.6125053906193583,2.0369184648367744,2.3975064521518883,-0.3605879873151138,2.3975064521518883,-0.3605879873151138,0.5755869257825839,0.5755869257825839,4.313813262278821,1.515660307716073,0.17708010474407482,0.0599755645125125,-0.8099762039978827,-0.0014761195199183585,-121.38070809449407,249.11524130734784,0.02390980292664301,-0.00713851854602011,0.0381481294898118,0.14096177944673377,0.012511992150896697,0.03080443325889387,-4.501542301009363e-4,-3.031349837887121,-7.63399912424101
2016-10-01,69.972,2.494466357528393,1.1728762239467712,0.7471018863575675,1.2465983060596866,-0.4994964197021191,1.2465983060596866,-0.4994964197021191,0.4257743375892037,0.4257743375892037,4.313813262278821,1.515660307716073,0.17708010474407482,0.0599755645125125,-0.8099762039978827,-0.0014761195199183585,-121.38070809449407,249.11524130734784,0.02390980292664301,-0.00713851854602011,0.0381481294898118,0.14096177944673377,0.012511992150896697,0.03080443325889387,-4.501542301009363e-4,-3.031349837887121,-7.63399912424101
2016-11-01,72.974,2.142997308789273,1.3775997536283764,0.8264035973351447,1.3473298497124162,-0.5209262523772715,1.3473298497124162,-0.5209262523772715,0.5511961562932317,0.5511961562932317,4.313813262278821,1.515660307716073,0.17708010474407482,0.0599755645125125,-0.8099762039978827,-0.0014761195199183585,-121.38070809449407,249.11524130734784,0.02390980292664301,-0.00713851854602011,0.0381481294898118,0.14096177944673377,0.012511992150896697,0.03080443325889387,-4.501542301009363e-4,-3.031349837887121,-7.63399912424101
2016-12-01,70.145,2.0368676966378088,1.411000282016821,0.917778173922205,1.4185095573327855,-0.5007313834105805,1.4185095573327855,-0.5007313834105805,0.4932221080946161,0.4932221080946161,4.313813262278821,1.515660307716073,0.17708010474407482,0.0599755645125125,-0.8099762039978827,-0.0014761195199183585,-121.38070809449407,249.11524130734784,0.02390980292664301,-0.00713851854602011,0.0381481294898118,0.14096177944673377,0.012511992150896697,0.03080443325889387,-4.501542301009363e-4,-3.031349837887121,-7.63399912424101
2017-01-01,55.032,2.0597989064665607,1.570841102894115,0.9615205918412572,1.3543675444658358,-0.3928469526245787,1.3543675444658358,-0.3928469526245787,0.6093205110528578,0.6093205110528578,4.313813262278821,1.515660307716073,0.17708010474407482,0.0599755645125125,-0.8099762039978827,-0.0014761195199183585,-121.38070809449407,249.11524130734784,0.02390980292664301,-0.00713851854602011,0.0381481294898118,0.14096177944673377,0.012511992150896697,0.03080443325889387,-4.501542301009363e-4,-3.031349837887121,-7.63399912424101
2017-02-01,71.362,2.1478797550862265,1.5761692924649768,1.0355264005989302,1.5449453610800172,-0.509418960481087,1.5449453610800172,-0.509418960481087,0.5406428918660466,0.5406428918660466,4.313813262278821,1.515660307716073,0.17708010474407482,0.0599755645125125,-0.8099762039978827,-0.0014761195199183585,-121.38070809449407,249.11524130734784,0.02390980292664301,-0.00713851854602011,0.0381481294898118,0.14096177944673377,0.012511992150896697,0.03080443325889387,-4.501542301009363e-4,-3.031349837887121,-7.63399912424101
2017-03-01,68.208,2.0319824518154372,1.6675346990573636,0.9490152805725218,1.4359193535594614,-0.48690407298693966,1.4359193535594614,-0.48690407298693966,0.7185194184848418,0.7185194184848418,4.313813262278821,1.515660307716073,0.17708010474407482,0.0599755645125125,-0.8099762039978827,-0.0014761195199183585,-121.38070809449407,249.11524130734784,0.02390980292664301,-0.00713851854602011,0.0381481294898118,0.14096177944673377,0.012511992150896697,0.03080443325889387,-4.501542301009363e-4,-3.031349837887121,-7.63399912424101
2017-04-01,68.814,1.9220573156095713,1.5487077102903333,0.9115696570447727,1.4027996722706004,-0.4912300152258278,1.4027996722706004,-0.4912300152258278,0.6371380532455606,0.6371380532455606,4.313813262278821,1.515660307716073,0.17708010474407482,0.0599755645125125,-0.8099762039978827,-0.0014761195199183585,-121.38070809449407,249.11524130734784,0.02390980292664301,-0.00713851854602011,0.0381481294898118,0.14096177944673377,0.012511992150896697,0.03080443325889387,-4.501542301009363e-4,-3.031349837887121,-7.63399912424101
2017-05-01,54.311,1.6622324918625315,1.749285468659207,1.23068963928056,1.6183897200334583,-0.3877000807528982,1.6183897200334583,-0.3877000807528982,0.518595829378647,0.518595829378647,4.313813262278821,1.515660307716073,0.17708010474407482,0.0599755645125125,-0.8099762039978827,-0.0014761195199183585,-121.38070809449407,249.11524130734784,0.02390980292664301,-0.00713851854602011,0.0381481294898118,0.14096177944673377,0.012511992150896697,0.03080443325889387,-4.501542301009363e-4,-3.031349837887121,-7.63399912424101
2017-06-01,51.49,1.6472000145050616,1.5267861334222257,1.0582288475865556,1.425791167521131,-0.3675623199345755,1.425791167521131,-0.3675623199345755,0.46855728583567013,0.46855728583567013,4.313813262278821,1.515660307716073,0.17708010474407482,0.0599755645125125,-0.8099762039978827,-0.0014761195199183585,-121.38070809449407,249.11524130734784,0.02390980292664301,-0.00713851854602011,0.0381481294898118,0.14096177944673377,0.012511992150896697,0.03080443325889387,-4.501542301009363e-4,-3.031349837887121,-7.63399912424101
2017-07-01,51.607,1.4531079451959517,1.3854438115715193,1.0519533826897987,1.4203509092942586,-0.36839752660445985,1.4203509092942586,-0.36839752660445985,0.33349042888172065,0.33349042888172065,4.313813262278821,1.515660307716073,0.17708010474407482,0.0599755645125125,-0.8099762039978827,-0.0014761195199183585,-121.38070809449407,249.11524130734784,0.02390980292664301,-0.00713851854602011,0.0381481294898118,0.14096177944673377,0.012511992150896697,0.03080443325889387,-4.501542301009363e-4,-3.031349837887121,-7.63399912424101
2017-08-01,51.811,1.532308574492042,1.3939055798161737,0.9994585611578084,1.3693123455456564,-0.36985378438784794,1.3693123455456564,-0.36985378438784794,0.3944470186583653,0.3944470186583653,4.313813262278821,1.515660307716073,0.17708010474407482,0.0599755645125125,-0.8099762039978827,-0.0014761195199183585,-121.38070809449407,249.11524130734784,0.02390980292664301,-0.00713851854602011,0.0381481294898118,0.14096177944673377,0.012511992150896697,0.03080443325889387,-4.501542301009363e-4,-3.031349837887121,-7.63399912424101
2017-09-01,42.839,1.5266619864255722,1.4678225283541741,1.0875620391140306,1.393369035106986,-0.30580699599295547,1.393369035106986,-0.30580699599295547,0.38026048924014355,0.38026048924014355,4.313813262278821,1.515660307716073,0.17708010474407482,0.0599755645125125,-0.8099762039978827,-0.0014761195199183585,-121.38070809449407,249.11524130734784,0.02390980292664301,-0.00713851854602011,0.0381481294898118,0.14096177944673377,0.012511992150896697,0.03080443325889387,-4.501542301009363e-4,-3.031349837887121,-7.63399912424101
2017-10-01,50.795,1.5145542114366894,1.6614127844432072,1.2530604073202027,1.6156614568652943,-0.3626010495450915,1.6156614568652943,-0.3626010495450915,0.40835237712300443,0.40835237712300443,4.313813262278821,1.515660307716073,0.17708010474407482,0.0599755645125125,-0.8099762039978827,-0.0014761195199183585,-121.38070809449407,249.11524130734784,0.02390980292664301,-0.00713851854602011,0.0381481294898118,0.14096177944673377,0.012511992150896697,0.03080443325889387,-4.501542301009363e-4,-3.031349837887121,-7.63399912424101
2017-11-01,50.174,1.4279788202890504,1.4379381349555564,1.1044346611347304,1.4626026906627434,-0.358168029528013,1.4626026906627434,-0.358168029528013,0.333503473820826,0.333503473820826,4.313813262278821,1.515660307716073,0.17708010474407482,0.0599755645125125,-0.8099762039978827,-0.0014761195199183585,-121.38070809449407,249.11524130734784,0.02390980292664301,-0.00713851854602011,0.0381481294898118,0.14096177944673377,0.012511992150896697,0.03080443325889387,-4.501542301009363e-4,-3.031349837887121,-7.63399912424101
2017-12-01,50.747,1.2232840301543153,2.0082058925154955,1.6424477227716447,2.0047061234265273,-0.3622584006548825,2.0047061234265273,-0.3622584006548825,0.3657581697438508,0.3657581697438508,4.313813262278821,1.515660307716073,0.17708010474407482,0.0599755645125125,-0.8099762039978827,-0.0014761195199183585,-121.38070809449407,249.11524130734784,0.02390980292664301,-0.00713851854602011,0.0381481294898118,0.14096177944673377,0.012511992150896697,0.03080443325889387,-4.501542301009363e-4,-3.031349837887121,-7.63399912424101
2018-01-01,46.184,0.9845649958564126,2.0500355410269777,1.6183996160517675,1.9480849565811602,-0.32968534052939275,1.9480849565811602,-0.32968534052939275,0.4316359249752102,0.4316359249752102,4.313813262278821,1.515660307716073,0.17708010474407482,0.0599755645125125,-0.8099762039978827,-0.0014761195199183585,-121.38070809449407,249.11524130734784,0.02390980292664301,-0.00713851854602011,0.0381481294898118,0.14096177944673377,0.012511992150896697,0.03080443325889387,-4.501542301009363e-4,-3.031349837887121,-7.63399912424101
2018-02-01,20.905,1.0099342975664356,1.9352058032599173,1.4103319888396078,1.559562719044158,-0.1492307302045504,1.559562719044158,-0.1492307302045504,0.5248738144203096,0.5248738144203096,4.313813262278821,1.515660307716073,0.17708010474407482,0.0599755645125125,-0.8099762039978827,-0.0014761195199183585,-121.38070809449407,249.11524130734784,0.02390980292664301,-0.00713851854602011,0.0381481294898118,0.14096177944673377,0.012511992150896697,0.03080443325889387,-4.501542301009363e-4,-3.031349837887121,-7.63399912424101
2018-03-01,21.801,1.0781663721735637,2.036322621364575,1.5784395389776529,1.7340663817994373,-0.1556268428217844,1.7340663817994373,-0.1556268428217844,0.4578830823869222,0.4578830823869222,4.313813262278821,1.515660307716073,0.17708010474407482,0.0599755645125125,-0.8099762039978827,-0.0014761195199183585,-121.38070809449407,249.11524130734784,0.02390980292664301,-0.00713851854602011,0.0381481294898118,0.14096177944673377,0.012511992150896697,0.03080443325889387,-4.501542301009363e-4,-3.031349837887121,-7.63399912424101
2018-04-01,20.774,1.0155723884991252,1.4601192067278097,1.3845976913592333,1.532893275634255,-0.14829558427502176,1.532893275634255,-0.14829558427502176,0.07552151536857643,0.07552151536857643,4.313813262278821,1.515660307716073,0.17708010474407482,0.0599755645125125,-0.8099762039978827,-0.0014761195199183585,-121.38070809449407,249.11524130734784,0.02390980292664301,-0.00713851854602011,0.0381481294898118,0.14096177944673377,0.012511992150896697,0.03080443325889387,-4.501542301009363e-4,-3.031349837887121,-7.63399912424101
2018-05-01,23.631,1.1092429529309222,1.223273971439927,1.0501646561469222,1.2188549879079233,-0.16869033176100123,1.2188549879079233,-0.16869033176100123,0.17310931529300477,0.17310931529300477,4.313813262278821,1.515660307716073,0.17708010474407482,0.0599755645125125,-0.8099762039978827,-0.0014761195199183585,-121.38070809449407,249.11524130734784,0.02390980292664301,-0.00713851854602011,0.0381481294898118,0.14096177944673377,0.012511992150896697,0.03080443325889387,-4.501542301009363e-4,-3.031349837887121,-7.63399912424101
2018-06-01,24.23,1.2184687473779812,1.3689664538486908,1.0673807139846574,1.2403470183547247,-0.17296630437006727,1.2403470183547247,-0.17296630437006727,0.30158573986403336,0.30158573986403336,4.313813262278821,1.515660307716073,0.17708010474407482,0.0599755645125125,-0.8099762039978827,-0.0014761195199183585,-121.38070809449407,249.11524130734784,0.02390980292664301,-0.00713851854602011,0.0381481294898118,0.14096177944673377,0.012511992150896697,0.03080443325889387,-4.501542301009363e-4,-3.031349837887121,-7.63399912424101
2018-07-01,24.973,1.119290349130723,1.1308843226681977,0.9176306060011223,1.0959008296508825,-0.1782702236497602,1.0959008296508825,-0.1782702236497602,0.21325371666707538,0.21325371666707538,4.313813262278821,1.515660307716073,0.17708010474407482,0.0599755645125125,-0.8099762039978827,-0.0014761195199183585,-121.38070809449407,249.11524130734784,0.02390980292664301,-0.00713851854602011,0.0381481294898118,0.14096177944673377,0.012511992150896697,0.03080443325889387,-4.501542301009363e-4,-3.031349837887121,-7.63399912424101
2018-08-01,24.957,1.2514415851323928,1.262078246746429,1.0667967141138934,1.2449527214669174,-0.1781560073530239,1.2449527214669174,-0.1781560073530239,0.19528153263253567,0.19528153263253567,4.313813262278821,1.515660307716073,0.17708010474407482,0.0599755645125125,-0.8099762039978827,-0.0014761195199183585,-121.38070809449407,249.11524130734784,0.02390980292664301,-0.00713851854602011,0.0381481294898118,0.14096177944673377,0.012511992150896697,0.03080443325889387,-4.501542301009363e-4,-3.031349837887121,-7.63399912424101
2018-09-01,22.619,1.1906814177035965,1.5854943773522914,1.2415054569669495,1.4029716079593784,-0.16146615099242886,1.4029716079593784,-0.16146615099242886,0.3439889203853419,0.3439889203853419,4.313813262278821,1.515660307716073,0.17708010474407482,0.0599755645125125,-0.8099762039978827,-0.0014761195199183585,-121.38070809449407,249.11524130734784,0.02390980292664301,-0.00713851854602011,0.0381481294898118,0.14096177944673377,0.012511992150896697,0.03080443325889387,-4.501542301009363e-4,-3.031349837887121,-7.63399912424101
2018-10-01,23.211,1.2913000367293366,1.8575696290840218,1.33207444703278,1.4977666010044528,-0.16569215397167278,1.4977666010044528,-0.16569215397167278,0.5254951820512417,0.5254951820512417,4.313813262278821,1.515660307716073,0.17708010474407482,0.0599755645125125,-0.8099762039978827,-0.0014761195199183585,-121.38070809449407,249.11524130734784,0.02390980292664301,-0.00713851854602011,0.0381481294898118,0.14096177944673377,0.012511992150896697,0.03080443325889387,-4.501542301009363e-4,-3.031349837887121,-7.63399912424101
2018-11-01,9.918,1.3138676013839186,1.5481594779557364,1.0671177041113087,1.1379175310507361,-0.07079982693942745,1.1379175310507361,-0.07079982693942745,0.4810417738444277,0.4810417738444277,4.313813262278821,1.515660307716073,0.17708010474407482,0.0599755645125125,-0.8099762039978827,-0.0014761195199183585,-121.38070809449407,249.11524130734784,0.02390980292664301,-0.00713851854602011,0.0381481294898118,0.14096177944673377,0.012511992150896697,0.03080443325889387,-4.501542301009363e-4,-3.031349837887121,-7.63399912424101
2018-12-01,10.122,1.2590504719593567,1.5592809356810668,1.022244261119068,1.0945003458418836,-0.07225608472281556,1.0945003458418836,-0.07225608472281556,0.5370366745619988,0.5370366745619988,4.313813262278821,1.515660307716073,0.17708010474407482,0.0599755645125125,-0.8099762039978827,-0.0014761195199183585,-121.38070809449407,249.11524130734784,0.02390980292664301,-0.00713851854602011,0.0381481294898118,0.14096177944673377,0.012511992150896697,0.03080443325889387,-4.501542301009363e-4,-3.031349837887121,-7.63399912424101
2019-01-01,12.961,1.2313073779909256,1.3642603434077665,0.8016609570076881,0.8941832958826548,-0.09252233887496665,0.8941832958826548,-0.09252233887496665,0.5625993864000783,0.5625993864000783,4.313813262278821,1.515660307716073,0.17708010474407482,0.0599755645125125,-0.8099762039978827,-0.0014761195199183585,-121.38070809449407,249.11524130734784,0.02390980292664301,-0.00713851854602011,0.0381481294898118,0.14096177944673377,0.012511992150896697,0.03080443325889387,-4.501542301009363e-4,-3.031349837887121,-7.63399912424101
2019-02-01,-1.222,1.1757538882391094,1.3324335936500757,0.8337209520764907,0.8249976824132541,0.008723269663236574,0.8249976824132541,0.008723269663236574,0.4987126415735851,0.4987126415735851,4.313813262278821,1.515660307716073,0.17708010474407482,0.0599755645125125,-0.8099762039978827,-0.0014761195199183585,-121.38070809449407,249.11524130734784,0.02390980292664301,-0.00713851854602011,0.0381481294898118,0.14096177944673377,0.012511992150896697,0.03080443325889387,-4.501542301009363e-4,-3.031349837887121,-7.63399912424101
2019-03-01,1.183,1.1662279043314407,1.3345204672356596,0.7869628635454398,0.7954077309853815,-0.008444867439941791,0.7954077309853815,-0.008444867439941791,0.5475576036902199,0.5475576036902199,4.313813262278821,1.515660307716073,0.17708010474407482,0.0599755645125125,-0.8099762039978827,-0.0014761195199183585,-121.38070809449407,249.11524130734784,0.02390980292664301,-0.00713851854602011,0.0381481294898118,0.14096177944673377,0.012511992150896697,0.03080443325889387,-4.501542301009363e-4,-3.031349837887121,-7.63399912424101
2019-04-01,0.077,1.0925166186778454,0.9338801788394779,0.7698500170560127,0.7703996829840563,-5.496659280435484e-4,0.7703996829840563,-5.496659280435484e-4,0.1640301617834652,0.1640301617834652,4.313813262278821,1.515660307716073,0.17708010474407482,0.0599755645125125,-0.8099762039978827,-0.0014761195199183585,-121.38070809449407,249.11524130734784,0.02390980292664301,-0.00713851854602011,0.0381481294898118,0.14096177944673377,0.012511992150896697,0.03080443325889387,-4.501542301009363e-4,-3.031349837887121,-7.63399912424101
2019-05-01,-0.862,1.116153965135764,1.0357144245258727,0.7234958522800846,0.7173424492934153,0.0061534029866693344,0.7173424492934153,0.0061534029866693344,0.3122185722457881,0.3122185722457881,4.313813262278821,1.515660307716073,0.17708010474407482,0.0599755645125125,-0.8099762039978827,-0.0014761195199183585,-121.38070809449407,249.11524130734784,0.02390980292664301,-0.00713851854602011,0.0381481294898118,0.14096177944673377,0.012511992150896697,0.03080443325889387,-4.501542301009363e-4,-3.031349837887121,-7.63399912424101
2019-06-01,-0.37,0.9824032304665932,0.8396566108878062,0.6080057743217809,0.6053645224597535,0.0026412518620274406,0.6053645224597535,0.0026412518620274406,0.23165083656602525,0.23165083656602525,4.313813262278821,1.515660307716073,0.17708010474407482,0.0599755645125125,-0.8099762039978827,-0.0014761195199183585,-121.38070809449407,249.11524130734784,0.02390980292664301,-0.00713851854602011,0.0381481294898118,0.14096177944673377,0.012511992150896697,0.03080443325889387,-4.501542301009363e-4,-3.031349837887121,-7.63399912424101
2019-07-01,1.118,0.8112589190177335,0.9248497451085522,0.5576162354813059,0.5655970992157564,-0.007980863734450484,0.5655970992157564,-0.007980863734450484,0.3672335096272463,0.3672335096272463,4.313813262278821,1.515660307716073,0.17708010474407482,0.0599755645125125,-0.8099762039978827,-0.0014761195199183585,-121.38070809449407,249.11524130734784,0.02390980292664301,-0.00713851854602011,0.0381481294898118,0.14096177944673377,0.012511992150896697,0.03080443325889387,-4.501542301009363e-4,-3.031349837887121,-7.63399912424101
2019-08-01,-0.851,0.8351789748760353,1.1139203474768022,0.596973796647697,0.5908989173650339,0.0060748792826631134,0.5908989173650339,0.0060748792826631134,0.5169465508291052,0.5169465508291052,4.313813262278821,1.515660307716073,0.17708010474407482,0.0599755645125125,-0.8099762039978827,-0.0014761195199183585,-121.38070809449407,249.11524130734784,0.02390980292664301,-0.00713851854602011,0.0381481294898118,0.14096177944673377,0.012511992150896697,0.03080443325889387,-4.501542301009363e-4,-3.031349837887121,-7.63399912424101
2019-09-01,0.843,0.6314628593531789,1.3159602296592035,0.8206925854378696,0.8267103565721645,-0.006017771134294953,0.8267103565721645,-0.006017771134294953,0.49526764422133385,0.49526764422133385,4.313813262278821,1.515660307716073,0.17708010474407482,0.0599755645125125,-0.8099762039978827,-0.0014761195199183585,-121.38070809449407,249.11524130734784,0.02390980292664301,-0.00713851854602011,0.0381481294898118,0.14096177944673377,0.012511992150896697,0.03080443325889387,-4.501542301009363e-4,-3.031349837887121,-7.63399912424101
2019-10-01,0.602,0.5676449014200925,0.9598812560177677,0.6608843995810321,0.6651817877457362,-0.004297388164704106,0.6651817877457362,-0.004297388164704106,0.2989968564367357,0.2989968564367357,4.313813262278821,1.515660307716073,0.17708010474407482,0.0599755645125125,-0.8099762039978827,-0.0014761195199183585,-121.38070809449407,249.11524130734784,0.02390980292664301,-0.00713851854602011,0.0381481294898118,0.14096177944673377,0.012511992150896697,0.03080443325889387,-4.501542301009363e-4,-3.031349837887121,-7.63399912424101
2019-11-01,-0.698,0.5712729858763097,0.7464028282581309,0.6829063889656979,0.6779237030205758,0.004982685945122037,0.6779237030205758,0.004982685945122037,0.06349643929243298,0.06349643929243298,4.313813262278821,1.515660307716073,0.17708010474407482,0.0599755645125125,-0.8099762039978827,-0.0014761195199183585,-121.38070809449407,249.11524130734784,0.02390980292664301,-0.00713851854602011,0.0381481294898118,0.14096177944673377,0.012511992150896697,0.03080443325889387,-4.501542301009363e-4,-3.031349837887121,-7.63399912424101
2019-12-01,14.478,0.5855081805891017,0.7068790218774483,0.5860887441832685,0.6894402156925477,-0.10335147150927915,0.6894402156925477,-0.10335147150927915,0.12079027769417983,0.12079027769417983,4.313813262278821,1.515660307716073,0.17708010474407482,0.0599755645125125,-0.8099762039978827,-0.0014761195199183585,-121.38070809449407,249.11524130734784,0.02390980292664301,-0.00713851854602011,0.0381481294898118,0.14096177944673377,0.012511992150896697,0.03080443325889387,-4.501542301009363e-4,-3.031349837887121,-7.63399912424101
2020-01-01,12.515,0.5671170883917118,0.7497104402305711,0.6325790732159835,0.7219176328194252,-0.08933855960344168,0.7219176328194252,-0.08933855960344168,0.1171313670145876,0.1171313670145876,4.313813262278821,1.515660307716073,0.17708010474407482,0.0599755645125125,-0.8099762039978827,-0.0014761195199183585,-121.38070809449407,249.11524130734784,0.02390980292664301,-0.00713851854602011,0.0381481294898118,0.14096177944673377,0.012511992150896697,0.03080443325889387,-4.501542301009363e-4,-3.031349837887121,-7.63399912424101
2020-02-01,12.427,0.5326186285298662,0.6707926932072391,0.3431681687154514,0.43187853868684334,-0.08871036997139191,0.43187853868684334,-0.08871036997139191,0.3276245244917877,0.3276245244917877,4.313813262278821,1.515660307716073,0.17708010474407482,0.0599755645125125,-0.8099762039978827,-0.0014761195199183585,-121.38070809449407,249.11524130734784,0.02390980292664301,-0.00713851854602011,0.0381481294898118,0.14096177944673377,0.012511992150896697,0.03080443325889387,-4.501542301009363e-4,-3.031349837887121,-7.63399912424101
2020-03-01,14.137,0.7893571248760308,1.578990813951811,0.6068538922705489,0.7077711289556352,-0.1009172366850863,0.7077711289556352,-0.1009172366850863,0.9721369216812621,0.9721369216812621,4.313813262278821,1.515660307716073,0.17708010474407482,0.0599755645125125,-0.8099762039978827,-0.0014761195199183585,-121.38070809449407,249.11524130734784,0.02390980292664301,-0.00713851854602011,0.0381481294898118,0.14096177944673377,0.012511992150896697,0.03080443325889387,-4.501542301009363e-4,-3.031349837887121,-7.63399912424101
2020-04-01,52.767,0.8072885902699233,2.2918253166569116,2.378283040079647,2.75496124819749,-0.3766782081178432,2.75496124819749,-0.3766782081178432,-0.08645772342273528,-0.08645772342273528,4.313813262278821,1.515660307716073,0.17708010474407482,0.0599755645125125,-0.8099762039978827,-0.0014761195199183585,-121.38070809449407,249.11524130734784,0.02390980292664301,-0.00713851854602011,0.0381481294898118,0.14096177944673377,0.012511992150896697,0.03080443325889387,-4.501542301009363e-4,-3.031349837887121,-7.63399912424101
2020-05-01,132.99,0.8143898547273767,1.3741748453385565,0.9060064724272168,1.8553580538624312,-0.9493515814352145,1.8553580538624312,-0.9493515814352145,0.4681683729113397,0.4681683729113397,4.313813262278821,1.515660307716073,0.17708010474407482,0.0599755645125125,-0.8099762039978827,-0.0014761195199183585,-121.38070809449407,249.11524130734784,0.02390980292664301,-0.00713851854602011,0.0381481294898118,0.14096177944673377,0.012511992150896697,0.03080443325889387,-4.501542301009363e-4,-3.031349837887121,-7.63399912424101
2020-06-01,144.816,0.6336468859077344,1.5499607124237509,0.9238787067706316,1.9576504085310797,-1.0337717017604482,1.9576504085310797,-1.0337717017604482,0.6260820056531193,0.6260820056531193,4.313813262278821,1.515660307716073,0.17708010474407482,0.0599755645125125,-0.8099762039978827,-0.0014761195199183585,-121.38070809449407,249.11524130734784,0.02390980292664301,-0.00713851854602011,0.0381481294898118,0.14096177944673377,0.012511992150896697,0.03080443325889387,-4.501542301009363e-4,-3.031349837887121,-7.63399912424101
2020-07-01,150.1,0.5850523963387874,1.3196233397967623,0.7029374052337658,1.7744290389913844,-1.0714916337576186,1.7744290389913844,-1.0714916337576186,0.6166859345629965,0.6166859345629965,4.313813262278821,1.515660307716073,0.17708010474407482,0.0599755645125125,-0.8099762039978827,-0.0014761195199183585,-121.38070809449407,249.11524130734784,0.02390980292664301,-0.00713851854602011,0.0381481294898118,0.14096177944673377,0.012511992150896697,0.03080443325889387,-4.501542301009363e-4,-3.031349837887121,-7.63399912424101
2020-08-01,101.793,0.5495372462772049,1.6616050848292494,1.0793881495368387,1.8060393678918638,-0.7266512183550251,1.8060393678918638,-0.7266512183550251,0.5822169352924107,0.5822169352924107,4.313813262278821,1.515660307716073,0.17708010474407482,0.0599755645125125,-0.8099762039978827,-0.0014761195199183585,-121.38070809449407,249.11524130734784,0.02390980292664301,-0.00713851854602011,0.0381481294898118,0.14096177944673377,0.012511992150896697,0.03080443325889387,-4.501542301009363e-4,-3.031349837887121,-7.63399912424101
2020-09-01,74.616,0.5486909286051814,0.5023444315596789,-0.2926640988247725,0.239983601005064,-0.5326476998298365,0.239983601005064,-0.5326476998298365,0.7950085303844514,0.7950085303844514,4.313813262278821,1.515660307716073,0.17708010474407482,0.0599755645125125,-0.8099762039978827,-0.0014761195199183585,-121.38070809449407,249.11524130734784,0.02390980292664301,-0.00713851854602011,0.0381481294898118,0.14096177944673377,0.012511992150896697,0.03080443325889387,-4.501542301009363e-4,-3.031349837887121,-7.63399912424101
2020-10-01,90.41,0.5081777354543425,0.4012599867209401,-0.6113470738643821,0.03404638788129599,-0.6453934617456781,0.03404638788129599,-0.6453934617456781,1.0126070605853221,1.0126070605853221,4.313813262278821,1.515660307716073,0.17708010474407482,0.0599755645125125,-0.8099762039978827,-0.0014761195199183585,-121.38070809449407,249.11524130734784,0.02390980292664301,-0.00713851854602011,0.0381481294898118,0.14096177944673377,0.012511992150896697,0.03080443325889387,-4.501542301009363e-4,-3.031349837887121,-7.63399912424101
2020-11-01,81.167,0.4673754192103553,0.28463421536676525,-0.3699657360004631,0.20944639882435112,-0.5794121348248142,0.20944639882435112,-0.5794121348248142,0.6545999513672284,0.6545999513672284,4.313813262278821,1.515660307716073,0.17708010474407482,0.0599755645125125,-0.8099762039978827,-0.0014761195199183585,-121.38070809449407,249.11524130734784,0.02390980292664301,-0.00713851854602011,0.0381481294898118,0.14096177944673377,0.012511992150896697,0.03080443325889387,-4.501542301009363e-4,-3.031349837887121,-7.63399912424101
2020-12-01,92.076,0.4341823070942886,0.55116069421849,0.09971877321917932,0.7570050068625269,-0.6572862336433476,0.7570050068625269,-0.6572862336433476,0.4514419209993107,0.4514419209993107,4.313813262278821,1.515660307716073,0.17708010474407482,0.0599755645125125,-0.8099762039978827,-0.0014761195199183585,-121.38070809449407,249.11524130734784,0.02390980292664301,-0.00713851854602011,0.0381481294898118,0.14096177944673377,0.012511992150896697,0.03080443325889387,-4.501542301009363e-4,-3.031349837887121,-7.63399912424101
2021-01-01,74.985,0.4331516881079408,0.9667946916482297,0.4267594970295483,0.9620413102028662,-0.5352818131733179,0.9620413102028662,-0.5352818131733179,0.5400351946186814,0.5400351946186814,4.313813262278821,1.515660307716073,0.17708010474407482,0.0599755645125125,-0.8099762039978827,-0.0014761195199183585,-121.38070809449407,249.11524130734784,0.02390980292664301,-0.00713851854602011,0.0381481294898118,0.14096177944673377,0.012511992150896697,0.03080443325889387,-4.501542301009363e-4,-3.031349837887121,-7.63399912424101
2021-02-01,66.701,0.40232189424525344,0.9701115867510487,0.5210278163449555,0.9971741418830429,-0.47614632553808733,0.9971741418830429,-0.47614632553808733,0.44908377040609315,0.44908377040609315,4.313813262278821,1.515660307716073,0.17708010474407482,0.0599755645125125,-0.8099762039978827,-0.0014761195199183585,-121.38070809449407,249.11524130734784,0.02390980292664301,-0.00713851854602011,0.0381481294898118,0.14096177944673377,0.012511992150896697,0.03080443325889387,-4.501542301009363e-4,-3.031349837887121,-7.63399912424101
2021-03-01,75.043,0.407217202570109,0.856579974481781,0.6882052274450718,1.223901074694059,-0.5356958472489872,1.223901074694059,-0.5356958472489872,0.16837474703670918,0.16837474703670918,4.313813262278821,1.515660307716073,0.17708010474407482,0.0599755645125125,-0.8099762039978827,-0.0014761195199183585,-121.38070809449407,249.11524130734784,0.02390980292664301,-0.00713851854602011,0.0381481294898118,0.14096177944673377,0.012511992150896697,0.03080443325889387,-4.501542301009363e-4,-3.031349837887121,-7.63399912424101
2021-04-01,88.476,0.40388525162372296,0.17133321873304974,0.32547938451334824,0.9570669513910235,-0.6315875668776753,0.9570669513910235,-0.6315875668776753,-0.1541461657802985,-0.1541461657802985,4.313813262278821,1.515660307716073,0.17708010474407482,0.0599755645125125,-0.8099762039978827,-0.0014761195199183585,-121.38070809449407,249.11524130734784,0.02390980292664301,-0.00713851854602011,0.0381481294898118,0.14096177944673377,0.012511992150896697,0.03080443325889387,-4.501542301009363e-4,-3.031349837887121,-7.63399912424101
2021-05-01,94.304,0.4053339761437705,-0.026431230818048213,-0.24149082219192597,0.4317000307719545,-0.6731908529638805,0.4317000307719545,-0.6731908529638805,0.21505959137387776,0.21505959137387776,4.313813262278821,1.515660307716073,0.17708010474407482,0.0599755645125125,-0.8099762039978827,-0.0014761195199183585,-121.38070809449407,249.11524130734784,0.02390980292664301,-0.00713851854602011,0.0381481294898118,0.14096177944673377,0.012511992150896697,0.03080443325889387,-4.501542301009363e-4,-3.031349837887121,-7.63399912424101
2021-06-01,94.673,0.3755567887947911,-0.23791611443264116,-0.06557188717000995,0.6102530791373519,-0.6758249663073619,0.6102530791373519,-0.6758249663073619,-0.1723442272626312,-0.1723442272626312,4.313813262278821,1.515660307716073,0.17708010474407482,0.0599755645125125,-0.8099762039978827,-0.0014761195199183585,-121.38070809449407,249.11524130734784,0.02390980292664301,-0.00713851854602011,0.0381481294898118,0.14096177944673377,0.012511992150896697,0.03080443325889387,-4.501542301009363e-4,-3.031349837887121,-7.63399912424101
2021-07-01,93.488,0.3880380694032619,-0.11122747012249651,-0.260483476292131,0.40688234553819713,-0.6673658218303281,0.40688234553819713,-0.6673658218303281,0.14925600616963447,0.14925600616963447,4.313813262278821,1.515660307716073,0.17708010474407482,0.0599755645125125,-0.8099762039978827,-0.0014761195199183585,-121.38070809449407,249.11524130734784,0.02390980292664301,-0.00713851854602011,0.0381481294898118,0.14096177944673377,0.012511992150896697,0.03080443325889387,-4.501542301009363e-4,-3.031349837887121,-7.63399912424101
2021-08-01,101.5,0.3898887451930298,-0.23047229725794993,-0.32244940629685337,0.4021102261241878,-0.7245596324210412,0.4021102261241878,-0.7245596324210412,0.09197710903890344,0.09197710903890344,4.313813262278821,1.515660307716073,0.17708010474407482,0.0599755645125125,-0.8099762039978827,-0.0014761195199183585,-121.38070809449407,249.11524130734784,0.02390980292664301,-0.00713851854602011,0.0381481294898118,0.14096177944673377,0.012511992150896697,0.03080443325889387,-4.501542301009363e-4,-3.031349837887121,-7.63399912424101
2021-09-01,78.613,0.39043497332383154,0.4605560944189645,0.06878392823545043,0.6299642866937294,-0.561180358458279,0.6299642866937294,-0.561180358458279,0.39177216618351407,0.39177216618351407,4.313813262278821,1.515660307716073,0.17708010474407482,0.0599755645125125,-0.8099762039978827,-0.0014761195199183585,-121.38070809449407,249.11524130734784,0.02390980292664301,-0.00713851854602011,0.0381481294898118,0.14096177944673377,0.012511992150896697,0.03080443325889387,-4.501542301009363e-4,-3.031349837887121,-7.63399912424101
2021-10-01,87.474,0.38877926921759254,-0.12448698010770165,-0.11238586705991371,0.5120489042346494,-0.6244347712945632,0.5120489042346494,-0.6244347712945632,-0.012101113047787937,-0.012101113047787937,4.313813262278821,1.515660307716073,0.17708010474407482,0.0599755645125125,-0.8099762039978827,-0.0014761195199183585,-121.38070809449407,249.11524130734784,0.02390980292664301,-0.00713851854602011,0.0381481294898118,0.14096177944673377,0.012511992150896697,0.03080443325889387,-4.501542301009363e-4,-3.031349837887121,-7.63399912424101
2021-11-01,82.893,0.49311296585574754,0.058968696417881994,-0.0668611883492014,0.5248720294860436,-0.591733217835245,0.5248720294860436,-0.591733217835245,0.1258298847670834,0.1258298847670834,4.313813262278821,1.515660307716073,0.17708010474407482,0.0599755645125125,-0.8099762039978827,-0.0014761195199183585,-121.38070809449407,249.11524130734784,0.02390980292664301,-0.00713851854602011,0.0381481294898118,0.14096177944673377,0.012511992150896697,0.03080443325889387,-4.501542301009363e-4,-3.031349837887121,-7.63399912424101
2021-12-01,82.86,0.5488512560232925,0.577664152459312,-0.038075726972400026,0.5534219197508263,-0.5914976467232264,0.5534219197508263,-0.5914976467232264,0.615739879431712,0.615739879431712,4.313813262278821,1.515660307716073,0.17708010474407482,0.0599755645125125,-0.8099762039978827,-0.0014761195199183585,-121.38070809449407,249.11524130734784,0.02390980292664301,-0.00713851854602011,0.0381481294898118,0.14096177944673377,0.012511992150896697,0.03080443325889387,-4.501542301009363e-4,-3.031349837887121,-7.63399912424101
2022-01-01,62.364,0.5683066456136773,0.9927582932397707,0.4348706179339603,0.8800571885379584,-0.44518657060399813,0.8800571885379584,-0.44518657060399813,0.5578876753058104,0.5578876753058104,4.313813262278821,1.515660307716073,0.17708010474407482,0.0599755645125125,-0.8099762039978827,-0.0014761195199183585,-121.38070809449407,249.11524130734784,0.02390980292664301,-0.00713851854602011,0.0381481294898118,0.14096177944673377,0.012511992150896697,0.03080443325889387,-4.501542301009363e-4,-3.031349837887121,-7.63399912424101
2022-02-01,67.405,0.7011641344344272,1.2852257055513234,0.25326719714989876,0.7344390397443843,-0.48117184259448553,0.7344390397443843,-0.48117184259448553,1.0319585084014247,1.0319585084014247,4.313813262278821,1.515660307716073,0.17708010474407482,0.0599755645125125,-0.8099762039978827,-0.0014761195199183585,-121.38070809449407,249.11524130734784,0.02390980292664301,-0.00713851854602011,0.0381481294898118,0.14096177944673377,0.012511992150896697,0.03080443325889387,-4.501542301009363e-4,-3.031349837887121,-7.63399912424101
2022-03-01,52.279,0.7118692773576077,0.9220902588215453,0.017287138560001303,0.3904817496273867,-0.3731946110673854,0.3904817496273867,-0.3731946110673854,0.904803120261544,0.904803120261544,4.313813262278821,1.515660307716073,0.17708010474407482,0.0599755645125125,-0.8099762039978827,-0.0014761195199183585,-121.38070809449407,249.11524130734784,0.02390980292664301,-0.00713851854602011,0.0381481294898118,0.14096177944673377,0.012511992150896697,0.03080443325889387,-4.501542301009363e-4,-3.031349837887121,-7.63399912424101
2022-04-01,44.386,0.6701379935882956,1.228923947959184,-0.08471803210380452,0.23213225207984411,-0.31685028418364863,0.23213225207984411,-0.31685028418364863,1.3136419800629886,1.3136419800629886,4.313813262278821,1.515660307716073,0.17708010474407482,0.0599755645125125,-0.8099762039978827,-0.0014761195199183585,-121.38070809449407,249.11524130734784,0.02390980292664301,-0.00713851854602011,0.0381481294898118,0.14096177944673377,0.012511992150896697,0.03080443325889387,-4.501542301009363e-4,-3.031349837887121,-7.63399912424101
2022-05-01,33.234,0.7933513128408424,1.4029389573415751,0.1439683005173955,0.38120982587582786,-0.23724152535843235,0.38120982587582786,-0.23724152535843235,1.2589706568241796,1.2589706568241796,4.313813262278821,1.515660307716073,0.17708010474407482,0.0599755645125125,-0.8099762039978827,-0.0014761195199183585,-121.38070809449407,249.11524130734784,0.02390980292664301,-0.00713851854602011,0.0381481294898118,0.14096177944673377,0.012511992150896697,0.03080443325889387,-4.501542301009363e-4,-3.031349837887121,-7.63399912424101
2022-06-01,22.433,0.7522201573772332,1.3091348679530574,0.3369125169404499,0.49705090348331904,-0.16013838654286913,0.49705090348331904,-0.16013838654286913,0.9722223510126076,0.9722223510126076,4.313813262278821,1.515660307716073,0.17708010474407482,0.0599755645125125,-0.8099762039978827,-0.0014761195199183585,-121.38070809449407,249.11524130734784,0.02390980292664301,-0.00713851854602011,0.0381481294898118,0.14096177944673377,0.012511992150896697,0.03080443325889387,-4.501542301009363e-4,-3.031349837887121,-7.63399912424101
2022-07-01,13.936,0.7412538984848588,0.7772209719197347,-0.028222652249753344,0.07125974220758291,-0.09948239445733625,0.07125974220758291,-0.09948239445733625,0.805443624169488,0.805443624169488,4.313813262278821,1.515660307716073,0.17708010474407482,0.0599755645125125,-0.8099762039978827,-0.0014761195199183585,-121.38070809449407,249.11524130734784,0.02390980292664301,-0.00713851854602011,0.0381481294898118,0.14096177944673377,0.012511992150896697,0.03080443325889387,-4.501542301009363e-4,-3.031349837887121,-7.63399912424101
2022-08-01,-1.836,0.77810137113308675,0.8691047183599017,0.2510999217948179,0.23799360174432493,0.013106320050492924,0.23799360174432493,0.013106320050492924,0.6180047965650838,0.6180047965650838,4.313813262278821,1.515660307716073,0.17708010474407482,0.0599755645125125,-0.8099762039978827,-0.0014761195199183585,-121.38070809449407,249.11524130734784,0.02390980292664301,-0.00713851854602011,0.0381481294898118,0.14096177944673377,0.012511992150896697,0.03080443325889387,-4.501542301009363e-4,-3.031349837887121,-7.63399912424101
2022-09-01,-1.944,0.8141825012251097,1.1230902585321405,0.35243065398891293,0.3385533739354498,0.013877280053463094,0.3385533739354498,0.013877280053463094,0.7706596045432276,0.7706596045432276,4.313813262278821,1.515660307716073,0.17708010474407482,0.0599755645125125,-0.8099762039978827,-0.0014761195199183585,-121.38070809449407,249.11524130734784,0.02390980292664301,-0.00713851854602011,0.0381481294898118,0.14096177944673377,0.012511992150896697,0.03080443325889387,-4.501542301009363e-4,-3.031349837887121,-7.63399912424101
2022-10-01,-1.82,0.8230091822170013,2.3973536216713778,0.7147174703574628,0.7017253666037062,0.0129921037537566,0.7017253666037062,0.0129921037537566,1.682636151313915,1.682636151313915,4.313813262278821,1.515660307716073,0.17708010474407482,0.0599755645125125,-0.8099762039978827,-0.0014761195199183585,-121.38070809449407,249.11524130734784,0.02390980292664301,-0.00713851854602011,0.0381481294898118,0.14096177944673377,0.012511992150896697,0.03080443325889387,-4.501542301009363e-4,-3.031349837887121,-7.63399912424101
2022-11-01,-3.084,0.7459170497661667,0.8861820932326389,0.5546838264298787,0.5326686352339527,0.022015191195926022,0.5326686352339527,0.022015191195926022,0.3314982668027602,0.3314982668027602,4.313813262278821,1.515660307716073,0.17708010474407482,0.0599755645125125,-0.8099762039978827,-0.0014761195199183585,-121.38070809449407,249.11524130734784,0.02390980292664301,-0.00713851854602011,0.0381481294898118,0.14096177944673377,0.012511992150896697,0.03080443325889387,-4.501542301009363e-4,-3.031349837887121,-7.63399912424101
2022-12-01,0.404,0.7116169981660111,0.6560651603324331,0.563347003140197,0.5662309646327892,-0.0028839614925921246,0.5662309646327892,-0.0028839614925921246,0.09271815719223608,0.09271815719223608,4.313813262278821,1.515660307716073,0.17708010474407482,0.0599755645125125,-0.8099762039978827,-0.0014761195199183585,-121.38070809449407,249.11524130734784,0.02390980292664301,-0.00713851854602011,0.0381481294898118,0.14096177944673377,0.012511992150896697,0.03080443325889387,-4.501542301009363e-4,-3.031349837887121,-7.63399912424101
2023-01-01,2.516,0.6743049649565485,0.03255843914348433,0.3367578762875391,0.3547183889493257,-0.017960512661786596,0.3547183889493257,-0.017960512661786596,-0.3041994371440548,-0.3041994371440548,4.313813262278821,1.515660307716073,0.17708010474407482,0.0599755645125125,-0.8099762039978827,-0.0014761195199183585,-121.38070809449407,249.11524130734784,0.02390980292664301,-0.00713851854602011,0.0381481294898118,0.14096177944673377,0.012511992150896697,0.03080443325889387,-4.501542301009363e-4,-3.031349837887121,-7.63399912424101
2023-02-01,-0.094,0.6023000832582549,0.6049400988273375,0.7113622368077267,0.7106912160644008,6.710207433258904e-4,0.7106912160644008,6.710207433258904e-4,-0.10642213798038924,-0.10642213798038924,4.313813262278821,1.515660307716073,0.17708010474407482,0.0599755645125125,-0.8099762039978827,-0.0014761195199183585,-121.38070809449407,249.11524130734784,0.02390980292664301,-0.00713851854602011,0.0381481294898118,0.14096177944673377,0.012511992150896697,0.03080443325889387,-4.501542301009363e-4,-3.031349837887121,-7.63399912424101
2023-03-01,0.118,0.5901817146889115,1.0571579710459775,0.5784842149086068,0.5793265600970372,-8.42345188430373e-4,0.5793265600970372,-8.42345188430373e-4,0.47867375613737073,0.47867375613737073,4.313813262278821,1.515660307716073,0.17708010474407482,0.0599755645125125,-0.8099762039978827,-0.0014761195199183585,-121.38070809449407,249.11524130734784,0.02390980292664301,-0.00713851854602011,0.0381481294898118,0.14096177944673377,0.012511992150896697,0.03080443325889387,-4.501542301009363e-4,-3.031349837887121,-7.63399912424101
2023-04-01,-10.212,0.5881438746292291,1.2354355084851036,1.2701410749845827,1.1972425235926254,0.07289855139195736,1.1972425235926254,0.07289855139195736,-0.03470556649947909,-0.03470556649947909,4.313813262278821,1.515660307716073,0.17708010474407482,0.0599755645125125,-0.8099762039978827,-0.0014761195199183585,-121.38070809449407,249.11524130734784,0.02390980292664301,-0.00713851854602011,0.0381481294898118,0.14096177944673377,0.012511992150896697,0.03080443325889387,-4.501542301009363e-4,-3.031349837887121,-7.63399912424101
2023-05-01,-12.134,0.5635018531958847,1.2454954412642534,1.1502403553075862,1.0636215712701782,0.08661878403740803,1.0636215712701782,0.08661878403740803,0.09525508595666721,0.09525508595666721,4.313813262278821,1.515660307716073,0.17708010474407482,0.0599755645125125,-0.8099762039978827,-0.0014761195199183585,-121.38070809449407,249.11524130734784,0.02390980292664301,-0.00713851854602011,0.0381481294898118,0.14096177944673377,0.012511992150896697,0.03080443325889387,-4.501542301009363e-4,-3.031349837887121,-7.63399912424101
2023-06-01,-14.588,0.4721225386548072,0.9495640593361138,1.005040698919312,0.9009039903699705,0.10413670854934136,0.9009039903699705,0.10413670854934136,-0.05547663958319815,-0.05547663958319815,4.313813262278821,1.515660307716073,0.17708010474407482,0.0599755645125125,-0.8099762039978827,-0.0014761195199183585,-121.38070809449407,249.11524130734784,0.02390980292664301,-0.00713851854602011,0.0381481294898118,0.14096177944673377,0.012511992150896697,0.03080443325889387,-4.501542301009363e-4,-3.031349837887121,-7.63399912424101
2023-07-01,-10.535,0.4759734620141192,1.0514822748977852,0.8666273131212444,0.7914230202389225,0.07520429288232186,0.7914230202389225,0.07520429288232186,0.18485496177654082,0.18485496177654082,4.313813262278821,1.515660307716073,0.17708010474407482,0.0599755645125125,-0.8099762039978827,-0.0014761195199183585,-121.38070809449407,249.11524130734784,0.02390980292664301,-0.00713851854602011,0.0381481294898118,0.14096177944673377,0.012511992150896697,0.03080443325889387,-4.501542301009363e-4,-3.031349837887121,-7.63399912424101
2023-08-01,-26.634,0.4658775880089824,1.4199909146109462,0.9458593589265477,0.7557320559718481,0.19012730295469962,0.7557320559718481,0.19012730295469962,0.47413155568439846,0.47413155568439846,4.313813262278821,1.515660307716073,0.17708010474407482,0.0599755645125125,-0.8099762039978827,-0.0014761195199183585,-121.38070809449407,249.11524130734784,0.02390980292664301,-0.00713851854602011,0.0381481294898118,0.14096177944673377,0.012511992150896697,0.03080443325889387,-4.501542301009363e-4,-3.031349837887121,-7.63399912424101
2023-09-01,-16.834,0.5157748344652832,1.744486760077792,1.1140093701128984,0.9938395489091958,0.12016982120370254,0.9938395489091958,0.12016982120370254,0.6304773899648937,0.6304773899648937,4.313813262278821,1.515660307716073,0.17708010474407482,0.0599755645125125,-0.8099762039978827,-0.0014761195199183585,-121.38070809449407,249.11524130734784,0.02390980292664301,-0.00713851854602011,0.0381481294898118,0.14096177944673377,0.012511992150896697,0.03080443325889387,-4.501542301009363e-4,-3.031349837887121,-7.63399912424101
2023-10-01,-13.515,0.5756833496930249,0.695479380642968,0.18404438550329924,0.08756730735383744,0.0964770781494618,0.08756730735383744,0.0964770781494618,0.5114349951396687,0.5114349951396687,4.313813262278821,1.515660307716073,0.17708010474407482,0.0599755645125125,-0.8099762039978827,-0.0014761195199183585,-121.38070809449407,249.11524130734784,0.02390980292664301,-0.00713851854602011,0.0381481294898118,0.14096177944673377,0.012511992150896697,0.03080443325889387,-4.501542301009363e-4,-3.031349837887121,-7.63399912424101
2023-11-01,-44.92,0.49790946454690505,0.6959265104189096,0.3112223375089804,-0.009439915578242974,0.32066225308722335,-0.009439915578242974,0.32066225308722335,0.38470417290992925,0.38470417290992925,4.313813262278821,1.515660307716073,0.17708010474407482,0.0599755645125125,-0.8099762039978827,-0.0014761195199183585,-121.38070809449407,249.11524130734784,0.02390980292664301,-0.00713851854602011,0.0381481294898118,0.14096177944673377,0.012511992150896697,0.03080443325889387,-4.501542301009363e-4,-3.031349837887121,-7.63399912424101
2023-12-01,-12.565,0.476622321850823,0.788474130595175,0.2677978888635809,0.17810240333283822,0.08969548553074268,0.17810240333283822,0.08969548553074268,0.5206762417315941,0.5206762417315941,4.313813262278821,1.515660307716073,0.17708010474407482,0.0599755645125125,-0.8099762039978827,-0.0014761195199183585,-121.38070809449407,249.11524130734784,0.02390980292664301,-0.00713851854602011,0.0381481294898118,0.14096177944673377,0.012511992150896697,0.03080443325889387,-4.501542301009363e-4,-3.031349837887121,-7.63399912424101
2024-01-01,-5.495,0.4370666467027883,1.1215693187262528,0.5367302436066622,0.49750408419628167,0.039226159410380504,0.49750408419628167,0.039226159410380504,0.5848390751195905,0.5848390751195905,4.313813262278821,1.515660307716073,0.17708010474407482,0.0599755645125125,-0.8099762039978827,-0.0014761195199183585,-121.38070809449407,249.11524130734784,0.02390980292664301,-0.00713851854602011,0.0381481294898118,0.14096177944673377,0.012511992150896697,0.03080443325889387,-4.501542301009363e-4,-3.031349837887121,-7.63399912424101
2024-02-01,-25.642,0.4137452572321588,1.1917239924159015,0.6303986140114777,0.44735272145442995,0.18304589255704767,0.44735272145442995,0.18304589255704767,0.5613253784044239,0.5613253784044239,4.313813262278821,1.515660307716073,0.17708010474407482,0.0599755645125125,-0.8099762039978827,-0.0014761195199183585,-121.38070809449407,249.11524130734784,0.02390980292664301,-0.00713851854602011,0.0381481294898118,0.14096177944673377,0.012511992150896697,0.03080443325889387,-4.501542301009363e-4,-3.031349837887121,-7.63399912424101
2024-03-01,-20.462,0.36924581565998926,1.242574758718396,0.6104823345633434,0.46441396807467994,0.1460683664886635,0.46441396807467994,0.1460683664886635,0.6320924241550525,0.6320924241550525,4.313813262278821,1.515660307716073,0.17708010474407482,0.0599755645125125,-0.8099762039978827,-0.0014761195199183585,-121.38070809449407,249.11524130734784,0.02390980292664301,-0.00713851854602011,0.0381481294898118,0.14096177944673377,0.012511992150896697,0.03080443325889387,-4.501542301009363e-4,-3.031349837887121,-7.63399912424101
2024-04-01,-22.56,0.3780051580321434,0.40973789293178914,-0.2206891917926102,-0.3817341701908239,0.1610449783982137,-0.3817341701908239,0.1610449783982137,0.6304270847243993,0.6304270847243993,4.313813262278821,1.515660307716073,0.17708010474407482,0.0599755645125125,-0.8099762039978827,-0.0014761195199183585,-121.38070809449407,249.11524130734784,0.02390980292664301,-0.00713851854602011,0.0381481294898118,0.14096177944673377,0.012511992150896697,0.03080443325889387,-4.501542301009363e-4,-3.031349837887121,-7.63399912424101
2024-05-01,-28.676,0.35537506188476164,0.0948249950248129,-0.6021531222793545,-0.8068572801050271,0.20470415782567267,-0.8068572801050271,0.20470415782567267,0.6969781173041674,0.6969781173041674,4.313813262278821,1.515660307716073,0.17708010474407482,0.0599755645125125,-0.8099762039978827,-0.0014761195199183585,-121.38070809449407,249.11524130734784,0.02390980292664301,-0.00713851854602011,0.0381481294898118,0.14096177944673377,0.012511992150896697,0.03080443325889387,-4.501542301009363e-4,-3.031349837887121,-7.63399912424101
2024-06-01,-30.242,0.3954388337620899,-0.016451555417012154,-0.7309162560676445,-0.9467993339363847,0.21588307786874017,-0.9467993339363847,0.21588307786874017,0.7144647006506324,0.7144647006506324,4.313813262278821,1.515660307716073,0.17708010474407482,0.0599755645125125,-0.8099762039978827,-0.0014761195199183585,-121.38070809449407,249.11524130734784,0.02390980292664301,-0.00713851854602011,0.0381481294898118,0.14096177944673377,0.012511992150896697,0.03080443325889387,-4.501542301009363e-4,-3.031349837887121,-7.63399912424101
2024-07-01,-15.002,0.3690083634542154,0.36263328018627533,-0.7769180010422272,-0.8840100562696209,0.10709205522739369,-0.8840100562696209,0.10709205522739369,1.1395512812285025,1.1395512812285025,4.313813262278821,1.515660307716073,0.17708010474407482,0.0599755645125125,-0.8099762039978827,-0.0014761195199183585,-121.38070809449407,249.11524130734784,0.02390980292664301,-0.00713851854602011,0.0381481294898118,0.14096177944673377,0.012511992150896697,0.03080443325889387,-4.501542301009363e-4,-3.031349837887121,-7.63399912424101
2024-08-01,-34.241,0.391445210196832,0.42166911752708935,-0.3257334273915359,-0.5701634409258105,0.2444300135342746,-0.5701634409258105,0.2444300135342746,0.7474025449186252,0.7474025449186252,4.313813262278821,1.515660307716073,0.17708010474407482,0.0599755645125125,-0.8099762039978827,-0.0014761195199183585,-121.38070809449407,249.11524130734784,0.02390980292664301,-0.00713851854602011,0.0381481294898118,0.14096177944673377,0.012511992150896697,0.03080443325889387,-4.501542301009363e-4,-3.031349837887121,-7.63399912424101
2024-09-01,-18.044,0.3718509653252563,0.30772214037436374,-0.5845229916366116,-0.7133304202809985,0.12880742864438688,-0.7133304202809985,0.12880742864438688,0.8922451320109753,0.8922451320109753,4.313813262278821,1.515660307716073,0.17708010474407482,0.0599755645125125,-0.8099762039978827,-0.0014761195199183585,-121.38070809449407,249.11524130734784,0.02390980292664301,-0.00713851854602011,0.0381481294898118,0.14096177944673377,0.012511992150896697,0.03080443325889387,-4.501542301009363e-4,-3.031349837887121,-7.63399912424101
2024-10-01,-22.017,0.3371124202932704,-0.26080032975960193,-1.0506634084848427,-1.2078321713125675,0.15716876282772477,-1.2078321713125675,0.15716876282772477,0.7898630787252408,0.7898630787252408,4.313813262278821,1.515660307716073,0.17708010474407482,0.0599755645125125,-0.8099762039978827,-0.0014761195199183585,-121.38070809449407,249.11524130734784,0.02390980292664301,-0.00713851854602011,0.0381481294898118,0.14096177944673377,0.012511992150896697,0.03080443325889387,-4.501542301009363e-4,-3.031349837887121,-7.63399912424101
2024-11-01,-41.491,0.3397968809918232,0.12141369677123948,-0.966206140198914,-1.2623904131918344,0.2961842729929204,-1.2623904131918344,0.2961842729929204,1.0876198369701535,1.0876198369701535,4.313813262278821,1.515660307716073,0.17708010474407482,0.0599755645125125,-0.8099762039978827,-0.0014761195199183585,-121.38070809449407,249.11524130734784,0.02390980292664301,-0.00713851854602011,0.0381481294898118,0.14096177944673377,0.012511992150896697,0.03080443325889387,-4.501542301009363e-4,-3.031349837887121,-7.63399912424101
2024-12-01,-29.578,0.3258770828908862,0.28564371299844904,-1.0637153477507209,-1.2748584493049036,0.2111431015541828,-1.2748584493049036,0.2111431015541828,1.34935906074917,1.34935906074917,4.313813262278821,1.515660307716073,0.17708010474407482,0.0599755645125125,-0.8099762039978827,-0.0014761195199183585,-121.38070809449407,249.11524130734784,0.02390980292664301,-0.00713851854602011,0.0381481294898118,0.14096177944673377,0.012511992150896697,0.03080443325889387,-4.501542301009363e-4,-3.031349837887121,-7.63399912424101
2025-01-01,-23.361,0.33022252725299306,0.3866705181490597,-1.0091405467063412,-1.175903478459917,0.1667629317535758,-1.175903478459917,0.1667629317535758,1.395811064855401,1.395811064855401,4.313813262278821,1.515660307716073,0.17708010474407482,0.0599755645125125,-0.8099762039978827,-0.0014761195199183585,-121.38070809449407,249.11524130734784,0.02390980292664301,-0.00713851854602011,0.0381481294898118,0.14096177944673377,0.012511992150896697,0.03080443325889387,-4.501542301009363e-4,-3.031349837887121,-7.63399912424101
2025-02-01,-26.415,0.3261862426582198,-0.019251369018395414,-1.1533028510459353,-1.3418668184390565,0.1885639673931212,-1.3418668184390565,0.1885639673931212,1.13405148202754,1.13405148202754,4.313813262278821,1.515660307716073,0.17708010474407482,0.0599755645125125,-0.8099762039978827,-0.0014761195199183585,-121.38070809449407,249.11524130734784,0.02390980292664301,-0.00713851854602011,0.0381481294898118,0.14096177944673377,0.012511992150896697,0.03080443325889387,-4.501542301009363e-4,-3.031349837887121,-7.63399912424101
2025-03-01,-45.084,0.32610446005653954,-0.388247833029327,-1.230888525353274,-1.5527214954820447,0.32183297012877066,-1.5527214954820447,0.32183297012877066,0.8426406923239469,0.8426406923239469,4.313813262278821,1.515660307716073,0.17708010474407482,0.0599755645125125,-0.8099762039978827,-0.0014761195199183585,-121.38070809449407,249.11524130734784,0.02390980292664301,-0.00713851854602011,0.0381481294898118,0.14096177944673377,0.012511992150896697,0.03080443325889387,-4.501542301009363e-4,-3.031349837887121,-7.63399912424101
2025-04-01,-58.47,0.3349148160163607,-1.1547429619741436,-0.7630045475333092,-1.180393726919105,0.41738917938579584,-1.180393726919105,0.41738917938579584,-0.39173841444083446,-0.39173841444083446,4.313813262278821,1.515660307716073,0.17708010474407482,0.0599755645125125,-0.8099762039978827,-0.0014761195199183585,-121.38070809449407,249.11524130734784,0.02390980292664301,-0.00713851854602011,0.0381481294898118,0.14096177944673377,0.012511992150896697,0.03080443325889387,-4.501542301009363e-4,-3.031349837887121,-7.63399912424101
2025-05-01,-44.831,0.2915348974097233,0.239849900350863,-0.7809313225571475,-1.1009582474937751,0.3200269249366276,-1.1009582474937751,0.3200269249366276,1.0207812229080104,1.0207812229080104,4.313813262278821,1.515660307716073,0.17708010474407482,0.0599755645125125,-0.8099762039978827,-0.0014761195199183585,-121.38070809449407,249.11524130734784,0.02390980292664301,-0.00713851854602011,0.0381481294898118,0.14096177944673377,0.012511992150896697,0.03080443325889387,-4.501542301009363e-4,-3.031349837887121,-7.63399912424101
2025-06-01,-33.985,0.27415577466450636,0.14647600056575216,-0.681063793925831,-0.9236663467123245,0.24260255278649345,-0.9236663467123245,0.24260255278649345,0.8275397944915832,0.8275397944915832,4.313813262278821,1.515660307716073,0.17708010474407482,0.0599755645125125,-0.8099762039978827,-0.0014761195199183585,-121.38070809449407,249.11524130734784,0.02390980292664301,-0.00713851854602011,0.0381481294898118,0.14096177944673377,0.012511992150896697,0.03080443325889387,-4.501542301009363e-4,-3.031349837887121,-7.63399912424101
2025-07-01,-34.056,0.26016784654036307,0.38102239382559044,-0.9785203051388678,-1.2216296927421286,0.24310938760326084,-1.2216296927421286,0.24310938760326084,1.3595426989644581,1.3595426989644581,4.313813262278821,1.515660307716073,0.17708010474407482,0.0599755645125125,-0.8099762039978827,-0.0014761195199183585,-121.38070809449407,249.11524130734784,0.02390980292664301,-0.00713851854602011,0.0381481294898118,0.14096177944673377,0.012511992150896697,0.03080443325889387,-4.501542301009363e-4,-3.031349837887121,-7.63399912424101
2025-08-01,-41.549,0.25383690951404597,0.291147230561207,-0.8374664025403984,-1.134064709608988,0.29659830706858953,-1.134064709608988,0.29659830706858953,1.1286136331016055,1.1286136331016055,4.313813262278821,1.515660307716073,0.17708010474407482,0.0599755645125125,-0.8099762039978827,-0.0014761195199183585,-121.38070809449407,249.11524130734784,0.02390980292664301,-0.00713851854602011,0.0381481294898118,0.14096177944673377,0.012511992150896697,0.03080443325889387,-4.501542301009363e-4,-3.031349837887121,-7.63399912424101
2025-09-01,-22.188,0.27037744616292436,0.058766427944391575,-1.1523898234427146,-1.3107792729418088,0.1583894494990942,-1.3107792729418088,0.1583894494990942,1.2111562513871061,1.2111562513871061,4.313813262278821,1.515660307716073,0.17708010474407482,0.0599755645125125,-0.8099762039978827,-0.0014761195199183585,-121.38070809449407,249.11524130734784,0.02390980292664301,-0.00713851854602011,0.0381481294898118,0.14096177944673377,0.012511992150896697,0.03080443325889387,-4.501542301009363e-4,-3.031349837887121,-7.63399912424101
