date,alpha,beta_gdp_growth_stdev,beta_inflation_stdev,beta_debt_gdp_stdev,beta_current_account_stdev,beta_policy_uncertainty_stdev,beta_bank_nexus_stdev,beta_bid_ask_stdev,gamma,lambda_gdp_growth_stdev,lambda_inflation_stdev,lambda_debt_gdp_stdev,lambda_current_account_stdev,lambda_policy_uncertainty_stdev,lambda_bank_nexus_stdev,lambda_bid_ask_stdev,delta,P_t_bn,MS_actual,MS_fitted,MS_tilde,MS_tilde_nopurch,MS_tilde_se,MS_tilde_nopurch_lo,MS_tilde_nopurch_hi,purchase_effect,fundamental_component,purchase_component,sentiment_component
2005-09-01,NA,NA,NA,NA,NA,NA,NA,NA,NA,NA,NA,NA,NA,NA,NA,NA,NA,0,NA,NA,NA,NA,NA,NA,NA,NA,NA,NA,NA
2005-10-01,NA,NA,NA,NA,NA,NA,NA,NA,NA,NA,NA,NA,NA,NA,NA,NA,NA,0,NA,NA,NA,NA,NA,NA,NA,NA,NA,NA,NA
2005-11-01,NA,NA,NA,NA,NA,NA,NA,NA,NA,NA,NA,NA,NA,NA,NA,NA,NA,0,NA,NA,NA,NA,NA,NA,NA,NA,NA,NA,NA
2005-12-01,NA,NA,NA,NA,NA,NA,NA,NA,NA,NA,NA,NA,NA,NA,NA,NA,NA,0,NA,NA,NA,NA,NA,NA,NA,NA,NA,NA,NA
2006-01-01,NA,NA,NA,NA,NA,NA,NA,NA,NA,NA,NA,NA,NA,NA,NA,NA,NA,0,NA,NA,NA,NA,NA,NA,NA,NA,NA,NA,NA
2006-02-01,NA,NA,NA,NA,NA,NA,NA,NA,NA,NA,NA,NA,NA,NA,NA,NA,NA,0,NA,NA,NA,NA,NA,NA,NA,NA,NA,NA,NA
2006-03-01,NA,NA,NA,NA,NA,NA,NA,NA,NA,NA,NA,NA,NA,NA,NA,NA,NA,0,NA,NA,NA,NA,NA,NA,NA,NA,NA,NA,NA
2006-04-01,NA,NA,NA,NA,NA,NA,NA,NA,NA,NA,NA,NA,NA,NA,NA,NA,NA,0,NA,NA,NA,NA,NA,NA,NA,NA,NA,NA,NA
2006-05-01,NA,NA,NA,NA,NA,NA,NA,NA,NA,NA,NA,NA,NA,NA,NA,NA,NA,0,NA,NA,NA,NA,NA,NA,NA,NA,NA,NA,NA
2006-06-01,NA,NA,NA,NA,NA,NA,NA,NA,NA,NA,NA,NA,NA,NA,NA,NA,NA,0,NA,NA,NA,NA,NA,NA,NA,NA,NA,NA,NA
2006-07-01,NA,NA,NA,NA,NA,NA,NA,NA,NA,NA,NA,NA,NA,NA,NA,NA,NA,0,NA,NA,NA,NA,NA,NA,NA,NA,NA,NA,NA
2006-08-01,NA,NA,NA,NA,NA,NA,NA,NA,NA,NA,NA,NA,NA,NA,NA,NA,NA,0,NA,NA,NA,NA,NA,NA,NA,NA,NA,NA,NA
2006-09-01,NA,NA,NA,NA,NA,NA,NA,NA,NA,NA,NA,NA,NA,NA,NA,NA,NA,0,NA,NA,NA,NA,NA,NA,NA,NA,NA,NA,NA
2006-10-01,NA,NA,NA,NA,NA,NA,NA,NA,NA,NA,NA,NA,NA,NA,NA,NA,NA,0,NA,NA,NA,NA,NA,NA,NA,NA,NA,NA,NA
2006-11-01,NA,NA,NA,NA,NA,NA,NA,NA,NA,NA,NA,NA,NA,NA,NA,NA,NA,0,NA,NA,NA,NA,NA,NA,NA,NA,NA,NA,NA
2006-12-01,NA,NA,NA,NA,NA,NA,NA,NA,NA,NA,NA,NA,NA,NA,NA,NA,NA,0,NA,NA,NA,NA,NA,NA,NA,NA,NA,NA,NA
2007-01-01,NA,NA,NA,NA,NA,NA,NA,NA,NA,NA,NA,NA,NA,NA,NA,NA,NA,0,NA,NA,NA,NA,NA,NA,NA,NA,NA,NA,NA
2007-02-01,NA,NA,NA,NA,NA,NA,NA,NA,NA,NA,NA,NA,NA,NA,NA,NA,NA,0,NA,NA,NA,NA,NA,NA,NA,NA,NA,NA,NA
2007-03-01,NA,NA,NA,NA,NA,NA,NA,NA,NA,NA,NA,NA,NA,NA,NA,NA,NA,0,NA,NA,NA,NA,NA,NA,NA,NA,NA,NA,NA
2007-04-01,NA,NA,NA,NA,NA,NA,NA,NA,NA,NA,NA,NA,NA,NA,NA,NA,NA,0,NA,NA,NA,NA,NA,NA,NA,NA,NA,NA,NA
2007-05-01,NA,NA,NA,NA,NA,NA,NA,NA,NA,NA,NA,NA,NA,NA,NA,NA,NA,0,NA,NA,NA,NA,NA,NA,NA,NA,NA,NA,NA
2007-06-01,NA,NA,NA,NA,NA,NA,NA,NA,NA,NA,NA,NA,NA,NA,NA,NA,NA,0,NA,NA,NA,NA,NA,NA,NA,NA,NA,NA,NA
2007-07-01,NA,NA,NA,NA,NA,NA,NA,NA,NA,NA,NA,NA,NA,NA,NA,NA,NA,0,NA,NA,NA,NA,NA,NA,NA,NA,NA,NA,NA
2007-08-01,NA,NA,NA,NA,NA,NA,NA,NA,NA,NA,NA,NA,NA,NA,NA,NA,NA,0,NA,NA,NA,NA,NA,NA,NA,NA,NA,NA,NA
2007-09-01,NA,NA,NA,NA,NA,NA,NA,NA,NA,NA,NA,NA,NA,NA,NA,NA,NA,0,NA,NA,NA,NA,NA,NA,NA,NA,NA,NA,NA
2007-10-01,NA,NA,NA,NA,NA,NA,NA,NA,NA,NA,NA,NA,NA,NA,NA,NA,NA,0,NA,NA,NA,NA,NA,NA,NA,NA,NA,NA,NA
2007-11-01,NA,NA,NA,NA,NA,NA,NA,NA,NA,NA,NA,NA,NA,NA,NA,NA,NA,0,NA,NA,NA,NA,NA,NA,NA,NA,NA,NA,NA
2007-12-01,NA,NA,NA,NA,NA,NA,NA,NA,NA,NA,NA,NA,NA,NA,NA,NA,NA,0,NA,NA,NA,NA,NA,NA,NA,NA,NA,NA,NA
2008-01-01,NA,NA,NA,NA,NA,NA,NA,NA,NA,NA,NA,NA,NA,NA,NA,NA,NA,0,NA,NA,NA,NA,NA,NA,NA,NA,NA,NA,NA
2008-02-01,NA,NA,NA,NA,NA,NA,NA,NA,NA,NA,NA,NA,NA,NA,NA,NA,NA,0,NA,NA,NA,NA,NA,NA,NA,NA,NA,NA,NA
2008-03-01,NA,NA,NA,NA,NA,NA,NA,NA,NA,NA,NA,NA,NA,NA,NA,NA,NA,0,NA,NA,NA,NA,NA,NA,NA,NA,NA,NA,NA
2008-04-01,NA,NA,NA,NA,NA,NA,NA,NA,NA,NA,NA,NA,NA,NA,NA,NA,NA,0,NA,NA,NA,NA,NA,NA,NA,NA,NA,NA,NA
2008-05-01,NA,NA,NA,NA,NA,NA,NA,NA,NA,NA,NA,NA,NA,NA,NA,NA,NA,0,NA,NA,NA,NA,NA,NA,NA,NA,NA,NA,NA
2008-06-01,NA,NA,NA,NA,NA,NA,NA,NA,NA,NA,NA,NA,NA,NA,NA,NA,NA,0,NA,NA,NA,NA,NA,NA,NA,NA,NA,NA,NA
2008-07-01,NA,NA,NA,NA,NA,NA,NA,NA,NA,NA,NA,NA,NA,NA,NA,NA,NA,0,NA,NA,NA,NA,NA,NA,NA,NA,NA,NA,NA
2008-08-01,NA,NA,NA,NA,NA,NA,NA,NA,NA,NA,NA,NA,NA,NA,NA,NA,NA,0,NA,NA,NA,NA,NA,NA,NA,NA,NA,NA,NA
2008-09-01,NA,NA,NA,NA,NA,NA,NA,NA,NA,NA,NA,NA,NA,NA,NA,NA,NA,0,NA,NA,NA,NA,NA,NA,NA,NA,NA,NA,NA
2008-10-01,NA,NA,NA,NA,NA,NA,NA,NA,NA,NA,NA,NA,NA,NA,NA,NA,NA,0,NA,NA,NA,NA,NA,NA,NA,NA,NA,NA,NA
2008-11-01,NA,NA,NA,NA,NA,NA,NA,NA,NA,NA,NA,NA,NA,NA,NA,NA,NA,0,NA,NA,NA,NA,NA,NA,NA,NA,NA,NA,NA
2008-12-01,NA,NA,NA,NA,NA,NA,NA,NA,NA,NA,NA,NA,NA,NA,NA,NA,NA,0,NA,NA,NA,NA,NA,NA,NA,NA,NA,NA,NA
2009-01-01,NA,NA,NA,NA,NA,NA,NA,NA,NA,NA,NA,NA,NA,NA,NA,NA,NA,0,NA,NA,NA,NA,NA,NA,NA,NA,NA,NA,NA
2009-02-01,NA,NA,NA,NA,NA,NA,NA,NA,NA,NA,NA,NA,NA,NA,NA,NA,NA,0,NA,NA,NA,NA,NA,NA,NA,NA,NA,NA,NA
2009-03-01,NA,NA,NA,NA,NA,NA,NA,NA,NA,NA,NA,NA,NA,NA,NA,NA,NA,0,NA,NA,NA,NA,NA,NA,NA,NA,NA,NA,NA
2009-04-01,NA,NA,NA,NA,NA,NA,NA,NA,NA,NA,NA,NA,NA,NA,NA,NA,NA,0,NA,NA,NA,NA,NA,NA,NA,NA,NA,NA,NA
2009-05-01,NA,NA,NA,NA,NA,NA,NA,NA,NA,NA,NA,NA,NA,NA,NA,NA,NA,0,NA,NA,NA,NA,NA,NA,NA,NA,NA,NA,NA
2009-06-01,NA,NA,NA,NA,NA,NA,NA,NA,NA,NA,NA,NA,NA,NA,NA,NA,NA,0,NA,NA,NA,NA,NA,NA,NA,NA,NA,NA,NA
2009-07-01,NA,NA,NA,NA,NA,NA,NA,NA,NA,NA,NA,NA,NA,NA,NA,NA,NA,0,NA,NA,NA,NA,NA,NA,NA,NA,NA,NA,NA
2009-08-01,NA,NA,NA,NA,NA,NA,NA,NA,NA,NA,NA,NA,NA,NA,NA,NA,NA,0,NA,NA,NA,NA,NA,NA,NA,NA,NA,NA,NA
2009-09-01,NA,NA,NA,NA,NA,NA,NA,NA,NA,NA,NA,NA,NA,NA,NA,NA,NA,0,NA,NA,NA,NA,NA,NA,NA,NA,NA,NA,NA
2009-10-01,NA,NA,NA,NA,NA,NA,NA,NA,NA,NA,NA,NA,NA,NA,NA,NA,NA,0,NA,NA,NA,NA,NA,NA,NA,NA,NA,NA,NA
2009-11-01,NA,NA,NA,NA,NA,NA,NA,NA,NA,NA,NA,NA,NA,NA,NA,NA,NA,0,NA,NA,NA,NA,NA,NA,NA,NA,NA,NA,NA
2009-12-01,NA,NA,NA,NA,NA,NA,NA,NA,NA,NA,NA,NA,NA,NA,NA,NA,NA,0,NA,NA,NA,NA,NA,NA,NA,NA,NA,NA,NA
2010-01-01,NA,NA,NA,NA,NA,NA,NA,NA,NA,NA,NA,NA,NA,NA,NA,NA,NA,0,NA,NA,NA,NA,NA,NA,NA,NA,NA,NA,NA
2010-02-01,NA,NA,NA,NA,NA,NA,NA,NA,NA,NA,NA,NA,NA,NA,NA,NA,NA,0,NA,NA,NA,NA,NA,NA,NA,NA,NA,NA,NA
2010-03-01,NA,NA,NA,NA,NA,NA,NA,NA,NA,NA,NA,NA,NA,NA,NA,NA,NA,0,NA,NA,NA,NA,NA,NA,NA,NA,NA,NA,NA
2010-04-01,NA,NA,NA,NA,NA,NA,NA,NA,NA,NA,NA,NA,NA,NA,NA,NA,NA,0,NA,NA,NA,NA,NA,NA,NA,NA,NA,NA,NA
2010-05-01,NA,NA,NA,NA,NA,NA,NA,NA,NA,NA,NA,NA,NA,NA,NA,NA,NA,35.5,NA,NA,NA,NA,NA,NA,NA,NA,NA,NA,NA
2010-06-01,NA,NA,NA,NA,NA,NA,NA,NA,NA,NA,NA,NA,NA,NA,NA,NA,NA,19.8,NA,NA,NA,NA,NA,NA,NA,NA,NA,NA,NA
2010-07-01,NA,NA,NA,NA,NA,NA,NA,NA,NA,NA,NA,NA,NA,NA,NA,NA,NA,5.0555,NA,NA,NA,NA,NA,NA,NA,NA,NA,NA,NA
2010-08-01,3.031581644222114,-0.6452427596611581,1.5925483853665385,-0.1832484944501888,-0.045549033031604944,0.00395938651359167,27.96902053258963,92.65491461758174,0.03494439130662604,-0.00436143859842453,0.19275305198478845,0.0043631760486570375,-0.021890818854095533,-1.0442178314552758e-4,-2.5535749236705714,10.469016390634991,-0.041091856642643844,0.499,2.468057402231167,2.2117673860869536,0.5700376815262364,0.5905425179909156,0.391069065507921,-0.19159561302492634,1.3726806490067576,-0.02050483646467928,0.5905425179909156,-0.02050483646467928,1.641729704560717
2010-09-01,2.9758379529792722,-0.4992368767334189,1.4629740765420163,-0.13800933816865177,-0.1489477707568204,0.006167890306940494,14.274846308180653,186.23843908483147,0.017701808437568717,0.0036108980862191867,0.19736590831060202,-0.00286361569599996,-0.004430282013482665,-1.291359835645851e-4,-1.9429037324527685,1.5586643795094643,-0.03299319989906762,0.867,2.7061410535856094,2.3389973094471066,1.8322840218088912,1.8608891261213827,0.37903320658741985,1.1028227129465429,2.6189555392962225,-0.028605104312491626,1.8608891261213827,-0.028605104312491626,0.5067132876382154
2010-10-01,1.057184456701358,0.32372650305446987,1.7142742153609614,-0.01901358625691684,-0.2923509314202928,0.009492278437695375,-29.284598786307722,172.37395952283865,0.016387639159589518,-0.0014894001760388511,0.2565130772008856,-0.005482999811747223,0.02396726583626747,-2.694487800411521e-4,2.2060915878420375,2.051163837310926,-0.03873298799188916,1.5784999999999765,2.298309483342802,1.888159160933077,1.479925333781303,1.541065355326499,0.3104478237066871,0.9201697079131248,2.161961002739873,-0.06114002154519613,1.541065355326499,-0.06114002154519613,0.40823382715177403
2010-11-01,-0.195336527822213,0.8467182393241608,1.5470351947662726,0.08766139632134805,-0.4389921454554816,0.008365917924697422,-60.55019737726741,171.86141191934834,0.0130894342272522,3.577508566231114e-4,0.2611110133755776,-0.006811204110366007,0.04455443366730363,-2.182827623467647e-4,5.596118256437859,3.166689484669854,-0.03391159447004382,3.9000000000000052,2.8724233507771983,2.244468912341476,1.8555204473748979,1.987775665808069,0.3614876684449859,1.2648003289180971,2.710751002698041,-0.13225521843317106,1.987775665808069,-0.13225521843317106,0.3889484649665782
2010-12-01,-0.4814931163011791,1.0707320555754847,1.3075113487117735,0.14906638667245514,-0.5460812781141414,0.008669864322578642,-79.29194833179405,183.3176827255687,0.0025704088714139824,-0.0027137232286478428,0.2637407811922387,-0.010976053488602045,0.05621848746915873,-2.6820988299169034e-4,6.772517974119463,1.2584446816547636,-0.02559269224245101,6.299999999999997,2.868929669204733,2.4647461161450552,2.398570468525754,2.5598044296531954,0.3318309399817051,1.8961425496897852,3.2234663096166054,-0.1612339611274413,2.5598044296531954,-0.1612339611274413,0.06617564761930117
2011-01-01,-1.1587566419498427,1.2080015164642992,1.1937265998555142,0.2274713270466411,-0.6632823552976423,0.005125832151863047,-98.83752354959,183.95917994301246,9.676175930336582e-4,-0.012798363805344172,0.2806988682934506,-0.015055323952646105,0.06181086535453182,-1.0967506749063822e-4,8.429158369628647,-0.007238941829149857,-0.027031232662578,3.0000000000000004,2.8170190493624365,2.470646559083866,2.448104546317182,2.529198244304916,0.31883879649218333,1.8915206513205494,3.1668758372892825,-0.08109369798773401,2.529198244304916,-0.08109369798773401,0.022542012766684216
2011-02-01,-1.456537715621104,1.1844250764547724,1.267208008976912,0.2590149251412315,-0.7061838300644091,0.00438292111189207,-104.90312379979936,175.24787726283395,-0.0013076551190245142,-0.014223312003938641,0.2823846914463293,-0.016535965448104126,0.062298011572969374,-5.8861532062405125e-5,8.98635210585423,0.24839637608625958,-0.029666583246565164,1,2.7989637952774906,2.6071258938138557,2.593519317876353,2.623185901122918,0.3036392935797181,2.0159073139634818,3.230464488282354,-0.029666583246565164,2.623185901122918,-0.029666583246565164,0.013606575937502807
2011-03-01,-1.2866431707079307,0.6825809395627916,2.0150830086132143,0.2859322447146733,-0.7896284347972884,0.0035973381185781714,-107.89582709076592,159.34284315389016,-0.007897904470875109,0.025253352729026422,0.09057360340889861,-0.015171199412971249,0.06555117321423438,1.1558206480486229e-4,10.346127150550512,2.378715444592415,-0.011709050561109748,-0.7999999999999972,3.1688456225057675,2.9364017813541645,3.345710064442437,3.3363428239935495,0.3637117708452165,2.6089192823031166,4.063766365683983,0.009367240448887764,3.3363428239935495,0.009367240448887764,-0.4093082830882726
2011-04-01,-1.3898826635457993,0.8669582694640646,1.9220417759932362,0.2874535979889806,-0.7713304236334434,0.002453340931860991,-114.53496026753005,175.82592700088563,-0.008348049770990344,0.008673979333875557,0.127589258325785,-0.015716338770588957,0.0662047390160186,1.6652340000661913e-4,11.281999150404586,-0.6817550678929329,-0.016392342762155798,-0.6000000000000085,3.534361252249997,3.4845444319766847,3.501123599489037,3.491288193831743,0.3001083787290506,2.891071436373642,4.091504951289844,0.009835405657293619,3.491288193831743,0.009835405657293619,-0.01657916751235211
2011-05-01,-2.0022301778179186,0.9633027913974775,1.7754358204319716,0.32783323913194895,-0.8048096596198073,-4.04553224410787e-5,-121.4792322728536,168.66549245536038,-0.005243061402768641,-0.002718375352571734,0.16696404728647743,-0.017167168367033612,0.06480376152688218,2.8473716437253107e-4,11.961667996914171,-0.3556741940627318,-0.023705545421754466,-1.1999999999999886,4.238791355211685,3.7409368985624982,3.836735267224177,3.808288612718072,0.3347843445999475,3.138719923518177,4.477857301917967,0.02844665450610509,3.808288612718072,0.02844665450610509,-0.09579836866167879
2011-06-01,-3.5348194540237357,1.0013796788540033,1.4539559800300477,0.3379438095374089,-0.7331951992670889,-2.7681950218572305e-4,-90.5804441321534,147.36641163739773,0.012697338720434338,-0.003161304213010143,0.19396504324527014,-0.010747995042071657,0.06433360005040809,3.0260001683821294e-4,13.516900379619047,1.9728630369635516,-0.032971087978762026,-1,4.578855779522412,4.1157480447972326,3.8938436713287183,3.8608725833499564,0.38192926257257287,3.0970140582048105,4.624731108495102,0.032971087978762026,3.8608725833499564,0.032971087978762026,0.22190437346851422
2011-07-01,-4.436783544852823,0.9199643620935104,1.2856423941601836,0.32760814079623096,-0.6470276281151538,-5.211497546930199e-4,-58.58214608046855,163.66968230902927,0.017236837820159834,-0.005563150351479836,0.20033564725065725,-0.008595641845772271,0.06136707026740254,2.724898540337909e-4,13.54281475975831,-1.4761803326187903,-0.03445942471547778,0.09999999999999432,4.646314873768493,4.466476418869901,4.155159800338534,4.1586057428100816,0.4054439306553235,3.3477178814994346,4.9694936041207285,-0.003445942471547582,4.1586057428100816,-0.003445942471547582,0.3113166185313663
2011-08-01,-4.956654544784473,0.9346722987741818,0.7926208257647734,0.29365403838257986,-0.5553808511815918,0.0020608122197796957,-20.25377174695517,165.97061258543644,0.023741432783652282,0.0060233428913859565,0.15792783378001712,-0.0011416678821982488,0.06330772653614317,8.645653043414795e-5,13.25161343311802,0.045118756731684466,-0.022741238862721565,41.599999999999994,4.512897793251792,4.438949460729882,3.2994466331588477,4.2454821698480645,0.4443254081932947,3.356831353461475,5.134132986234654,-0.9460355366892169,4.2454821698480645,-0.9460355366892169,1.1395028275710342
2011-09-01,-5.165557935663075,0.8011012293422958,0.7302283780886717,0.28881850580684437,-0.5266837966880757,0.0023662953080578236,-2.4294003823182115,173.72888749074443,0.019709589046720728,0.01186402136415229,0.1524810921876282,-0.0016974548933621127,0.06290592980456026,-3.56542473189295e-5,12.499632218489381,-2.4137162603575804,-0.01800965526905779,40.900000000000006,5.026119449530158,5.085951634432946,4.642991408173236,5.379586308677699,0.48676621502341405,4.406053878630871,6.353118738724527,-0.7365949005044636,5.379586308677699,-0.7365949005044636,0.4429602262597099
2011-10-01,-5.08406970641588,0.6856629626449925,0.8354422523937343,0.2897447268239829,-0.5269886495672345,0.0015140923940444905,1.4184804318429245,190.08563805405964,0.012507223187374685,-0.01858862718072513,0.08420390676727091,-0.003474785317464405,0.054112254610780196,1.5315048481049113e-4,12.826816460039453,-6.457089637121687,-0.009563603008099022,17,5.011208223180705,5.3692906161171425,6.341298230937011,6.503879482074694,0.5383817685630956,5.427115944948503,7.580643019200886,-0.16258125113768337,6.503879482074694,-0.16258125113768337,-0.9720076148198684
2011-11-01,-4.9547966499285065,0.6479648929734051,0.8662442647267413,0.2922513046494839,-0.5363504605308307,0.001588682117170906,0.3142262590533578,190.04206589902043,0.008195002787761158,-0.012943775321045566,0.06938920954629414,-0.003820834048415581,0.0544941568335333,1.6234900625391514e-4,12.697970660829634,-6.148236221189202,-0.0073681124201799815,29.80000000000001,4.972237694623266,4.8840506739679865,5.782803511409901,6.002373261531264,0.49385483286748266,5.014663595796298,6.990082927266229,-0.21956975012136354,6.002373261531264,-0.21956975012136354,-0.898752837441914
2011-12-01,-5.399768708414905,0.6478635685262236,0.8679525474755635,0.30217207608340396,-0.5210043933721341,0.001139277503243728,4.128041396748189,189.99779960409205,0.00977809779835314,-0.022449323363480083,0.061294676655083785,-0.004078698245307147,0.046040308684341266,2.3383367823482585e-4,11.986269800107317,-5.728867373993844,-0.011637033515171041,8.599999999999994,5.849094385673654,5.280562363824966,5.628558579704846,5.728637067935317,0.5159105811483378,4.696815905638641,6.760458230231992,-0.10007848823047089,5.728637067935317,-0.10007848823047089,-0.3479962158798795
2012-01-01,-3.4853326927312267,0.7587723199847032,0.6382208431633467,0.34358882861976137,-0.7190342346969925,-0.001434043654675709,-49.116675518853704,230.98639813070963,-0.017123424494631483,-0.016543663698103082,-0.0527413892544855,-0.009161342576575335,0.05142640954718068,4.986897387349173e-4,11.833479038048077,-3.0576114566550068,0.011134141705626786,7.1999999999999895,7.130752412371188,6.259650304005144,7.346704574604896,7.266538754324383,0.5697261780205752,6.127086398283232,8.405991110365534,0.08016582028051275,7.266538754324383,0.08016582028051275,-1.0870542705997517
2012-02-01,-2.2752799712564387,0.8832065179256462,-0.21638167865471977,0.3424223407803491,-0.797931596205041,-0.002023469901218696,-55.886074372286096,310.05337682804816,-0.033535480671594606,-0.02012637006928119,-0.04786822536455186,-0.009797392269673999,0.06051756994549432,7.477585227606864e-4,12.977200726410308,-7.570710684964761,0.015664534814167266,0.200000000000017,8.032954497061638,6.742797800703716,7.906520144741161,7.903387237778327,0.6206009620410396,6.662185313696248,9.144589161860406,0.0031329069628337194,7.903387237778327,0.0031329069628337194,-1.1637223440374447
2012-03-01,-5.508094987988757,0.23936266007829055,0.4556722960160791,0.355299301996968,-0.6275153759114706,0.004093958927815413,38.94441863754453,137.7583523401223,-0.02196920245581444,-0.014166977758829302,-0.17588508448115686,-0.013047564571205162,0.017899756895676223,8.564068955630821e-5,2.103762810405649,11.057796583865755,0.027763149164608546,-5.100000000000023,5.281086287997114,6.286609881158875,6.763629231032344,6.9052212917718485,0.7826534527892346,5.33991438619338,8.470528197350317,-0.14159206073950423,6.9052212917718485,-0.14159206073950423,-0.47701934987346917
2012-04-01,-6.307645961428752,-0.21572308362650566,0.38671296573971375,0.36607408560518007,-0.6203006147730729,0.0039005456519638692,81.29908824288795,101.57252620639068,-0.01583838310289088,-0.01493397005835432,-0.19825016676305157,-0.012680916396807122,0.012758485625721096,2.2493077450437122e-5,2.235160558519343,6.469605592863151,0.027473335198870668,0,5.852109864704868,6.631608971296374,7.1506882344138285,7.1506882344138285,1.0565177410625595,5.037652752288709,9.263723716538948,0,7.1506882344138285,0,-0.5190792631174546
2012-05-01,-6.409390656092058,-0.1976652419361844,0.21109472680789315,0.3624867268496713,-0.6079285093281004,0.004433432218294761,88.20723186143816,96.74148575548244,-0.014069573557818942,-0.014493035394162747,-0.18098002296045518,-0.01272513345256005,0.010682036340496803,-4.4916476728125104e-5,1.0552627749000725,8.882484115763393,0.027250944090558112,-2.0999999999999948,7.383640136891899,7.250477800481494,7.242752315569129,7.299979298159301,1.0946508021603307,5.11067769383864,9.489280902479962,-0.05722698259017189,7.299979298159301,-0.05722698259017189,0.007725484912364244
2012-06-01,-5.977044179420338,-0.21595399659363224,0.9444333507456384,0.4094536087334739,-0.7660716866652287,0.004559224285116457,25.628525870676942,67.14227937768091,0.001490952898192833,-0.03527203871996022,-0.14090123707203886,-0.013663706022870809,0.006636428767770938,1.6966790384587404e-4,3.8698745440378133,9.479599572741924,0.006846747326022624,-0.799999999999983,7.6408606242078925,6.618997929616516,6.691337813908659,6.696815211769477,1.058108330776886,4.580598550215704,8.813031873323249,-0.005477397860817982,6.696815211769477,-0.005477397860817982,-0.072339884292143
2012-07-01,-4.714651813329056,-0.2793997941929831,1.7084309005479363,0.45569955387148087,-0.9615033993527085,0.002187268626185029,-38.57602416273333,49.733497432588855,-0.0036760703787860403,-0.031451653565740346,-0.19363136229274946,-0.01624984722414087,0.015571025479165407,3.347270888736436e-4,7.295221961162226,9.645091541744605,0.008194904945920175,0,7.125071744249346,6.846913659736217,7.193560448269274,7.193560448269274,0.9645558040385379,5.264448840192198,9.12267205634635,0,7.193560448269274,0,-0.3466467885330573
2012-08-01,-4.794787291121244,-0.28622323040376146,1.6984715464716398,0.4544779986358106,-0.9458778261286112,0.0024151014516445597,-36.171951441187076,50.10269964517489,-0.004787081042502361,-0.03424678087611846,-0.18761153845113904,-0.015960686047824676,0.013717633713563696,3.0914793931782845e-4,7.145731899283984,9.381174797698723,0.006598987228487094,-2.5,6.695391780305553,6.704991251986706,7.1470394170652485,7.163536885136466,0.9897200259731693,5.184096833190127,9.142976937082805,-0.016497468071217734,7.163536885136466,-0.016497468071217734,-0.4420481650785426
2012-09-01,-6.185677467973261,0.1483005876359925,0.9493602355696377,0.4007738269669815,-0.712056487761189,0.005731912160139132,3.279343394228978,69.44368334979522,0.010877737917806156,-0.07156338102592634,-0.0424206345862676,-0.010494566442086744,0.0024483505746565417,6.267379419014986e-5,5.588763704521183,6.334880957551648,-0.011857699946424253,0,5.657704570650979,6.676707390621613,6.464696951890171,6.464696951890171,0.9057713068129241,4.653154338264323,8.276239565516018,-0,6.464696951890171,-0,0.21201043873144165
2012-10-01,-8.746630021225695,-0.8230961867876969,0.22914917933394924,0.355842879396588,-0.4189994182184702,0.012136558030459762,128.68273897307486,107.27434551976785,0.023554778977681063,-0.031746783277241064,-0.002932913205262354,-0.007850526190829356,-0.023160992782168925,-2.2636122381369879e-4,-1.428666946088262,3.951968000576731,-0.01946947812730519,0,4.829016006494351,6.09233450430047,5.564806360132716,5.564806360132716,0.9354269639106404,3.693952432311435,7.435660287953996,-0,5.564806360132716,-0,0.5275281441677544
2012-11-01,-10.218053255249762,-0.8548084919902659,-0.100940373321675,0.34343248051426495,-0.26771205324297404,0.00924454111997287,162.30557403629408,123.86411379452075,0.043874359343589714,-0.04715269281325702,0.0921279601006032,-0.005254282225891372,-0.037772268135072215,-1.5295791243021708e-4,-2.952146169497507,0.9486955630983178,-0.0348632728183996,0,4.6316411546193414,5.6513017057605515,4.8150158418097355,4.8150158418097355,0.8531972434878382,3.1086213548340593,6.521410328785412,-0,4.8150158418097355,-0,0.8362858639508159
2012-12-01,-10.647778705026319,-0.8760849688060224,-0.5092301327597316,0.3331328396331322,-0.21988687883978283,0.012155703489310742,172.74163043255513,124.56237731434116,0.0596397196803487,-0.044016196506375414,0.22378543191039688,-0.0026282406466734557,-0.0356327705279292,-3.6648608546936023e-4,-2.7565363352038057,-1.0678139233705197,-0.04932744010709647,0,3.5912705531284255,4.1587591238936055,3.618273311017461,3.618273311017461,0.7049210426534354,2.2084312257105903,5.028115396324331,-0,3.618273311017461,-0,0.5404858128761445
2013-01-01,-11.293245691876926,-0.6968020871881706,-0.6960320869028751,0.33390849964975605,-0.16170428897881936,0.01228899828820268,159.52514864073817,126.55996217846779,0.08281080588426715,-0.07575890860227757,0.3274316379553921,-3.1870207376842016e-4,-0.04381378995039023,-3.916093058649144e-4,-1.6919506523210293,-4.0579239075098235,-0.06715369466749659,0,2.8858904215809855,3.657032193767317,3.3085875437678283,3.3085875437678283,0.6247217975640744,2.0591439486396794,4.558031138895977,-0,3.3085875437678283,-0,0.34844464999948865
2013-02-01,-12.132355354025039,-0.6227022999109247,-0.7494823574388438,0.33340496577706413,-0.059525592460862406,0.012956062078607009,158.57041348315363,143.84171694956794,0.09010244471237057,-0.1102168874172963,0.29147872652597134,1.4448289138215955e-4,-0.06375770193482348,-5.639463796953195e-4,-3.3624762595869226,-5.981842139136592,-0.06595951140610896,0,2.822253637412262,3.964438196723007,2.5747046891696552,2.5747046891696552,0.643747798591345,1.2872090919869652,3.862200286352345,-0,2.5747046891696552,-0,1.389733507553352
2013-03-01,-14.41400563220038,-0.6555049373651101,-0.10353146750277821,0.3549378483074376,0.12953094723624478,0.011542488379516823,153.92616674658436,162.2908947565026,0.10724008050465997,-0.2015235045717709,0.11918427287225335,-5.959097111794292e-4,-0.12413261819174659,-6.368495596075168e-4,-8.22494661034557,-8.72494806612334,-0.0655889212077821,0,2.9905529720030097,3.743600139722867,2.2210385852163537,2.2210385852163537,0.6714144995352239,0.8782095861459058,3.5638675842868013,-0,2.2210385852163537,-0,1.5225615545065132
2013-04-01,-15.137508234415916,-0.20118312966904928,0.07384163586647768,0.36023042733985156,0.2219389803813495,0.004088041112737825,135.69206998788843,180.10423713737012,0.11340481226124739,-0.2372202680184347,0.09894466582402171,-6.044620877993758e-4,-0.13329806228408222,-2.990145022715118e-4,-7.447333008231716,-10.656799651402448,-0.06558186186713798,0,3.068316245005904,3.8057672155227475,1.9058809819251135,1.9058809819251135,0.7642307363937035,0.3774195091377064,3.4343424547125205,-0,1.9058809819251135,-0,1.899886233597634
2013-05-01,-15.414634699416556,-0.02557735930895189,0.12395228027716272,0.36008942815196143,0.23731134337123397,0.0037141844125119267,124.40165733960616,182.13362820280176,0.12405140436346972,-0.2541406134305417,0.11377561431568897,-8.924258621808657e-7,-0.13557803558472337,-3.002932818733724e-4,-6.657416045097885,-11.638190944886034,-0.06959568449163409,0,2.4251712302017956,2.663259794328894,1.6624438207673649,1.6624438207673649,0.6882779391670748,0.28588794243321525,3.0389996991015145,-0,1.6624438207673649,-0,1.000815973561529
2013-06-01,-14.655804401042115,0.5349349185981154,-0.07465566763796427,0.3577702656859086,0.2985465197985273,6.104097046187483e-4,73.66102262965515,191.98617421219782,0.11562724288355737,-0.2500423113134681,0.14717928990728477,4.228158158433747e-5,-0.11997880716192869,-1.7007300449552117e-4,-3.8070306033270356,-11.76619399388853,-0.06281885473233442,0,2.599477002897557,3.894184877226643,1.4224851203315971,1.4224851203315971,0.8042247453554134,-0.18596437037922975,3.030934611042424,-0,1.4224851203315971,-0,2.471699756895046
2013-07-01,-14.824650716886916,0.41348035456680066,0.019533041657869666,0.36783354651529504,0.36877005188374395,0.0015282608997457098,57.448653841969424,188.86468797460785,0.11712034794671944,-0.23291403148801473,0.14351601855552454,-4.559889253929048e-4,-0.11876355475537843,-2.2146741203637292e-4,-3.5413158617519924,-11.399165285232764,-0.06105894711766956,0,2.726058850338198,2.744660882028717,1.2385454799864863,1.2385454799864863,0.7875409862742201,-0.33653649256195384,2.8136274525349263,-0,1.2385454799864863,-0,1.5061154020422305
2013-08-01,-14.62897245197147,0.1848933463966366,0.16375733513487742,0.39184802113348605,0.4864677798489208,1.222862753077425e-4,19.71584281672443,180.2194507833976,0.11041607214316757,-0.18392567778945426,0.15650732219353294,-0.0019178924085558526,-0.10862235875846397,-1.0776908371554007e-4,-2.203731203216334,-10.110220563522924,-0.056565899635895416,0,2.509038410743101,2.467400030190186,1.2536460846194633,1.2536460846194633,0.7682785279565405,-0.28291097129361775,2.7902031405325443,-0,1.2536460846194633,-0,1.2137539455707227
2013-09-01,-14.944537580438483,-0.5391684223177594,0.6609704121442934,0.44408131217898256,0.8088173320133081,0.004216919494610199,-49.13089456041805,165.57205842742923,0.08932807415701041,-0.1133320930396416,0.06905974811096607,-0.005305330853419649,-0.11861718166740486,-2.549896400963801e-4,-3.79692796571331,-7.75902828663635,-0.04287491767314371,0,2.4695871643423892,2.3896166575144218,1.3955935692585815,1.3955935692585815,0.7470227089100651,-0.09845184856154865,2.889638987078712,-0,1.3955935692585815,-0,0.9940230882558403
2013-10-01,-15.42276476683777,-0.4152407020030161,0.7610990591940063,0.4450690158048576,0.8064508261580224,0.0027795584072826075,-49.26944472882114,165.17019269326445,0.10276832097928676,-0.14362968264575285,0.04849253079204227,-0.005310179855493516,-0.12756034477015055,-3.18058662531464e-4,-3.1170152885549283,-7.764509922620827,-0.04445456117585401,0,2.141960672030611,2.5134151194938563,1.4692784098419374,1.4692784098419374,0.7727244920639668,-0.07617057428599616,3.0147273939698707,-0,1.4692784098419374,-0,1.044136709651919
2013-11-01,-15.870423792204459,-0.6498350048072696,1.0266549625132828,0.46475040955006724,0.9311095161332636,0.0022853694973230883,-68.17836112461774,160.07381950335792,0.10010235417179447,-0.13373523274027688,-0.02782737732992224,-0.008429078729352139,-0.13899415412616925,1.1315324296074346e-4,-1.2313510739519251,-6.0545676697841255,-0.04215387116548916,0,2.054462284594716,2.0202274752508327,1.6141781198626006,1.6141781198626006,0.7080483561500187,0.1980814075625632,3.030274832162638,-0,1.6141781198626006,-0,0.40604935538823206
2013-12-01,-16.2105856678503,-0.5718811430144537,1.044958481217618,0.4602097240001108,0.9159988310179148,0.001772550218909174,-59.29601291662901,162.87954628751578,0.1096966562005728,-0.14658718824913503,-0.03409346185845997,-0.008007369480907208,-0.14253862126265848,1.2360488131379799e-4,-2.030400682615174,-6.515725957629756,-0.04294348894645605,0,2.042175159329968,2.26218010220669,1.4246907946059117,1.4246907946059117,0.7056730678688166,0.013344658868278625,2.836036930343545,-0,1.4246907946059117,-0,0.8374893076007783
2014-01-01,-16.442484668446696,-0.45636939255109726,1.0216908201914179,0.4523204309100004,0.8931797401546605,0.0015536429365785366,-49.63919499106446,167.3450967882417,0.11776010217973251,-0.15789216299788633,-0.034891483531300366,-0.007370544336473401,-0.14374533922827926,1.027404297145577e-4,-2.8013225349421766,-7.087628178492381,-0.04305637455853016,0,1.877323406345052,2.305724761979491,1.0319506753951906,1.0319506753951906,0.7084113390918291,-0.38487200278846756,2.448773353578849,-0,1.0319506753951906,-0,1.2737740865843006
2014-02-01,-16.59941979921271,-0.3594234682548696,0.9783348841307195,0.4463185097020387,0.8824513543302813,0.0030755342940471946,-47.481703116422224,168.12106170117238,0.12468857574580597,-0.1636673606388007,-0.022291930690224584,-0.006387118963466957,-0.14245379388719318,-2.7572266387006186e-5,-4.632540007797413,-7.567749675902339,-0.04319439550595946,0,1.7686944266291782,2.2353212441105814,0.7209119664454278,0.7209119664454278,0.7332286502491239,-0.74554533405282,2.1873692669436755,-0,0.7209119664454278,-0,1.5144092776651537
2014-03-01,-16.76374708789522,-0.5897000761896202,1.8210690592460856,0.44837323426242326,0.8767084254783762,-0.0022842009938088053,-39.897970640126736,177.18685888471637,0.12191125615242285,-0.1939033214707844,-0.3352212616802461,-0.011619799460322062,-0.29957556916833894,6.79070454099619e-4,-4.637471266393379,-7.745365720955705,0.002784083736133848,0,1.5468347529875324,2.549764326452736,1.098014623796768,1.098014623796768,0.7731311793262852,-0.44824773485580227,2.6442769824493384,0,1.098014623796768,0,1.451749702655968
2014-04-01,-16.30801511119222,-0.5617872733136002,1.6451167619729254,0.4393578704003855,0.8178784846942804,-0.0021650115164208975,-36.802643598822954,175.12391479202324,0.1272287743022886,-0.2071659997508781,-0.3119729097584151,-0.010619227453191521,-0.3031684923854612,6.042080755022548e-4,-3.1886817398049363,-7.33541036785017,0.005172840667230365,0,1.351228566766354,1.461302275213812,0.9229495904658194,0.9229495904658194,0.8169705287444368,-0.7109914670230542,2.5568906479546927,0,0.9229495904658194,0,0.5383526847479927
2014-05-01,-15.36955976683071,-0.4129793206764571,1.2733920407364336,0.4289664772427534,0.7482400346202775,-0.0014384835958983952,-42.23885125583173,173.25525433444116,0.1228761788940237,-0.21051308603140226,-0.19686179178669352,-0.006936280060712053,-0.2859106655392156,5.417834592076229e-4,-7.160967459473667,-8.06133189148453,0.005374971690373437,0,1.4421216892821156,1.179611589256775,1.0742508927864396,1.0742508927864396,0.8402369614554561,-0.6062230301244727,2.754724815697352,0,1.0742508927864396,0,0.1053606964703353
2014-06-01,-14.090596321953377,-0.20276593289198877,0.8866729505754831,0.42115111068194583,0.6791625535795232,-0.0015791329649547455,-59.46382545779242,171.91834934003143,0.1120642353789326,-0.20019971332730535,-0.017713907386403587,-0.002003080040927431,-0.24909594025477025,3.559152338158226e-4,-10.68418909870837,-9.059307102026661,0.0042456224931284575,0,1.342207493438491,0.8914923652400026,1.2994265271492509,1.2994265271492509,0.8574290017252679,-0.41543147630128496,3.0142845305997867,0,1.2994265271492509,0,-0.40793416190924825
2014-07-01,-14.008292196446646,-0.24701363898169343,0.9027286958541919,0.4233681114033962,0.6848580866803435,-0.0011440623560913484,-66.14847226021634,170.37700620822085,0.11397415966509768,-0.20354530789038794,0.017575214003919815,-9.748691470279745e-4,-0.24741510402463102,3.3467370254413204e-4,-10.02373754593964,-8.926241784423553,0.005178758297444227,0,1.4458537296572131,1.3630873925663352,1.1815287098834961,1.1815287098834961,0.8459794683297535,-0.5104302267760108,2.873487646543003,0,1.1815287098834961,0,0.18155868268283903
2014-08-01,-14.715894309356244,-0.3324677474611356,1.308783066233639,0.4338017308320473,0.7820928644028404,-7.137409243254383e-4,-77.55095372320527,171.2040179236176,0.11534562407212257,-0.19603235695541893,-0.02593198451691832,-0.0017175884447489323,-0.2517135974359675,4.144737261592976e-4,-10.968607602284356,-9.054802200277049,0.005262121380041093,0,1.4944576224929609,2.096114403909736,1.0027309762876744,1.0027309762876744,0.8447756631777283,-0.6868203500677823,2.692282302643131,0,1.0027309762876744,0,1.0933834276220615
2014-09-01,-14.795787846276056,-0.30525341396183886,1.3095648470293675,0.4318278846082882,0.778447688258396,-9.945231990696986e-4,-76.93815703951414,171.55777131334878,0.12046043793185662,-0.19755652209935895,-0.06952001805582243,-0.0025050183997900096,-0.2597516708287452,5.678946339285087e-4,-13.182355813156763,-9.3015070957564,0.005456956056645265,0,1.446562146933346,1.5810647575388268,0.9450001254220126,0.9450001254220126,0.8450234951711687,-0.7450468649203248,2.6350471157643502,0,0.9450001254220126,0,0.6360646321168142
2014-10-01,-15.926121319142421,-0.34736971248597615,2.1615940408295446,0.4684816192651613,1.0636648656679202,-8.339407205560802e-4,-133.00251408844173,163.18351870074454,0.10349728107003363,-0.16429500775507636,-0.11001588440638792,-0.0026303192390375375,-0.24132651629547283,8.24068682915511e-4,-24.940004019046324,-10.621007134267632,-0.0038326451223233394,0,1.8536311489948416,2.6645453967356976,0.3062414177235482,0.3062414177235482,0.8630968654796575,-1.4199523132357668,2.032435148682863,-0,0.3062414177235482,-0,2.3583039790121494
2014-11-01,-15.170857244209147,-0.11650246007731395,1.5684939270357143,0.45490740463977025,0.9615491537779638,0.0016697683148809792,-137.02414482982408,150.17346918312876,0.11587450798970178,-0.19178770769886735,-0.15446915303333922,-0.0016823936841019994,-0.23933297736712542,8.597643936597657e-4,-40.36793840054046,-12.376995008487137,-0.017142137351519364,0,2.113567606834746,1.5831769580854438,-0.2838610080712467,-0.2838610080712467,0.8255287589175443,-1.9349185259063353,1.3671965097638419,-0,-0.2838610080712467,-0,1.8670379661566905
2014-12-01,-13.978852761924271,-0.06485551007838275,1.221327695168989,0.4450897246150809,0.8994899020730417,0.0021883229895406932,-154.04615548320606,140.82551695704245,0.11790066915446835,-0.2011890474970093,-0.19118835070733517,-0.001666075007542461,-0.24374081584260554,9.215673932734463e-4,-45.1746799471463,-12.324937827439696,-0.019607791343658573,0,2.243705637716786,2.1159404634095127,-0.5428829650503939,-0.5428829650503939,0.8192303894971369,-2.1813437440446677,1.0955778139438799,-0,-0.5428829650503939,-0,2.6588234284599066
2015-01-01,-12.710459257072067,0.0672703454242457,0.9846324918131605,0.43390635311308373,0.8671255355765568,0.002489186028004113,-175.66267706762653,135.029603574753,0.10900286587621828,-0.19779161340875054,-0.17521207303700617,-3.197767877431453e-4,-0.22779401870942806,9.522027980604652e-4,-49.51659934110942,-12.664840822061782,-0.024499130691237807,0,2.618190876828429,2.8988460357089876,-0.6001192900767247,-0.6001192900767247,0.8369740622500369,-2.2740674145767983,1.073828834423349,-0,-0.6001192900767247,-0,3.4989653257857123
2015-02-01,-8.62402327048547,0.3324136692559724,-0.5604259138719742,0.3830791613126737,0.6634460866910329,0.007242766943205234,-215.05745586002266,106.5416641543634,0.11139231306017376,-0.23842220757984123,-0.47262792467045484,-0.003471557122411418,-0.23561955126079,0.0013142467841725073,-76.50702853632161,-13.843011483963688,-0.04934285441589207,0,2.7212327859714582,2.05396669207663,-0.5174784962725081,-0.5174784962725081,0.8291775399850144,-2.175833576242537,1.1408765836975208,-0,-0.5174784962725081,-0,2.5714451883491383
2015-03-01,-6.398227805838117,0.41949732590598227,-0.8217074014881114,0.3741149618505408,0.579566485935562,0.0025086150662378894,-220.5096527777502,123.0639409517507,0.05995463004457771,-0.24350398585052083,-0.39551201100670874,-0.0016456292335629925,-0.29474685323574873,7.617419540535879e-4,-66.46647289178507,-9.544997181611388,0.0280453399375423,47.383,2.9968144405040884,2.3133827285911104,1.863699782126634,0.5348274398660671,0.7920595812785066,-1.0492917226909462,2.1189466024230805,1.3288723422605668,0.5348274398660671,1.3288723422605668,0.4496829464644765
2015-04-01,-8.150650635045126,0.43041964432721463,-1.085901223733671,0.40932861123213676,0.6595652455908912,0.0056058915534212,-208.49418499681434,129.14318686717863,0.05548485693120838,-0.2599590771132353,-0.4725530662366429,-0.005196696355251494,-0.309977126508852,5.746946112649591e-4,-72.61790798785611,-9.156504628965664,0.03631397858380019,47.701,3.4555361340270476,3.175378200652406,2.1695620939832305,0.43734900155737755,0.8020471791939718,-1.1667453568305661,2.0414433599453212,1.732213092425853,0.43734900155737755,1.732213092425853,1.0058161066691755
2015-05-01,-5.430358835283122,0.46856076388944157,-1.4859480459057337,0.3742660616229388,0.5646097911448216,0.004875194353017449,-233.86319446757432,121.67928095839217,0.04585887518749506,-0.29252996387466057,-0.489839647433428,0.0043210883224815725,-0.29545463342590667,-2.2821506624329306e-4,-81.71744744007863,-8.364096657454617,0.025202289392475014,51.622,3.0066074769454554,3.6324469824297343,2.632485634328234,1.3314930513098888,0.8408861632667433,-0.3502792752235977,3.0132653778433753,1.300992583018345,1.3314930513098888,1.300992583018345,0.9999613481015004
2015-06-01,-2.4590787255613136,1.1820618789394601,-2.777697558494551,0.3513632348085716,0.333553053527223,0.0023158695205234775,-269.81042911106874,71.89083425944804,0.04627399291251693,-0.3188059936138208,-0.47173611917291214,-3.3706622014012153e-4,-0.2514239762638788,-0.001027836703433436,-110.69079376548936,-7.860774019605388,0.012535957142301558,51.442,3.0525514207865423,4.20424281660148,2.9139087455387784,2.269034038224502,0.8481542023191714,0.572725633586159,3.9653424428628448,0.6448747073142768,2.269034038224502,0.6448747073142768,1.2903340710627011
2015-07-01,0.4133733476304546,1.3773288319487214,-3.2022515437377055,0.3136036038003265,0.17821502481293355,-0.0017599551990979871,-295.82163565491845,54.346955577522266,0.04790826057261399,-0.3170448391890032,-0.48145446642041617,-3.8458039753595867e-4,-0.23472565896608252,-9.588893848064836e-4,-114.00460191110318,-7.06578579284122,0.005104023767259037,51.359,2.8548961438821725,3.9069571539008643,2.882814582603454,2.620677025940797,0.926772015093415,0.7671329957539672,4.474221056127627,0.26213755666265687,2.620677025940797,0.26213755666265687,1.0241425712974102
2015-08-01,4.7513663460086875,1.7007418229719766,-4.550875061216547,0.2649647033769684,-0.04355181726811104,6.733990386579677e-4,-355.91683277279617,-0.06318581398871484,0.0637653889300974,-0.28224685654885223,-0.6349471008888672,-0.025008610922210392,-0.1965004089904989,-6.69084962881103e-4,-130.1598492528736,-5.800145926869932,-0.0011644236056200844,42.826,2.7694666770309313,3.81915007280152,2.725916125598664,2.77578373093295,0.8596326536224348,1.0565184236880802,4.49504903817782,-0.04986760533428573,2.77578373093295,-0.04986760533428573,1.0932339472028558
2015-09-01,6.968642519273114,1.688127706652574,-4.878900733942357,0.23858901098768798,-0.10692871504656948,2.867930702057673e-4,-380.1656205091085,-4.43594644285047,0.05529920397037655,-0.2664099945629216,-0.7133410951917871,-0.033201033420243914,-0.1816370374566026,-6.100268966579455e-4,-133.7962775406849,-6.27093634310789,-0.0013904695787558114,51.008,2.2531225941065,2.522664350706059,3.2237442016921563,3.2946692739653325,0.9307012882111927,1.433266697542947,5.156071850387718,-0.07092507227317643,3.2946692739653325,-0.07092507227317643,-0.7010798509860972
2015-10-01,13.5085627623453,1.0950442625420418,-4.726441735083637,0.11077183442253222,-0.23510472638387567,0.001695120673424246,-431.821201672827,12.569644555723734,0.05520724968406707,-0.26837557251160865,-0.857805858818132,-0.02408996823254688,-0.1764234283841771,-0.0010873795108346336,-131.3964696125202,-7.037346698335584,-0.006571646602819341,52.175,2.0864071087425615,3.786413627691075,2.925917809397475,3.268793470899574,1.1297678235233395,1.009257823852895,5.528329117946253,-0.3428756615020991,3.268793470899574,-0.3428756615020991,0.8604958182936002
2015-11-01,15.471683504218417,0.8486313890009832,-4.191646586677315,0.04879760053645097,-0.26178304319098045,6.89954211063935e-4,-439.97866100695757,24.338474233953807,0.0713654464377245,-0.23213415247935526,-0.8446439142642855,-0.024328079367749656,-0.16475760845655146,-0.0011097482871379482,-121.48328247166792,-8.773939686391184,-0.007141195476589305,55.105,1.97960001227388,3.1744979428059503,1.6994065114614183,2.092922088198872,1.1665024987107069,-0.24008290922254183,4.425927085620286,-0.39351557673745363,2.092922088198872,-0.39351557673745363,1.475091431344532
2015-12-01,16.83263453890316,0.6881556744582404,-3.847570254629872,-0.0071372672051607635,-0.17834977075115432,0.007319748781084831,-442.23978510953435,31.809453348926073,0.06272422881881105,-0.22144337824970245,-0.8160771991010974,-0.017854806086101793,-0.16516810496914397,-0.0013508397919409416,-116.72824732082763,-9.33478939130881,-0.00524537402095193,44.309,2.204018556164475,3.284372313632478,1.8059117046170108,2.03832898211137,1.1074148774561787,-0.17650077280098753,4.253158737023727,-0.23241727749435906,2.03832898211137,-0.23241727749435906,1.4784606090154673
2016-01-01,17.21834296264694,0.7800716332867326,-3.643756842556579,-0.03267564368294597,-0.1403543820768444,0.004443982905055547,-434.2137066184231,32.33309425455268,0.0634472205182986,-0.22133470676988024,-0.7945984982786379,-0.016557036552626463,-0.16284794969082333,-0.0013464440496216087,-115.29123621855246,-9.428598919025063,-0.0038607262586014632,52.956,2.489058640993614,2.758180250131358,1.4574975484661454,1.6619461682166445,1.0837858723159215,-0.5056255764151985,3.8295179128484875,-0.2044486197504991,1.6619461682166445,-0.2044486197504991,1.3006827016652127
2016-02-01,16.894869511045723,0.879428323006724,-3.0541216531984925,-0.07660452546412583,-0.036854942144281616,0.0038559335763653033,-411.2641549667346,32.56969240388679,0.07846395425779254,-0.1859010961630907,-0.7288296818562343,-0.015754209477944765,-0.17826343244381276,-2.80849896578243e-4,-100.48571860629689,-9.465758773117143,-0.0012262559993701557,53.358,2.9462616628079377,2.2510147052712304,0.7884979784144966,0.8539285460288895,1.1399394350496697,-1.4259503240704499,3.1338074161282288,-0.06543056761439277,0.8539285460288895,-0.06543056761439277,1.4625167268567338
2016-03-01,17.23024747625872,0.8497890421361352,-2.8203549834167925,-0.10882667124997591,0.09456037519949356,0.004757121458827838,-415.8920718185821,12.930739906617877,0.09483220341817482,-0.1497555732920837,-0.6863518751744379,-0.024444881649846286,-0.1706576849926227,-2.2394142627347313e-4,-91.73121902594076,-9.322738265879305,9.746491460491754e-4,53.059,2.599266665306093,2.4376625742638143,0.2851683635149904,0.2334544544747672,0.9467498577567492,-1.6600452610387313,2.1269541699882657,0.051713909040223195,0.2334544544747672,0.051713909040223195,2.1524942107488236
2016-04-01,17.874018336801154,1.3818229051538693,-3.147661812613173,-0.17221225804430745,0.39282032045210036,0.007839967298980347,-399.366968691819,-18.74723770810892,0.07508907280221262,-0.2321848992567128,-0.6764650781463186,-0.008271628030785742,-0.22169923154137777,-2.06955755426226e-4,-106.82273900672429,-7.158971904352575,0.0014763190876185773,78.499,2.5852514167706016,2.4430470611963084,0.8711883969597795,0.7552988249008088,0.8438125581236867,-0.9323262913465646,2.442923941148182,0.1158895720589707,0.7552988249008088,0.1158895720589707,1.571858664236529
2016-05-01,16.649599735323005,1.8871703867626497,-3.0908441393397332,-0.21349866480387458,0.7324404777553493,0.004563451523596467,-359.873539257996,-42.03913142119876,0.07430300850145881,-0.2820928810359314,-0.6404548888519102,-5.129879223811545e-4,-0.25537939832544765,1.0266506533932372e-4,-111.95401973075413,-5.481080292036746,0.0012427060329550643,79.673,2.194342405415118,2.061624957890639,0.7050186064837574,0.6060084887201285,0.8450728196222008,-1.0841371505242732,2.29615412796453,0.09901011776362885,0.6060084887201285,0.09901011776362885,1.3566063514068816
2016-06-01,14.017981050080932,2.2066223175071835,-2.9212150014071927,-0.2263753603978386,1.0879916393565596,0.004991055934178776,-314.9653227075681,-62.94626582005063,0.08147496831708875,-0.29114773435612223,-0.5464899330129565,-1.617975478798164e-4,-0.26575135060615057,6.095196129539239e-4,-103.85981797106436,-3.1642666204140335,-7.815716521887297e-5,72.072,2.309329659192163,2.124438648264146,0.9023865040293944,0.908019447241049,1.2545443591065863,-1.6010692709721237,3.4171081654542217,-0.005632943211654613,0.908019447241049,-0.005632943211654613,1.2220521442347516
2016-07-01,6.605159372658119,2.908982649722176,-2.3100670239114893,-0.23765462268136361,2.0210946999690647,0.002810241176613614,-200.548677605,-117.53224256282992,0.1046772802484225,-0.3343768596775287,-0.25575120485204134,0.0051155009448997655,-0.2833213375269202,5.980476561268124e-4,-87.41034239261695,2.5511035882673694,-0.00455569453249474,69.65,2.396844363605606,2.4332783203029633,0.11985770186904626,0.4371618260573049,0.8951897370753553,-1.3532176480934057,2.2275413002080153,-0.31730412418825865,0.4371618260573049,-0.31730412418825865,2.313420618433917
2016-08-01,5.847940633916933,2.6675150870799857,-1.968533522998313,-0.21757134658208394,1.9806468685736558,0.002613373485909145,-198.0099976244545,-99.97607769100286,0.11094465142460591,-0.3092868581087665,-0.23498297500221635,-0.0013531768888994837,-0.2578663384751902,3.712628777515843e-4,-83.66059316736754,-0.5569231415261658,-0.0029572432095813844,50.513,2.4773168807594037,2.1537698066972304,-0.3201155882746825,-0.17073636202909803,0.7659525719542448,-1.7026415059375877,1.3611687818793916,-0.14937922624558447,-0.17073636202909803,-0.14937922624558447,2.473885394971913
2016-09-01,4.8018533446779985,2.208435333879872,-1.5708962859492084,-0.17883097281390067,2.00520828874141,0.001498115687694338,-202.3720050416569,-91.1204670322572,0.11329767500001678,-0.4078757096184171,-0.09245280448939586,0.0013833518499118261,-0.19480254056332688,9.072801843570202e-4,-82.8190401081194,-1.533195348579544,-0.001268806554462053,69.972,2.518680462353966,2.101842494820644,-0.26662438623400353,-0.17784345400518475,0.7618352854545876,-1.7015140249143599,1.3458271169039904,-0.08878093222881876,-0.17784345400518475,-0.08878093222881876,2.3684668810546476
2016-10-01,5.272951100588685,2.193162492119979,-1.6372429665959658,-0.18240594823404374,1.9489642720326474,9.757322020398399e-4,-208.09451553441374,-86.49801358887875,0.11702786697045821,-0.4194338442526546,-0.1603793789714118,-0.002194452978992333,-0.2117370323375403,0.0011707285226693809,-88.78080128444913,-3.0078884507812482,-0.0013050496550687332,72.974,2.494466357528393,2.7198231842391496,0.24627043548985494,0.34150512901884067,0.7066618571052281,-1.0718185851916155,1.7548288432292969,-0.09523469352898574,0.34150512901884067,-0.09523469352898574,2.4735527487492948
2016-11-01,6.866566951162858,2.084917206705115,-1.5600213150373274,-0.187935255675932,1.6882486001058494,-0.001149082139265347,-226.79340899712378,-69.3361340857699,0.12245596450697581,-0.37196805134697863,-0.19474234893515868,-0.001445439571525449,-0.16601999902404377,0.001354010684186864,-87.68060851872313,-5.9827388637642835,3.0651495376308926e-4,70.145,2.142997308789273,2.5565559595818925,-0.11335032783407323,-0.13485081926578513,0.8276704947465378,-1.7901918087588606,1.5204901702272904,0.021500491431711895,-0.13485081926578513,0.021500491431711895,2.669906287415966
2016-12-01,7.492086913843466,1.7003291790078543,-1.2199990543450778,-0.16949881511003376,1.4164159574395039,-3.456451695890825e-4,-251.2097106850025,-65.14091769594555,0.14619249461999248,-0.1391430873048201,-0.12556087149105463,-0.007275090099071686,0.0513062431093938,4.252980618050123e-4,-57.97453450173746,-10.877432108740129,0.0015019062099642859,55.032,2.0368676966378088,1.8062687431701654,-0.28912822766052454,-0.3717811302072791,0.7714402617276944,-1.914661653662668,1.1710993932481097,0.08265290254675457,-0.3717811302072791,0.08265290254675457,2.09539697083069
2017-01-01,8.543866497724089,1.6360695242364327,-1.6711015840222976,-0.1654184739159576,1.3206764887558726,7.971588146004162e-4,-278.6219759726961,-78.7560073724502,0.15617272019943707,0.14675377392618347,-0.33032031293491426,-0.014716957741542035,0.3227943638567458,-5.968179397830235e-4,-40.09272246777767,-17.359295295058477,0.0015967614971937676,71.362,2.0597989064665607,1.8765329475054275,-0.479098076310598,-0.5930461702733396,0.7644291423533885,-2.1219044549801165,0.9358121144334375,0.11394809396274164,-0.5930461702733396,0.11394809396274164,2.3556310238160254
2017-02-01,21.110551006287096,-0.008497660594486643,-0.4234422098748356,-0.15030386246509603,-0.4257562997825541,9.461247953446242e-4,-470.15169776401825,22.72978983086926,0.11210112675006213,-0.34708458234083195,-0.1484142335896178,-0.006443068376633015,-0.23909088444208262,0.0013684072675749076,-93.35226911571023,-11.090037982031623,0.014704151429484093,68.208,2.1478797550862265,2.1352533408769374,0.2425057384910534,-0.7604350222111975,0.5355371369222656,-1.8315092960557287,0.3106392516333336,1.002940760702251,-0.7604350222111975,1.002940760702251,1.892747602385884
2017-03-01,20.35297942433125,0.19011624194147114,-0.7417379968170745,-0.1585883903363244,-0.24225951828891992,0.0015598880100088331,-453.6246704896729,30.392056222720008,0.10599019193988522,-0.31123369130188866,-0.21060432248608768,-0.006577850713739822,-0.21348993107430064,0.0010509681720102593,-91.67638604762564,-12.856080397708888,0.013266052578103314,68.814,2.0319824518154372,1.8143660104882828,0.3974938645819517,-0.5153962775276497,0.6354368837642543,-1.7862700450561584,0.755477490000859,0.9128901421096014,-0.5153962775276497,0.9128901421096014,1.4168721459063311
2017-04-01,18.121739641099808,0.34743190780348965,-0.3964990563885169,-0.17064636481660075,-0.0588832665676524,3.893739538416477e-4,-403.4435647999369,94.23285351111713,0.10631732041270976,-0.206071964196297,-0.1907102595900145,-0.008062932180883492,-0.14671263480568725,5.843670569604816e-4,-76.43301579868765,-19.035370633657553,0.013370468331596172,54.311,1.9220573156095713,1.9891334153403157,-0.14810042190490025,-0.8742639274622199,0.5631240681711038,-2.0005120638044276,0.25198420887998774,0.7261635055573197,-0.8742639274622199,0.7261635055573197,2.137233837245216
2017-05-01,18.092026318001437,0.3367038404413265,-0.3913082740030821,-0.16953321885907527,-0.06538088551094909,3.709606637108791e-4,-404.44481455182466,94.180193617942,0.10874269277982375,-0.20171875383947657,-0.19200376897733482,-0.008482967344047975,-0.14198622802273805,5.906211043082469e-4,-76.21980596075036,-19.439822052428077,0.013395817107606307,51.49,1.6622324918625315,1.6361874993821544,-0.1672569040730375,-0.8570075269436863,0.49739568739221274,-1.8517989017281118,0.13778384784073916,0.6897506228706488,-0.8570075269436863,0.6897506228706488,1.8034444034551917
2017-06-01,21.245821489336546,0.3941196727390034,-0.8862626050473532,-0.16393311924110845,-0.5506125895553503,-6.259426033967227e-4,-440.50331098887654,102.65018968170669,0.09218210657022777,-0.22993532014220797,-0.2697284209082076,-0.007897520393333942,-0.2083977660057087,4.178785812150568e-4,-88.48177579813562,13.496661550719518,0.013832940651428862,51.607,1.6472000145050616,1.4671554642908877,0.2527552088688285,-0.46112135932946074,0.4924915655610048,-1.4461044904514704,0.5238617717925489,0.7138765681982893,-0.46112135932946074,0.7138765681982893,1.2144002554220592
2017-07-01,24.11634588062275,0.35329284658446336,-1.159233748430926,-0.1712543141826509,-0.8337238680371988,-5.918228770044691e-4,-481.8200592120629,140.86337746762837,0.0762231767117377,-0.2485976184659296,-0.3715022049304968,-0.007239510892135709,-0.2609341757770585,3.581164661766452e-4,-102.96751873652194,26.008801916479555,0.015147238417080527,51.811,1.4531079451959517,1.438766028648924,0.6016226268327838,-0.18317094279457535,0.49165214144731084,-1.166475225689197,0.8001333401000463,0.7847935696273591,-0.18317094279457535,0.7847935696273591,0.8371434018161401
2017-08-01,23.798247573849775,0.32567179825997816,-1.031760411258922,-0.16791867946064615,-0.8539160721801891,-4.478962788163663e-4,-467.46697723749685,136.61440526340425,0.06677169175379012,-0.26885787481361034,-0.32493270634755045,-0.006305176647531302,-0.2773506270306241,4.530038691022622e-4,-99.56455519624768,24.272641850055564,0.015046417880056062,42.839,1.532308574492042,1.4916895496241154,0.45542509638792583,-0.18914839917579584,0.5006382913737444,-1.1904249819232846,0.8121281835716929,0.6445734955637217,-0.18914839917579584,0.6445734955637217,1.0362644532361895
2017-09-01,21.314930190654135,0.40350105317020024,-0.5597381448519214,-0.16267000735792303,-0.9363242225148017,-1.0098513824829151e-4,-379.44880688791255,96.28233014828632,0.05005561608363484,-0.2973819954608304,-0.13322746252045117,-0.0024553510958728007,-0.2994025896461306,5.702239728317596e-4,-78.29622783713151,20.660524782488245,0.014239183843526178,50.795,1.5266619864255722,1.2609853633367907,1.090496682610633,0.3672173392787208,0.5132580175365298,-0.6592986957943388,1.3937333743517804,0.7232793433319122,0.3672173392787208,0.7232793433319122,0.17048868072615764
2017-10-01,18.144467831466567,0.1681793613058081,0.04222290043136556,-0.14975378726454502,-0.9183748469618757,-1.989800013116141e-4,-294.40348775714364,66.49085248464384,0.04942377498352085,-0.2563660100753898,-0.015986394676520806,-0.003280067327860082,-0.22460965494527782,5.424399290589874e-4,-49.17536783595576,5.261485557767939,0.014402602133543062,50.174,1.5145542114366894,1.1884802794155132,1.1304054783433393,0.4077693188949496,0.49232199641393204,-0.5768746739329145,1.3924133117228137,0.7226361594483897,0.4077693188949496,0.7226361594483897,0.05807480107217389
2017-11-01,14.696322265837761,-0.35592502833275896,0.6600219023147031,-0.13624967447491684,-1.2113560310366323,-2.2501789444805335e-4,-147.5373836329892,-24.065392350641478,0.03427627931497602,-0.2954302687883618,0.04287313697872265,-3.485345551490356e-5,-0.21779640125791538,5.526713734675597e-4,-16.1135237920044,-2.275697431752376,0.016738726840042076,50.747,1.4279788202890504,1.33709572349063,1.6550710681661036,0.8056308972144883,0.3900645963480409,0.0255017045184065,1.5857600899105702,0.8494401709516153,0.8056308972144883,0.8494401709516153,-0.3179753446754736
2017-12-01,14.603453649246001,-0.3721409712014052,0.7094572135411115,-0.1371232092739761,-1.233727436976856,-1.6825989666597964e-4,-145.32512363631386,-23.793053318793007,0.03915812159188979,-0.2577335133501654,0.015712299405301607,-0.0011801382005470428,-0.19217147534792806,4.2129444465468895e-4,-20.41811309105157,-0.16943827688685623,0.016916283644226017,46.184,1.2232840301543153,1.1780806645470716,1.4722996458330746,0.6910380020081401,0.3592154139155499,-0.027392825822959654,1.40946882983924,0.7812616438249343,0.6910380020081401,0.7812616438249343,-0.294218981286003
2018-01-01,13.572142684471759,-0.33430057593754425,0.6302054493475823,-0.13149239653668834,-1.1759562612299792,-1.1690581670132153e-5,-122.1210981533422,-29.881050950377936,0.03702355449101541,-0.27944001281083397,0.005842894324394967,-0.001508152687002881,-0.19518781694558815,5.276892898981678e-4,-12.702390008522528,-5.986275041543137,0.016080993750545437,20.905,0.9845649958564126,0.8403395493377959,0.8886986366909817,0.5525254623358293,0.361306874711722,-0.1700882870876147,1.2751392117592735,0.33617317435515237,0.5525254623358293,0.33617317435515237,-0.04835908735318584
2018-02-01,13.882826380175407,-0.1873949182304712,0.8624249506709142,-0.14713936347363302,-1.1056204686550828,2.3744384383583094e-5,-133.9618000150969,-21.351678095600054,0.03994982030222708,-0.2639828683806553,0.07203764587128633,-7.995959958627578e-4,-0.20111649527199565,5.031606892814213e-4,-13.530642898018074,-5.089341147583716,0.016780708759351594,21.801,1.0099342975664356,1.3986208115440202,0.5582724508134715,0.19243621915084752,0.3478652072850722,-0.5032941954192969,0.8881666337209919,0.3658362316626241,0.19243621915084752,0.3658362316626241,0.8403483607305486
2018-03-01,13.76133792361432,-0.16511224791105017,0.8883012909717295,-0.14872104104634415,-1.0956131011896306,5.37137490443005e-5,-131.09426952505277,-22.295239533211703,0.04080180219357654,-0.26941850520131494,0.08344678751324652,-3.4811014192554234e-4,-0.20626321711745849,5.085831596578639e-4,-12.524753032663591,-5.122708571364166,0.016810705355214867,20.774,1.0781663721735637,1.1670726721094822,0.6110901419625583,0.26186454891332467,0.3257049720311189,-0.3895453951489132,0.9132744929755625,0.3492255930492337,0.26186454891332467,0.3492255930492337,0.5559825301469239
2018-04-01,14.290499545577806,-0.23702370586603133,0.8549739308914563,-0.15358071592457748,-1.1609742578844737,9.904291104102217e-5,-133.03900788385934,-21.859531583125754,0.03929234096384041,-0.20209387642887006,0.04090039476093885,-3.6606541296164275e-4,-0.14196212594784768,2.595981490855629e-4,-13.768383902206828,-4.015746871035863,0.01750691582705473,23.631,1.0155723884991252,1.1680014597094868,0.06345186729570002,-0.35025406061343034,0.30901819516230267,-0.9682904509380357,0.267782329711175,0.41370592790913036,-0.35025406061343034,0.41370592790913036,1.1045495924137867
2018-05-01,16.066167445697875,-0.06581764805175516,0.5770015996874923,-0.15753258097130002,-1.2200375642506982,4.465496612953475e-4,-173.6385663873251,-9.148617578680094,0.030194314716028778,-0.22195479907284663,-0.01228439504092779,2.882633517533978e-4,-0.14549085752518534,3.1650253336712746e-4,-13.826748780214395,-2.9779338336353636,0.016978436031246873,24.23,1.1092429529309222,1.0974596750012797,0.1275150466449798,-0.28387245839213193,0.3286680897861405,-0.9412086379644129,0.37346372118014903,0.41138750503711174,-0.28387245839213193,0.41138750503711174,0.9699446283562999
2018-06-01,16.200613569749116,-0.0097529778056282,0.9458436824216125,-0.15807522667448107,-1.178346413809441,7.37009309872585e-4,-190.86580359205539,0.25852313968480833,0.03288325669296501,-0.23493769818576793,0.09356490640729348,0.0013996988539008355,-0.15632061628358856,3.5412859535457466e-4,-18.133167397078434,-2.065455853680876,0.01643504373650844,24.973,1.2184687473779812,1.1161196831361644,0.05224047268723769,-0.35819187454458756,0.33890784245391287,-1.0360075594524134,0.31962381036323817,0.41043234723182526,-0.35819187454458756,0.41043234723182526,1.0638792104489267
2018-07-01,16.09939144266272,-0.012828477132779563,0.8244033084516549,-0.1585520770601259,-1.1609187587408933,6.788208639887645e-4,-185.94296469704793,-2.6196943770139267,0.031381577908279744,-0.22809235021468907,0.06938782594828631,0.0011529737514522403,-0.15086438888876055,3.265482539552618e-4,-16.60658118457688,-2.5412802778270005,0.01644433571218198,24.957,1.119290349130723,1.161639229246504,0.04198854272423924,-0.36841274364468646,0.3490437301945353,-1.066500204033757,0.3296747167443841,0.4104012863689257,-0.36841274364468646,0.4104012863689257,1.1196506865222648
2018-08-01,16.183595677636497,-0.014531734669557275,0.8375142862643891,-0.15851395727271925,-1.1625133372373462,6.876148724969162e-4,-187.29478270199027,-2.4198180012732338,0.029442121998523633,-0.2321669162634157,0.07701567448451486,0.0012873657196120698,-0.15478720254964184,3.508746942439337e-4,-17.120055286054715,-2.508494129785442,0.016460708030240932,22.619,1.2514415851323928,1.191551001428091,0.1454115344676759,-0.22691322046834372,0.3039722465844653,-0.8348577136372743,0.3810312727005869,0.37232475493601963,-0.22691322046834372,0.37232475493601963,1.0461394669604152
2018-09-01,16.27144515330242,0.008693146107689922,0.7164824255989941,-0.16019851089362117,-1.1275508487248989,6.423006936592195e-4,-189.63502009610465,-2.2971786660002276,0.02771354860577224,-0.22838095076025694,0.06895760244624063,0.0012783428485383392,-0.15393821375181888,3.414394766119099e-4,-17.066135675975275,-2.5597587125786294,0.01636726971932842,23.211,1.1906814177035965,1.1713601700065381,0.20895773326727796,-0.170942964188054,0.2898062096080516,-0.7505553834041572,0.4086694550280492,0.37990069745533195,-0.170942964188054,0.37990069745533195,0.9624024367392602
2018-10-01,14.545999370293615,0.1932948406706636,0.06104665569079425,-0.1621391571050086,-0.871686754895316,6.091622849715093e-4,-155.44427492371793,-15.993219104923211,0.03098420117935653,-0.20639044734221504,0.033538534786194084,0.0018278011255331932,-0.12588368672525366,2.4269730498377055e-4,-11.806142742860585,-4.566566771506299,0.014540895462832047,9.918,1.2913000367293366,0.9985760538195714,0.2418493991847392,0.09763279798437097,0.3083889516653274,-0.5191451053462839,0.7144107013150258,0.14421660120036822,0.09763279798437097,0.14421660120036822,0.7567266546348321
2018-11-01,13.725747492695655,0.3229624004831683,0.11350767782962137,-0.16855496686208293,-0.614463832723475,8.952199142676394e-4,-157.392221394637,-22.884291007176344,0.038002877089495034,-0.21119624366475961,0.2140659512209017,0.005026791273744461,-0.11215959799933989,1.78609943992085e-4,-13.223604440141736,-4.131209134006954,0.012970331230809902,10.122,1.3138676013839186,1.1077247570027293,0.15314924903442936,0.02186355631617154,0.31608224629543064,-0.6103009362746897,0.6540280489070328,0.13128569271825782,0.02186355631617154,0.13128569271825782,0.9545755079682999
2018-12-01,13.254918917283794,0.281216489731056,0.1531741033255662,-0.17192094982938763,-0.547290806029026,9.06583883490913e-4,-146.09637391867676,-26.668998574557428,0.038811004792961144,-0.21454976715626622,0.31859462300917524,0.006550361470364711,-0.11226513523555072,1.8812000787081566e-4,-15.391279330221408,-5.139851606961044,0.01313514692503477,12.961,1.2590504719593567,1.2148409622613017,0.31673185390281905,0.1464872146074434,0.26375156431677393,-0.38101591402610446,0.6739903432409913,0.17024463929537564,0.1464872146074434,0.17024463929537564,0.8981091083584827
2019-01-01,13.101741238975407,0.2971283073949443,0.0248010989353186,-0.1753308906779263,-0.5230181480710572,9.601435379448162e-4,-136.16129506570059,-26.436641942225314,0.03468132209793563,-0.21251699359744786,0.3619960013256002,0.007617613686894087,-0.1139423547399357,1.768399270319419e-4,-16.45483303558031,-5.360791867796362,0.013079649737078019,-1.222,1.2313073779909256,1.1465580350397486,0.12928223794389065,0.14526556992259998,0.2811007148496578,-0.41693585977671566,0.7074669996219156,-0.01598333197870934,0.14526556992259998,-0.01598333197870934,1.017275797095858
2019-02-01,13.307689843873376,0.32799190940152084,-0.4007907935758128,-0.17976744574760004,-0.519747100345566,9.417244023036946e-4,-132.0907802910917,-24.768018461474423,0.03229424485055889,-0.21171250789962182,0.32220375217828645,0.007695421278468864,-0.1218388829045642,1.6627782890174688e-4,-13.422253488703463,-7.056129250523991,0.013247401842052633,1.183,1.1757538882391094,1.268749203545748,0.1694592161422477,0.15378753976309945,0.29216245258241014,-0.43053736540172083,0.7381124449279197,0.015671676379148267,0.15378753976309945,0.015671676379148267,1.0992899874035003
2019-03-01,12.596324622709052,0.24964522645653614,0.1666157754939516,-0.17198745810968932,-0.5057198193878154,9.413705252728342e-4,-123.02892291557205,-31.386981764651516,0.03059563930436769,-0.21677528539606955,0.34992338180907473,0.0069869522002054315,-0.11153732981152284,1.6591260079973393e-4,-12.209175641904555,-7.565462304916885,0.013122956847578922,0.077,1.1662279043314407,1.2233834053333243,0.24232191939171924,0.24131145171445567,0.275367416961843,-0.3094233822092304,0.7920462856381417,0.001010467677263577,0.24131145171445567,0.001010467677263577,0.9810614859416051
2019-04-01,11.00000909046438,0.16364070701078207,0.4818979821929119,-0.16485518998944088,-0.4139068271684446,5.520327804903459e-4,-93.43634238384391,-44.063115659087224,0.03509731985740838,-0.16984888126522185,0.3008056281918264,0.004100403733980943,-0.0725930616601309,-7.058353336311895e-6,-8.808194155761283,-8.380855606330675,0.012961089253885356,-0.862,1.0925166186778454,1.2949479434300235,0.10741647009882135,0.11858892903567053,0.29521359497389393,-0.47183826091211734,0.7090161189834584,-0.011172458936849176,0.11858892903567053,-0.011172458936849176,1.1875314733312021
2019-05-01,11.04380959040432,0.17216418023248545,0.4559620326171575,-0.16528508019074167,-0.410469282936101,5.585470277712077e-4,-92.73280881637558,-44.1910403354654,0.0324217789782009,-0.17250293398824082,0.30560269835838416,0.004234707562945933,-0.07390733160128023,-2.770268622544767e-6,-8.553597836872171,-8.528835451080926,0.012953783532455432,-0.37,1.116153965135764,1.0994634652078803,0.14223237665899288,0.1470252765660014,0.2657535771780731,-0.38448187779014475,0.6785324309221475,-0.00479289990700851,0.1470252765660014,-0.00479289990700851,0.9572310885488874
2019-06-01,10.7974823454544,0.12532026254722964,0.5760591724752451,-0.16253823211542426,-0.41840837227295147,5.385600704458698e-4,-87.6447593980677,-44.07869191770147,0.03244446404598379,-0.17418608884338804,0.312384306541847,0.003004760442626284,-0.06616936400072153,-1.726685454497677e-5,-8.72546076238274,-9.967694174335998,0.013193162546669163,1.118,0.9824032304665932,1.1574179038915673,0.2747711374942487,0.26002118176707256,0.21592035707506124,-0.17181953238304992,0.691861895917195,0.014749955727176125,0.26002118176707256,0.014749955727176125,0.8826467663973185
2019-07-01,9.931674235542179,0.05792286733280033,0.6367794502027415,-0.1573896072637623,-0.4491572264496243,4.688387994730705e-4,-61.805351650923015,-55.00192218041928,0.033698956538338085,-0.18572287109251812,0.28967348077957333,0.002181365313460839,-0.06361090261482423,4.485452658827934e-5,-5.072213988133468,-12.680457838114874,0.013614093752354154,-0.851,0.8112589190177335,1.054398341628011,0.2135155924509449,0.22510118623419828,0.23392150473784543,-0.24274182324149257,0.6929441957098892,-0.011585593783253384,0.22510118623419828,-0.011585593783253384,0.8408827491770661
2019-08-01,10.195840598139462,-5.677266019023993e-4,0.868415664588038,-0.15560316020374287,-0.45608709975482814,3.114178505482541e-4,-70.35095175305706,-51.43450954990257,0.03008256973652038,-0.1756241812209643,0.28641225438243517,0.0023201309567087896,-0.06008043058739477,5.6915979937834836e-5,-6.998426299513448,-11.88387793182472,0.013703352144493119,0.843,0.8351789748760353,0.9395516948955973,0.2278670070526184,0.2163150811948107,0.2126509445627387,-0.2089868079306667,0.6416169703202881,0.0115519258578077,0.2163150811948107,0.0115519258578077,0.7116846878429789
2019-09-01,9.86720050794443,-0.10078529262032482,1.2261128182584173,-0.1513987921244283,-0.44574410308790113,6.0708720129743985e-5,-65.09513240938888,-55.60572798738287,0.027958016678049473,-0.1363620933625566,0.21914414717009412,0.0030312545601497696,-0.045925069033174,6.883994516002878e-5,-7.654809140464843,-10.449891836022724,0.01357279993063143,0.602,0.6314628593531789,0.9098312978944446,0.2216149558518995,0.21344413029365938,0.1905928605319035,-0.1677415907701476,0.5946298513574664,0.00817082555824012,0.21344413029365938,0.00817082555824012,0.6882163420425451
2019-10-01,8.383128187263566,-0.29644054471686043,2.4294537580532536,-0.13619226675396096,-0.5354755992170737,-1.1556380790562409e-4,-31.45030465106315,-53.54191286178167,0.024079495238895604,-0.13151566056646413,0.26439857095332864,0.0027306226297412026,-0.026055384664868224,4.8157536526404125e-6,-5.9648011953610975,-8.958620238895621,0.01288028615886404,-0.698,0.5676449014200925,0.7066161383595796,0.11496455814429644,0.12395499788318354,0.23651877891015474,-0.34908255993712595,0.596992555703493,-0.008990439738887098,0.12395499788318354,-0.008990439738887098,0.5916515802152832
2019-11-01,7.770772317226404,-0.29732570065250447,3.2822129054539855,-0.13105146400579945,-0.4389090264740755,-1.0589673743934592e-4,-35.36864847257974,-47.70423363489821,0.022482996193719514,-0.08372978262544907,0.25709549334243165,0.004631666692947884,0.013556615400443773,-6.547194928363598e-5,-7.073210276487826,-6.615831197756262,0.010804552714175707,14.478,0.5712729858763097,0.6745502294958803,0.42174958821381503,0.2653212740179791,0.22366270831737545,-0.18200414261677178,0.71264669065273,0.1564283141958359,0.2653212740179791,0.1564283141958359,0.25280064128206525
2019-12-01,7.5711884315276325,-0.35262892981134103,4.073336872095901,-0.12990259631510567,-0.45783452789228113,9.773263595834112e-5,-32.39243589526042,-42.03578970086651,0.01926534253668971,-0.08542950669975731,0.3122133035260382,0.006828982200868161,0.018998596480004078,-7.717816102211053e-5,-5.055977020627707,-5.704433903045704,0.008969051027538737,12.515,0.5855081805891017,0.5912728318732335,0.41756971635918216,0.3053220427495349,0.19871842718644045,-0.092114811623346,0.7027588971224158,0.1122476736096473,0.3053220427495349,0.1122476736096473,0.17370311551405138
2020-01-01,7.840166660274366,-0.37469100857970494,4.083292906599561,-0.13151776336605456,-0.504548490333567,2.3751290172041594e-5,-33.38313033647087,-40.37626616145935,0.019936847052485666,-0.09938082693336794,0.3141949563205998,0.004661126303744123,0.015070284358895188,-1.2263968171199717e-4,-4.876701669420675,-5.270599750937576,0.008783336444053564,12.427,0.5671170883917118,0.5445806221983365,0.32021758667165245,0.2110670646813988,0.1883699275203238,-0.1656727903592488,0.5878069197220464,0.10915052199025363,0.2110670646813988,0.10915052199025363,0.22436303552668402
2020-02-01,7.972616095858475,-0.39332407501865374,4.154393099651084,-0.13071407610139102,-0.5626670805522961,1.1285382743947102e-4,-31.376805600263907,-38.59815094430309,0.017847516177114775,-0.10853601891360239,0.3215349335452508,0.004664621679776404,0.010124623916172965,-1.0804468128188634e-4,-4.697979849701019,-5.338563947454173,0.008801759337583455,14.137,0.5326186285298662,0.6207576589567964,0.3174242730304614,0.19299380127504406,0.1633303511854033,-0.1336669010957625,0.5196545036458506,0.12443047175541731,0.19299380127504406,0.12443047175541731,0.30333338592633496
2020-03-01,9.251995717743002,-0.40300883450583175,3.9292047187009183,-0.1440514972841589,-0.6362882498650093,1.4766745639662772e-4,-42.1775571583797,-29.304623135304258,0.013545566919595423,-0.09907897285875925,0.29923600360067115,0.008189062533795078,-0.0036647273055265563,-8.211785560374149e-5,-4.995010666506343,-4.4906370865153304,0.008349391269421427,52.767,0.7893571248760308,0.8010961725179981,0.5256264597204222,0.08505413060686173,0.17429244920224682,-0.2635307677976319,0.43363902901135537,0.4405723291135605,0.08505413060686173,0.4405723291135605,0.2754697127975759
2020-04-01,8.675652412095006,-0.42649959727893044,3.9428597858143535,-0.1352013119533207,-0.63590098824978,1.1701628765687547e-4,-34.97224552737602,-30.059298648862434,0.014153878105951092,-0.1036005574615101,0.30116064515447366,0.006504580036757112,-0.0013395809864208184,-9.3111306924763e-5,-5.2343653569355215,-5.066252873550961,0.008828810416925726,132.99,0.8072885902699233,0.8085747862349177,1.1925454331728411,0.01840193582588867,0.34646872443944504,-0.6745355130530014,0.7113393847047788,1.1741434973469524,0.01840193582588867,1.1741434973469524,-0.3839706469379234
2020-05-01,12.569156212955651,-0.2114356556526824,3.4559565390939446,-0.18183531130672645,-0.5773047706548872,2.4264909713396922e-4,-105.00725312396811,-22.708103756230063,0.013036007252549529,-0.06856585373878771,0.22754930126832312,0.01088186657630922,0.0015998243621363135,-6.052030912915441e-5,-8.96353539317443,-2.44453816346888,0.00604510632580377,144.816,0.8143898547273767,0.8948382167774434,0.6480530342882603,-0.22737508338933843,0.29069691251295576,-0.80876890841525,0.3540187416365731,0.8754281176775988,-0.22737508338933843,0.8754281176775988,0.24678518248918302
2020-06-01,13.140624068281047,-0.13137833175236452,3.371583540630002,-0.18846828135281313,-0.5007570675947512,3.271617769218291e-4,-125.34653340929741,-21.912614678137643,0.014090983020970744,-0.05098704165514842,0.20594912512688504,0.00844431051353618,0.015168852759166112,-6.570194269618395e-5,-11.957244593198041,-2.0579295318452036,0.005713543417572116,150.1,0.6336468859077344,0.7996926142030226,0.474752014650353,-0.3828508523272216,0.2954963350379231,-0.9738435224030678,0.2081418177486246,0.8576028669775746,-0.3828508523272216,0.8576028669775746,0.32494059955266963
2020-07-01,11.689491241728653,-0.1635606484826546,3.392998149073033,-0.16790976240861719,-0.5252157246642997,2.4684006913009305e-4,-101.47297344916986,-17.035913828036303,0.01368813746969026,-0.035828469827167586,0.17820287989612416,0.006675901295034346,0.017042121455446573,-1.1424561138480392e-4,-11.350366353121252,-2.898159505798401,0.00604253033927599,101.793,0.5850523963387874,0.3956594757578151,0.1658967255638475,-0.44919056526207335,0.2801522134798561,-1.0094949922217855,0.11111386169763882,0.6150872908259208,-0.44919056526207335,0.6150872908259208,0.22976275019396764
2020-08-01,10.477802300879322,-0.0251141303681876,2.645193901304196,-0.14680132930583234,-0.563178105261575,8.931631344666722e-4,-80.72294270651517,-7.778722427679881,0.008188440632555645,0.02397266769306579,0.060296117376906926,0.007556593577816393,0.012255962241015689,-3.343610319478815e-5,-12.74787705549979,-3.8815910343554942,0.007229058960225741,74.616,0.5495372462772049,0.3065907861329988,0.1952733572041605,-0.3441301061720434,0.24061277070084214,-0.8253556475737277,0.13709543522964085,0.5394034633762039,-0.3441301061720434,0.5394034633762039,0.11131742892883828
2020-09-01,10.262639973093552,0.04250456529026225,2.4261396123539924,-0.14774604919624312,-0.5892892402819453,0.0010597252252609118,-68.3036116496865,-12.119181385468012,0.00547618826503793,0.037346532739742255,0.01707947062744654,0.007277212382564769,0.009168028105054802,-1.2122735682539534e-5,-11.54441749974063,-3.843885119536386,0.007527145155302396,90.41,0.5486909286051814,0.5200810747534802,0.4421283080956139,-0.2384008853952757,0.24635842836183966,-0.731117742118955,0.2543159713284036,0.6805291934908896,-0.2384008853952757,0.6805291934908896,0.07795276665786632
2020-10-01,10.672296210315007,-0.13701038305809787,2.6333205529903205,-0.16352645287456088,-0.5651073443945607,7.256716095117207e-4,-62.56888371736031,-16.350592250378703,0.006938555023299358,0.03431995160326903,0.03627103229337979,0.006453965346159711,0.00967666080506494,-4.451217356849062e-5,-10.881601846555562,-3.761639341508335,0.007424002731529618,81.167,0.5081777354543425,0.5234427109504629,0.3486936442196017,-0.25389038549046283,0.2768013903232851,-0.807493166137033,0.29971239515610737,0.6025840297100645,-0.25389038549046283,0.6025840297100645,0.1747490667308612
2020-11-01,11.130225934258156,-0.13361669206007576,2.5248622703673727,-0.17387362980588753,-0.6036830686544198,7.356285941303694e-4,-59.033670669890995,-11.786900852408893,0.0068398108456480845,0.035262174577077324,0.029253209107408643,0.008788999838459117,3.578418817402521e-4,-3.060344132436399e-5,-8.968088659519221,-3.7240292431403845,0.006905373849772738,92.076,0.4673754192103553,0.5421499307111897,0.3317477831743946,-0.30407141941728,0.2591256926554183,-0.8223228047281166,0.2141799658935566,0.6358192025916746,-0.30407141941728,0.6358192025916746,0.2104021475367951
2020-12-01,10.653024199310613,0.05299087508801146,2.40387446557406,-0.1563594043021833,-0.6157690993767041,8.373938902427147e-4,-65.8085002147377,-11.288323523618956,0.004961366574382282,0.026320053911150373,0.017649471818663828,0.00759105156958154,0.004484634047546535,-3.8071262633395265e-5,-9.710299739697364,-3.5401418604010733,0.007079854112793501,74.985,0.4341823070942886,0.39101849192378735,0.28197338030364794,-0.2489094803441727,0.2751574071804561,-0.7992242947050849,0.3014053340167395,0.5308828606478206,-0.2489094803441727,0.5308828606478206,0.10904511162013941
2021-01-01,10.52219268568382,0.3924045532111559,1.9686202911800825,-0.13619605097235765,-0.5799113371548567,7.245252288767274e-4,-95.63138270262924,-0.29882057210199403,0.007682589050695946,0.11516530339681445,-0.009091261458571689,0.01758763723714521,-0.0015027687676198193,-2.621167940300031e-5,-13.945598797421159,-4.641929333248856,0.0071080512100905515,66.701,0.4331516881079408,0.49261903913922694,0.24768718762457914,-0.2264269361396707,0.26183156179170425,-0.7500900597230792,0.2972361874437378,0.47411412376424983,-0.2264269361396707,0.47411412376424983,0.2449318515146478
2021-02-01,10.386306364272365,0.3076200657990265,2.2101731357120205,-0.13962508229982143,-0.568503609831933,0.0010273052792052699,-85.6444729656432,-2.9815230195107207,4.933483443328884e-4,0.009044933357731662,0.024969311795020006,0.00868685695353276,0.016894979647943825,-3.508152861561111e-5,-12.222881918946735,-3.9457032048195106,0.00744089402658512,75.043,0.40232189424525344,0.39016901445463564,0.37918184243733166,-0.17920516799969555,0.24801314374400227,-0.6752314554877001,0.316821119488309,0.5583870104370272,-0.17920516799969555,0.5583870104370272,0.010987172017303981
2021-03-01,10.376360986430042,0.3073174713785165,2.2155913289206803,-0.13965891500975758,-0.5709647647049484,0.001018905171774813,-85.38498759247173,-3.241996324533299,0.0010686154559978514,0.008464462015051888,0.025017376959632444,0.008633959329119768,0.01671958943182782,-3.629045327242877e-5,-12.15668784367709,-3.9225473847747283,0.007431096156941832,88.476,0.407217202570109,0.4062633097474209,0.41128114020187734,-0.2461925233797082,0.2372462448680168,-0.7206850131157418,0.22829996635632538,0.6574736635815855,-0.2461925233797082,0.6574736635815855,-0.005017830454456418
2021-04-01,10.498631827446493,0.35643620183095853,2.4173313288091984,-0.15670226045844518,-0.5329492940387344,3.0999176943572414e-4,-77.41323796429045,-13.410334355401371,0.006320410796497956,0.0204475773462237,0.055786263044744516,0.008817013026914898,0.018239447774891022,-1.2058954919704211e-4,-10.513939496461074,-4.27192342123359,0.0074163463454939745,94.304,0.40388525162372296,0.46103026565960564,0.45386452937314703,-0.24552659639231678,0.24229697301935457,-0.730120542431026,0.23906734964639237,0.6993911257654638,-0.24552659639231678,0.6993911257654638,0.007165736286458613
2021-05-01,11.003591768335069,0.4589394290540958,3.58398149442367,-0.21839565779149148,-0.30537354211192796,-0.002546392016107599,-61.78467652932434,-21.542004183547906,0.022206485910406307,0.023645380103464207,0.2374771827974381,0.004729863349913904,0.04345219646986474,-4.7296850255720087e-4,-7.485282339953951,-6.787481637440078,0.007179007181115997,94.673,0.4053339761437705,0.6181456104348052,0.2711890866098031,-0.4084690602479917,0.1870975759470854,-0.7826642121421625,-0.03427390835382088,0.6796581468577948,-0.4084690602479917,0.6796581468577948,0.3469565238250021
2021-06-01,10.979502298493946,0.4610310148188953,3.5977688400008048,-0.2216073649724061,-0.32422976546385457,-0.00246525503628595,-57.299704660289,-22.529015632005237,0.02525908869465555,0.03678390983615242,0.23751470504866876,0.004470920137854755,0.03878195693881756,-4.400869226427109e-4,-7.176750701409118,-6.933308962535634,0.007232818843442955,93.488,0.3755567887947911,0.3781900606816266,0.21841752839159434,-0.45776423964420054,0.1793355942703262,-0.8164354281848529,-0.09909305110354816,0.6761817680357949,-0.45776423964420054,0.6761817680357949,0.15977253229003224
2021-07-01,11.00856363863248,0.5860831559599751,3.6241393593846425,-0.22730276185760687,-0.39845366056391585,-0.0020032168685120877,-48.85417413679979,-19.77992870991476,0.02804561054303446,0.04540959494412785,0.2477511347622836,0.004376355436089753,0.02766083492072816,-3.5159198416138206e-4,-5.766842332366622,-7.468390052455307,0.007188904187494644,101.5,0.3880380694032619,0.5010540152056373,0.07540391429925297,-0.6542698607314534,0.19806076958846003,-1.0503913999083734,-0.2581483215545334,0.7296737750307064,-0.6542698607314534,0.7296737750307064,0.42565010090638433
2021-08-01,10.922541587802485,0.5409843496595452,3.534532545511169,-0.22338909893060824,-0.4082572105139501,-0.0017727268176902131,-47.507924271901295,-21.577344899651,0.026881052211542314,0.04361311852131809,0.22937847232143682,0.003902446258266845,0.02780469466239,-3.510970507344113e-4,-5.757550211261195,-7.058522622733534,0.007156621537603243,78.613,0.3898887451930298,0.3023943762910812,-0.09394243454977813,-0.6565459234853819,0.2025962829825177,-1.0617384894504172,-0.2513533575203465,0.5626034889356037,-0.6565459234853819,0.5626034889356037,0.3963368108408593
2021-09-01,10.801077539974571,0.4578802799378756,3.5162177862574384,-0.22189613643247716,-0.35731311579191977,-0.001887413522359095,-48.54507739666383,-25.12461143551462,0.026061085933775104,0.03926932985821518,0.22046136341774522,0.003670019377347147,0.03376182219182419,-3.9868473739799077e-4,-5.622140650942087,-6.56506846336716,0.006906891866829539,87.474,0.39043497332383154,0.5197876569073197,-0.01729055090071885,-0.6214640100597659,0.20619059434061482,-1.0338451987409956,-0.2090828213785363,0.6041734591590471,-0.6214640100597659,0.6041734591590471,0.5370782078080385
2021-10-01,9.906290523408,0.5658171505211989,2.1508198188535665,-0.17068282775315177,-0.5542787696202692,4.181580288258194e-4,-48.46176734407736,-6.794642445711785,0.014707141681038467,0.049501978816607964,0.05276052017554409,0.007845910850478442,0.01449038310782376,-1.7968711289500074e-4,-5.683451043184403,-5.044766220188976,0.006331116986377504,82.893,0.38877926921759254,0.5323988083169273,0.4101146456953071,-0.11469063465648333,0.21707161366378147,-0.5488338619840463,0.3194525926710796,0.5248052803517904,-0.11469063465648333,0.5248052803517904,0.12228416262162023
2021-11-01,9.242589964211758,0.5764340022697166,1.5183917661535364,-0.15169685139608566,-0.6354984330859055,7.260622209959233e-4,-33.192436240321946,-8.904393301123203,0.009181955131154518,0.04954204743497076,-0.06871610643662192,0.009195750745036747,0.009211445677554015,-1.7806356897880413e-4,-2.994037375731214,-3.406280633108835,0.00574091231669593,82.86,0.49311296585574754,0.6037378681773513,0.47785292101662347,0.0021609264551987195,0.223405156473758,-0.4446493864923173,0.4489712394027147,0.47569199456142475,0.0021609264551987195,0.47569199456142475,0.12588494716072784
2021-12-01,8.889086380898211,0.5219267901342769,1.1210745539169866,-0.1457251360900305,-0.6785117736324151,8.01798882387715e-4,-17.478174919271748,-10.98297516757845,0.005173142383449126,0.05864850734759803,-0.1435632478437466,0.009220726090119518,0.005226664182187847,-1.5990208201111845e-4,-1.560330193721508,-2.5750718351584214,0.005570125130323503,62.364,0.5488512560232925,0.6202053391594149,0.5064719248612756,0.15909664123378064,0.25362809933347863,-0.3481595574331766,0.6663528399007379,0.3473752836274949,0.15909664123378064,0.3473752836274949,0.11373341429813932
2022-01-01,8.669806444455489,0.46796925508200693,0.9519406570151572,-0.1385717664993553,-0.7216057655501344,9.328309085359378e-4,-10.551204756713906,-10.860497792486667,0.0030254206179351484,0.06231540077824866,-0.17861123557687522,0.009368008529735232,4.834222274823012e-4,-1.050829976792105e-4,-1.0615705010089895,-2.057694558584439,0.005348272892760247,67.405,0.5683066456136773,0.6853080404970755,0.6215814475857535,0.261081113249249,0.22841835129862934,-0.19575558934800968,0.7179178158465076,0.36050033433650447,0.261081113249249,0.36050033433650447,0.06372659291132199
2022-02-01,8.165231906935606,0.4025139329578205,1.2513077621794486,-0.1369893460247892,-0.7375630454214536,7.505844760363237e-4,3.4556285462363636,-13.779213525441099,0.0052107772928885274,0.05230598191600247,-0.1365906393731635,0.006680277343594533,0.003366690679951066,-1.2461389292124216e-4,1.2441006169851723,-1.6523846027482483,0.004085691835667678,52.279,0.7011641344344272,0.6496069918861531,0.5271376840404502,0.3135418005635797,0.17513298476867106,-0.036724168973762406,0.6638077701009218,0.21359588347687056,0.3135418005635797,0.21359588347687056,0.12246930784570287
2022-03-01,7.946217636554109,0.34927970986589035,1.511856163120852,-0.1335851723299947,-0.8182630531859952,4.802817872644804e-4,14.318548514274658,-15.56028890319281,0.006938878506550886,0.04523557626479451,-0.10276686793061049,0.004939661146423455,-0.00712392886520067,-5.6243083817110896e-6,2.827408534200164,-1.2947890760221517,0.003344232987347924,44.386,0.7118692773576077,0.7190545262277257,0.5362710893028761,0.3878339639264512,0.2277433274488647,-0.06765269097127818,0.8433206188241806,0.14843712537642495,0.3878339639264512,0.14843712537642495,0.18278343692484955
2022-04-01,7.034430841646515,0.3582240488911793,1.1158312632350809,-0.12011727587685535,-0.7297528793202633,2.0436325154436056e-4,20.89225844772797,-15.308184253433426,0.003338684647822527,0.07808960631054236,-0.16461985446176347,0.006992889783373239,-6.057393233742761e-4,3.349846173785618e-5,2.871197479556772,-1.0212565202853534,0.002988607739511423,33.234,0.6701379935882956,0.7176126661071821,0.9729169997805425,0.8735936101656199,0.21460767835778782,0.4443782534500442,1.3028089668811955,0.09932338961492264,0.8735936101656199,0.09932338961492264,-0.25530433367336036
2022-05-01,7.118496895327325,0.3506551611219066,1.174893473928018,-0.12289618099388892,-0.7245723198770373,1.1775757971319463e-4,20.343706787672627,-15.344260739454258,0.004220476867294631,0.08261674794151659,-0.16065652039208453,0.00705623818953816,3.095315616923188e-4,2.2352284425107058e-5,2.5674164621439384,-1.1688716495400473,0.003070237609975059,22.433,0.7933513128408424,0.721526066294889,0.8573622730247773,0.7884876327202068,0.1964087289655753,0.39567017478905625,1.1813050906513574,0.0688746403045705,0.7884876327202068,0.0688746403045705,-0.13583620672988828
2022-06-01,7.073960955573647,0.3502522621272877,1.1779958998787152,-0.12211752521216875,-0.7241837643414224,1.0728975696263986e-4,20.712447037091447,-15.144313270806363,0.004307163287684231,0.08079288217170336,-0.15875304818841865,0.006899081521479518,3.357217350565016e-4,2.2192136157459653e-5,2.7033120318550816,-1.1300941831933107,0.002979059893372193,13.936,0.7522201573772332,0.7415620519452031,0.75916311164062,0.7176469329665851,0.1848723401049384,0.34790225275670833,1.0873916131764618,0.041516178674034884,0.7176469329665851,0.041516178674034884,-0.01760105969541692
2022-07-01,7.215368605366254,0.3465045752630198,1.1865663551054104,-0.12549863630837862,-0.7210304050634175,1.2505040927969125e-5,19.730086476768196,-16.946690190566066,0.004962658773472941,0.08921035620178311,-0.16413106013641993,0.0074677058799463075,3.049726057580836e-4,2.7223109359671485e-5,2.2352604818327495,-1.2459642212074549,0.0033164153923947817,-1.836,0.7412538984848588,0.743591188168033,0.6622823815760419,0.6683713202364787,0.19209479331243776,0.2841817336116032,1.0525609068613542,-0.006088938660436819,0.6683713202364787,-0.006088938660436819,0.08130880659199113
2022-08-01,6.901178712655582,0.36282499251562833,1.1891797904160395,-0.1195782766586437,-0.7189660008390271,2.097588283619473e-4,21.85114550370639,-13.844799546372707,0.003907576089124588,0.07421264070893986,-0.16058877252596634,0.006697489851079049,0.0018784469148397601,1.3584171544250499e-5,3.2154782517605334,-1.0111143765241908,0.002703920438367211,-1.944,0.77810137113308675,0.7485108292895039,0.6737186920937098,0.6789751134258957,0.16303076945461004,0.3529135745166756,1.0050366523351157,-0.005256421332185858,0.6789751134258957,-0.005256421332185858,0.07479213719579403
2022-09-01,6.760540144842463,0.3587332578261143,1.1966331746482153,-0.11286070444605383,-0.7297461384524568,3.655885212273568e-4,18.724271700136907,-6.783763645825213,0.0045040708939602745,0.08606526404469192,-0.17270074597187302,0.007404607549953337,-0.001940004562962564,2.9313261713530505e-5,2.1299833528180194,-1.0888941636168277,0.002350587098550444,-1.82,0.8141825012251097,0.7545064595555048,0.6581081416586231,0.6623862101779849,0.16829191507711108,0.32580238002376277,0.998970040332207,-0.004278068519361808,0.6623862101779849,-0.004278068519361808,0.09639831789688169
2022-10-01,6.672067366828279,0.3671710827289752,1.227217687280538,-0.10998617577399375,-0.755355220130349,3.428294253157146e-4,21.351719209008035,-5.349146743704126,0.003969527989509471,0.08785032445787447,-0.1799459553312496,0.007669863888921694,-0.01008942905800391,4.304726523917566e-5,2.3635086428052388,-0.8963870401819782,0.0019574099291580264,-3.084,0.8230091822170013,0.8448601943439827,1.5833138060354206,1.589350458256944,0.2297389500717225,1.129872558113499,2.048828358400389,-0.0060366522215233535,1.589350458256944,-0.0060366522215233535,-0.7384536116914379
2022-11-01,6.686390457723833,0.3300765985091042,0.41653472662891483,-0.10952088237970538,-0.5307171809282436,-6.26657524730445e-5,-1.5477160425814174,10.149329014280294,0.009326237645333652,0.1317396798590699,-0.11945611199185695,0.009102474738042238,-0.002759225706195776,7.041595346478069e-5,-5.07875579944174,-3.102152083145331,0.0033435065255772232,0.404,0.7459170497661667,0.9587592726384201,0.7359349075559833,0.7345841309196501,0.16821962980718208,0.398144871305286,1.0710233905340143,0.0013507766363331983,0.7345841309196501,0.0013507766363331983,0.22282436508243675
2022-12-01,6.705932788643154,0.3618210899006994,0.22186923506312034,-0.1056697297555692,-0.5031587459937611,1.9678896258265677e-4,-9.07984369625938,15.094792371213586,0.00840122113001705,0.11660496024806394,-0.09214307170872958,0.00875542597582094,-2.246279640387326e-4,6.181535196801475e-5,-6.157861554318308,-3.3521711545492603,0.0034689825031015377,2.516,0.7116169981660111,0.8846982547712382,0.6505439318330427,0.6418159718552392,0.1505946664384653,0.3406266389783086,0.9430053047321698,0.008727959977803469,0.6418159718552392,0.008727959977803469,0.2341543229381955
2023-01-01,5.804896848865485,0.43590443955358227,0.07551496275344934,-0.08559952841391621,-0.43253477291034204,5.218856419551666e-4,-10.8762794272819,17.0117039853047,3.4789236553090696e-4,0.032769707945268615,-0.044231710461977554,0.002462964203542555,0.0458605284872816,-7.574571908257753e-6,1.034436484049183,-3.1923282377701843,0.0023526650984785078,-0.094,0.6743049649565485,0.7778126743862682,0.7379263516315872,0.7381475021508441,0.13894872151252383,0.4602500591257965,1.0160449451758917,-2.2115051925697974e-4,0.7381475021508441,-2.2115051925697974e-4,0.03988632275468107
2023-02-01,6.19238281764343,0.4511333555993652,0.06474109608670624,-0.07960123449689847,-0.495250178627534,6.524677451316449e-4,-22.934971443848163,15.089002453766863,0.001967685470307247,0.018038849871813704,-0.0273871928343245,0.002546310517303777,0.037843930673717885,2.3440158645861918e-7,0.48435753718643587,-2.874406781313567,0.0024922718297543172,0.118,0.6023000832582549,0.7432836070585676,0.6829249614481137,0.6826308733722026,0.14669842286521279,0.38923402764177706,0.9760277191026282,2.9408807591100943e-4,0.6826308733722026,2.9408807591100943e-4,0.0603586456104539
2023-03-01,6.836800534453536,0.38438659729051244,0.15836290870583572,-0.06174431566650409,-0.6225426219236834,6.482022344704236e-4,-47.080481318669165,19.248691994605743,0.003257541523336111,0.029589705421863864,-0.02988667380951068,0.0036970853055806286,0.028872674262249334,3.5210192751711974e-5,-1.814905421683122,-2.6341086153640583,0.002534916995629525,-10.212,0.5901817146889115,0.6504221299365335,0.5814870644286686,0.6073736367880374,0.13537277345561047,0.3366280898768164,0.8781191836992583,-0.02588657235936871,0.6073736367880374,-0.02588657235936871,0.06893506550786488
2023-04-01,6.94961480900023,0.22944635436008093,0.21348617300460507,-0.05740446426584182,-0.6155120609621351,5.117857220520317e-4,-53.03763929587519,15.736109794951192,0.004091013457134337,0.04648785747595027,-0.03412713170146395,0.0031824072879645176,0.03089843146385761,4.052646048103333e-5,-1.9906044197792,-2.457677871689164,0.0025600056655550505,-12.134,0.5881438746292291,0.7015245207681579,0.6482375562906338,0.6793006650364788,0.11542748957684638,0.448445685882786,0.9101556441901716,-0.031063108745844982,0.6793006650364788,-0.031063108745844982,0.05328696447752401
2023-05-01,7.034872856696565,0.15660155611955082,0.24007796264484543,-0.05709995368861732,-0.6129303601897544,4.3806805164864316e-4,-55.07985660387428,14.738876686805346,0.004941995076259427,0.0596752967927913,-0.03819061467431285,0.003514970187160903,0.029513848036947527,4.748971400972616e-5,-2.8702561351762363,-2.436212131664392,0.0026852904037616998,-14.588,0.5635018531958847,0.6722710580064131,0.6129697233021594,0.652142739712235,0.11302797999843499,0.426086779715365,0.878198699709105,-0.03917301641007567,0.652142739712235,-0.03917301641007567,0.059301334704253694
2023-06-01,6.965838559382338,0.1272050786201382,0.25433622008243517,-0.06054870109136361,-0.621494144336461,1.9009140054121194e-4,-48.731248169834466,10.512633125003521,0.00849573765156327,0.07847101026400681,-0.041861803226025285,0.0033356813165745245,0.02350157895507661,5.62996138579235e-5,-2.6380374009184937,-2.358242415026142,0.0026680079249997027,-10.535,0.4721225386548072,0.5775537177553314,0.5292838572062057,0.5573913206960777,0.11173263001367795,0.33392606066872177,0.7808565807234336,-0.028107463489871868,0.5573913206960777,-0.028107463489871868,0.04826986054912563
2023-07-01,7.01635008775236,0.1244964394927766,0.26693555058260376,-0.061236758997315205,-0.6236190253802044,9.730254429647151e-5,-49.647551311840864,9.1741974634772,0.009483026630868686,0.08207530970805899,-0.04423736994315598,0.0031258052646099444,0.024133203992964473,6.340400548454793e-5,-2.2226827212516715,-2.419483955557933,0.0027800445838584652,-26.634,0.4759734620141192,0.5450201811366286,0.4630264615320585,0.5370701689785449,0.11581915623248791,0.3054318565135691,0.7687084814435207,-0.07404370744648636,0.5370701689785449,-0.07404370744648636,0.08199371960457014
2023-08-01,7.055210567343864,0.09242657393304182,0.3109673179889494,-0.05679140602642522,-0.6308981022783311,-1.3375715917361464e-4,-55.032947343081325,9.192347751456298,0.01061555484908863,0.08540891645427076,-0.04330532610618846,0.004141221179987557,0.018671365425047975,9.265231839413393e-5,-3.578640917213786,-2.229699351175496,0.002800983846856116,-16.834,0.4658775880089824,0.618883810755314,0.4548532707462009,0.5020050328241767,0.13094387729304546,0.24011727823808582,0.7638927874102677,-0.047151762077975855,0.5020050328241767,-0.047151762077975855,0.16403054000911305
2023-09-01,7.015566036776566,0.1016873843803639,0.3324436103096368,-0.055013856259102115,-0.631438369746351,-3.4440333684678323e-4,-56.520246335391306,8.160436448524298,0.011688305868368705,0.08555523431097932,-0.04632578376998572,0.003908829296017959,0.020956372039391002,1.1397405778610998e-4,-2.815222518464389,-2.2333718879438087,0.002781104251238817,-13.515,0.5157748344652832,0.6078834919235611,0.4580334186077285,0.4956200425632211,0.14283887103783655,0.20994230048754803,0.7812977846388942,-0.037586623955492615,0.4956200425632211,-0.037586623955492615,0.14985007331583255
2023-10-01,6.762266774388303,0.08277057871688412,0.3113693154383818,-0.05883278921986555,-0.5846441367416961,-3.9269653254699375e-4,-49.91668203476037,3.3929352053612036,0.01212765092794758,0.08896439816560311,-0.04598372476433221,0.004336143029378812,0.02052119487685347,1.0877883676757487e-4,-3.2223946888420896,-1.9855874971348375,0.00283056147296912,-44.92,0.5756833496930249,0.5832001419038109,0.295073687796357,0.4222225091621299,0.14299260811046904,0.1362372929411918,0.708207725383068,-0.12714882136577288,0.4222225091621299,-0.12714882136577288,0.28812645410745386
2023-11-01,6.0313720983273464,0.11114852380625945,0.3122743540517037,-0.044116582106171615,-0.5377546796981586,-4.2627938385850477e-4,-51.521122692506175,4.161681216031193,0.011048057194607778,0.036507010968127834,-0.02529048659544846,9.145586864207999e-4,0.039873896283222215,1.1374929466907038e-4,1.3991127616021297,-1.6218358669518498,0.0019671643962434473,-12.565,0.49790946454690505,0.6219035256838034,0.4165778823303862,0.44129530296918507,0.13554628436570643,0.1702027342377722,0.7123878717005979,-0.024717420638798913,0.44129530296918507,-0.024717420638798913,0.2053256433534172
2023-12-01,4.329136378586361,0.057067727422196055,0.246786734726321,-0.03489375095561946,-0.3020909662400396,-5.785070609717101e-4,-38.5550628682736,0.5562176381716903,0.00927609015719059,0.007304770404757187,-0.022815772340478126,-8.240041763866463e-4,0.07627458343720349,8.710897108973543e-5,4.506222491553981,-1.0435685674778794,0.0010689584355645138,-5.495,0.476622321850823,0.53703685603701,0.4372573472846334,0.4431312738880604,0.1373967137566091,0.16833784637484217,0.7179247014012786,-0.0058739266034270035,0.4431312738880604,-0.0058739266034270035,0.09977950875237662
2024-01-01,3.4098362294804274,0.02624482425366209,0.2031881747498163,-0.03512131173767022,-0.15385485731121734,-7.196788906992711e-4,-28.83766466317305,-5.932379483564701,0.009741924181918502,-0.00819788725449512,-0.013029467212544657,-7.056383094161312e-4,0.0813221259308363,9.037754609005578e-5,4.634917008675397,-0.41765405546038004,8.616893250476636e-4,-25.642,0.4370666467027883,0.529761815004568,0.41027977006678523,0.43237520773965743,0.14134911575821463,0.14967697622322818,0.7150734392560867,-0.02209543767287219,0.43237520773965743,-0.02209543767287219,0.11948204493778275
2024-02-01,3.2778546707166663,0.029862085984095205,0.1917133845685617,-0.03417491941372505,-0.13975179734111412,-6.544158847731255e-4,-28.602599251491707,-8.743445328981757,0.01099479430011582,-0.016997781358605853,-0.0078212812679407,-0.001296612245596007,0.08037183646420562,7.921093162482887e-5,5.503927414864645,-0.20138625329940718,7.7201019051295e-4,-20.462,0.4137452572321588,0.5081732979483158,0.39649872807041375,0.41229560058868975,0.1254617267805619,0.16137214702756597,0.6632190541498135,-0.01579687251827598,0.41229560058868975,-0.01579687251827598,0.11167456987790203
2024-03-01,3.1377228717869743,0.032593468944870245,0.1777235197501179,-0.03423996244498063,-0.12478351406959455,-5.744344315210521e-4,-27.196888242736172,-11.343566032992387,0.012438908946627875,-0.023487390293355098,-0.0015823601027279463,-0.0016351659452390759,0.07292833503275965,7.325572951476944e-5,5.909709427499501,0.038529083863274936,7.000851634190997e-4,-22.56,0.36924581565998926,0.47527208685082456,0.3745253348129353,0.3903192560996702,0.12160197114144046,0.1471153138167893,0.6335231983825511,-0.015793921286734888,0.3903192560996702,-0.015793921286734888,0.10074675203788924
2024-04-01,3.035739768149522,0.04665423159014159,0.1328898697583752,-0.042907610982236256,-0.12246972484509457,-4.900598588592903e-4,-16.98057045186726,-15.485049126078476,0.01733661551095634,-0.004944584880260852,0.0021034067771195926,-0.0022556728710715237,0.04641261171656484,4.058587197285716e-5,6.309089480239235,0.019761770132172462,6.88083850354209e-4,-28.676,0.3780051580321434,0.31467688183335185,0.2473495766195778,0.2670810691123351,0.16821023688865117,-0.06933940466496724,0.6035015428896374,-0.019731492492757297,0.2670810691123351,-0.019731492492757297,0.06732730521377406
2024-05-01,2.61318352086642,0.022593874274000603,0.11045249126830477,-0.031613836049061095,-0.07365969494508434,-8.749983429845053e-5,-23.621064533229077,-13.405374319468285,0.015945835144312165,-0.0047099584914076145,0.005953442626357385,-0.0013271677256347918,0.03191291987700737,2.0728765427818952e-5,5.082225141091763,0.5005954499554502,4.929805708761474e-4,-30.242,0.35537506188476164,0.2600296728097388,0.27724841608065637,0.29215713450509284,0.13542718420318114,0.021302766098730552,0.5630115029114551,-0.014908718424436451,0.29215713450509284,-0.014908718424436451,-0.017218743270917547
2024-06-01,2.4940358321691596,0.04424046856122622,0.10880628989979683,-0.025269066525372398,-0.09144557882598923,1.786608800795289e-4,-27.08729044992543,-4.9376997106817715,0.01606700844963892,-5.143924668026097e-4,0.004959973121921671,-0.0017569148641449523,0.021177043011607624,9.957586321653e-6,4.924704954310076,0.13087949795550838,3.4499456465634983e-4,-15.002,0.3954388337620899,0.4029210436521424,0.2523456592367014,0.25752126769567596,0.11006775404147325,0.03738575961272947,0.4776567757786224,-0.0051756084589745606,0.25752126769567596,-0.0051756084589745606,0.150575384415441
2024-07-01,2.9323491838950364,0.13007577101786721,0.12162564797119083,-0.025058900628991358,-0.19848657751518128,4.1738520373518263e-4,-30.72485018409525,2.9509594593752198,0.017243858132558427,0.0159932465619911,5.176514475600857e-4,-0.002294013945763898,-0.0078058309279724096,1.4913488612109616e-5,5.208568600456153,-0.590588687510246,4.950489627035192e-4,-34.241,0.3690083634542154,0.3773367347691097,0.19390283105292444,0.21085380258485564,0.1011423077647797,0.008569187055296246,0.41313841811441504,-0.016950971531931203,0.21085380258485564,-0.016950971531931203,0.1834339037161853
2024-08-01,1.9767292510368335,0.11379542070804084,0.10309568632148555,-0.011801754915332186,-0.06098841296533638,5.054709111411323e-4,-34.53289829603332,9.666176750532777,0.014710754475062333,0.007693393919283861,-0.004519079870804173,-0.0014162014320386735,0.0038366869720568146,1.5606455699350433e-5,4.658521480257269,-0.47292082067104924,1.7619073838225443e-4,-18.044,0.391445210196832,0.43261867367308526,0.20496597143901463,0.20814515712238402,0.07084983506840775,0.06644548698556851,0.3498448272591995,-0.003179185683369399,0.20814515712238402,-0.003179185683369399,0.22765270223407064
2024-09-01,1.8576403645674915,0.1404573312058884,0.10496441689080224,-0.00859916758676751,-0.058759755083810504,5.769092211117954e-4,-36.06777092977543,12.458636487319346,0.014241731742902306,0.009514325122356724,-0.006527227885215374,-0.0011046951260890426,-0.0027968404411951244,2.288726646156051e-5,4.416607857709892,-0.5606462358192189,1.828680895707321e-4,-22.017,0.3718509653252563,0.40978915158076823,0.1975504947941637,0.2015767015222425,0.06757479385615509,0.06642711380993233,0.33672628923455267,-0.004026206728078809,0.2015767015222425,-0.004026206728078809,0.21223865678660453
2024-10-01,2.2498833013207564,0.15529800534805624,0.13083946000537688,-0.008963810546332381,-0.12321277066542623,5.795036304456815e-4,-39.687695864391856,13.542093127843538,0.014250111982515069,0.013503377736371287,-0.0055487601622387075,-8.320527594801866e-4,-0.010816315389469786,3.333662949093649e-5,3.935168722630235,-0.646277817065143,3.2322070609679305e-4,-41.491,0.3371124202932704,0.38423748203159397,0.12471934608852699,0.13813009640518903,0.07628803175835729,-0.014445967111525543,0.29070615992190363,-0.013410750316662041,0.13813009640518903,-0.013410750316662041,0.259518135943067
2024-11-01,2.262348396462032,0.15539720867466025,0.13687970037351352,-0.00858902314120802,-0.13131260142877893,5.425763269465652e-4,-39.728615310434996,13.63111185494585,0.014741722411452038,0.014826043366852854,-0.00618652268095814,-7.823801455390544e-4,-0.010917505698598989,3.556435989274198e-5,3.8877403580607575,-0.640982987559715,2.971761059956229e-4,-29.578,0.3397968809918232,0.36656569545206186,0.13406048380405133,0.14285035866718987,0.07692394886910088,-0.010997539071011891,0.2966982564053916,-0.008789874863138534,0.14285035866718987,-0.008789874863138534,0.23250521164801052
2024-12-01,2.25328712317779,0.15729067956096135,0.13696904317271844,-0.008553234998324485,-0.13252576770154575,5.515593252947618e-4,-39.64741127397587,13.584791464314664,0.015038015698577293,0.014780476656962832,-0.0058690193903723825,-7.544988253778194e-4,-0.011393974727938676,3.4715485297715786e-5,3.841288095285842,-0.6376231986299801,3.0766472086608875e-4,-23.361,0.3258770828908862,0.32004962482122246,0.12863558120548038,0.13582293674963308,0.07205002630232843,-0.008277115855023776,0.27992298935428994,-0.0071873555441527,0.13582293674963308,-0.0071873555441527,0.19141404361574207
2025-01-01,2.373916934234154,0.15466981697265572,0.13400531565017237,-0.009491109582676042,-0.13449757484608266,5.36709252959861e-4,-41.683223261968266,13.571810356576016,0.015330348339517354,0.013937660646655855,-0.004746596918287724,-7.526797680682912e-4,-0.01253810642430445,3.6851145821198354e-5,3.893411646018152,-0.6480746485122253,3.3244317812958864e-4,-26.415,0.33022252725299306,0.3140955682873729,0.11710828375577066,0.12588977030606374,0.0695825181978973,-0.01327526608973087,0.2650548067018583,-0.008781486550293083,0.12588977030606374,-0.008781486550293083,0.19698728453160225
2025-02-01,3.0021785104246255,0.12012978235184528,0.1184439941055297,-0.01406672648814949,-0.13162349549545685,3.4678736462550247e-4,-52.34845414483786,10.968572440001187,0.01576610473736584,0.009276741598604568,4.375766399270347e-5,-8.925682563183739e-4,-0.012906070006414859,4.054763026179893e-5,4.302281565588108,-0.5506933806050198,3.40462147036612e-4,-45.084,0.3261862426582198,0.2961010028449175,0.07278640556314611,0.08813580100014473,0.06138030493891451,-0.03462480887768429,0.21089641087797376,-0.015349395436998616,0.08813580100014473,-0.015349395436998616,0.22331459728177142
2025-03-01,3.576790858624259,0.08118363151903903,0.15126876566339653,-0.018828636102930094,-0.18518037339830637,1.5642768456509788e-4,-55.734001071445704,10.103399999760272,0.016572526215010833,-2.737794545127003e-4,-0.005655310430012378,-0.0018865813737147488,-0.02282210875966796,-1.3684511186662468e-5,-1.134654646676515,-1.8902758105966297,4.376155374097246e-4,-58.47,0.32610446005653954,0.37130918960085924,0.03789324014121148,0.06348062061355808,0.06381940912021414,-0.0641581976268702,0.19111943885398636,-0.025587380472346596,0.06348062061355808,-0.025587380472346596,0.33341594945964775
2025-04-01,3.344728899923655,0.06474857810603421,0.16391733896952662,-0.01010197725486581,-0.1969112667813753,4.455315370653879e-5,-56.11324022655639,8.957902278782457,0.01562668207580309,-6.906470865756765e-4,-0.00678252389243411,-0.0016836962545222567,-0.023241223793086383,-3.867505561974526e-5,-3.850004726413417,-0.8103534943833539,-1.0495399971950256e-4,-44.831,0.3349148160163607,0.3571852119568023,0.044027127553478276,0.03932193479205326,0.08431642861465014,-0.129310922437247,0.20795479202135353,0.00470519276142502,0.03932193479205326,0.00470519276142502,0.31315808440332404
2025-05-01,2.6547609112188537,-0.005683269794024278,0.1730509066647566,0.005991481239162628,-0.1553147721793052,-4.480341676466055e-5,-56.694215133035975,9.254770986635144,0.014163620895491877,-0.007897069984235495,-0.00265465665083924,-0.0011320927826581188,-0.015954642148907544,-2.938242870399264e-5,-4.361183464794657,-0.32246637842973863,-0.0010570961935355433,-33.985,0.2915348974097233,0.35313624486846684,0.04671841961084534,0.010793005473539896,0.060753431920264646,-0.1107138583669894,0.13229986931406917,0.03592541413730544,0.010793005473539896,0.03592541413730544,0.3064178252576215
2025-06-01,2.994957481625273,-0.009910020513302356,0.19174877957578224,0.0028119865393601445,-0.19606508200750342,3.911128029534283e-5,-58.07023259497125,7.404771459285383,0.013848610712132062,-0.00628062277115773,-0.0052318424494376455,-0.001152238316638655,-0.012711747840856557,-3.466797736991402e-5,-6.261575758412567,2.1839804710520685,-7.83052551485926e-4,-34.056,0.27415577466450636,0.35369945468439745,0.07131365353785907,0.04464601584445438,0.05578628110164698,-0.06692654635883959,0.15621857804774836,0.026667637693404692,0.04464601584445438,0.026667637693404692,0.2823858011465384
2025-07-01,3.030970617346308,-0.022646012024680744,0.19100277080291478,0.001466446007372991,-0.190906192288604,-1.094389455299534e-4,-57.38263987923281,5.295180479607948,0.014294767085090943,-0.0060899569693136394,-0.004867099036482521,-0.0011241459878463052,-0.010569876768782845,-2.704505067011506e-5,-6.365237904304176,2.362931915049412,-8.608000819576376e-4,-41.549,0.26016784654036307,0.3315398600555846,0.057538256126805326,0.021772873521547442,0.06896769774276588,-0.11616252196398433,0.1597082690070792,0.035765382605257884,0.021772873521547442,0.035765382605257884,0.27400160392877926
2025-08-01,2.9425625792081864,-0.005507496515741431,0.1768496529096092,-8.662357931003594e-4,-0.1784547796935689,-1.2598259224971454e-4,-53.375818686863845,-9.591029972791226,0.01376130525057624,-0.004713478613386054,-0.0100494164654528,-0.0010095078729559493,-0.007444594563918166,-2.6888922155402512e-5,-6.260632628501647,0.9266371701958043,-7.050219887258719e-4,-22.188,0.25383690951404597,0.302266682326876,0.06790039534268572,0.05225736745683607,0.05817082941395222,-0.06408429137106837,0.1685990262847405,0.015643027885849644,0.05225736745683607,0.015643027885849644,0.23436628698419026
2025-09-01,2.441558769203594,-0.01754076467068095,0.1608805384588085,0.008938548835938562,-0.10501652109448219,-1.5769143103707114e-4,-57.64044410320184,-5.809048732041803,0.011755159329206052,-0.005952758085395948,-0.01225483899649854,-9.062708005710537e-4,0.003369799483725451,-3.247944858817475e-5,-7.849415237168058,1.944424145359853,-0.0012309844791290566,-21.106,0.27037744616292436,0.28247125715765575,0.11567099405430073,0.08968983563780286,0.05722946875679051,-0.02476910187577816,0.20414877315138388,0.02598115841649787,0.08968983563780286,0.02598115841649787,0.16680026310335502
