date,alpha,beta_gdp_growth_stdev,beta_inflation_stdev,beta_debt_gdp_stdev,beta_current_account_stdev,beta_policy_uncertainty_stdev,beta_bank_nexus_stdev,beta_bid_ask_stdev,gamma,lambda_gdp_growth_stdev,lambda_inflation_stdev,lambda_debt_gdp_stdev,lambda_current_account_stdev,lambda_policy_uncertainty_stdev,lambda_bank_nexus_stdev,lambda_bid_ask_stdev,delta,P_t_bn,MS_actual,MS_fitted,MS_tilde,MS_tilde_nopurch,MS_tilde_se,purchase_effect,fundamental_component,purchase_component,sentiment_component,non_fundamental_component
2005-09-01,NA,NA,NA,NA,NA,NA,NA,NA,NA,NA,NA,NA,NA,NA,NA,NA,NA,0,NA,NA,NA,NA,NA,NA,NA,NA,NA,NA
2005-10-01,NA,NA,NA,NA,NA,NA,NA,NA,NA,NA,NA,NA,NA,NA,NA,NA,NA,0,NA,NA,NA,NA,NA,NA,NA,NA,NA,NA
2005-11-01,NA,NA,NA,NA,NA,NA,NA,NA,NA,NA,NA,NA,NA,NA,NA,NA,NA,0,NA,NA,NA,NA,NA,NA,NA,NA,NA,NA
2005-12-01,NA,NA,NA,NA,NA,NA,NA,NA,NA,NA,NA,NA,NA,NA,NA,NA,NA,0,NA,NA,NA,NA,NA,NA,NA,NA,NA,NA
2006-01-01,NA,NA,NA,NA,NA,NA,NA,NA,NA,NA,NA,NA,NA,NA,NA,NA,NA,0,NA,NA,NA,NA,NA,NA,NA,NA,NA,NA
2006-02-01,NA,NA,NA,NA,NA,NA,NA,NA,NA,NA,NA,NA,NA,NA,NA,NA,NA,0,NA,NA,NA,NA,NA,NA,NA,NA,NA,NA
2006-03-01,NA,NA,NA,NA,NA,NA,NA,NA,NA,NA,NA,NA,NA,NA,NA,NA,NA,0,NA,NA,NA,NA,NA,NA,NA,NA,NA,NA
2006-04-01,NA,NA,NA,NA,NA,NA,NA,NA,NA,NA,NA,NA,NA,NA,NA,NA,NA,0,NA,NA,NA,NA,NA,NA,NA,NA,NA,NA
2006-05-01,NA,NA,NA,NA,NA,NA,NA,NA,NA,NA,NA,NA,NA,NA,NA,NA,NA,0,NA,NA,NA,NA,NA,NA,NA,NA,NA,NA
2006-06-01,NA,NA,NA,NA,NA,NA,NA,NA,NA,NA,NA,NA,NA,NA,NA,NA,NA,0,NA,NA,NA,NA,NA,NA,NA,NA,NA,NA
2006-07-01,NA,NA,NA,NA,NA,NA,NA,NA,NA,NA,NA,NA,NA,NA,NA,NA,NA,0,NA,NA,NA,NA,NA,NA,NA,NA,NA,NA
2006-08-01,NA,NA,NA,NA,NA,NA,NA,NA,NA,NA,NA,NA,NA,NA,NA,NA,NA,0,NA,NA,NA,NA,NA,NA,NA,NA,NA,NA
2006-09-01,NA,NA,NA,NA,NA,NA,NA,NA,NA,NA,NA,NA,NA,NA,NA,NA,NA,0,NA,NA,NA,NA,NA,NA,NA,NA,NA,NA
2006-10-01,NA,NA,NA,NA,NA,NA,NA,NA,NA,NA,NA,NA,NA,NA,NA,NA,NA,0,NA,NA,NA,NA,NA,NA,NA,NA,NA,NA
2006-11-01,NA,NA,NA,NA,NA,NA,NA,NA,NA,NA,NA,NA,NA,NA,NA,NA,NA,0,NA,NA,NA,NA,NA,NA,NA,NA,NA,NA
2006-12-01,NA,NA,NA,NA,NA,NA,NA,NA,NA,NA,NA,NA,NA,NA,NA,NA,NA,0,NA,NA,NA,NA,NA,NA,NA,NA,NA,NA
2007-01-01,NA,NA,NA,NA,NA,NA,NA,NA,NA,NA,NA,NA,NA,NA,NA,NA,NA,0,NA,NA,NA,NA,NA,NA,NA,NA,NA,NA
2007-02-01,NA,NA,NA,NA,NA,NA,NA,NA,NA,NA,NA,NA,NA,NA,NA,NA,NA,0,NA,NA,NA,NA,NA,NA,NA,NA,NA,NA
2007-03-01,NA,NA,NA,NA,NA,NA,NA,NA,NA,NA,NA,NA,NA,NA,NA,NA,NA,0,NA,NA,NA,NA,NA,NA,NA,NA,NA,NA
2007-04-01,NA,NA,NA,NA,NA,NA,NA,NA,NA,NA,NA,NA,NA,NA,NA,NA,NA,0,NA,NA,NA,NA,NA,NA,NA,NA,NA,NA
2007-05-01,NA,NA,NA,NA,NA,NA,NA,NA,NA,NA,NA,NA,NA,NA,NA,NA,NA,0,NA,NA,NA,NA,NA,NA,NA,NA,NA,NA
2007-06-01,NA,NA,NA,NA,NA,NA,NA,NA,NA,NA,NA,NA,NA,NA,NA,NA,NA,0,NA,NA,NA,NA,NA,NA,NA,NA,NA,NA
2007-07-01,NA,NA,NA,NA,NA,NA,NA,NA,NA,NA,NA,NA,NA,NA,NA,NA,NA,0,NA,NA,NA,NA,NA,NA,NA,NA,NA,NA
2007-08-01,NA,NA,NA,NA,NA,NA,NA,NA,NA,NA,NA,NA,NA,NA,NA,NA,NA,0,NA,NA,NA,NA,NA,NA,NA,NA,NA,NA
2007-09-01,NA,NA,NA,NA,NA,NA,NA,NA,NA,NA,NA,NA,NA,NA,NA,NA,NA,0,NA,NA,NA,NA,NA,NA,NA,NA,NA,NA
2007-10-01,NA,NA,NA,NA,NA,NA,NA,NA,NA,NA,NA,NA,NA,NA,NA,NA,NA,0,NA,NA,NA,NA,NA,NA,NA,NA,NA,NA
2007-11-01,NA,NA,NA,NA,NA,NA,NA,NA,NA,NA,NA,NA,NA,NA,NA,NA,NA,0,NA,NA,NA,NA,NA,NA,NA,NA,NA,NA
2007-12-01,NA,NA,NA,NA,NA,NA,NA,NA,NA,NA,NA,NA,NA,NA,NA,NA,NA,0,NA,NA,NA,NA,NA,NA,NA,NA,NA,NA
2008-01-01,NA,NA,NA,NA,NA,NA,NA,NA,NA,NA,NA,NA,NA,NA,NA,NA,NA,0,NA,NA,NA,NA,NA,NA,NA,NA,NA,NA
2008-02-01,NA,NA,NA,NA,NA,NA,NA,NA,NA,NA,NA,NA,NA,NA,NA,NA,NA,0,NA,NA,NA,NA,NA,NA,NA,NA,NA,NA
2008-03-01,NA,NA,NA,NA,NA,NA,NA,NA,NA,NA,NA,NA,NA,NA,NA,NA,NA,0,NA,NA,NA,NA,NA,NA,NA,NA,NA,NA
2008-04-01,NA,NA,NA,NA,NA,NA,NA,NA,NA,NA,NA,NA,NA,NA,NA,NA,NA,0,NA,NA,NA,NA,NA,NA,NA,NA,NA,NA
2008-05-01,NA,NA,NA,NA,NA,NA,NA,NA,NA,NA,NA,NA,NA,NA,NA,NA,NA,0,NA,NA,NA,NA,NA,NA,NA,NA,NA,NA
2008-06-01,NA,NA,NA,NA,NA,NA,NA,NA,NA,NA,NA,NA,NA,NA,NA,NA,NA,0,NA,NA,NA,NA,NA,NA,NA,NA,NA,NA
2008-07-01,NA,NA,NA,NA,NA,NA,NA,NA,NA,NA,NA,NA,NA,NA,NA,NA,NA,0,NA,NA,NA,NA,NA,NA,NA,NA,NA,NA
2008-08-01,NA,NA,NA,NA,NA,NA,NA,NA,NA,NA,NA,NA,NA,NA,NA,NA,NA,0,NA,NA,NA,NA,NA,NA,NA,NA,NA,NA
2008-09-01,NA,NA,NA,NA,NA,NA,NA,NA,NA,NA,NA,NA,NA,NA,NA,NA,NA,0,NA,NA,NA,NA,NA,NA,NA,NA,NA,NA
2008-10-01,NA,NA,NA,NA,NA,NA,NA,NA,NA,NA,NA,NA,NA,NA,NA,NA,NA,0,NA,NA,NA,NA,NA,NA,NA,NA,NA,NA
2008-11-01,NA,NA,NA,NA,NA,NA,NA,NA,NA,NA,NA,NA,NA,NA,NA,NA,NA,0,NA,NA,NA,NA,NA,NA,NA,NA,NA,NA
2008-12-01,NA,NA,NA,NA,NA,NA,NA,NA,NA,NA,NA,NA,NA,NA,NA,NA,NA,0,NA,NA,NA,NA,NA,NA,NA,NA,NA,NA
2009-01-01,NA,NA,NA,NA,NA,NA,NA,NA,NA,NA,NA,NA,NA,NA,NA,NA,NA,0,NA,NA,NA,NA,NA,NA,NA,NA,NA,NA
2009-02-01,NA,NA,NA,NA,NA,NA,NA,NA,NA,NA,NA,NA,NA,NA,NA,NA,NA,0,NA,NA,NA,NA,NA,NA,NA,NA,NA,NA
2009-03-01,NA,NA,NA,NA,NA,NA,NA,NA,NA,NA,NA,NA,NA,NA,NA,NA,NA,0,NA,NA,NA,NA,NA,NA,NA,NA,NA,NA
2009-04-01,NA,NA,NA,NA,NA,NA,NA,NA,NA,NA,NA,NA,NA,NA,NA,NA,NA,0,NA,NA,NA,NA,NA,NA,NA,NA,NA,NA
2009-05-01,NA,NA,NA,NA,NA,NA,NA,NA,NA,NA,NA,NA,NA,NA,NA,NA,NA,0,NA,NA,NA,NA,NA,NA,NA,NA,NA,NA
2009-06-01,NA,NA,NA,NA,NA,NA,NA,NA,NA,NA,NA,NA,NA,NA,NA,NA,NA,0,NA,NA,NA,NA,NA,NA,NA,NA,NA,NA
2009-07-01,NA,NA,NA,NA,NA,NA,NA,NA,NA,NA,NA,NA,NA,NA,NA,NA,NA,0,NA,NA,NA,NA,NA,NA,NA,NA,NA,NA
2009-08-01,NA,NA,NA,NA,NA,NA,NA,NA,NA,NA,NA,NA,NA,NA,NA,NA,NA,0,NA,NA,NA,NA,NA,NA,NA,NA,NA,NA
2009-09-01,NA,NA,NA,NA,NA,NA,NA,NA,NA,NA,NA,NA,NA,NA,NA,NA,NA,0,NA,NA,NA,NA,NA,NA,NA,NA,NA,NA
2009-10-01,NA,NA,NA,NA,NA,NA,NA,NA,NA,NA,NA,NA,NA,NA,NA,NA,NA,0,NA,NA,NA,NA,NA,NA,NA,NA,NA,NA
2009-11-01,NA,NA,NA,NA,NA,NA,NA,NA,NA,NA,NA,NA,NA,NA,NA,NA,NA,0,NA,NA,NA,NA,NA,NA,NA,NA,NA,NA
2009-12-01,NA,NA,NA,NA,NA,NA,NA,NA,NA,NA,NA,NA,NA,NA,NA,NA,NA,0,NA,NA,NA,NA,NA,NA,NA,NA,NA,NA
2010-01-01,NA,NA,NA,NA,NA,NA,NA,NA,NA,NA,NA,NA,NA,NA,NA,NA,NA,0,NA,NA,NA,NA,NA,NA,NA,NA,NA,NA
2010-02-01,NA,NA,NA,NA,NA,NA,NA,NA,NA,NA,NA,NA,NA,NA,NA,NA,NA,0,NA,NA,NA,NA,NA,NA,NA,NA,NA,NA
2010-03-01,NA,NA,NA,NA,NA,NA,NA,NA,NA,NA,NA,NA,NA,NA,NA,NA,NA,0,NA,NA,NA,NA,NA,NA,NA,NA,NA,NA
2010-04-01,NA,NA,NA,NA,NA,NA,NA,NA,NA,NA,NA,NA,NA,NA,NA,NA,NA,0,NA,NA,NA,NA,NA,NA,NA,NA,NA,NA
2010-05-01,NA,NA,NA,NA,NA,NA,NA,NA,NA,NA,NA,NA,NA,NA,NA,NA,NA,0,NA,NA,NA,NA,NA,NA,NA,NA,NA,NA
2010-06-01,NA,NA,NA,NA,NA,NA,NA,NA,NA,NA,NA,NA,NA,NA,NA,NA,NA,35.5,NA,NA,NA,NA,NA,NA,NA,NA,NA,NA
2010-07-01,NA,NA,NA,NA,NA,NA,NA,NA,NA,NA,NA,NA,NA,NA,NA,NA,NA,19.8,NA,NA,NA,NA,NA,NA,NA,NA,NA,NA
2010-08-01,4.138307835590502,-0.3590475164612642,1.081925198566049,-0.20921092215105677,-0.04511214768957379,0.0029393253396905353,21.337512892663792,147.6352112216475,0.01682059587503442,0.013438095088355797,0.12838004498725805,0.008602524698538484,-0.012693042546135354,-5.060705624107223e-4,-3.9924904849070852,13.79615697583445,-0.02253365575489631,5.0555,2.468057402231167,2.263110850642997,1.0966161267260923,1.2105350233949705,0.39009848814517534,-0.11391889666887829,1.2105350233949705,-0.11391889666887829,1.1664947239169048,1.2575223788361964
2010-09-01,4.165754948425193,-0.2572344334414697,0.9820166884555663,-0.15793135952664192,-0.19156814976087175,0.006075765097211401,6.33464789254313,189.9762729944722,0.006678912094383704,0.039571390870120134,0.1719752180810568,0.004466850740949815,0.008580286899845942,-6.256457004835112e-4,-3.3389668542663986,13.283196591713715,-0.02870713740033629,0.499,2.7061410535856094,2.43745334523304,2.026358334139137,2.040683195701905,0.3475887857973101,-0.014324861562767808,2.040683195701905,-0.014324861562767808,0.4110950110939031,0.6654578578837045
2010-10-01,2.4437185708942817,0.5966595227366258,1.119951658650685,-0.04445514019805918,-0.33427792193497013,0.009588279537238013,-37.1525500837828,182.89219714602567,0.0028676949633004126,0.037315156543951775,0.21930912195420338,0.0022154052158473176,0.0387536293933939,-8.071509428209405e-4,0.6738080429241599,13.795033118325618,-0.02954987594539034,0.867,2.298309483342802,1.8788952950759663,1.7747312030898905,1.800350945534544,0.28295879199623364,-0.025619742444653423,1.800350945534544,-0.025619742444653423,0.10416409198607579,0.49795853780825805
2010-11-01,1.2053543387889436,1.0373006149901036,1.073024770174251,0.047656539392742815,-0.45709571369657825,0.008669638487824326,-64.38744901562238,172.764772683693,0.005090238860025122,0.0407805505979406,0.2357833382519694,0.002194654402299744,0.05462050559910387,-7.864795501478114e-4,3.3995619582422942,17.20117338596718,-0.033640400155020476,1.5784999999999765,2.8724233507771983,2.32279584175325,2.008573035980873,2.061674407625572,0.32481531853527107,-0.05310137164469903,2.061674407625572,-0.05310137164469903,0.3142228057723768,0.8107489431516264
2010-12-01,0.5701889583954531,1.2039950998401183,0.9497102591283192,0.11558861913071239,-0.5533424828878294,0.009539818887805498,-80.60431813642982,184.7677249562287,-0.003483921499062007,0.027582081283714113,0.23667166199054998,-0.004182998402152868,0.06336309834198017,-7.008521805719133e-4,5.05477737406622,11.54410036771409,-0.023897652579415476,3.9000000000000052,2.868929669204733,2.4558389367796685,2.529671962819839,2.6228728078795593,0.30789762748797883,-0.09320084505972048,2.6228728078795593,-0.09320084505972048,-0.0738330260401705,0.24605686132517368
2011-01-01,-0.23378729870779763,1.3477501781334522,0.7652456224332416,0.2085166460703094,-0.6887160578854986,0.005144310381732128,-101.90213248854687,196.1343115807162,-0.006749470410017622,0.010098984595238709,0.2418751170082697,-0.010842321705579002,0.07069377865289145,-4.297303901232822e-4,7.408539500398462,5.961864293605803,-0.015910564738738663,6.299999999999997,2.8170190493624365,2.39838081568808,2.546961266524118,2.6471978243781713,0.30406201357337426,-0.10023655785405353,2.6471978243781713,-0.10023655785405353,-0.14858045083603777,0.16982122498426522
2011-02-01,-0.5255700733276708,1.3335009537244746,0.7655799067321993,0.24619316172482805,-0.7462893215772601,0.004225014293893896,-109.24713007341413,189.48631933910846,-0.009249473403509574,0.009365806973310166,0.2385877583571322,-0.012776963583103488,0.0727557955500807,-3.7869673949021774e-4,8.091016221021944,5.880747266258166,-0.015368434343222716,3.0000000000000004,2.7989637952774906,2.5424955273546503,2.7059237364669753,2.7520290394966436,0.29408494423338677,-0.04610530302966816,2.7520290394966436,-0.04610530302966816,-0.16342820911232492,0.04693475578084705
2011-03-01,-0.9877259713032243,0.7038579922853945,1.9878098122926713,0.2874376918984892,-0.8223031949669921,0.0031916623845452347,-113.57374979392175,156.58072665362786,-0.008083721730523566,0.041336243278942836,0.06775207859367213,-0.012877057877626446,0.06922450216187172,-5.130261155029478e-5,9.825155762208025,7.517272977369812,-0.01270939733774746,1,3.1688456225057675,2.955282781825339,3.3213395181620835,3.334048915499831,0.34161282809558496,-0.01270939733774746,3.334048915499831,-0.01270939733774746,-0.3660567363367444,-0.16520329299406367
2011-04-01,-0.9866706552378872,0.8303390919492506,1.8917201062358253,0.29092002888867435,-0.8142937958869665,0.0020922883397526647,-119.4147429010981,176.79944328195634,-0.01136494904734338,0.027822235662449464,0.07738905232880065,-0.014245646601549571,0.07082543131474234,2.2617794400270118e-5,10.801065336714395,3.2353859858008303,-0.009739245078136187,-0.7999999999999972,3.534361252249997,3.450298590056554,3.5597455640701376,3.5519541680076285,0.2793714828833696,0.007791396062508922,3.5519541680076285,0.007791396062508922,-0.10944697401358372,-0.017592915757631555
2011-05-01,-1.4373444382950402,0.9071754313585502,1.7310070180501151,0.33359941985322356,-0.8673700630571578,-6.173780300018779e-4,-128.59920909332436,170.7862773136104,-0.009272665150321035,0.024425746036918335,0.09245178778231011,-0.015207265797892208,0.07149708701664144,8.985026751811068e-5,11.336334504529246,4.9486671716501744,-0.013283869464483643,-0.6000000000000085,4.238791355211685,3.728268780134039,3.917223285922821,3.9092529642441307,0.3064155165770256,0.007970321678690299,3.9092529642441307,0.007970321678690299,-0.1889545057887818,0.3295383909675542
2011-06-01,-2.592525349955491,0.9108896658963376,1.4367362747692356,0.34716994374882437,-0.8309768937324881,-0.0010416369766648908,-104.79376239345714,151.8864593312623,0.004929332283397,0.033243225383195824,0.08488207984868995,-0.00908960439054666,0.07341228626626804,6.691771113532795e-5,12.617923200159664,8.565345950666632,-0.016342192511128745,-1.1999999999999886,4.578855779522412,4.134842321573206,4.060828274465833,4.0412176434524785,0.3497360834646141,0.019610631013354307,4.0412176434524785,0.019610631013354307,0.07401404710737314,0.5376381360699334
2011-07-01,-3.3642801636188655,0.7995796768674498,1.2987937783470336,0.3373975720734422,-0.7515755502225628,-0.0013040487835526858,-74.5263526878497,171.09193192982983,0.006689167581531005,0.030133988227056117,0.07366935599141697,-0.007899790102142083,0.07107685833661302,9.415533964147977e-5,12.928661719655624,3.414523809634919,-0.011955341925769084,-1,4.646314873768493,4.504849793630318,4.425255701934549,4.41330036000878,0.37649294879908707,0.011955341925769084,4.41330036000878,0.011955341925769084,0.07959409169576936,0.23301451375971372
2011-08-01,-3.9048759230141026,0.7870612229428039,0.9763286548212551,0.3137387856767705,-0.667730637872461,8.250190304954111e-4,-43.51449366426099,175.77641479771944,0.00949453557186453,0.03157952354377614,0.08723328229213599,-0.004625529315635724,0.06973839849022959,-5.1206117169237716e-5,12.299865634393893,2.668608160441354,-0.010861940509895867,0.09999999999999432,4.512897793251792,4.484311233265959,4.685471009030524,4.686557203081513,0.2828484574647321,-0.001086194050989525,4.686557203081513,-0.001086194050989525,-0.20115977576456423,-0.17365940982972106
2011-09-01,-3.9356621300633843,0.752344316736125,0.8227270646740101,0.30812791802122647,-0.6556886764571643,0.0017677071169727265,-32.59258068976368,171.058715082758,0.007542447428808515,0.036384013206810735,0.09858981110809023,-0.004210042673041701,0.06998777404357025,-1.0740347337691521e-4,11.688086147307784,3.734302305236457,-0.010420093798608233,41.599999999999994,5.026119449530158,5.003472980555125,5.332388101526728,5.765864003548831,0.3317481781280219,-0.43347590202210246,5.765864003548831,-0.43347590202210246,-0.3289151209716037,-0.7397445540186727
2011-10-01,-4.320738473213853,0.6912644594158035,0.8865792491714793,0.30226828646442405,-0.6121069758763056,0.001303085621758654,-19.79540049657588,182.6513271925573,0.007118918384328519,-5.934058782392212e-4,0.07068347100197356,-0.004692270360602864,0.05847590815342938,4.455720750028302e-5,11.876970376127776,-0.40348988457476664,-0.01038180981819562,40.900000000000006,5.011208223180705,5.348456112295759,6.309307185281307,6.733923206845508,0.38364385319895977,-0.4246160215642009,6.733923206845508,-0.4246160215642009,-0.9608510729855482,-1.7227149836648028
2011-11-01,-4.40932574545358,0.6699248834649544,0.8688738503140927,0.3006089209021377,-0.5990310250472576,0.0016456856103386462,-14.27887530859282,180.0555695160462,0.005094974566349457,-0.0011902513074631927,0.07106028654027656,-0.004638563078045694,0.05664227019899231,1.256661439360764e-5,11.408259324051881,-0.02367435827975882,-0.010550161474433,17,4.972237694623266,4.994252047022747,5.965296479368412,6.144649224433773,0.3597189605502298,-0.179352745065361,6.144649224433773,-0.179352745065361,-0.9710444323456651,-1.172411529810507
2011-12-01,-4.93040763960137,0.5345394495290983,0.8895836852288539,0.3088457596037832,-0.5610943309525905,9.422204756304009e-4,0.020764719105211462,196.24062271052222,-1.1937265570519338e-4,-0.009899074860919713,2.2455975508425165e-4,-0.005774481880312943,0.049853186859074874,2.7380945886891625e-4,12.052904808815281,-6.646818959782703,0.003817852539463897,29.80000000000001,5.849094385673654,5.289789961233849,6.1203192306003835,6.006547224924359,0.3736469080490694,0.11377200567602418,6.006547224924359,0.11377200567602418,-0.8305292693665347,-0.15745283925070552
2012-01-01,-3.840624499474628,0.9156858729700572,0.6161841481898368,0.34103884870241996,-0.7029513611447943,-0.0011738412565268767,-52.05814736642087,216.6190359269571,-0.0048734609653030446,-0.02656712333262466,0.025929941556648285,-0.00748163288444208,0.04703017735098607,3.6540805284053784e-4,10.95240335319894,1.7298039129179141,-0.01101189204589398,8.599999999999994,7.130752412371188,6.272833092667305,6.813948064654455,6.908650336249143,0.4976393072606592,-0.09470227159468816,6.908650336249143,-0.09470227159468816,-0.5411149719871498,0.22210207612204513
2012-02-01,-2.6679208953655826,1.0444901764601366,-0.28361011198774794,0.33610554579587415,-0.7658550176251525,-0.0020060641529937103,-57.14860652181823,309.17351630409166,-0.02127595388102189,-0.035943961882070725,0.035300743017110774,-0.00769905011660203,0.0586983752001994,7.406372639988875e-4,13.722733942347322,-7.6870396906191045,-0.0033145904787301723,7.1999999999999895,8.032954497061638,6.729642969270732,7.56046830857109,7.584333360017947,0.55666928477625,-0.023865051446857206,7.584333360017947,-0.023865051446857206,-0.8308253393003575,0.4486211370436912
2012-03-01,-6.195964541158157,0.647460206290657,0.32975204125598595,0.3474403213361275,-0.5949403502268366,0.003989505771776692,27.629402878871993,122.977563323576,0.007482186067288098,-0.04138740214251691,0.008448354714711608,-0.008950395737642163,0.011542619258998552,-9.5567883960555e-5,1.5182889806618896,18.386886149513916,-0.020934713028292033,0.200000000000017,5.281086287997114,6.246295079575128,6.032600451401835,6.0367873940074945,0.6711187191826818,-0.004186942605658763,6.0367873940074945,-0.004186942605658763,0.21369462817329232,-0.7557011060103802
2012-04-01,-6.704003115282288,0.03587049862828572,0.39102890063305656,0.35097889114572683,-0.5437593076439549,0.004315444569329387,73.8078386306661,123.74641674725727,-0.008249128633728427,-0.043596529724324505,-0.100969202467925,-0.009907141311396273,0.014926390867397,2.45960994231378e-4,6.113021984950415,-1.8732818153276078,0.014738869035770166,-5.100000000000023,5.852109864704868,6.356433694253738,7.294984485864042,7.37015271794647,1.11826764353411,-0.07516823208242818,7.37015271794647,-0.07516823208242818,-0.9385507916103037,-1.5180428532416022
2012-05-01,-6.954236026156096,0.04882101591620242,0.11646704793044196,0.35172318597212826,-0.5469764111782949,0.004811228845093818,84.28290115226524,101.61038669586785,4.5062396545845357e-4,-0.042849034396309535,-0.060922568468136006,-0.00991811537011544,0.00923524543016155,4.628235779949472e-5,3.3392258375601993,5.338207663877465,0.006756585370834522,0,7.383640136891899,7.151710285957994,7.002051429356559,7.002051429356559,1.0231008485109856,0,7.002051429356559,0,0.14965885660143474,0.38158870753534035
2012-06-01,-6.116861583495018,-0.15034783012679218,0.9153215547364064,0.40634717434554396,-0.7496836098880338,0.004660457268760349,24.846166848604216,68.61545785798998,0.005154496960190884,-0.042510099985854255,-0.11027009227681984,-0.012925604307051185,0.006409554310403664,1.880020888449651e-4,4.469770420275667,8.541165676367694,0.001719048410781368,-2.0999999999999948,7.6408606242078925,6.6392395681779846,6.600148216346873,6.603758218009514,0.933630950949108,-0.003610001662640864,6.603758218009514,-0.003610001662640864,0.03909135183111179,1.037102406198379
2012-07-01,-4.868270309117799,-0.20052293216488887,1.6843032379166445,0.45261902201835313,-0.9448501161171786,0.0023574580472035048,-40.60876798650232,51.27157434706881,8.302981192861172e-4,-0.04034654392824185,-0.15775659317679688,-0.015398349088454338,0.015346481178776475,3.5331649487156593e-4,8.064551832457585,8.50865616886516,0.0020949345243063628,-0.799999999999983,7.125071744249346,6.845148072045609,7.067039321525765,7.06871526914521,0.7941707477312263,-0.0016759476194450544,7.06871526914521,-0.0016759476194450544,-0.22189124948015682,0.05635647510413566
2012-08-01,-4.922375593489228,-0.22317279083742234,1.6771665915838683,0.45191465185405244,-0.9317971059346252,0.002584027423141172,-37.75416439327445,51.49489706748516,-0.0011176127869123973,-0.041467178823175375,-0.15892352463221981,-0.015285502255671978,0.013461279650627442,3.235863126019053e-4,7.752335917192613,8.44870991074211,0.0018687980178931302,0,6.695391780305553,6.706008918251825,7.0410268395658004,7.0410268395658004,0.740678075307012,0,7.0410268395658004,0,-0.335017921313975,-0.34563505926024707
2012-09-01,-5.839661119079078,0.07114184378139524,0.953753222869944,0.40433300659822685,-0.7335785415895745,0.005665789799727128,3.051923033864999,71.05942526902619,3.7692310089143825e-4,-0.0605211425505796,-0.0978284907292793,-0.01211218336320268,0.0027902105783700424,6.830079271862652e-5,4.542783807813007,7.562825619168056,0.0018826739834409373,-2.5,5.657704570650979,6.72642594013198,6.76136491957119,6.766071604529793,0.6755476296792347,-0.004706684958602343,6.766071604529793,-0.004706684958602343,-0.034938979439210094,-1.1083670338788139
2012-10-01,-8.315588016831004,-0.9824730413990977,0.22166077207304033,0.36010818171975795,-0.44509361266213565,0.011940935562276433,134.21038687177864,108.54186573769191,0.008385931138246277,-0.011812324388629634,-0.08848262032945041,-0.010084984970838944,-0.023177902872445758,-2.471732971817319e-4,-3.40313275126102,6.222544779602338,-6.370811937615696e-4,0,4.829016006494351,6.117416163249412,5.911425648630523,5.911425648630523,0.7655128157077975,-0,5.911425648630523,-0,0.20599051461888873,-1.082409642136172
2012-11-01,-9.63447750536021,-1.1592404557647935,-0.1488843809183498,0.34952431744171053,-0.29641300281391036,0.008319723429149386,178.90476759598286,126.9255838429076,0.01827127918512481,-0.011739368621966279,-0.055054842530721265,-0.008896115496182074,-0.03983847781941568,-1.9691368857416912e-4,-6.93148599672747,5.0372976588773515,-0.0036884968497598145,0,4.6316411546193414,5.779439620233683,5.338137861088038,5.338137861088038,0.7021296504924666,-0,5.338137861088038,-0,0.4413017591456452,-0.7064967064686964
2012-12-01,-9.96763093834557,-1.3684591011709981,-0.8011869436707406,0.337076674956105,-0.23460559910483844,0.01222637360896246,206.8736167655186,131.12116035952687,0.02418545465649572,0.011622389783728902,0.05046236147812687,-0.007126788990015667,-0.0399034191056619,-5.658911520991941e-4,-9.402615377324762,4.380737341107775,-0.005834107634282765,0,3.5912705531284255,4.484976298116178,4.182175774634773,4.182175774634773,0.6290239067496509,-0,4.182175774634773,-0,0.3028005234814044,-0.5909052215063477
2013-01-01,-10.456462191115795,-1.2019972162429367,-1.3414645282451483,0.33748547983486876,-0.15506896448168725,0.01047578841458762,204.59726846146955,141.91251227458702,0.03606979504149942,-0.010509059293295245,0.13657370865736393,-0.005803391059640074,-0.052100552933706926,-6.501874123867606e-4,-11.112182170527577,2.3690504942239725,-0.008216604818977385,0,2.8858904215809855,4.184340698308562,3.9562258002339767,3.9562258002339767,0.6039170891207902,-0,3.9562258002339767,-0,0.22811489807458507,-1.0703353786529912
2013-02-01,-11.322154663869908,-1.1258419737481717,-1.3657733187233259,0.337960999783886,-0.04558554812244157,0.011158053114485294,202.27225980891316,160.02995893251358,0.0419018153293595,-0.0492676167730236,0.09784176037822447,-0.005312711064633854,-0.07417033256904673,-8.2539046633229e-4,-12.81193489815531,0.16725825924068227,-0.007412709044972833,0,2.822253637412262,3.994071659429849,3.3374862021060405,3.3374862021060405,0.585692621534625,-0,3.3374862021060405,-0,0.6565854573238084,-0.5152325646937785
2013-03-01,-13.840368375255187,-1.129783672757417,-0.6426918200757266,0.36163978990946977,0.17064734917113564,0.009348600470639047,195.9533595962118,181.9211119944867,0.05851856287008432,-0.15381992996302155,-0.09297760424444745,-0.0060574682373595815,-0.14198555062604612,-8.967353420771627e-4,-18.139493659816313,-3.097465840582045,-0.0073809495681997975,0,2.9905529720030097,3.9041773927289345,3.0354667804142874,3.0354667804142874,0.6115263669023439,-0,3.0354667804142874,-0,0.8687106123146471,-0.04491380841127768
2013-04-01,-14.546698463693327,-0.6625433367436492,-0.4443737924248073,0.3678643199830735,0.27033194902252133,0.0014905845731536319,176.30876555827828,200.43978268333723,0.06205543604450775,-0.19031004918238842,-0.11469543437201568,-0.006104378370940992,-0.1515776776347579,-5.402984158912463e-4,-17.31317395539093,-5.115324552053394,-0.007291296118253093,0,3.068316245005904,3.8241894059669157,2.7783628897670187,2.7783628897670187,0.7071649234812292,-0,2.7783628897670187,-0,1.045826516199897,0.2899533552388851
2013-05-01,-14.912343303661345,-0.23310413085129503,-0.3842344436948273,0.3703449259054322,0.33021059727604263,-3.210795051148659e-4,147.6499346572717,210.47677207111397,0.06903327478646826,-0.22909965881507827,-0.10880766523278679,-0.005533596908682706,-0.16091120505347994,-5.547130480988636e-4,-16.627506494336547,-7.0469374859530864,-0.007293609845781013,0,2.4251712302017956,3.1208016527854756,2.596564325464886,2.596564325464886,0.630879248287559,-0,2.596564325464886,-0,0.5242373273205896,-0.17139309526309043
2013-06-01,-14.188891825912636,0.2746949079050591,-0.5278921098678193,0.36816950353149597,0.38265091380245325,-0.0024132592077107918,97.92663098487263,216.94608025033128,0.06293488151804225,-0.22515827894497523,-0.057993329208686606,-0.005162340186505264,-0.14418999184721978,-4.1742072093109986e-4,-13.140250253410967,-7.598581010965544,-0.005359891556262922,0,2.599477002897557,3.7569324116613165,2.4152297420053817,2.4152297420053817,0.7160835557745627,-0,2.4152297420053817,-0,1.3417026696559349,0.18424726089217547
2013-07-01,-14.30854605536869,0.23597210180454614,-0.4274645335134917,0.37813711174891906,0.46852834653529146,-5.426640545544168e-4,71.70215757949065,212.92588433901574,0.06355806423811278,-0.21327218790811608,-0.05045144803490475,-0.005322023003670705,-0.14273495244875722,-5.320325724541026e-4,-12.342225361576336,-7.524623502163053,-0.005238144225910348,0,2.726058850338198,2.974365341743723,2.258793192391103,2.258793192391103,0.6802472024078811,-0,2.258793192391103,-0,0.7155721493526199,0.4672656579470953
2013-08-01,-14.098186934334914,0.04607680024886252,-0.2131723720155574,0.4056426353105125,0.6113329077072207,-0.0013384986117722518,19.773991826837406,199.30648096474462,0.058329890710734036,-0.16291688032191032,-0.015123830467728123,-0.00638411076465571,-0.1299374689014335,-4.398490841824119e-4,-9.904255863650308,-6.367751641583124,-0.005657930520790903,0,2.509038410743101,2.6837715531699153,2.1976128662383143,2.1976128662383143,0.6569012607508109,-0,2.1976128662383143,-0,0.486158686931601,0.3114255445047869
2013-09-01,-14.674582209875911,-0.7215648895467269,0.5281488959091609,0.46350090292647583,0.9619124723681135,0.0033240689668854193,-62.43845710205748,176.946731310056,0.04732023189812731,-0.09125160714318147,-0.073779219728975,-0.008960697129685292,-0.1373842657383921,-5.061519954128072e-4,-9.598192784894412,-4.74961208434683,-0.005345017785619495,0,2.4695871643423892,2.4997620772982985,2.098686103874215,2.098686103874215,0.6287841443006714,-0,2.098686103874215,-0,0.40107597342408363,0.3709010604681744
2013-10-01,-15.300011727111482,-0.525573485046116,0.6806107699500147,0.4655207331145814,0.9641285148112011,8.038630805035155e-4,-62.9322007777186,177.0909241431,0.061641473986473475,-0.13752829658632482,-0.11299093943930505,-0.00906745736300354,-0.15206541977192312,-6.058478848081403e-4,-8.891562941677924,-4.609013835171219,-0.006365261177988898,0,2.141960672030611,2.729937528611548,2.187635269197415,2.187635269197415,0.6684238421712946,-0,2.187635269197415,-0,0.5423022594141331,-0.045674597166804
2013-11-01,-15.953685603791666,-0.6981936228398588,0.9598406100028135,0.48157843167804176,1.074325661479713,0.0010232384054379825,-76.28505375512181,171.80377936485516,0.06385721726886233,-0.14686731113740362,-0.19727647773632745,-0.011884045642543476,-0.1693677282253519,-2.2735149435115814e-4,-7.22791966311447,-3.188116239005502,-0.0057048973212234086,0,2.054462284594716,2.241377039333255,2.2740297984588516,2.2740297984588516,0.6111420069716539,-0,2.2740297984588516,-0,-0.03265275912559673,-0.21956751386413575
2013-12-01,-16.32642217023783,-0.6023372780971624,0.9714626051100608,0.476093106661542,1.0567556367003978,3.9567287947209304e-4,-65.09042259567062,175.1969880090303,0.0732262311825399,-0.16374658286908714,-0.20805645112999116,-0.011448640625320269,-0.1741946639878308,-2.532636179164025e-4,-8.025128316355055,-3.5965371279031797,-0.0059426618422288675,0,2.042175159329968,2.334655999841897,2.07274510747569,2.07274510747569,0.6213871225234582,-0,2.07274510747569,-0,0.261910892366207,-0.03056994814572178
2014-01-01,-16.533862007592184,-0.46591517865027876,0.9352557405289572,0.46754995321865284,1.0291247187930836,1.9884772941703894e-4,-55.0947335647825,179.91840580097295,0.0807672883478261,-0.17490231316055951,-0.20105896823658492,-0.010472934777288999,-0.17450148725975784,-3.0974306511887385e-4,-9.544642191330574,-4.369258267811217,-0.005876200704342973,0,1.877323406345052,2.309274926593173,1.6777599416743136,1.6777599416743136,0.6251394843844146,-0,1.6777599416743136,-0,0.6315149849188595,0.19956346467073827
2014-02-01,-16.47772595710133,-0.41333414468213225,0.8174226141666299,0.45934436591937616,0.9959896632158685,0.0017874320704973816,-51.367545140264816,178.1504729931807,0.08931403745005377,-0.17941542873456257,-0.19165689862676194,-0.010275534354108324,-0.1730754426190176,-5.325760466219008e-4,-7.077015378411215,-3.849068750281318,-0.005948493960597499,0,1.7686944266291782,2.2376857388293043,1.4193049263177322,1.4193049263177322,0.6258957013226965,-0,1.4193049263177322,-0,0.8183808125115721,0.349389500311446
2014-03-01,-16.7290501495098,-0.5856578551471525,1.8143140208532502,0.4477714916074484,0.8726098790580056,-0.001982439707900895,-40.25341264248514,178.57214865680757,0.1213833089724212,-0.19338591490863744,-0.32675623161968037,-0.011590868250408719,-0.2972947499920728,7.335308139518882e-4,-4.841369618573545,-8.222309496795186,0.0029476972188469896,0,1.5468347529875324,2.547216735603109,1.1005217994885825,1.1005217994885825,0.6085444270538439,0,1.1005217994885825,0,1.4466949361145263,0.44631295349894984
2014-04-01,-16.29096795260745,-0.549131212840036,1.635525870197951,0.4384016176830106,0.812008744406644,-0.0017216273854054123,-37.314828837527806,176.22477061254082,0.12783533921143825,-0.2056978137253683,-0.2929262023225112,-0.010374421401722737,-0.29685297682248124,6.66391262885492e-4,-3.3966239639071403,-7.967860375089222,0.003302482861449253,0,1.351228566766354,1.4691040588649207,0.8886088190608703,0.8886088190608703,0.6382951743352964,0,0.8886088190608703,0,0.5804952398040504,0.46261974770548364
2014-05-01,-15.341656806647793,-0.4079750223254554,1.274248685673374,0.42811115347043605,0.7424310413289359,-9.13984487400267e-4,-42.941363479279566,174.96813533116233,0.12287852968605574,-0.21026589318012356,-0.18072446050104926,-0.006787627071292547,-0.28128410719534164,6.279246566403182e-4,-7.406156562365483,-8.826103328006146,0.004517629098543517,0,1.4421216892821156,1.1960712845854875,1.0564414725875704,1.0564414725875704,0.6483496352495598,0,1.0564414725875704,0,0.13962981199791713,0.3856802166945452
2014-06-01,-14.055743357073736,-0.21145853743804732,0.8993985048430179,0.420607130077213,0.6745131471632659,-0.0010499239542719632,-59.94025881612102,174.35687502088342,0.11109629638827909,-0.2017503337666437,-0.011077067406073431,-0.002087951456312575,-0.248500334746285,4.584450148121704e-4,-10.944850398344185,-9.85278548555739,0.005437517898037459,0,1.342207493438491,0.9078943853808126,1.3127886157354016,1.3127886157354016,0.6334531395300677,0,1.3127886157354016,0,-0.40489423035458905,0.029418877703089485
2014-07-01,-13.975299918193818,-0.2633256495569998,0.9279363608468655,0.42305151274949193,0.6813587931325871,-4.638505290962438e-4,-67.1493247655996,173.13695931707647,0.11281296672864338,-0.20566048310458723,0.026907354076357432,-0.0010209475276401485,-0.2466162709348933,4.5544935500709807e-4,-10.264297947628979,-9.863487527355373,0.006430446056076925,0,1.4458537296572131,1.3716919299013954,1.193049197394151,1.193049197394151,0.6144580682634623,0,1.193049197394151,0,0.17864273250724438,0.2528045322630621
2014-08-01,-14.688060155243893,-0.35551861972186694,1.3459900914223115,0.4339675083780584,0.7812697490806988,2.2040170513050185e-5,-79.15819296597793,174.03994719650458,0.11381052393540654,-0.1983355699392817,-0.014757829143820882,-0.0017160281118495753,-0.2509331651184455,5.381470716985852e-4,-11.166177117053483,-10.020485844589741,0.006660849712911991,0,1.4944576224929609,2.096965888732811,1.0202051568737804,1.0202051568737804,0.6197079777868875,0,1.0202051568737804,0,1.0767607318590304,0.47425246561918044
2014-09-01,-14.799135076329966,-0.32933824936544753,1.357699523931234,0.4323107057243012,0.7798263177137036,-3.3132546916363176e-4,-78.49362928610549,174.27484101299603,0.11927293322640188,-0.19950272711772726,-0.058428786274448925,-0.002505272432026248,-0.25851839631915785,6.919043822775028e-4,-13.305604322134055,-10.242805738689096,0.006363194383845871,0,1.446562146933346,1.5890841584982216,0.9689316038592857,0.9689316038592857,0.6605978738215192,0,0.9689316038592857,0,0.6201525546389359,0.4776305430740604
2014-10-01,-15.748568529127091,-0.3832931326916638,2.1759180852410234,0.4691958940364716,1.0645367625997755,-6.36561150609534e-4,-134.90070333534484,166.84506768735696,0.09714941092574864,-0.16861848245338865,-0.12072441200377618,-0.0029710769163328477,-0.2516763907442889,8.907080621894515e-4,-25.149199404418326,-10.988826290000477,0.004713957132008689,0,1.8536311489948416,2.6727294175150136,0.45347550389075764,0.45347550389075764,0.6926200193891733,0,0.45347550389075764,0,2.219253913624256,1.400155645104084
2014-11-01,-14.76804192581757,-0.1625654580425409,1.5372036285221276,0.45568338136332953,0.9603513556594876,0.001007276255882678,-138.76040174725816,154.76917862076468,0.10359225518252467,-0.19736684516066208,-0.18690953255988288,-0.0023830404940496028,-0.2633148157455679,8.160062834834589e-4,-39.756947551290715,-11.704105475369131,0.0013868082424452943,0,2.113567606834746,1.56688572284183,0.02133367820189669,0.02133367820189669,0.6596236233807743,0,0.02133367820189669,0,1.5455520446399333,2.0922339286328495
2014-12-01,-13.6320386913959,-0.10543941039120987,1.1950769090648263,0.4465848105647304,0.9039851285350733,0.0012422235457968712,-155.56218258987508,144.88623058556016,0.10597967295325912,-0.2057115575944233,-0.22910324315521705,-0.0023947110264012222,-0.2687673804342319,8.36306864730389e-4,-44.66034476369899,-11.34761117109092,-8.047827333610525e-4,0,2.243705637716786,2.1412446579906916,-0.257789083997114,-0.257789083997114,0.6876985313063005,-0,-0.257789083997114,-0,2.3990337419878056,2.5014947217139
2015-01-01,-12.250235892982998,0.05156632277930089,0.939393689109414,0.43560187109284143,0.8771308987243072,0.0012319208761378264,-179.6323225455509,138.64538894877373,0.0934243452841428,-0.20158402620202842,-0.21723199569808005,-8.760449699075306e-4,-0.2547689831500273,8.023578111584239e-4,-49.91524594733612,-11.356546530826748,-0.002925418077059208,0,2.618190876828429,2.97683516136311,-0.2576767381310088,-0.2576767381310088,0.705494075278994,-0,-0.2576767381310088,-0,3.2345118994941187,2.875867614959438
2015-02-01,-7.799116681211765,0.3529212214755119,-0.710670045448634,0.38515097160495376,0.6788305227368836,0.0040930673319757045,-221.98714970573218,107.52702683635137,0.0877054403877944,-0.24098333607504288,-0.5564054251123098,-0.004197188683072715,-0.28150178901217054,8.683072647184416e-4,-77.42400858846518,-10.21124706045997,-0.015110999582764842,0,2.7212327859714582,2.0377591018964973,-0.022820878829681313,-0.022820878829681313,0.7473296762950515,-0,-0.022820878829681313,-0,2.0605799807261787,2.7440536648011395
2015-03-01,-1.3428686658784545,0.9377826977680701,-2.4502675689109426,0.3127472599769736,0.28886368604391227,0.0020092984085921853,-273.42580691114375,70.9816447967009,0.07379741733412687,-0.24581716314892782,-0.4403729814956402,5.222161155559724e-4,-0.23895515977841023,7.354426453455434e-4,-78.38669397390937,-6.378180254847805,-0.022111895562804882,0,2.9968144405040884,1.6177193536782433,0.6361099893156623,0.6361099893156623,0.7971421004886582,-0,0.6361099893156623,-0,0.981609364362581,2.3607044511884263
2015-04-01,-3.126271618253053,1.0129615336339317,-2.6145409125829917,0.33776928810826184,0.2880063354703683,0.007343476552848889,-238.71306539120116,88.4381964715408,0.061036965695670624,-0.2693101352662772,-0.3030952808753015,-6.492224779384656e-5,-0.24116702249681474,6.623769622561743e-4,-74.70327851915135,-7.81586809913907,0.004477299658045464,47.383,3.4555361340270476,2.358055698186959,1.1214604040196905,0.9093125143225222,0.85146330688144245,0.21214788969716825,0.9093125143225222,0.21214788969716825,1.2365952941672687,2.5462236197045254
2015-05-01,-1.4189728803885948,0.8444041568446136,-2.5903181763881546,0.31946402087885256,0.2911816863818188,0.004766309349208684,-255.72844185913075,95.05771505703503,0.043920351279189584,-0.3196394526909931,-0.37563322754289,0.011771226759455888,-0.25316386171965943,-5.465735645311931e-4,-85.24700730316603,-7.033527169041769,0.00647438370094538,47.701,3.0066074769454554,3.005373173201028,2.041509023186863,1.7326744462680674,0.8638966644685205,0.30883457691879557,1.7326744462680674,0.30883457691879557,0.9638641500141647,1.273933030677388
2015-06-01,-0.6844086871475258,1.326403134698026,-3.346796437577723,0.3283586666720399,0.2021003475334721,0.0031608855779679205,-280.82541504581735,56.21892490141099,0.050339428566476566,-0.33225479068934477,-0.4294564320033812,0.0018969588709871804,-0.2376972328172045,-0.0010444350868213334,-111.71729756844341,-7.197350311860931,0.0036098976163115594,51.622,3.0525514207865423,3.892485036852468,2.5673970269254758,2.3810468921762404,0.8606754959849421,0.1863501347492353,2.3810468921762404,0.1863501347492353,1.3250880099269922,0.6715045286103019
2015-07-01,1.269555085213714,1.4560262683390515,-3.5971773940825593,0.30364297192660206,0.11281640436974748,-4.5967126393064474e-4,-302.27868584007814,41.587294291191284,0.05255292166497761,-0.3224904891103559,-0.47232464979639915,-2.5303218527722004e-4,-0.23034658768664026,-9.162644160966027e-4,-114.22957286945156,-6.152100914578781,-0.0010227370822545364,51.442,2.8548961438821725,3.7263904536564896,2.599772546378163,2.652384187363501,0.9290473091796192,-0.05261164098533786,2.652384187363501,-0.05261164098533786,1.1266179072783267,0.2025119565186717
2015-08-01,4.790738443854291,1.7037094068713436,-4.629760515958414,0.26529678996090617,-0.04422387893061164,9.750317342340307e-4,-356.5330120836618,-3.504472227665404,0.06520522461814217,-0.28385332593426144,-0.6444395779162196,-0.024274776288061857,-0.20074496848588236,-6.380889431608085e-4,-129.50171196921434,-5.14772916612214,-0.0032885238820860893,51.359,2.7694666770309313,3.7612089349536912,2.6059369209901386,2.774832219050198,0.856459335724435,-0.16889529806005946,2.774832219050198,-0.16889529806005946,1.1552720139635526,-0.005365542019266645
2015-09-01,6.876361675811934,1.6892326597988359,-4.8601802688085245,0.24000535626287833,-0.09820936582570096,2.727711629204414e-4,-379.8356340934646,-4.147353449264167,0.05451782340896426,-0.2644044552419217,-0.7199075409859209,-0.03348909328164647,-0.18291371760397743,-5.861177624704553e-4,-133.775205589977,-6.196214755853458,-9.98029261576929e-4,42.826,2.2531225941065,2.5385046515592613,3.2639555062760337,3.3066971074323273,0.9307627628599531,-0.042741601156293565,3.3066971074323273,-0.042741601156293565,-0.7254508547167724,-1.0535745133258274
2015-10-01,13.217637733308365,1.0806314829448607,-4.618423754762001,0.11439207856371958,-0.19529674496528818,0.0015877481666128966,-431.5028735108051,15.18820108081422,0.05141480996599871,-0.2586670965148388,-0.8940063684258787,-0.025306198796607962,-0.1821392516268663,-9.90024719325712e-4,-131.33291697645714,-6.7771347641234705,-0.0045103767550798805,51.008,2.0864071087425615,3.8371781034639376,3.058523082582936,3.2885883801060505,1.1475828566509028,-0.23006529752311455,3.2885883801060505,-0.23006529752311455,0.7786550208810015,-1.202181271363489
2015-11-01,15.255702702866252,0.802915344441479,-3.9797386774057717,0.04850491306607436,-0.21520150016836925,3.294324326462259e-4,-440.15085737436453,30.546389939755688,0.0673327393078968,-0.21862881658582817,-0.8837259219959116,-0.025870761135053755,-0.169264771976209,-0.0010244067560973515,-121.16587487065414,-8.935958438341572,-0.003614119308856617,52.175,1.97960001227388,3.2290071837634833,1.841599813155314,2.030166488094908,1.19767903387297,-0.188566674939594,2.030166488094908,-0.188566674939594,1.3874073706081693,-0.05056647582102802
2015-12-01,16.68528786360561,0.6759338700588899,-3.7681289855086466,-0.005887075157303855,-0.1482781576855978,0.007306709694526324,-443.04904910028216,33.19519345080475,0.060279937769022345,-0.21366279096850915,-0.8446640880354729,-0.01865278024304011,-0.17009693748588994,-0.0012776896713876517,-116.61918022793853,-9.087932267828915,-0.0037384445154698778,55.105,2.204018556164475,3.2530368188174856,1.8239973372704545,2.0300043222954223,1.1329302614460317,-0.20600698502496761,2.0300043222954223,-0.20600698502496761,1.429039481547031,0.17401423386905268
2016-01-01,17.23034169353939,0.7381775321708146,-3.447612298658985,-0.037651849338720636,-0.10788614211363147,0.004056123909950405,-434.8577223965625,38.093109739589806,0.06018238183783858,-0.21257618309913495,-0.8122699452612158,-0.017423998121842973,-0.16336970313690266,-0.0013383120021509209,-115.10193701760225,-9.863695287543509,-5.547449602407644e-4,44.309,2.489058640993614,2.7964383231826035,1.5656947157986263,1.5902749102419342,1.1215874732759565,-0.02458019444330803,1.5902749102419342,-0.02458019444330803,1.2307436073839773,0.8987837307516799
2016-02-01,17.052612013595475,0.8356896802515683,-2.8307309223146566,-0.08590305996258195,-0.015063361370505363,0.0032485432199699953,-411.3444298553,39.293861641805684,0.07624611240431442,-0.17999848392084056,-0.7301612095853475,-0.01607990412152838,-0.17631438519228704,-3.2045471687295793e-4,-100.4189424418921,-10.341815016753586,0.002247092055861895,52.956,2.9462616628079377,2.260342453558764,0.8770231507664535,0.758026143856231,1.1698447821121014,0.11899700691022251,0.758026143856231,0.11899700691022251,1.3833193027923105,2.1882355189517066
2016-03-01,17.658708820469926,0.7658525315555729,-2.3959015482743,-0.12998656826389912,0.12386127481482788,0.0035030868943886516,-415.97239367797044,24.94527509581244,0.09328809924720001,-0.14062017503973148,-0.6685243129243199,-0.02478883078369677,-0.16436361484250944,-3.1243816317721805e-4,-91.05154681749327,-11.311255691451173,0.006966291572651405,53.358,2.599266665306093,2.5274416905582346,0.4164527174761304,0.04474533174259676,0.9671179790105937,0.3717073857335336,0.04474533174259676,0.3717073857335336,2.110988973082104,2.554521333563496
2016-04-01,18.22331406769905,1.3120393547108642,-2.8673766422712843,-0.18577476893996284,0.4021061577076616,0.006978822805182163,-400.85237254880724,-10.615603979615793,0.07485516132419899,-0.2255714447086437,-0.6611723673263069,-0.008614943405146182,-0.21634179374220286,-2.7052602668259986e-4,-106.09252488553143,-8.570632687916266,0.005264635140692063,53.059,2.5852514167706016,2.491101719574784,0.9232487771185645,0.6439125011885842,0.8571815927168943,0.27933627592998017,0.6439125011885842,0.27933627592998017,1.5678529424562198,1.9413389155820173
2016-05-01,17.122653045244878,1.8263232778812177,-2.9177499575201264,-0.22378899337362593,0.73024971769146,0.004024603657875072,-365.9213526195538,-38.65413356361286,0.0744450058625539,-0.2781525742666888,-0.6326518596898026,-7.078774243635486e-4,-0.25252190840490946,5.176739644432293e-5,-111.93301479005855,-6.377935506948592,0.003860703048552859,78.499,2.194342405415118,2.169967440258649,0.8146970334329673,0.5116357048246165,0.8563262289497385,0.30306132860835083,0.5116357048246165,0.30306132860835083,1.3552704068256816,1.6827067005905016
2016-06-01,14.449271112417492,2.147833801174637,-2.8023752590640885,-0.23275464842927884,1.079616140213127,0.004664456224507561,-321.91446560991056,-60.04753015521753,0.0806993358678066,-0.287103189159734,-0.5503733499440991,-4.491323870974717e-4,-0.26426625199502723,5.696747926674276e-4,-104.17914428284833,-3.7692451268992775,0.002006739943327322,79.673,2.309329659192163,2.125290860322832,0.9741703558726387,0.8142873643679209,1.2727601638376584,0.15988299150471774,0.8142873643679209,0.15988299150471774,1.1511205044501935,1.4950422948242421
2016-07-01,6.4188998025944235,2.9183475913494648,-2.347738118171662,-0.2329731662879589,2.0568153016767057,0.003048545797913254,-202.71897606877326,-120.51007712810556,0.1027327278188368,-0.3337347477469065,-0.28386244147971024,0.005005165109576803,-0.28901934251641814,6.163029116549237e-4,-88.1490038483294,3.3780815625305958,-0.0045785785195467535,72.072,2.396844363605606,2.431595402634878,0.1603650476715277,0.4903523587323013,0.9347871862403039,-0.3299873110607736,0.4903523587323013,-0.3299873110607736,2.2712303549633504,1.9064920048733045
2016-08-01,5.2266541479419955,2.6495246053304937,-1.9293647491598414,-0.2082831442400896,2.0198299905217025,0.002847614048180199,-193.49396897272808,-100.13655182161216,0.11199560936396745,-0.3050366652568432,-0.23663319154743157,-0.002755657681023963,-0.25576208342328266,3.2998703564204076e-4,-82.53576559664367,-0.4602383419348669,-0.003426171844516697,69.65,2.4773168807594037,2.100483331298899,-0.395789216691676,-0.157156347721088,0.7698961336328709,-0.23863286897058797,-0.157156347721088,-0.23863286897058797,2.496272547990575,2.6344732284804917
2016-09-01,4.002190735036909,2.2543811466276624,-1.5943191125760823,-0.17117142185459178,2.0606628153030315,0.0018629950108101279,-192.29331272669148,-94.2042523656902,0.1146668951961821,-0.4086016531707083,-0.0828577694608845,9.727410919908279e-4,-0.19551955688492506,8.903751754309684e-4,-81.70716046003037,-1.0361280274277826,-0.002694598725565575,50.513,2.518680462353966,2.1184554833081406,-0.2788487174884599,-0.142736452063966,0.7569083262495617,-0.1361122654244939,-0.142736452063966,-0.1361122654244939,2.3973042007966003,2.661416914417932
2016-10-01,3.779729889460072,2.2902221198452763,-1.7135780372510983,-0.16781260528248373,2.050433168872095,0.001613765996486435,-188.72408898752482,-92.9909836866843,0.11972122332851824,-0.42597427027223816,-0.14571338927986363,-0.0033889252055478714,-0.21597544165834812,0.0011986530707869551,-87.68965645475178,-2.1651247602390598,-0.004238737968945368,69.972,2.494466357528393,2.7124848918926245,0.16914942239143516,0.4657423955544804,0.7110762955320272,-0.2965929731630452,0.4657423955544804,-0.2965929731630452,2.5433354695011894,2.028723961973913
2016-11-01,5.083009094962154,2.2308994246184826,-1.6837687114611462,-0.1726602639824101,1.8168301116542789,-3.385913525042352e-4,-201.64665445876065,-78.55062006895578,0.12517950805109923,-0.38570798974019355,-0.16319863157238512,-0.0019178097263519702,-0.17338308902301106,0.0013862903632888865,-86.31309308144296,-4.652680302007792,-0.003428971862729906,72.974,2.142997308789273,2.5492856523116445,-0.18126087723928047,0.06896491547157169,0.8299639159797331,-0.25022579271085216,0.06896491547157169,-0.25022579271085216,2.730546529550925,2.0740323933177014
2016-12-01,6.968046138884056,1.769598894080589,-1.2856832380007233,-0.1666983990664102,1.4597945944317594,-8.887904510477041e-5,-242.08205751520862,-68.83775818308831,0.14641185786425343,-0.14971017017913466,-0.10662655287555495,-0.0065995781697374516,0.04575396535494825,4.4744442949589346e-4,-57.83757971808076,-10.222324487776852,1.925872492894741e-4,70.145,2.0368676966378088,1.8099711288353508,-0.2940940125257419,-0.3076030451271521,0.7903434479612991,0.01350903260141016,-0.3076030451271521,0.01350903260141016,2.104065141361093,2.344470741764961
2017-01-01,7.619724046426899,1.7415420678218454,-1.7701275313101394,-0.15945128717814905,1.3956199289136229,0.0012518095461896577,-263.8696108831686,-84.65468017110095,0.15697886548601406,0.1310806705993076,-0.3048927869516014,-0.014119071708282027,0.31317464480049906,-5.651027321988204e-4,-39.892133985217534,-16.33078050487331,-5.501171455461396e-4,55.032,2.0597989064665607,1.8739246637999056,-0.5042123371704031,-0.473938290416708,0.7759537925044355,-0.030274046753695154,-0.473938290416708,-0.030274046753695154,2.378137000970309,2.5337371968832687
2017-02-01,20.003628244641057,0.3464581513017886,-0.7592268738996931,-0.16770081789016367,-0.2399678652932406,0.001497141356019212,-437.3790623270889,4.2641463623155005,0.11380272229015144,-0.28891248881680504,-0.07240039592429033,-9.663239771297439e-4,-0.1533782288843365,9.486701707028898e-4,-82.92210527096786,-10.78550328184989,0.011844224914000032,71.362,2.1478797550862265,2.0755275271162827,0.17750107190801256,-0.6677265064048576,0.5739831058962787,0.8452275783128702,-0.6677265064048576,0.8452275783128702,1.8980264552082702,2.815606261491084
2017-03-01,19.20729415057496,0.5693227786934028,-1.1691137143481019,-0.1770069434356586,-0.007497899430474312,0.0019368884963675828,-421.2294589754087,18.076524614608893,0.10452149759247911,-0.25807124267113013,-0.16659711143184291,-0.0016335049909068967,-0.13568779287277885,6.613763271099712e-4,-82.61841046127931,-13.116902180445548,0.010378769951847576,68.208,2.0319824518154372,1.8549357876508548,0.3886589724593277,-0.3192561684162918,0.6661586678506862,0.7079151408756195,-0.3192561684162918,0.7079151408756195,1.466276815191527,2.351238620231729
2017-04-01,16.555497918589335,0.7856700887568941,-0.828470124203068,-0.18929372671549438,0.23377087070376054,4.078369907859833e-4,-364.0705055979547,79.9081367189029,0.10481230543809346,-0.15425436155480693,-0.13625166179321,-0.0033697077763069423,-0.07185154216896236,2.0043106804563707e-4,-66.36888396751044,-18.966886525807713,0.010113067211463168,68.814,1.9220573156095713,2.101132620935101,-0.06386379974582768,-0.759784406835454,0.6064293245596137,0.6959206070896263,-0.759784406835454,0.6959206070896263,2.1649964206809287,2.681841722445025
2017-05-01,16.64714516236257,0.7578152289142113,-0.8169007846887643,-0.18708037215593268,0.2014645155407515,2.372585298772269e-4,-366.2680345276265,81.79658861984068,0.10625363155121031,-0.14822525395044278,-0.1354108960865086,-0.003974705295277216,-0.0672423089221721,1.93293205660889e-4,-65.53211937825054,-18.79186192847701,0.010267118501030618,54.311,1.6622324918625315,1.597144563926322,-0.1763731116243824,-0.7339905845338563,0.5265275662065259,0.5576174729094739,-0.7339905845338563,0.5576174729094739,1.7735176755507043,2.396223076396388
2017-06-01,19.827579689122064,0.8173445010725288,-1.3117429115747872,-0.18235741625461874,-0.28210934742952415,-7.920090718325041e-4,-402.19380194416533,90.17271597752124,0.08941117257428297,-0.17412627493552432,-0.2095253545799774,-0.00323723730664898,-0.13053373801376295,1.0174271588030407e-5,-77.28114770047289,13.866662517426562,0.010750447939911374,51.49,1.6472000145050616,1.460503485052886,0.21892326269069806,-0.33461730173533866,0.5266168497742212,0.5535405644260367,-0.33461730173533866,0.5535405644260367,1.241580222362188,1.9818173162404003
2017-07-01,22.412734177300777,0.7890730875743261,-1.5603471332428018,-0.18925980461917677,-0.5343769601780841,-9.061122238277297e-4,-438.2918101163866,121.73462215094811,0.07426697347568792,-0.18920242270742907,-0.283433565313756,-0.0023754230559303855,-0.1722199078097008,-4.117145995532806e-5,-88.79978154757276,25.075149410503204,0.011898996204042871,51.607,1.4531079451959517,1.3925585404957108,0.5681009194789137,-0.04597057762312673,0.5297135792744966,0.6140714971020405,-0.04597057762312673,0.6140714971020405,0.8244576210167971,1.4990785228190784
2017-08-01,22.07394761041249,0.7787165478484396,-1.4572418130872775,-0.18729817293017972,-0.5356239168769021,-7.276371504380062e-4,-424.55798086427734,118.70676212530569,0.06546513596764726,-0.20217909694657327,-0.24918528058233277,-0.0015898896537431414,-0.18312512511869444,1.3891889935351826e-5,-85.74465073319575,23.332087886744667,0.011724982702438165,51.811,1.532308574492042,1.553368760373326,0.5602563738414027,-0.04722670495462111,0.542609211845059,0.6074830787960238,-0.04722670495462111,0.6074830787960238,0.9931123865319232,1.579535279446663
2017-09-01,19.561111856622308,0.825691231092875,-0.9004654978044898,-0.18112469937563683,-0.6615022295156505,-3.5605051701049687e-4,-331.5659607126376,76.02353533648053,0.047266725338080434,-0.2388994532923176,-0.04227946230855957,0.002513794396416027,-0.21508681846760422,1.714912492778753e-4,-63.31431312204774,19.47589752321802,0.011246905069566802,42.839,1.5266619864255722,1.2377737760344014,0.9702733479289967,0.4884671816538244,0.5531294674796268,0.4818061662751722,0.4884671816538244,0.4818061662751722,0.26750042810540475,1.0381948047717477
2017-10-01,16.98303387545285,0.565283389032523,-0.30620711662467215,-0.17133989302009153,-0.6989027637363306,-5.207504169906891e-4,-254.60916233953972,49.07432436773239,0.04479694138291253,-0.2097501018089829,0.07001207639698091,0.0024452343673433377,-0.15519406668396216,1.5868011540413727e-4,-36.54693878000286,5.590053640007227,0.012050092317621114,50.795,1.5145542114366894,1.2389410859929493,1.105172334372865,0.4930878950993005,0.5268143721649543,0.6120844392735645,0.4930878950993005,0.6120844392735645,0.13376875162008428,1.021466316337389
2017-11-01,14.606933259267485,-0.01465373700943067,0.35287865047396333,-0.16687072245066445,-1.1088974068813113,-8.245803189905431e-4,-116.87471535109465,-36.747991305324206,0.025679471370931937,-0.2652563958003655,0.14009932438277659,0.00767346704329714,-0.16686373596281695,0.00018760690143149381,-5.521973418150444,-1.1505788539254238,0.015970041936793546,50.174,1.4279788202890504,1.4381961905721998,1.6677133296661129,0.8664324455294334,0.4302588532682302,0.8012808841366794,0.8664324455294334,0.8012808841366794,-0.22951713909391303,0.561546374759617
2017-12-01,14.8207357602212,-0.006641059338331871,0.33791211268694654,-0.1690260384379423,-1.1464882827784904,-7.58974978236462e-4,-120.01144756275606,-35.19733644588728,0.028926703810293983,-0.2324564481274911,0.10117665946375087,0.006735287984878718,-0.1495341432832267,4.417945593637314e-5,-12.33712357028008,3.204218707682827,0.016123286601704753,50.747,1.2232840301543153,1.2293074736611822,1.5944856770732363,0.7762772518965253,0.40040337844480456,0.8182084251767111,0.7762772518965253,0.8182084251767111,-0.3651782034120541,0.44700677825779
2018-01-01,14.464329217409114,0.005085994524522479,0.2618008518174714,-0.16666925860148923,-1.1488425880661057,-6.80745594576461e-4,-107.96290853647746,-39.7984535516804,0.026417741007913758,-0.25851992238402255,0.09154636220853744,0.007292297521334483,-0.16536396984964893,1.026760210651811e-4,-7.8585598727120765,1.8023562620395515,0.015866853825243846,46.184,0.9845649958564126,1.0142683696759582,1.3844278231716438,0.651633046106582,0.3999709061458493,0.7327947770650617,0.651633046106582,0.7327947770650617,-0.3701594534956856,0.33293194974983054
2018-02-01,15.245852370535967,0.08991491211774716,0.45066356687681175,-0.18156288757312533,-1.1416249182982579,-8.067827577889916e-4,-125.90059889456214,-30.231836060949572,0.028495808085133956,-0.24934864093723394,0.14525239191888117,0.00839041819054219,-0.17355183877463856,7.970241553939908e-5,-9.314111475137588,3.1535249330918944,0.017023174840087658,20.905,1.0099342975664356,1.2881676586579351,0.7087494317786008,0.3528799617465683,0.3719325985795021,0.3558694700320325,0.3528799617465683,0.3558694700320325,0.5794182268793343,0.6570543358198673
2018-03-01,15.304289482995186,0.10943824395599323,0.4235481922433898,-0.181401819413353,-1.1306255617769934,-7.926855702491904e-4,-130.41982842747976,-28.753142174589172,0.030228343543441425,-0.2519660329212875,0.14420868920783578,0.008330301631803386,-0.1750606648759035,9.328290555440405e-5,-9.584154351645276,3.1531910121379365,0.01686965660602645,21.801,1.0781663721735637,1.061317091661118,0.7952742986876746,0.42749891501969195,0.34797074392293464,0.3677753836679826,0.42749891501969195,0.3677753836679826,0.26604279297344346,0.6506674571538718
2018-04-01,15.220677211765846,0.08958720655163581,0.42860707469640735,-0.18146583898757201,-1.141274990954815,-8.258493268749494e-4,-125.16184627419838,-30.689915196892276,0.028963949785733974,-0.24692614710437816,0.1393245730453159,0.008366638414009243,-0.16999240352114497,6.982170735298492e-5,-9.033195755513335,3.083324573525132,0.01701773912235716,20.774,1.0155723884991252,1.0262791529977036,0.17409297531504414,-0.17943353721280353,0.31828289070717014,0.35352651252784767,-0.17943353721280353,0.35352651252784767,0.8521861776826594,1.1950059257119288
2018-05-01,17.158064199345528,0.27667911663917605,0.1349016456918027,-0.18447138353221768,-1.2086277681519262,-4.008026895328522e-4,-170.78666919381428,-15.961131653144648,0.018932042465314856,-0.2713638007422981,0.0764970183599569,0.008636392589644075,-0.17840433868080277,1.5247185575861412e-4,-9.732590221281399,4.297872121320039,0.01639263402342269,23.631,1.1092429529309222,1.0500870869294476,0.28970973587441895,-0.09766459873308264,0.3355255911837928,0.3873743346075016,-0.09766459873308264,0.3873743346075016,0.7603773510550287,1.2069075516640049
2018-06-01,17.043541452246014,0.3456772997116592,0.5098337313385017,-0.18337116124811384,-1.1403480337901881,-2.4731476198320648e-5,-185.59336204126757,-6.768655173247902,0.022319614548035726,-0.27989594692654945,0.17975319838087236,0.009228682816170019,-0.18612771950004012,1.863479058044906e-4,-14.410990978629885,4.993941354952691,0.015550638620600354,24.23,1.2184687473779812,1.070589769931983,0.21697370667397364,-0.15981826710317293,0.3481279779512874,0.37679197377714657,-0.15981826710317293,0.37679197377714657,0.8536160632580094,1.378287014481154
2018-07-01,16.957111151049524,0.3410449400554593,0.3813548565622784,-0.1839285188089578,-1.1237279291202962,-9.154020179988815e-5,-180.73209642016653,-9.700326612793882,0.020676565572958407,-0.2728573801340532,0.15452906236616812,0.008952170764638032,-0.18120890125497352,1.591868642346722e-4,-13.028805944739636,4.592625024427501,0.015578434893245176,24.973,1.119290349130723,1.1536778377392274,0.24509324959056672,-0.14394700499844504,0.35735411445379983,0.38904025458901176,-0.14394700499844504,0.38904025458901176,0.9085845881486607,1.263237354129168
2018-08-01,17.0317745527298,0.345237472728519,0.3138862456012086,-0.18481458392004088,-1.1077293924391203,-1.0340746606277386e-4,-181.82111222931653,-10.670273256728224,0.0190402348064517,-0.2724001246836993,0.15248299631207418,0.00897793085481614,-0.18318858595944318,1.6601407536323255e-4,-13.249717814042569,4.654220568654718,0.01556565340829723,24.957,1.2514415851323928,1.2046887617913908,0.40632927320536155,0.017857261094487598,0.30679717614441254,0.38847201211087395,0.017857261094487598,0.38847201211087395,0.7983594885860292,1.2335843240379052
2018-09-01,17.1810693946349,0.3962604659184956,0.011839986620961838,-0.18889795111413868,-1.0181535564082382,-2.2015050269560914e-4,-188.3881352772053,-9.81500170720062,0.018463067599365876,-0.2629592485398287,0.13262944016187989,0.008869925999951655,-0.18187608731552177,1.5097803959942567e-4,-13.365078450945513,4.312437321580381,0.015389100417425661,22.619,1.1906814177035965,1.1137482734461799,0.4112188308473937,0.06313276850564264,0.29124306742471506,0.34808606234175105,0.06313276850564264,0.34808606234175105,0.7025294425987862,1.1275486491979538
2018-10-01,17.073366562603795,0.4497784852292899,-0.5114504097134419,-0.19253184508499976,-0.9174394477296436,-3.846275532427358e-4,-186.68243112859668,-10.566415137591177,0.02012842070800884,-0.2518825787844934,0.09703989426195098,0.008949178843136917,-0.17603199744523956,1.3308739988962938e-4,-12.231922850963096,3.085897060464379,0.015060031692296293,23.211,1.2913000367293366,1.1272430516211167,0.5761819802989615,0.2266235846890723,0.3100357083068856,0.3495583956098892,0.2266235846890723,0.3495583956098892,0.5510610713221552,1.0646764520402643
2018-11-01,15.892695933876276,0.5584932677832555,-0.38744563732571463,-0.19591036429329434,-0.6354224222232379,3.6295054859838396e-5,-185.0054148510863,-18.684634922764438,0.028977431881271273,-0.2518825766736263,0.28435860002159796,0.011573229355650711,-0.15552226991593507,7.701485317378347e-5,-13.703521602404432,2.6611758646317902,0.01331861959952987,9.918,1.3138676013839186,1.0910136947607474,0.26653316289363616,0.1344390937054989,0.3205883888469234,0.13209406918813724,0.1344390937054989,0.13209406918813724,0.8244805318671112,1.1794285076784197
2018-12-01,15.042851161635667,0.5215313289949265,-0.41197768712866367,-0.1990958233401142,-0.5425127483717169,4.01537186732821e-5,-163.9478005170897,-27.578536658168005,0.030616285777076275,-0.2531234306879878,0.3823577760472335,0.013097165235021219,-0.15240621579346778,7.484545976064734e-5,-14.533538653328522,1.1914694965303505,0.013363051206326118,10.122,1.2590504719593567,1.1647914528118528,0.4238255616780834,0.2885647573676504,0.2658302857663785,0.13526080431043297,0.2885647573676504,0.13526080431043297,0.7409658911337694,0.9704857145917063
2019-01-01,15.286153358678217,0.5038000626651586,-0.6130495810461514,-0.2031939424932279,-0.5588084844300106,-9.437925004403266e-5,-160.1698799168536,-23.705202277050446,0.02652680373559187,-0.25749469759824345,0.396137394864826,0.013841053276994175,-0.16262758482808384,9.417427984474632e-5,-14.576877603403997,0.1233260932115535,0.013884218442763266,12.961,1.2313073779909256,1.3012584279207242,0.4084858673643793,0.22853251212772463,0.28520809795202434,0.17995335523665468,0.22853251212772463,0.17995335523665468,0.8927725605563449,1.002774865863201
2019-02-01,15.709196872215061,0.5386835993655698,-1.1149302371780654,-0.2098627009896204,-0.5624410880750783,-1.221377413582333e-4,-158.76079860387694,-20.395587686999246,0.023550159460852912,-0.25852383826801234,0.36744822031918256,0.014397906802696236,-0.17458227791155942,8.988081851728359e-5,-12.487775985452789,-1.3281366873187295,0.014205085491086594,-1.222,1.1757538882391094,1.2495510561620327,0.23826466260174203,0.25562327707184984,0.29536938469861657,-0.01735861447010782,0.25562327707184984,-0.01735861447010782,1.0112863935602907,0.9201306111672596
2019-03-01,15.498992544040059,0.5166087163673144,-1.0300318724897375,-0.20771467387668982,-0.5630649904019284,-1.5736496975291822e-4,-153.2578000538004,-23.04188835981561,0.02157272137512068,-0.2603428170613167,0.3570635680513909,0.014017909083311905,-0.1731389832550855,9.296569176458297e-5,-10.947307789366919,-1.994515825525024,0.014231486221345116,1.183,1.1662279043314407,1.24968111615087,0.39611062068738534,0.37927477248753405,0.2821859074705716,0.01683584819985127,0.37927477248753405,0.01683584819985127,0.8535704954634847,0.7869531318439067
2019-04-01,13.536964152707911,0.4683411894084273,-0.7457561912378693,-0.19940452065802483,-0.4145176189572162,-5.027972937994318e-4,-122.02475113909854,-34.76668023203569,0.02930645788206723,-0.193442878591132,0.28964923754162375,0.01001142330818227,-0.11730819712714319,-1.470947021441883e-4,-6.754692217992925,-3.4862926795345386,0.013530699042179817,0.077,1.0925166186778454,1.3775186135501822,0.1439270031934782,0.14288513936723035,0.3071357889074448,0.0010418638262478458,0.14288513936723035,0.0010418638262478458,1.233591610356704,0.9496314793106151
2019-05-01,13.596960847391053,0.4815627456988446,-0.7915441726764354,-0.2001409244148757,-0.4106036754035686,-4.886103823943869e-4,-121.58730713726054,-34.685409153194684,0.026830215582599133,-0.19743189349652296,0.29648648526722243,0.010205807588290036,-0.11940944121861882,-1.4054060629935735e-4,-6.439884539201858,-3.7055222478255305,0.013524727205130373,-0.862,1.116153965135764,1.0954161012788415,0.17547858429354965,0.18713689914437204,0.2764038957854794,-0.01165831485082238,0.18713689914437204,-0.01165831485082238,0.9199375169852918,0.9290170659913919
2019-06-01,13.331598402148364,0.439491070801032,-0.6997213879955875,-0.19727738788531438,-0.41947620326554197,-5.202932734197707e-4,-115.72474411973329,-33.582409984325814,0.026956492175799006,-0.18856356974734653,0.2792005403780563,0.008789749171808605,-0.10771868081182207,-1.6125519999530625e-4,-6.745818802755074,-5.388586548180434,0.013689518609745096,-0.37,0.9824032304665932,1.2191550351612381,0.3246972922743403,0.329762414159946,0.22616153535454217,-0.005065121885605686,0.329762414159946,-0.005065121885605686,0.8944577428868978,0.6526408163066472
2019-07-01,12.275312871974553,0.36598912860873384,-0.6377391309296806,-0.19163887198138807,-0.44337899335847425,-6.792510327279069e-4,-84.87051036752325,-47.331434257017854,0.028824665012689817,-0.18872893796737078,0.22625618583381993,0.008227282990742175,-0.10180472192013353,-8.941438637435267e-5,-2.3291767098564073,-8.07960317105445,0.01402143726590356,1.118,0.8112589190177335,1.1102018672256988,0.3008067720060599,0.28513080514277966,0.2487481548595238,0.015675966863280183,0.28513080514277966,0.015675966863280183,0.8093950952196389,0.5261281138749538
2019-08-01,12.203157589979241,0.2770142567359436,-0.3385747529471219,-0.18934855460250666,-0.4294665084491186,-9.424021500482889e-4,-86.1673846313092,-47.10572144236891,0.026571510756198537,-0.17105620812296266,0.21814870759049723,0.008575931705145333,-0.09540370940093579,-8.546977065150452e-5,-3.7255754622264434,-7.311153485693395,0.014148335535720351,-0.851,0.8351789748760353,0.9069360735174545,0.26524613865450375,0.27728637219540175,0.22431872990586682,-0.012040233540898018,0.27728637219540175,-0.012040233540898018,0.6416899348629508,0.5578926026806336
2019-09-01,11.68527685268392,0.11262719208032804,0.13648076109425322,-0.18710579275794745,-0.34259024541465083,-0.0013917308055659131,-81.05182211399732,-49.54929381803519,0.025304774858842246,-0.09005280749033094,0.12267926232949018,0.011129179150168091,-0.07269907959921748,-8.257343347287821e-5,-5.4486985890111965,-5.5080831914395105,0.013862991547545809,0.843,0.6314628593531789,0.8977194715538503,0.3209523082966639,0.3092658064220828,0.19304305368281688,0.011686501874581116,0.3092658064220828,0.011686501874581116,0.5767671632571865,0.32219705293109613
2019-10-01,10.064657566511762,-0.10759625259655543,1.4646647311942325,-0.1681654072859953,-0.4559255661862941,-0.0014836539281505438,-45.79207521397167,-48.68661726627611,0.021695450333639916,-0.08209180217659537,0.1593755139274135,0.010001119920478505,-0.045956318001574285,-1.4259199161759301e-4,-4.426836811189957,-3.8814585236533854,0.013091487580294835,0.602,0.5676449014200925,0.7642286834762502,0.1833159912051746,0.1754349156818371,0.24401020675213164,0.007881075523337491,0.1754349156818371,0.007881075523337491,0.5809126922710756,0.3922099857382554
2019-11-01,9.311650100245128,-0.1675332719548982,2.5211852128145327,-0.15920689614842673,-0.4029252287276219,-0.0012112459660729817,-45.475187764268625,-42.84569586776408,0.01879107295482488,-0.053228320802568854,0.18942613510776324,0.01204444074159595,-0.014406697512417166,-1.5005093814086508e-4,-4.811943348844241,-2.696913238876589,0.011041963536769369,-0.698,0.5712729858763097,0.6107240543336194,0.3382002447850523,0.3459075353337173,0.21561722036294517,-0.007707290548665019,0.3459075353337173,-0.007707290548665019,0.27252380954856714,0.22536545054259238
2019-12-01,8.685815964337765,-0.2719408662495283,3.5966927333860474,-0.15178690860140145,-0.44107847020527463,-8.055919400955741e-4,-36.85844479264476,-38.53509401066676,0.016335318868456593,-0.058630171580747806,0.2575478861797147,0.012937420837382042,-8.013458163520104e-4,-1.5280204397864828e-4,-3.0727938272310307,-2.328371690434245,0.009032624568987084,14.478,0.5855081805891017,0.6510728358270268,0.49488818472269003,0.364113846212895,0.18704927445734687,0.130774338509795,0.364113846212895,0.130774338509795,0.15618465110433677,0.2213943343762067
2020-01-01,8.770502411957775,-0.2807073384445104,3.6279852312093546,-0.15205661702762296,-0.4601517350483993,-8.147407816394452e-4,-37.719181671667,-37.55419673636797,0.017348036624061553,-0.06462977713385201,0.25973465919016936,0.011908068840724505,-0.0014436674362261642,-1.7337340623205477e-4,-3.0419483145333137,-2.1260712374306285,0.008874313743539112,12.515,0.5671170883917118,0.5647328237252556,0.39258885123610504,0.28152681473571306,0.17801929449096723,0.111062036500392,0.28152681473571306,0.111062036500392,0.17214397248915053,0.28559027365599876
2020-02-01,9.063639419736399,-0.3063857350964786,3.733912024067067,-0.15274107633746672,-0.5383607893187047,-6.771816984561018e-4,-37.07710015766076,-33.55014455583281,0.015786274890402276,-0.07805663335489552,0.26775875336728944,0.011314816160558678,-0.007147376364175455,-1.7455690931983408e-4,-2.6312023271474776,-1.9778837311537885,0.008521400761035703,12.427,0.5326186285298662,0.6012660083749392,0.32657744791940874,0.22068200066201804,0.1590082383573963,0.10589544725739068,0.22068200066201804,0.10589544725739068,0.2746885604555304,0.31193662786784815
2020-03-01,8.78940621962517,-0.3098768777483059,3.728561585927683,-0.15032925991478133,-0.5290611758735719,-7.450695748072661e-4,-33.13136401998771,-36.498063902691314,0.017057220940379734,-0.08014949461178315,0.2683853549134966,0.010550970681766194,-0.006125192292741887,-1.8202136245280232e-4,-2.5939720498099046,-2.1799013063758275,0.008865132865199967,14.137,0.7893571248760308,0.7879689574724351,0.15863042175543748,0.03330403844010554,0.18658557902071937,0.12532638331533194,0.03330403844010554,0.12532638331533194,0.6293385357169976,0.7560530864359253
2020-04-01,8.863932732236332,-0.3071154471708785,3.7319203462580157,-0.15155591762535514,-0.5289312656809497,-7.464608340967618e-4,-34.25507046348877,-36.05852975152588,0.017281305063339834,-0.07914650899005735,0.26826363635536576,0.010802775573571784,-0.006304043487304031,-1.8229275371299915e-4,-2.575105619516933,-1.992310078642536,0.008790487481886742,52.767,0.8072885902699233,0.806219834430101,0.37015409157063167,-0.09369356138608609,0.375020600590008,0.46384765295671776,-0.09369356138608609,0.46384765295671776,0.43606574285946936,0.9009821516560094
2020-05-01,13.386222375645533,-0.10588627784384474,3.2886130921668104,-0.20204297719750866,-0.5052767818695129,-2.7682961265703836e-4,-115.16562341681211,-25.634436874413748,0.015203321308822309,-0.04859559127079725,0.2003726557077107,0.014715387541337619,-0.0021119007538430933,-1.087289803055093e-4,-7.473832382090686,-0.11911874228897468,0.0054265576892382535,132.99,0.8143898547273767,0.9019883718860031,0.3730819062033641,-0.34859600088843123,0.32867976046180813,0.7216779070917954,-0.34859600088843123,0.7216779070917954,0.528906465682639,1.162985855615808
2020-06-01,13.976046825040049,-0.024026309122458532,3.371667112317109,-0.20828895015842971,-0.442663420104466,5.536265421745264e-5,-136.75690358556656,-21.52316599980475,0.015917865891455846,-0.033343581826931576,0.1961484804114992,0.01240288399136035,0.012437607784540741,-1.0055239656448094e-4,-10.121047936463476,-0.14708984112407864,0.004446194053238583,144.816,0.6336468859077344,0.834899989283429,0.17073306952627043,-0.47314696848752824,0.34071640917439583,0.6438800380137987,-0.47314696848752824,0.6438800380137987,0.6641669197571586,1.1067938543952627
2020-07-01,13.231337352177883,-0.0012322369576243327,3.1001822382762354,-0.1965774826130356,-0.43476264883625765,-1.0930879889932478e-4,-127.21134529257945,-19.702030055438097,0.016772773219045814,-0.012341183750753174,0.14699833312824703,0.011346321242530922,0.013949859526636618,-1.2897970539528752e-4,-10.910317951667864,-0.22356763903860705,0.005157828325943701,150.1,0.5850523963387874,0.484494341730672,0.03970846240946457,-0.7344815693146849,0.35432758445627593,0.7741900317241495,-0.7344815693146849,0.7741900317241495,0.44478587932120744,1.3195339656534721
2020-08-01,11.583957541299945,0.07821568695629404,2.968843445449692,-0.17279630347971062,-0.47714851325231106,5.47663089625442e-4,-100.23730373714608,-5.34437357296565,0.012482710212443834,0.0345914576402683,0.08685007284692753,0.011896899364914455,0.013897376175905212,-9.776868958515706e-5,-10.405710273151042,-1.6581781542868692,0.004948673150394442,101.793,0.5495372462772049,0.24847931447811517,-0.04051738547414163,-0.5442576714722431,0.3220175302500466,0.5037402859981015,-0.5442576714722431,0.5037402859981015,0.2889966999522568,1.093794917749448
2020-09-01,10.731270777090204,0.0083584977296399,3.5878674144175315,-0.16789186506136114,-0.5676155450960246,0.0011268544207427018,-72.64035628078939,-17.421857804948004,0.010091016396758431,0.023783818930368697,0.13947425632601923,0.013741289582899576,0.005129133929912448,-3.478737336279662e-5,-5.845047828988864,-2.56067573269329,0.004120366602765869,74.616,0.5486909286051814,0.4348309346488396,-0.02244860274926891,-0.32989387718124696,0.27330323383151983,0.30744527443197806,-0.32989387718124696,0.30744527443197806,0.4572795373981085,0.8785848057864284
2020-10-01,11.344624296015098,-0.07524496306406789,3.1138055930963673,-0.19021273523623441,-0.5549999306862897,6.352829614459792e-4,-59.81034166860002,-23.35095513286715,0.011630451286894878,0.04619176963044061,0.054336328716177426,0.01141843370189891,0.0023858079181292642,-9.057854645186261e-5,-5.101529609700625,-1.5865917258514648,0.004723731999191478,90.41,0.5081777354543425,0.5882515552552279,0.027366741057598787,-0.3997058689893027,0.30157201689175356,0.4270726100469015,-0.3997058689893027,0.4270726100469015,0.560884814197629,0.9078836044436452
2020-11-01,11.243867009866214,-0.15349427560064705,3.3007379964570185,-0.1907719956920774,-0.516169971803188,5.309957292396828e-4,-60.55408169642667,-26.270140276174153,0.012399571472892093,0.04878150067254938,0.07053326418488824,0.010357694239187828,0.008079860427010343,-1.1082598122225428e-4,-5.979051921846929,-1.6523586062857398,0.004811020068578126,81.167,0.4673754192103553,0.4155761975074715,0.040463247819657766,-0.350032818086623,0.2792295565960103,0.3904960659062808,-0.350032818086623,0.3904960659062808,0.3751129496878137,0.8174082372969783
2020-12-01,10.552362910634033,0.2798858222507913,2.8803552541179767,-0.15659045431064242,-0.578958280897203,8.652575496757582e-4,-77.31574416702904,-24.634482667267697,0.009145161080976459,0.03006224234368607,0.035097433246689715,0.010258033966017214,0.008585969961194291,-8.199990864328701e-5,-7.0257082603552305,-1.0382286722137288,0.005208602580304759,92.076,0.4341823070942886,0.4351305987266615,0.23414614562605313,-0.24544114555808783,0.2905479940711463,0.47958729118414095,-0.24544114555808783,0.47958729118414095,0.20098445310060836,0.6796234526523764
2021-01-01,10.661498280461783,0.518091110272477,2.5033021476818704,-0.14333473506984468,-0.5235352555898299,5.846633800367179e-4,-107.6776128319843,-15.26120755038274,0.013782773307965096,0.1268437288071041,0.014273963809710551,0.020874833592952582,0.0018887631693910167,-7.042485860887801e-5,-11.777008418800417,-2.16486537258586,0.005366952487704814,74.985,0.4331516881079408,0.5328031879642596,0.12952206616495582,-0.2729188661255897,0.27966858908857145,0.4024409322905455,-0.2729188661255897,0.4024409322905455,0.4032811217993038,0.7060705542335305
2021-02-01,10.366884840400468,0.5547359669159481,2.6038185135865657,-0.13923239250745212,-0.5294399094044563,7.953744473592762e-4,-103.23613090507934,-15.730514778829088,0.01063724649370305,0.06612803812977135,0.028361570013482076,0.0157940885553647,0.012564844467480116,-8.462491205375577e-5,-10.57033393748303,-1.6980809961565904,0.00538069652946058,66.701,0.40232189424525344,0.3188620381139699,0.08324627685579539,-0.2756515623557547,0.27301275838759653,0.3588978392115501,-0.2756515623557547,0.3588978392115501,0.23561576125817452,0.6779734566010082
2021-03-01,10.075150625431224,0.5483948286287599,2.803361405498109,-0.13151056344229553,-0.5978736864689463,0.001070331233741189,-94.8857776429524,-17.953825799119205,0.006929681176967122,-0.027475394209300993,0.049724679149591486,0.007430872948644513,0.021359289660300918,-1.0396345007543319e-4,-8.451683476375432,-0.6744212724019885,0.005282359210668357,75.043,0.407217202570109,0.27131735345350527,0.16611580232272888,-0.23028827992345668,0.26057121755082613,0.39640408224618556,-0.23028827992345668,0.39640408224618556,0.1052015511307764,0.6375054824935658
2021-04-01,10.073294747768045,0.5434960992795904,2.9787104127729234,-0.13912011724493908,-0.5806629104951163,7.609579252485791e-4,-89.79581257910992,-22.254650144384527,0.009316481613119884,-0.029492601759879108,0.06807127831293307,0.006586242897735611,0.02394519357031321,-1.480675567503017e-4,-7.550031925847154,-0.7874657153400667,0.005175836377404042,88.476,0.40388525162372296,0.4112127304866847,0.3400476731427589,-0.1178896261844411,0.2658884407406076,0.4579372993272,-0.1178896261844411,0.4579372993272,0.07116505734392581,0.5217748778081641
2021-05-01,10.30277869693947,0.6146178272088143,4.3093099184238355,-0.1920968881727282,-0.39405228022878,-0.0017689905754713073,-71.82237580725302,-24.082302939360904,0.02413310708087533,-0.03882268734509418,0.2584955357859685,0.0018513785438204267,0.049112281125245544,-5.088874326744999e-4,-3.605316513169631,-3.4189313878012166,0.004080717903713876,94.304,0.4053339761437705,0.5849265937540453,0.18910553058114532,-0.19572249061068803,0.21601714171016148,0.38482802119183335,-0.19572249061068803,0.38482802119183335,0.3958210631729,0.6010564667544585
2021-06-01,10.331614256154468,0.6163607861026078,4.27580171260546,-0.19720719176680498,-0.4271175294714302,-0.001600361360122728,-64.89229917845665,-27.08501923122057,0.02738972343410944,-0.015829742358946814,0.25099937244781456,0.0014765428423542378,0.04051444502463215,-4.407505890234062e-4,-3.2929273715799527,-3.5011187350473194,0.0043279099496304945,94.673,0.3755567887947911,0.3692321598546781,0.13047984728736411,-0.2792563713740037,0.21092563386511237,0.40973621866136783,-0.2792563713740037,0.40973621866136783,0.238752312567314,0.6548131601687948
2021-07-01,10.405752987560907,0.7458655999261108,4.223934323334711,-0.2042310884524693,-0.5149559959006816,-0.0010061948967294392,-53.978629205347936,-26.472403790879664,0.029566480617148182,-0.0014209730933591456,0.2505158365549754,0.0013011355357811524,0.026677338475532174,-3.262118043202969e-4,-1.8847071441385401,-3.949687566576234,0.004521283862936411,93.488,0.3880380694032619,0.4571271611417701,-0.02584424579897182,-0.448530031577171,0.22384064964487768,0.42268578577819915,-0.448530031577171,0.42268578577819915,0.4829714069407419,0.8365681009804329
2021-08-01,10.406515053683009,0.7597524368314557,4.276867143700913,-0.20549882838407346,-0.5123975345652824,-0.0010884637277187089,-54.17127473127796,-25.630812550809207,0.030702878763050872,-0.0022695066190954916,0.258811671312902,0.0013413608487976285,0.026987481223532388,-3.309980965458009e-4,-1.7946740710320204,-4.0961693352041,0.004472903503377428,101.5,0.3898887451930298,0.41637928205573177,-0.06056820803568619,-0.5145679136284951,0.23434055792949546,0.4539997055928089,-0.5145679136284951,0.4539997055928089,0.47694749009141796,0.9044566588215248
2021-09-01,10.233584294774955,0.5913054981317772,3.813265925416483,-0.20242135046465812,-0.4339549731396577,-0.001005319669448446,-51.59856113948781,-38.71180775997747,0.027018966433689236,0.025368635029766873,0.18610893770298134,0.002496685299025925,0.029422759021898483,-3.399730185329649e-4,-2.4276020667467266,-2.950314812399896,0.0049068440800138485,78.613,0.39043497332383154,0.4692640605786697,-0.0888032317394663,-0.47454496540159496,0.2245930405700829,0.38574173366212866,-0.47454496540159496,0.38574173366212866,0.558067292318136,0.8649799387254264
2021-10-01,9.241824813061681,0.715414877632576,2.0402483607783046,-0.14198623901054536,-0.6670622115795801,0.0017575318878575766,-51.65733695384857,-15.802256482317626,0.012592901849551278,0.04380066211519742,-0.0228155121680254,0.008043309796727896,0.0049700139653200215,-6.173548927394577e-5,-3.075909891892421,-1.4104327240149022,0.004592184844225164,87.474,0.38877926921759254,0.5640632093338352,0.42151092830926257,0.01981415124551056,0.23858180651063288,0.401696777063752,0.01981415124551056,0.401696777063752,0.14255228102457268,0.368965117972082
2021-11-01,8.447634981096261,0.6987213589254094,1.3258731255249832,-0.12200111844406551,-0.7430027600511602,0.0019321249144495772,-31.720055651520266,-17.2256766197992,0.005469711891882024,0.04235296042921048,-0.1610365568426081,0.009439349082281485,0.0018149833381123635,-9.232309639905881e-5,0.1102108704193036,0.1769580164016415,0.003937392350823997,82.893,0.49311296585574754,0.600749250922651,0.49730481542711774,0.17092255129026412,0.23515396235246627,0.3263822641368536,0.17092255129026412,0.3263822641368536,0.10344443549553323,0.3221904145654834
2021-12-01,7.972691649055596,0.6203894947018904,0.922783154979982,-0.1122925089821047,-0.8086661156496291,0.0019024843791665919,-12.367469304205331,-18.42272545681664,5.8995382807177e-4,0.03651557480249336,-0.24971113737350112,0.008930649326040454,-0.0012588994817616659,-1.267924924652019e-4,2.741552411415671,1.3039600362245463,0.003337126599650986,82.86,0.5488512560232925,0.6514795194110955,0.6822131787521505,0.40569886870506977,0.27063896362202156,0.2765143100470807,0.40569886870506977,0.2765143100470807,-0.030733659341054986,0.14315238731822277
2022-01-01,7.937597274385227,0.578508204289471,0.8320071769957188,-0.1130271321527804,-0.8299096226129897,0.0018342922821765223,-6.26506562041995,-18.968828866063937,0.00034258889183611993,0.05446939353262412,-0.2599182962530465,0.009216152357401211,-0.007184165538107511,-3.3528040028610196e-5,2.277321224724165,1.248372180231321,0.0035716689896281317,62.364,0.5683066456136773,0.6287046869014055,0.6380810519278654,0.41533748705869655,0.24311941629421957,0.2227435648691688,0.41533748705869655,0.2227435648691688,-0.009376365026459887,0.15296915855498072
2022-02-01,7.530411755056462,0.46554704651857864,1.2728013310207629,-0.11938566785307266,-0.8142875253616111,0.001291894832750914,9.981018224135443,-20.05040366995738,0.004091134552116816,0.04421797033489595,-0.18130975521421172,0.005889275019155571,-5.4456408382529e-4,-9.09161756887029e-5,4.231940519865981,0.7264491673741905,0.002482289108208102,67.405,0.7011641344344272,0.6303628424301768,0.5795918096002791,0.412273112261512,0.1875795928778401,0.16731869733876711,0.412273112261512,0.16731869733876711,0.0507710328298977,0.2888910221729152
2022-03-01,7.539798656875124,0.38191412663616786,1.5287049152795917,-0.12147081523737993,-0.8694335210110109,6.74116956317278e-4,18.17580040237328,-23.615820068195013,0.006795895994681506,0.04080726738107379,-0.1361716169506969,0.0042918793157119845,-0.01097123949581891,2.1212184402485668e-5,4.912333803406421,0.7672733270881067,0.0022505988735657166,52.279,0.7118692773576077,0.731287773415956,0.5685559016822006,0.4508968431710585,0.23429718424031973,0.11765905851114211,0.4508968431710585,0.11765905851114211,0.16273187173375536,0.26097243418654925
2022-04-01,6.758237319564663,0.3756512450786953,1.2178006146308211,-0.11208046598972225,-0.7746214243770415,2.500414150556055e-4,24.503276320248876,-23.52170393908538,0.0036762925066810745,0.06821058248599679,-0.17897298770781644,0.005916441327632761,-0.00360379676220588,4.855488438634772e-5,4.884733299674686,0.7863660831187937,0.002012393517451134,44.386,0.6701379935882956,0.7054488852913616,1.0475972272238154,0.9582751285582294,0.2121037236442382,0.08932209866558603,0.9582751285582294,0.08932209866558603,-0.3421483419324538,-0.28813713496993376
2022-05-01,6.767157574295007,0.3654370502027511,1.275696216590412,-0.11341972853740111,-0.7675335061683742,1.4173871302306638e-4,24.696554205326542,-23.550882606666068,0.0042316625035864865,0.06802056532621684,-0.17021129163715065,0.005669816863318756,-0.00240178835871995,3.616244651633484e-5,4.885053437780422,0.7050863930599985,0.0019451157488339828,33.234,0.7933513128408424,0.7199617009049697,0.9339237314151037,0.869279754618355,0.19487859901930427,0.06464397679674859,0.869279754618355,0.06464397679674859,-0.21396203051013396,-0.07592844177751268
2022-06-01,6.715166422405128,0.3621552076042405,1.2609187732201663,-0.11228116933265447,-0.7626201670676357,9.696488697924601e-5,24.68624630151334,-22.886813418600816,0.0041507034645730185,0.06449791008288537,-0.16500030012946337,0.0054682729915863145,-0.0024134386586370424,3.888446068508278e-5,4.944988496587685,0.6900286038672135,0.0018746584088003768,22.433,0.7522201573772332,0.7582422111428743,0.8220679008040473,0.7800136887194284,0.1854438589412143,0.042054212084618854,0.7800136887194284,0.042054212084618854,-0.06382568966117308,-0.0277935313421952
2022-07-01,6.847838293075614,0.3483220578118573,1.2615793002328664,-0.1126677676024696,-0.7471966158259782,-1.4216826967323212e-4,19.539578479399893,-24.889831406290813,0.004961951594015199,0.06808681599680169,-0.1645833768301424,0.00616526222576414,-0.0015790058833527877,4.467644781096314e-5,4.060564675623632,0.8026176597996021,0.002175672423590481,13.936,0.7412538984848588,0.786770874568575,0.7361504025740478,0.7058302316788909,0.19970190327887105,0.030320170895156942,0.7058302316788909,0.030320170895156942,0.05062047199452713,0.03542366680596787
2022-08-01,6.47095212437984,0.35404336048630647,1.265753678176687,-0.10682006458860252,-0.7402772914142276,3.900987467263283e-5,23.277818852640536,-18.786824182715723,0.003631101052345465,0.05360155471850311,-0.15802164429754034,0.005440793129667635,0.0012080732442020861,2.4996073709931983e-5,4.991374125508008,0.6363080612033242,0.0015461319112064689,-1.836,0.77810137113308675,0.7668786452260836,0.7112314484391732,0.7140701466281483,0.16965283415385785,-0.002838698188975077,0.7140701466281483,-0.002838698188975077,0.055647196786910436,0.06403122450493848
2022-09-01,6.410061008787639,0.3528523955662647,1.2556863900805824,-0.10136645584300717,-0.7487593416980088,2.531230802530215e-4,18.766020002673137,-10.410070954873463,0.004272263163441546,0.07091126703277709,-0.17255077638412647,0.006494883420032002,-0.003059051438045371,4.242008216622814e-5,3.381598795832333,0.3153338626150939,0.00137568221662839,-1.944,0.8141825012251097,0.7425087428032862,0.6864938788426673,0.6891682050717929,0.1733496867993754,-0.00267432622912559,0.6891682050717929,-0.00267432622912559,0.05601486396061883,0.12501429615331683
2022-10-01,6.485065994469504,0.3668432858226708,1.277879635952945,-0.10205347230440222,-0.7733298791025949,2.3140582747887008e-4,20.2288656884657,-9.438336141034767,0.003981112534216302,0.07688344051136435,-0.1801709681486619,0.007060652674907692,-0.01232665034379164,5.782137996897027e-5,3.181341720600707,0.3013858186151667,0.0013001832167273564,-1.82,0.8230091822170013,0.8416702922530933,1.6380544310499678,1.6404207645044115,0.227265773313905,-0.002366333454443789,1.6404207645044115,-0.002366333454443789,-0.7963841387968745,-0.8174115822874103
2022-11-01,6.189234382114011,0.3209237678440908,0.4379189472892777,-0.09229888623877555,-0.5431716130541878,-2.633172562371249e-4,-3.7925240798830204,5.51382082307677,0.009338211302843484,0.11055989725922116,-0.1116483084423911,0.007789599579849937,-0.00441295582876303,9.139556822928275e-5,-3.7283144854726857,-1.1668272159963542,0.0020109882076133324,-3.084,0.7459170497661667,0.9781409415317754,0.7532894172310584,0.7594913048633378,0.17457940927375423,-0.0062018876322795175,0.7594913048633378,-0.0062018876322795175,0.2248515243007171,-0.01357425509717114
2022-12-01,6.087481392706617,0.3489613890377349,0.2289363468251601,-0.08562524885150209,-0.5128832480233481,1.452526105506303e-5,-11.051436668327808,12.233757072608707,0.00829639498126487,0.09249014397066416,-0.08121247688943842,0.007305486162143791,-0.001366583343463654,8.093151759249598e-5,-4.767970954573696,-1.3995538866016852,0.0019251276026692999,0.404,0.7116169981660111,0.8989855035321498,0.6653384729203424,0.664560721368864,0.15675655288732723,7.777515514783972e-4,0.664560721368864,7.777515514783972e-4,0.23364703061180736,0.04705627679714708
2023-01-01,5.3320650143635016,0.42950836989595975,0.07559242324945904,-0.07160231546756303,-0.4327771444277948,4.088293426228479e-4,-11.624090890598572,14.866664110055149,-2.9277609326238297e-4,0.013090524806710751,-0.035809219069906,0.0010480536081874136,0.04901403799226222,3.4334646570827656e-7,2.5340912802597653,-1.9102768607265637,0.0012818392388416443,2.516,0.6743049649565485,0.7768936405123948,0.7646972321269755,0.7614721246020499,0.1412998514232171,0.003225107524925577,0.7614721246020499,0.003225107524925577,0.012196408385419355,-0.08716715964550148
2023-02-01,5.874843063798129,0.4486909449109836,0.06982090623078976,-0.06824034952259082,-0.4987359856701862,5.091017422794485e-4,-25.111890955514728,10.844277968341604,0.0017022953238123417,0.0022322391906802012,-0.021565143915555536,0.0013541240881601326,0.039240072524297204,1.4477902766010144e-5,1.6492481502215892,-1.4774636802939611,0.0016466178556074948,-0.094,0.6023000832582549,0.726982119508395,0.6873650211109963,0.6875198031894234,0.15195487638886532,-1.547820784271045e-4,0.6875198031894234,-1.547820784271045e-4,0.03961709839739869,-0.0852197199311685
2023-03-01,6.747380691494934,0.3839107248438991,0.1715109464199614,-0.05192115013862604,-0.6398631322801751,4.908918759875006e-4,-52.831429943986855,13.028782993262112,0.003363299772198292,0.017145835223918906,-0.025438337793449225,0.0027921005893036333,0.02776742302530693,5.721744102765435e-5,-1.1336056122687792,-1.1298586855421549,0.001954480246578261,0.118,0.5901817146889115,0.6532404966902405,0.580655763761097,0.5804251350920007,0.14037007457976128,2.306286690962348e-4,0.5804251350920007,2.306286690962348e-4,0.07258473292914358,0.009756579596910786
2023-04-01,6.916138134539359,0.234332077936267,0.2293029480397717,-0.04793849471708512,-0.6354260324756306,3.405790508958442e-4,-59.81013082907794,8.862619717272814,0.004167219073694173,0.03305808937333296,-0.029508507320228698,0.0021997803897727264,0.029730944956818675,6.516065778361561e-5,-1.180747324793338,-0.9310363994723898,0.0020416847580752924,-10.212,0.5881438746292291,0.701006110227839,0.6390718795224387,0.6599215642719036,0.11685798053685777,-0.020849684749464886,0.6599215642719036,-0.020849684749464886,0.06193423070540027,-0.0717776896426745
2023-05-01,6.9996459698447175,0.16202889801011192,0.25708527712184076,-0.047006545399444856,-0.6333171412569102,2.578968003716064e-4,-62.386045869504144,7.469554750786182,0.0049327314055169725,0.04502440473481239,-0.03332085325510557,0.0024170962579238278,0.028768255069181025,7.307214716632399e-5,-1.9164296548526716,-0.8377432265801891,0.002139084373870238,-12.134,0.5635018531958847,0.673063059171217,0.6077820509319813,0.6337377007245228,0.11382409167140665,-0.025955649792541467,0.6337377007245228,-0.025955649792541467,0.06528100823923566,-0.0702358475286381
2023-06-01,7.056840412317756,0.141601092444844,0.26987023446067143,-0.052636812177662744,-0.6458697474548597,3.112576399532459e-5,-56.93437928482519,2.343049554302749,0.008313543873340932,0.064013170302633,-0.0368335314692492,0.0025726200622221474,0.0206793821148259,8.559169471983964e-5,-2.173138390782592,-0.7132679153171718,0.0023048036102873495,-14.588,0.4721225386548072,0.5612068198274389,0.5027547094455369,0.5363771845124088,0.11177260336887507,-0.033622475066871854,0.5363771845124088,-0.033622475066871854,0.05845211038190201,-0.0642546458576016
2023-07-01,7.069488270677564,0.1349225450557436,0.28630555487702425,-0.05212747876817659,-0.6503366592800714,-9.216296303979468e-5,-57.78437238286855,0.9313386396211392,0.009511650423842598,0.06760992476911548,-0.03877349391120063,0.002285672268225492,0.020793730410702253,9.514157060787173e-5,-1.6700385832913784,-0.7078439485375004,0.002332040411409473,-10.535,0.4759734620141192,0.5625443924088227,0.47958256385682163,0.5041506095910204,0.11593598851893476,-0.0245680457341988,0.5041506095910204,-0.0245680457341988,0.08296182855200107,-0.028177147576901207
2023-08-01,7.284374773117177,0.11938706106280837,0.31563824759805514,-0.05308493957679512,-0.6640323746593828,-2.460438116707726e-4,-61.781115172544304,-1.3718483206870762,0.010820779688496302,0.0736204896854919,-0.03824831786397748,0.0033499790516247517,0.012731370784958184,1.1910340192986427e-4,-3.230820740572375,-0.4786233150313556,0.0026168885160885707,-26.634,0.4658775880089824,0.5691954694624234,0.4085951225217862,0.4782933312592892,0.12859638163046044,-0.06969820873750299,0.4782933312592892,-0.06969820873750299,0.16060034694063718,-0.01241574325030681
2023-09-01,7.350008843689972,0.12264480740033132,0.3251666756700095,-0.055161973826816285,-0.6732181134572092,-3.5327316962772813e-4,-60.950105753205264,-4.295463307773864,0.012284917732683155,0.07686749841766383,-0.0379972451225846,0.003603321790648788,0.008190633635397628,1.325069483058586e-4,-3.482355363540732,-0.3266158884569202,0.0027404526199015598,-16.834,0.5157748344652832,0.5628502524375393,0.4244839392325951,0.47061671863601795,0.1395909175106507,-0.046132779403422856,0.47061671863601795,-0.046132779403422856,0.1383663132049442,0.04515811582926521
2023-10-01,7.090857524370432,0.13257512241494324,0.313708175005743,-0.053587029966336366,-0.6352403829196875,-4.2621392414376503e-4,-59.81790449517244,-6.467006191756851,0.011995051926097637,0.07154879173419441,-0.036332389772044574,0.003737149660767479,0.012357659644971312,1.3214702266669943e-4,-3.21825960266352,-0.15895651033645464,0.0026974117173699714,-13.515,0.5756833496930249,0.6324185538710739,0.35779286357470785,0.394248382934963,0.14041971331164294,-0.036455519360255165,0.394248382934963,-0.036455519360255165,0.2746256902963661,0.18143496675806192
2023-11-01,6.790550572270152,0.14850871122394058,0.30151561171268776,-0.052958368768604144,-0.5841601584743227,-4.2138517045740246e-4,-58.259043876389775,-8.97717987036512,0.011261497439737424,0.04729746333614439,-0.02574622419540081,0.0023887802626012125,0.020922847205267246,1.3436923997381967e-4,-1.3769721607728231,-0.07195823653734326,0.00267964273270977,-44.92,0.49790946454690505,0.577177983740907,0.3177898564825531,0.43815940803587594,0.1296350192850254,-0.12036955155332286,0.43815940803587594,-0.12036955155332286,0.2593881272583539,0.059750056511029104
2023-12-01,5.221088741231735,0.10103198101910789,0.24822115059811545,-0.045698311059153875,-0.369822917169238,-5.437210850895876e-4,-44.83694111275054,-10.058624880813003,0.009641048987248737,0.015864574119822287,-0.021723030493892504,1.7482294791548554e-4,0.05794870085186107,1.0667617018246273e-4,2.48939603338846,-0.09346333902890756,0.0019020739078546946,-12.565,0.476622321850823,0.5479337654135313,0.41027339564129023,0.43417295429348446,0.13307738369127722,-0.023899558652194237,0.43417295429348446,-0.023899558652194237,0.1376603697722411,0.042449367557338524
2024-01-01,4.053084265356224,0.057097879847531674,0.2074236296865972,-0.041591493800263675,-0.21235065697786557,-6.960496809600222e-4,-33.62984545657318,-13.392214836506131,0.010029361676507382,-0.00295004015148156,-0.011594373131000294,-1.155557200393956e-4,0.06803871894141739,1.0412996828892587e-4,3.329978508391721,0.3140199717965192,0.0013688084935002892,-5.495,0.4370666467027883,0.5391425321577579,0.4153368531290314,0.4228584558008155,0.13828663534424154,-0.00752160267178409,0.4228584558008155,-0.00752160267178409,0.12380567902872647,0.014208190901972784
2024-02-01,4.0971162894209,0.06960716103176183,0.1969037496704406,-0.04365654207509353,-0.2101897630208563,-6.195578859672775e-4,-33.85143217829772,-17.426181281710768,0.011295803003900581,-0.009769547202927178,-0.005955832774081062,-5.290276443249844e-4,0.06324311713075487,9.655415476719661e-5,3.891809953837061,0.5248816712720765,0.0014842283111936889,-25.642,0.4137452572321588,0.4998251083720192,0.36757562692100304,0.40563420927663163,0.12170564201827073,-0.03805858235562857,0.40563420927663163,-0.03805858235562857,0.13224948145101617,0.008111047955527195
2024-03-01,4.026041003216284,0.07676036347675237,0.18193295974323273,-0.045233906849428664,-0.1984523907432561,-5.283524801940891e-4,-32.39836869672723,-20.744564488985286,0.01266859667916885,-0.015982163630685105,0.0012056627410972928,-8.057917707185703e-4,0.053195346825101276,9.19856948948336e-5,4.188013996325193,0.764588265157193,0.0015055227058269434,-20.462,0.36924581565998926,0.4797789216638474,0.3588505572255104,0.38965656283214134,0.11724253783733604,-0.030806005606630913,0.38965656283214134,-0.030806005606630913,0.12092836443833699,-0.020410747172152077
2024-04-01,3.9417402042763308,0.09283815070665055,0.14189332376908181,-0.05256469767045661,-0.20094948852351363,-4.357979303768419e-4,-23.488001947328378,-24.047540210689487,0.017025552279538343,0.001388435276823097,0.0036655018586157725,-0.0015024392443737848,0.029779316101677417,5.923242583594655e-5,4.73793135277195,0.6963794508697208,0.0014786406522981636,-22.56,0.3780051580321434,0.3262258630285553,0.19506521642072405,0.22842334953657062,0.16687399227720287,-0.03335813311584657,0.22842334953657062,-0.03335813311584657,0.13116064660783122,0.1495818084955728
2024-05-01,3.4802252016410047,0.06582554103604078,0.12009798119737254,-0.04177510811325901,-0.1410494269063643,-3.68144484802911e-5,-29.638398921621963,-20.638496230521152,0.0153640420796378,-1.772384436394578e-4,0.005425064541058226,-9.765784166830853e-4,0.021846318154110828,3.5292813897490514e-5,4.081582715428095,0.9230513497780883,0.0012979480592521337,-28.676,0.35537506188476164,0.28196236807718256,0.24119729990746547,0.27841725845457965,0.13173046530016713,-0.037219958547114185,0.27841725845457965,-0.037219958547114185,0.04076506816971709,0.07695780343018199
2024-06-01,3.1313178817757024,0.07395288324468183,0.11480039378196231,-0.033416230425433326,-0.1377806347372236,2.0307793524411804e-4,-30.957214848090878,-10.905519021236623,0.015579399525595884,0.0025690925712641556,0.00475584268020774,-0.0014992141566682728,0.014348109852805801,2.0594958220896042e-5,4.214523886460731,0.460473908088069,9.522316193823081e-4,-30.242,0.3954388337620899,0.39752772282519055,0.22780798409809258,0.25660537273145234,0.1078029364261661,-0.028797388633359764,0.25660537273145234,-0.028797388633359764,0.16971973872709797,0.13883346103063754
2024-07-01,3.2558351419770934,0.14207525258915954,0.12509040483732262,-0.028454406671392457,-0.2217328506393038,4.009761240967151e-4,-33.22156476798603,-1.1300427244664213,0.016802452237649954,0.017165381015532784,1.5597228394309196e-4,-0.0020581172909720897,-0.010566972786228748,2.3416675161092745e-5,4.664212783943928,-0.20237366514198904,7.5450724786077e-4,-15.002,0.3690083634542154,0.3848598133864412,0.19540843447213915,0.20672755220454642,0.09948486143453178,-0.011319117732407272,0.20672755220454642,-0.011319117732407272,0.18945137891430205,0.16228081124966898
2024-08-01,2.210225600342516,0.12161386604237465,0.10484549453657058,-0.015223368457845514,-0.07653291661181552,4.963329930257214e-4,-35.46164422550781,6.971342719322235,0.014563141169606435,0.008613123745645282,-0.004519488886812468,-0.001354228378678883,0.0020636955663257423,2.001387918275032e-5,4.417328829448341,-0.31459485350042365,3.8990808779768775e-4,-34.241,0.391445210196832,0.4250016868486107,0.19586499646118666,0.20921583929546728,0.07043531970327443,-0.013350842834280625,0.20921583929546728,-0.013350842834280625,0.22913669038742407,0.1822293709013647
2024-09-01,2.0169279265790285,0.144399137796077,0.10607103038074317,-0.010814861673583752,-0.06942491084389216,5.639381991410236e-4,-36.73622714143604,10.400814378561831,0.014126741827856762,0.010062027122242422,-0.006507378142355861,-0.0010571609139827798,-0.0037549497396182274,2.6046754911125105e-5,4.2297874981368615,-0.41049840660426784,3.131780874911291e-4,-18.044,0.3718509653252563,0.4100608315388484,0.19727644334330047,0.2029274287539904,0.06717371946119756,-0.005650985410689933,0.2029274287539904,-0.005650985410689933,0.21278438819554796,0.1689235365712659
2024-10-01,2.363747100261029,0.1558226586147061,0.1321247095154449,-0.009983419221656348,-0.13248368551298145,5.554316430902822e-4,-40.41537007972231,11.630238029438642,0.014105625941856778,0.01388838493764421,-0.005545107429497398,-7.579651792596986e-4,-0.011489630689941669,3.6858816160713196e-5,3.701840061760093,-0.4170024093698119,3.71430437079319e-4,-22.017,0.3371124202932704,0.3863907890971009,0.1270433484069493,0.13522113234012467,0.07513699926145496,-0.008177783933175366,0.13522113234012467,-0.008177783933175366,0.2593474406901516,0.2018912879531457
2024-11-01,2.417970153477357,0.15903679781435165,0.13691503280491962,-0.010728677052530824,-0.14172131925868517,5.346934380850556e-4,-40.33527045754598,11.121630449857381,0.014534466102072572,0.015240137736634159,-0.006138238436093313,-7.332463187561683e-4,-0.011790755267367269,3.8292883775971715e-5,3.641697861792981,-0.41520512918987246,4.222623674202593e-4,-41.491,0.3397968809918232,0.35913532434076184,0.12718498176231405,0.14470506964894803,0.07579873469663684,-0.017520087886633978,0.14470506964894803,-0.017520087886633978,0.2319503425784478,0.19509181134287518
2024-12-01,2.4064972419869757,0.16068629301677728,0.1370171296948402,-0.01065282450410349,-0.1427782207450588,5.427772722999398e-4,-40.22858195386264,11.062110423702933,0.01481352423584279,0.015209156621417816,-0.005872032718317765,-7.075263331928918e-4,-0.012189695466573364,3.7500236925151193e-05,3.594956490503477,-0.40656078324519945,4.2916010604158186e-4,-29.578,0.3258770828908862,0.3207406653553706,0.12769038154096896,0.14038407915746687,0.07140608546732545,-0.012693697616497909,0.14038407915746687,-0.012693697616497909,0.19305028381440165,0.18549300373341931
2025-01-01,2.4992593433197396,0.15775174757608568,0.13429545761417305,-0.011210918892730378,-0.14389063874873378,5.287806595384514e-4,-42.008162965387974,11.118004016477462,0.015094589494283486,0.01439841361363182,-0.004857958549654862,-7.013821487733689e-4,-0.013136070033866958,3.927134426600366e-5,3.6343423560297987,-0.4040193143257732,4.335094361270825e-4,-23.361,0.33022252725299306,0.31558638702762537,0.11837523476509142,0.1285024487024562,0.068534373105806,-0.010127213937364776,0.1285024487024562,-0.010127213937364776,0.19721115226253394,0.20172007855053686
2025-02-01,3.1577545745350246,0.12499436354968285,0.1198844811442541,-0.016150965694542014,-0.14408165625657962,3.4961547999053604e-4,-52.80788863435272,8.399335222645623,0.015432990288791044,0.01012466785638546,-4.593095732524969e-4,-8.602278004200587e-4,-0.013660492073076557,4.32254718800939e-5,4.024745466774794,-0.31043428126740225,4.8017343122875667e-4,-26.415,0.3261862426582198,0.3060571665280419,0.08311226544329778,0.09579604662920538,0.06095821178592275,-0.012683781185907607,0.09579604662920538,-0.012683781185907607,0.2229449010847441,0.23039019602901445
2025-03-01,3.602213234211944,0.08337163125081873,0.15168602141087908,-0.018359548444325823,-0.19093459139008054,1.6125475376072007e-4,-56.070000786143666,8.604644580900247,0.016136352829515505,5.117670344351417e-4,-0.005663883403873981,-0.0017605966866523581,-0.02297625479670172,-9.592466218676623e-6,-1.2309795000936132,-1.5566004565524292,4.3274676737512717e-4,-45.084,0.32610446005653954,0.3733774132635636,0.04728912625694874,0.06679908151728897,0.06449099120386872,-0.019509955260340234,0.06679908151728897,-0.019509955260340234,0.32608828700661485,0.25930537853925056
2025-04-01,3.4380840814072715,0.06708163439548577,0.16433005172322476,-0.011816741773078765,-0.20090088965313124,4.486808996974124e-5,-56.44442779471547,8.650251980749472,0.0156912257803655,-7.565805094635192e-4,-0.006620188438540343,-0.0017203402073042852,-0.02396636428291571,-3.843686537826097e-5,-3.77990775105484,-0.9568547645259246,-4.250780999678082e-6,-58.47,0.3349148160163607,0.35733029542605793,0.043008474243786836,0.04275993107873566,0.08762543089829977,2.485431650511775e-4,0.04275993107873566,2.485431650511775e-4,0.3143218211822711,0.29215488493762504
2025-05-01,3.5630537735510903,0.018721834820834837,0.17595727186138824,-0.01032122934508096,-0.1975220040730296,-5.6838622845899355e-5,-60.026109310365804,6.57091907807979,0.015116290822449013,-0.007043698361126354,-0.0012517267552355864,-0.001499330554766699,-0.02281451268553095,-2.6239492276926604e-5,-3.620371995310269,-1.490966870484199,-1.293969061770689e-4,-44.831,0.2915348974097233,0.3655425071242524,0.037968594624745826,0.03216760192392165,0.06688493110739645,0.005800992700824176,0.03216760192392165,0.005800992700824176,0.32757391249950657,0.2593672954858017
2025-06-01,3.196818152281314,-0.012195058721869337,0.19488301945764597,-7.865081047107132e-4,-0.20325581100495113,9.037579357176056e-6,-59.19678989051597,8.280911503966296,0.014700173209782362,-0.0066637207915565145,-0.005712788891280863,-0.0013767213608208981,-0.012482311616210218,-4.4041823920821543e-5,-6.72286360879113,2.3269595226952378,-6.233877544787167e-4,-33.985,0.27415577466450636,0.35799804131234286,0.05982450125480363,0.038638668418844446,0.059314229270120304,0.021185832835959185,0.038638668418844446,0.021185832835959185,0.2981735400575392,0.2355171062456619
2025-07-01,3.0921941866573874,-0.02940718437967411,0.19316434435439286,8.541148865678021e-5,-0.18980329367325657,-1.4662768277362201e-4,-57.85858054894601,6.487992685305809,0.01512467265968135,-0.0068724193926648905,-0.005829723323084084,-0.001362015133452052,-0.009373698324576941,-3.986013954025947e-5,-7.00412517874379,2.4260104425615037,-8.403370260846678e-4,-34.056,0.26016784654036307,0.32849613705244485,0.03547835937479263,0.006859841614453188,0.07335723594303889,0.028618517760339444,0.006859841614453188,0.028618517760339444,0.29301777767765225,0.2533080049259099
2025-08-01,2.84192369661318,-0.013247811153911365,0.1766544132550868,-4.357739584982724e-5,-0.1692900603307936,-1.6300059196351621e-4,-52.53594473115923,-10.087526937080412,0.014391095578739415,-0.0053963383443704944,-0.011951196474684903,-0.0011874178896239965,-0.004956749439737976,-3.9940178128298035e-5,-6.948628896383117,0.8537610701142389,-8.063416283923048e-4,-41.549,0.25383690951404597,0.3133774028388406,0.07358771906193703,0.04008503074386516,0.061078314653445306,0.03350268831807187,0.04008503074386516,0.03350268831807187,0.23978968377690354,0.21375187877018081
2025-09-01,2.7749902439580643,-0.014268940997795866,0.16629569097864255,0.0014495171805227701,-0.12844286845887254,-1.9063955822943985e-4,-56.605211498769776,-9.346491641501016,0.013328709958418852,-0.005866213980044987,-0.014235061567309009,-0.0012642131822219267,0.0022281731359994426,-4.536130967890327e-5,-8.22564605313299,1.4121905750048704,-8.633826564395503e-4,-22.188,0.27037744616292436,0.28678560811680665,0.09594570434303336,0.07678896996195261,0.06165770308174204,0.01915673438108074,0.07678896996195261,0.01915673438108074,0.1908399037737733,0.19358847620097175
